test_tensor_valued_invalid_binding_before_execution (tests.test_compile_cuda_reshape.CompileCudaReshapeTests.test_tensor_valued_invalid_binding_before_execution) ... 
  test_tensor_valued_invalid_binding_before_execution (tests.test_compile_cuda_reshape.CompileCudaReshapeTests.test_tensor_valued_invalid_binding_before_execution) (policy=(True, None), attempt=0, expression='(1, shape=x)', prefix='a = x') ... ERROR
  test_tensor_valued_invalid_binding_before_execution (tests.test_compile_cuda_reshape.CompileCudaReshapeTests.test_tensor_valued_invalid_binding_before_execution) (policy=(True, None), attempt=1, expression='(1, shape=x)', prefix='a = x') ... ERROR
  test_tensor_valued_invalid_binding_before_execution (tests.test_compile_cuda_reshape.CompileCudaReshapeTests.test_tensor_valued_invalid_binding_before_execution) (policy=(True, False), attempt=0, expression='(1, shape=x)', prefix='a = x') ... ERROR
  test_tensor_valued_invalid_binding_before_execution (tests.test_compile_cuda_reshape.CompileCudaReshapeTests.test_tensor_valued_invalid_binding_before_execution) (policy=(True, False), attempt=1, expression='(1, shape=x)', prefix='a = x') ... ERROR
  test_tensor_valued_invalid_binding_before_execution (tests.test_compile_cuda_reshape.CompileCudaReshapeTests.test_tensor_valued_invalid_binding_before_execution) (policy=(True, True), attempt=0, expression='(1, shape=x)', prefix='a = x') ... ERROR
  test_tensor_valued_invalid_binding_before_execution (tests.test_compile_cuda_reshape.CompileCudaReshapeTests.test_tensor_valued_invalid_binding_before_execution) (policy=(True, True), attempt=1, expression='(1, shape=x)', prefix='a = x') ... ERROR
  test_tensor_valued_invalid_binding_before_execution (tests.test_compile_cuda_reshape.CompileCudaReshapeTests.test_tensor_valued_invalid_binding_before_execution) (policy=(False, None), attempt=0, expression='(1, shape=x)', prefix='a = x') ... ERROR
  test_tensor_valued_invalid_binding_before_execution (tests.test_compile_cuda_reshape.CompileCudaReshapeTests.test_tensor_valued_invalid_binding_before_execution) (policy=(False, None), attempt=1, expression='(1, shape=x)', prefix='a = x') ... ERROR
  test_tensor_valued_invalid_binding_before_execution (tests.test_compile_cuda_reshape.CompileCudaReshapeTests.test_tensor_valued_invalid_binding_before_execution) (policy=(True, None), attempt=0, expression='(1, shape=x)', prefix='a = -x') ... ERROR
  test_tensor_valued_invalid_binding_before_execution (tests.test_compile_cuda_reshape.CompileCudaReshapeTests.test_tensor_valued_invalid_binding_before_execution) (policy=(True, None), attempt=1, expression='(1, shape=x)', prefix='a = -x') ... ERROR
  test_tensor_valued_invalid_binding_before_execution (tests.test_compile_cuda_reshape.CompileCudaReshapeTests.test_tensor_valued_invalid_binding_before_execution) (policy=(True, False), attempt=0, expression='(1, shape=x)', prefix='a = -x') ... ERROR
  test_tensor_valued_invalid_binding_before_execution (tests.test_compile_cuda_reshape.CompileCudaReshapeTests.test_tensor_valued_invalid_binding_before_execution) (policy=(True, False), attempt=1, expression='(1, shape=x)', prefix='a = -x') ... ERROR
  test_tensor_valued_invalid_binding_before_execution (tests.test_compile_cuda_reshape.CompileCudaReshapeTests.test_tensor_valued_invalid_binding_before_execution) (policy=(True, True), attempt=0, expression='(1, shape=x)', prefix='a = -x') ... ERROR
  test_tensor_valued_invalid_binding_before_execution (tests.test_compile_cuda_reshape.CompileCudaReshapeTests.test_tensor_valued_invalid_binding_before_execution) (policy=(True, True), attempt=1, expression='(1, shape=x)', prefix='a = -x') ... ERROR
  test_tensor_valued_invalid_binding_before_execution (tests.test_compile_cuda_reshape.CompileCudaReshapeTests.test_tensor_valued_invalid_binding_before_execution) (policy=(False, None), attempt=0, expression='(1, shape=x)', prefix='a = -x') ... ERROR
  test_tensor_valued_invalid_binding_before_execution (tests.test_compile_cuda_reshape.CompileCudaReshapeTests.test_tensor_valued_invalid_binding_before_execution) (policy=(False, None), attempt=1, expression='(1, shape=x)', prefix='a = -x') ... ERROR
  test_tensor_valued_invalid_binding_before_execution (tests.test_compile_cuda_reshape.CompileCudaReshapeTests.test_tensor_valued_invalid_binding_before_execution) (policy=(True, None), attempt=0, expression='(1, foo=x)', prefix='a = x') ... ERROR
  test_tensor_valued_invalid_binding_before_execution (tests.test_compile_cuda_reshape.CompileCudaReshapeTests.test_tensor_valued_invalid_binding_before_execution) (policy=(True, None), attempt=1, expression='(1, foo=x)', prefix='a = x') ... ERROR
  test_tensor_valued_invalid_binding_before_execution (tests.test_compile_cuda_reshape.CompileCudaReshapeTests.test_tensor_valued_invalid_binding_before_execution) (policy=(True, False), attempt=0, expression='(1, foo=x)', prefix='a = x') ... ERROR
  test_tensor_valued_invalid_binding_before_execution (tests.test_compile_cuda_reshape.CompileCudaReshapeTests.test_tensor_valued_invalid_binding_before_execution) (policy=(True, False), attempt=1, expression='(1, foo=x)', prefix='a = x') ... ERROR
  test_tensor_valued_invalid_binding_before_execution (tests.test_compile_cuda_reshape.CompileCudaReshapeTests.test_tensor_valued_invalid_binding_before_execution) (policy=(True, True), attempt=0, expression='(1, foo=x)', prefix='a = x') ... ERROR
  test_tensor_valued_invalid_binding_before_execution (tests.test_compile_cuda_reshape.CompileCudaReshapeTests.test_tensor_valued_invalid_binding_before_execution) (policy=(True, True), attempt=1, expression='(1, foo=x)', prefix='a = x') ... ERROR
  test_tensor_valued_invalid_binding_before_execution (tests.test_compile_cuda_reshape.CompileCudaReshapeTests.test_tensor_valued_invalid_binding_before_execution) (policy=(False, None), attempt=0, expression='(1, foo=x)', prefix='a = x') ... ERROR
  test_tensor_valued_invalid_binding_before_execution (tests.test_compile_cuda_reshape.CompileCudaReshapeTests.test_tensor_valued_invalid_binding_before_execution) (policy=(False, None), attempt=1, expression='(1, foo=x)', prefix='a = x') ... ERROR
  test_tensor_valued_invalid_binding_before_execution (tests.test_compile_cuda_reshape.CompileCudaReshapeTests.test_tensor_valued_invalid_binding_before_execution) (policy=(True, None), attempt=0, expression='(1, foo=x)', prefix='a = -x') ... ERROR
  test_tensor_valued_invalid_binding_before_execution (tests.test_compile_cuda_reshape.CompileCudaReshapeTests.test_tensor_valued_invalid_binding_before_execution) (policy=(True, None), attempt=1, expression='(1, foo=x)', prefix='a = -x') ... ERROR
  test_tensor_valued_invalid_binding_before_execution (tests.test_compile_cuda_reshape.CompileCudaReshapeTests.test_tensor_valued_invalid_binding_before_execution) (policy=(True, False), attempt=0, expression='(1, foo=x)', prefix='a = -x') ... ERROR
  test_tensor_valued_invalid_binding_before_execution (tests.test_compile_cuda_reshape.CompileCudaReshapeTests.test_tensor_valued_invalid_binding_before_execution) (policy=(True, False), attempt=1, expression='(1, foo=x)', prefix='a = -x') ... ERROR
  test_tensor_valued_invalid_binding_before_execution (tests.test_compile_cuda_reshape.CompileCudaReshapeTests.test_tensor_valued_invalid_binding_before_execution) (policy=(True, True), attempt=0, expression='(1, foo=x)', prefix='a = -x') ... ERROR
  test_tensor_valued_invalid_binding_before_execution (tests.test_compile_cuda_reshape.CompileCudaReshapeTests.test_tensor_valued_invalid_binding_before_execution) (policy=(True, True), attempt=1, expression='(1, foo=x)', prefix='a = -x') ... ERROR
  test_tensor_valued_invalid_binding_before_execution (tests.test_compile_cuda_reshape.CompileCudaReshapeTests.test_tensor_valued_invalid_binding_before_execution) (policy=(False, None), attempt=0, expression='(1, foo=x)', prefix='a = -x') ... ERROR
  test_tensor_valued_invalid_binding_before_execution (tests.test_compile_cuda_reshape.CompileCudaReshapeTests.test_tensor_valued_invalid_binding_before_execution) (policy=(False, None), attempt=1, expression='(1, foo=x)', prefix='a = -x') ... ERROR
  test_tensor_valued_invalid_binding_before_execution (tests.test_compile_cuda_reshape.CompileCudaReshapeTests.test_tensor_valued_invalid_binding_before_execution) (policy=(True, None), attempt=0, expression='((1,), x)', prefix='a = x') ... ERROR
  test_tensor_valued_invalid_binding_before_execution (tests.test_compile_cuda_reshape.CompileCudaReshapeTests.test_tensor_valued_invalid_binding_before_execution) (policy=(True, None), attempt=1, expression='((1,), x)', prefix='a = x') ... ERROR
  test_tensor_valued_invalid_binding_before_execution (tests.test_compile_cuda_reshape.CompileCudaReshapeTests.test_tensor_valued_invalid_binding_before_execution) (policy=(True, False), attempt=0, expression='((1,), x)', prefix='a = x') ... ERROR
  test_tensor_valued_invalid_binding_before_execution (tests.test_compile_cuda_reshape.CompileCudaReshapeTests.test_tensor_valued_invalid_binding_before_execution) (policy=(True, False), attempt=1, expression='((1,), x)', prefix='a = x') ... ERROR
  test_tensor_valued_invalid_binding_before_execution (tests.test_compile_cuda_reshape.CompileCudaReshapeTests.test_tensor_valued_invalid_binding_before_execution) (policy=(True, True), attempt=0, expression='((1,), x)', prefix='a = x') ... ERROR
  test_tensor_valued_invalid_binding_before_execution (tests.test_compile_cuda_reshape.CompileCudaReshapeTests.test_tensor_valued_invalid_binding_before_execution) (policy=(True, True), attempt=1, expression='((1,), x)', prefix='a = x') ... ERROR
  test_tensor_valued_invalid_binding_before_execution (tests.test_compile_cuda_reshape.CompileCudaReshapeTests.test_tensor_valued_invalid_binding_before_execution) (policy=(False, None), attempt=0, expression='((1,), x)', prefix='a = x') ... ERROR
  test_tensor_valued_invalid_binding_before_execution (tests.test_compile_cuda_reshape.CompileCudaReshapeTests.test_tensor_valued_invalid_binding_before_execution) (policy=(False, None), attempt=1, expression='((1,), x)', prefix='a = x') ... ERROR
  test_tensor_valued_invalid_binding_before_execution (tests.test_compile_cuda_reshape.CompileCudaReshapeTests.test_tensor_valued_invalid_binding_before_execution) (policy=(True, None), attempt=0, expression='((1,), x)', prefix='a = -x') ... ERROR
  test_tensor_valued_invalid_binding_before_execution (tests.test_compile_cuda_reshape.CompileCudaReshapeTests.test_tensor_valued_invalid_binding_before_execution) (policy=(True, None), attempt=1, expression='((1,), x)', prefix='a = -x') ... ERROR
  test_tensor_valued_invalid_binding_before_execution (tests.test_compile_cuda_reshape.CompileCudaReshapeTests.test_tensor_valued_invalid_binding_before_execution) (policy=(True, False), attempt=0, expression='((1,), x)', prefix='a = -x') ... ERROR
  test_tensor_valued_invalid_binding_before_execution (tests.test_compile_cuda_reshape.CompileCudaReshapeTests.test_tensor_valued_invalid_binding_before_execution) (policy=(True, False), attempt=1, expression='((1,), x)', prefix='a = -x') ... ERROR
  test_tensor_valued_invalid_binding_before_execution (tests.test_compile_cuda_reshape.CompileCudaReshapeTests.test_tensor_valued_invalid_binding_before_execution) (policy=(True, True), attempt=0, expression='((1,), x)', prefix='a = -x') ... ERROR
  test_tensor_valued_invalid_binding_before_execution (tests.test_compile_cuda_reshape.CompileCudaReshapeTests.test_tensor_valued_invalid_binding_before_execution) (policy=(True, True), attempt=1, expression='((1,), x)', prefix='a = -x') ... ERROR
  test_tensor_valued_invalid_binding_before_execution (tests.test_compile_cuda_reshape.CompileCudaReshapeTests.test_tensor_valued_invalid_binding_before_execution) (policy=(False, None), attempt=0, expression='((1,), x)', prefix='a = -x') ... ERROR
  test_tensor_valued_invalid_binding_before_execution (tests.test_compile_cuda_reshape.CompileCudaReshapeTests.test_tensor_valued_invalid_binding_before_execution) (policy=(False, None), attempt=1, expression='((1,), x)', prefix='a = -x') ... ERROR
  test_tensor_valued_invalid_binding_before_execution (tests.test_compile_cuda_reshape.CompileCudaReshapeTests.test_tensor_valued_invalid_binding_before_execution) (policy=(True, None), attempt=0, expression='(shape=(1,), foo=x)', prefix='a = x') ... ERROR
  test_tensor_valued_invalid_binding_before_execution (tests.test_compile_cuda_reshape.CompileCudaReshapeTests.test_tensor_valued_invalid_binding_before_execution) (policy=(True, None), attempt=1, expression='(shape=(1,), foo=x)', prefix='a = x') ... ERROR
  test_tensor_valued_invalid_binding_before_execution (tests.test_compile_cuda_reshape.CompileCudaReshapeTests.test_tensor_valued_invalid_binding_before_execution) (policy=(True, False), attempt=0, expression='(shape=(1,), foo=x)', prefix='a = x') ... ERROR
  test_tensor_valued_invalid_binding_before_execution (tests.test_compile_cuda_reshape.CompileCudaReshapeTests.test_tensor_valued_invalid_binding_before_execution) (policy=(True, False), attempt=1, expression='(shape=(1,), foo=x)', prefix='a = x') ... ERROR
  test_tensor_valued_invalid_binding_before_execution (tests.test_compile_cuda_reshape.CompileCudaReshapeTests.test_tensor_valued_invalid_binding_before_execution) (policy=(True, True), attempt=0, expression='(shape=(1,), foo=x)', prefix='a = x') ... ERROR
  test_tensor_valued_invalid_binding_before_execution (tests.test_compile_cuda_reshape.CompileCudaReshapeTests.test_tensor_valued_invalid_binding_before_execution) (policy=(True, True), attempt=1, expression='(shape=(1,), foo=x)', prefix='a = x') ... ERROR
  test_tensor_valued_invalid_binding_before_execution (tests.test_compile_cuda_reshape.CompileCudaReshapeTests.test_tensor_valued_invalid_binding_before_execution) (policy=(False, None), attempt=0, expression='(shape=(1,), foo=x)', prefix='a = x') ... ERROR
  test_tensor_valued_invalid_binding_before_execution (tests.test_compile_cuda_reshape.CompileCudaReshapeTests.test_tensor_valued_invalid_binding_before_execution) (policy=(False, None), attempt=1, expression='(shape=(1,), foo=x)', prefix='a = x') ... ERROR
  test_tensor_valued_invalid_binding_before_execution (tests.test_compile_cuda_reshape.CompileCudaReshapeTests.test_tensor_valued_invalid_binding_before_execution) (policy=(True, None), attempt=0, expression='(shape=(1,), foo=x)', prefix='a = -x') ... ERROR
  test_tensor_valued_invalid_binding_before_execution (tests.test_compile_cuda_reshape.CompileCudaReshapeTests.test_tensor_valued_invalid_binding_before_execution) (policy=(True, None), attempt=1, expression='(shape=(1,), foo=x)', prefix='a = -x') ... ERROR
  test_tensor_valued_invalid_binding_before_execution (tests.test_compile_cuda_reshape.CompileCudaReshapeTests.test_tensor_valued_invalid_binding_before_execution) (policy=(True, False), attempt=0, expression='(shape=(1,), foo=x)', prefix='a = -x') ... ERROR
  test_tensor_valued_invalid_binding_before_execution (tests.test_compile_cuda_reshape.CompileCudaReshapeTests.test_tensor_valued_invalid_binding_before_execution) (policy=(True, False), attempt=1, expression='(shape=(1,), foo=x)', prefix='a = -x') ... ERROR
  test_tensor_valued_invalid_binding_before_execution (tests.test_compile_cuda_reshape.CompileCudaReshapeTests.test_tensor_valued_invalid_binding_before_execution) (policy=(True, True), attempt=0, expression='(shape=(1,), foo=x)', prefix='a = -x') ... ERROR
  test_tensor_valued_invalid_binding_before_execution (tests.test_compile_cuda_reshape.CompileCudaReshapeTests.test_tensor_valued_invalid_binding_before_execution) (policy=(True, True), attempt=1, expression='(shape=(1,), foo=x)', prefix='a = -x') ... ERROR
  test_tensor_valued_invalid_binding_before_execution (tests.test_compile_cuda_reshape.CompileCudaReshapeTests.test_tensor_valued_invalid_binding_before_execution) (policy=(False, None), attempt=0, expression='(shape=(1,), foo=x)', prefix='a = -x') ... ERROR
  test_tensor_valued_invalid_binding_before_execution (tests.test_compile_cuda_reshape.CompileCudaReshapeTests.test_tensor_valued_invalid_binding_before_execution) (policy=(False, None), attempt=1, expression='(shape=(1,), foo=x)', prefix='a = -x') ... ERROR
  test_tensor_valued_invalid_binding_before_execution (tests.test_compile_cuda_reshape.CompileCudaReshapeTests.test_tensor_valued_invalid_binding_before_execution) (policy=(True, None), attempt=0, expression='(x, shape=(1,))', prefix='a = x') ... ERROR
  test_tensor_valued_invalid_binding_before_execution (tests.test_compile_cuda_reshape.CompileCudaReshapeTests.test_tensor_valued_invalid_binding_before_execution) (policy=(True, None), attempt=1, expression='(x, shape=(1,))', prefix='a = x') ... ERROR
  test_tensor_valued_invalid_binding_before_execution (tests.test_compile_cuda_reshape.CompileCudaReshapeTests.test_tensor_valued_invalid_binding_before_execution) (policy=(True, False), attempt=0, expression='(x, shape=(1,))', prefix='a = x') ... ERROR
  test_tensor_valued_invalid_binding_before_execution (tests.test_compile_cuda_reshape.CompileCudaReshapeTests.test_tensor_valued_invalid_binding_before_execution) (policy=(True, False), attempt=1, expression='(x, shape=(1,))', prefix='a = x') ... ERROR
  test_tensor_valued_invalid_binding_before_execution (tests.test_compile_cuda_reshape.CompileCudaReshapeTests.test_tensor_valued_invalid_binding_before_execution) (policy=(True, True), attempt=0, expression='(x, shape=(1,))', prefix='a = x') ... ERROR
  test_tensor_valued_invalid_binding_before_execution (tests.test_compile_cuda_reshape.CompileCudaReshapeTests.test_tensor_valued_invalid_binding_before_execution) (policy=(True, True), attempt=1, expression='(x, shape=(1,))', prefix='a = x') ... ERROR
  test_tensor_valued_invalid_binding_before_execution (tests.test_compile_cuda_reshape.CompileCudaReshapeTests.test_tensor_valued_invalid_binding_before_execution) (policy=(False, None), attempt=0, expression='(x, shape=(1,))', prefix='a = x') ... ERROR
  test_tensor_valued_invalid_binding_before_execution (tests.test_compile_cuda_reshape.CompileCudaReshapeTests.test_tensor_valued_invalid_binding_before_execution) (policy=(False, None), attempt=1, expression='(x, shape=(1,))', prefix='a = x') ... ERROR
  test_tensor_valued_invalid_binding_before_execution (tests.test_compile_cuda_reshape.CompileCudaReshapeTests.test_tensor_valued_invalid_binding_before_execution) (policy=(True, None), attempt=0, expression='(x, shape=(1,))', prefix='a = -x') ... ERROR
  test_tensor_valued_invalid_binding_before_execution (tests.test_compile_cuda_reshape.CompileCudaReshapeTests.test_tensor_valued_invalid_binding_before_execution) (policy=(True, None), attempt=1, expression='(x, shape=(1,))', prefix='a = -x') ... ERROR
  test_tensor_valued_invalid_binding_before_execution (tests.test_compile_cuda_reshape.CompileCudaReshapeTests.test_tensor_valued_invalid_binding_before_execution) (policy=(True, False), attempt=0, expression='(x, shape=(1,))', prefix='a = -x') ... ERROR
  test_tensor_valued_invalid_binding_before_execution (tests.test_compile_cuda_reshape.CompileCudaReshapeTests.test_tensor_valued_invalid_binding_before_execution) (policy=(True, False), attempt=1, expression='(x, shape=(1,))', prefix='a = -x') ... ERROR
  test_tensor_valued_invalid_binding_before_execution (tests.test_compile_cuda_reshape.CompileCudaReshapeTests.test_tensor_valued_invalid_binding_before_execution) (policy=(True, True), attempt=0, expression='(x, shape=(1,))', prefix='a = -x') ... ERROR
  test_tensor_valued_invalid_binding_before_execution (tests.test_compile_cuda_reshape.CompileCudaReshapeTests.test_tensor_valued_invalid_binding_before_execution) (policy=(True, True), attempt=1, expression='(x, shape=(1,))', prefix='a = -x') ... ERROR
  test_tensor_valued_invalid_binding_before_execution (tests.test_compile_cuda_reshape.CompileCudaReshapeTests.test_tensor_valued_invalid_binding_before_execution) (policy=(False, None), attempt=0, expression='(x, shape=(1,))', prefix='a = -x') ... ERROR
  test_tensor_valued_invalid_binding_before_execution (tests.test_compile_cuda_reshape.CompileCudaReshapeTests.test_tensor_valued_invalid_binding_before_execution) (policy=(False, None), attempt=1, expression='(x, shape=(1,))', prefix='a = -x') ... ERROR
  test_tensor_valued_invalid_binding_before_execution (tests.test_compile_cuda_reshape.CompileCudaReshapeTests.test_tensor_valued_invalid_binding_before_execution) (policy=(True, None), attempt=0, expression='(x, foo=1)', prefix='a = x') ... ERROR
  test_tensor_valued_invalid_binding_before_execution (tests.test_compile_cuda_reshape.CompileCudaReshapeTests.test_tensor_valued_invalid_binding_before_execution) (policy=(True, None), attempt=1, expression='(x, foo=1)', prefix='a = x') ... ERROR
  test_tensor_valued_invalid_binding_before_execution (tests.test_compile_cuda_reshape.CompileCudaReshapeTests.test_tensor_valued_invalid_binding_before_execution) (policy=(True, False), attempt=0, expression='(x, foo=1)', prefix='a = x') ... ERROR
  test_tensor_valued_invalid_binding_before_execution (tests.test_compile_cuda_reshape.CompileCudaReshapeTests.test_tensor_valued_invalid_binding_before_execution) (policy=(True, False), attempt=1, expression='(x, foo=1)', prefix='a = x') ... ERROR
  test_tensor_valued_invalid_binding_before_execution (tests.test_compile_cuda_reshape.CompileCudaReshapeTests.test_tensor_valued_invalid_binding_before_execution) (policy=(True, True), attempt=0, expression='(x, foo=1)', prefix='a = x') ... ERROR
  test_tensor_valued_invalid_binding_before_execution (tests.test_compile_cuda_reshape.CompileCudaReshapeTests.test_tensor_valued_invalid_binding_before_execution) (policy=(True, True), attempt=1, expression='(x, foo=1)', prefix='a = x') ... ERROR
  test_tensor_valued_invalid_binding_before_execution (tests.test_compile_cuda_reshape.CompileCudaReshapeTests.test_tensor_valued_invalid_binding_before_execution) (policy=(False, None), attempt=0, expression='(x, foo=1)', prefix='a = x') ... ERROR
  test_tensor_valued_invalid_binding_before_execution (tests.test_compile_cuda_reshape.CompileCudaReshapeTests.test_tensor_valued_invalid_binding_before_execution) (policy=(False, None), attempt=1, expression='(x, foo=1)', prefix='a = x') ... ERROR
  test_tensor_valued_invalid_binding_before_execution (tests.test_compile_cuda_reshape.CompileCudaReshapeTests.test_tensor_valued_invalid_binding_before_execution) (policy=(True, None), attempt=0, expression='(x, foo=1)', prefix='a = -x') ... ERROR
  test_tensor_valued_invalid_binding_before_execution (tests.test_compile_cuda_reshape.CompileCudaReshapeTests.test_tensor_valued_invalid_binding_before_execution) (policy=(True, None), attempt=1, expression='(x, foo=1)', prefix='a = -x') ... ERROR
  test_tensor_valued_invalid_binding_before_execution (tests.test_compile_cuda_reshape.CompileCudaReshapeTests.test_tensor_valued_invalid_binding_before_execution) (policy=(True, False), attempt=0, expression='(x, foo=1)', prefix='a = -x') ... ERROR
  test_tensor_valued_invalid_binding_before_execution (tests.test_compile_cuda_reshape.CompileCudaReshapeTests.test_tensor_valued_invalid_binding_before_execution) (policy=(True, False), attempt=1, expression='(x, foo=1)', prefix='a = -x') ... ERROR
  test_tensor_valued_invalid_binding_before_execution (tests.test_compile_cuda_reshape.CompileCudaReshapeTests.test_tensor_valued_invalid_binding_before_execution) (policy=(True, True), attempt=0, expression='(x, foo=1)', prefix='a = -x') ... ERROR
  test_tensor_valued_invalid_binding_before_execution (tests.test_compile_cuda_reshape.CompileCudaReshapeTests.test_tensor_valued_invalid_binding_before_execution) (policy=(True, True), attempt=1, expression='(x, foo=1)', prefix='a = -x') ... ERROR
  test_tensor_valued_invalid_binding_before_execution (tests.test_compile_cuda_reshape.CompileCudaReshapeTests.test_tensor_valued_invalid_binding_before_execution) (policy=(False, None), attempt=0, expression='(x, foo=1)', prefix='a = -x') ... ERROR
  test_tensor_valued_invalid_binding_before_execution (tests.test_compile_cuda_reshape.CompileCudaReshapeTests.test_tensor_valued_invalid_binding_before_execution) (policy=(False, None), attempt=1, expression='(x, foo=1)', prefix='a = -x') ... ERROR
  test_tensor_valued_invalid_binding_before_execution (tests.test_compile_cuda_reshape.CompileCudaReshapeTests.test_tensor_valued_invalid_binding_before_execution) (policy=(True, None), attempt=0, expression='(foo=x)', prefix='a = x') ... ERROR
  test_tensor_valued_invalid_binding_before_execution (tests.test_compile_cuda_reshape.CompileCudaReshapeTests.test_tensor_valued_invalid_binding_before_execution) (policy=(True, None), attempt=1, expression='(foo=x)', prefix='a = x') ... ERROR
  test_tensor_valued_invalid_binding_before_execution (tests.test_compile_cuda_reshape.CompileCudaReshapeTests.test_tensor_valued_invalid_binding_before_execution) (policy=(True, False), attempt=0, expression='(foo=x)', prefix='a = x') ... ERROR
  test_tensor_valued_invalid_binding_before_execution (tests.test_compile_cuda_reshape.CompileCudaReshapeTests.test_tensor_valued_invalid_binding_before_execution) (policy=(True, False), attempt=1, expression='(foo=x)', prefix='a = x') ... ERROR
  test_tensor_valued_invalid_binding_before_execution (tests.test_compile_cuda_reshape.CompileCudaReshapeTests.test_tensor_valued_invalid_binding_before_execution) (policy=(True, True), attempt=0, expression='(foo=x)', prefix='a = x') ... ERROR
  test_tensor_valued_invalid_binding_before_execution (tests.test_compile_cuda_reshape.CompileCudaReshapeTests.test_tensor_valued_invalid_binding_before_execution) (policy=(True, True), attempt=1, expression='(foo=x)', prefix='a = x') ... ERROR
  test_tensor_valued_invalid_binding_before_execution (tests.test_compile_cuda_reshape.CompileCudaReshapeTests.test_tensor_valued_invalid_binding_before_execution) (policy=(False, None), attempt=0, expression='(foo=x)', prefix='a = x') ... ERROR
  test_tensor_valued_invalid_binding_before_execution (tests.test_compile_cuda_reshape.CompileCudaReshapeTests.test_tensor_valued_invalid_binding_before_execution) (policy=(False, None), attempt=1, expression='(foo=x)', prefix='a = x') ... ERROR
  test_tensor_valued_invalid_binding_before_execution (tests.test_compile_cuda_reshape.CompileCudaReshapeTests.test_tensor_valued_invalid_binding_before_execution) (policy=(True, None), attempt=0, expression='(foo=x)', prefix='a = -x') ... ERROR
  test_tensor_valued_invalid_binding_before_execution (tests.test_compile_cuda_reshape.CompileCudaReshapeTests.test_tensor_valued_invalid_binding_before_execution) (policy=(True, None), attempt=1, expression='(foo=x)', prefix='a = -x') ... ERROR
  test_tensor_valued_invalid_binding_before_execution (tests.test_compile_cuda_reshape.CompileCudaReshapeTests.test_tensor_valued_invalid_binding_before_execution) (policy=(True, False), attempt=0, expression='(foo=x)', prefix='a = -x') ... ERROR
  test_tensor_valued_invalid_binding_before_execution (tests.test_compile_cuda_reshape.CompileCudaReshapeTests.test_tensor_valued_invalid_binding_before_execution) (policy=(True, False), attempt=1, expression='(foo=x)', prefix='a = -x') ... ERROR
  test_tensor_valued_invalid_binding_before_execution (tests.test_compile_cuda_reshape.CompileCudaReshapeTests.test_tensor_valued_invalid_binding_before_execution) (policy=(True, True), attempt=0, expression='(foo=x)', prefix='a = -x') ... ERROR
  test_tensor_valued_invalid_binding_before_execution (tests.test_compile_cuda_reshape.CompileCudaReshapeTests.test_tensor_valued_invalid_binding_before_execution) (policy=(True, True), attempt=1, expression='(foo=x)', prefix='a = -x') ... ERROR
  test_tensor_valued_invalid_binding_before_execution (tests.test_compile_cuda_reshape.CompileCudaReshapeTests.test_tensor_valued_invalid_binding_before_execution) (policy=(False, None), attempt=0, expression='(foo=x)', prefix='a = -x') ... ERROR
  test_tensor_valued_invalid_binding_before_execution (tests.test_compile_cuda_reshape.CompileCudaReshapeTests.test_tensor_valued_invalid_binding_before_execution) (policy=(False, None), attempt=1, expression='(foo=x)', prefix='a = -x') ... ERROR

======================================================================
ERROR: test_tensor_valued_invalid_binding_before_execution (tests.test_compile_cuda_reshape.CompileCudaReshapeTests.test_tensor_valued_invalid_binding_before_execution) (policy=(True, None), attempt=0, expression='(1, shape=x)', prefix='a = x')
----------------------------------------------------------------------
Traceback (most recent call last):
  File "/data/users/bobren/a/pytorch-rs-burner/.burner/worktrees/agent_38d9746a/tests/test_compile_cuda_reshape.py", line 217, in test_tensor_valued_invalid_binding_before_execution
    call_without_python(compiled, {fn.__code__}, x)
  File "/data/users/bobren/a/pytorch-rs-burner/.burner/worktrees/agent_38d9746a/tests/test_compile_cuda_mul_scalar.py", line 72, in call_without_python
    return compiled(*args)
           ^^^^^^^^^^^^^^^
  File "/data/users/bobren/a/pytorch-rs-burner/.burner/worktrees/agent_38d9746a/.venv/lib/python3.12/site-packages/torch_rs/__init__.py", line 442, in compiled_model
    result = implementation(*args, **kwargs)
             ^^^^^^^^^^^^^^^^^^^^^^^^^^^^^^^
  File "/data/users/bobren/a/pytorch-rs-burner/.burner/worktrees/agent_38d9746a/.venv/lib/python3.12/site-packages/torch_rs/__init__.py", line 840, in compiled_model
    graph = _compile_bytecode.lower_one_input_compile_graph(
            ^^^^^^^^^^^^^^^^^^^^^^^^^^^^^^^^^^^^^^^^^^^^^^^^
  File "/data/users/bobren/a/pytorch-rs-burner/.burner/worktrees/agent_38d9746a/.venv/lib/python3.12/site-packages/torch_rs/_compile_bytecode.py", line 1542, in lower_one_input_compile_graph
    return lower_compile_graph(
           ^^^^^^^^^^^^^^^^^^^^
  File "/data/users/bobren/a/pytorch-rs-burner/.burner/worktrees/agent_38d9746a/.venv/lib/python3.12/site-packages/torch_rs/_compile_bytecode.py", line 1522, in lower_compile_graph
    output = _lower_function_body(
             ^^^^^^^^^^^^^^^^^^^^^
  File "/data/users/bobren/a/pytorch-rs-burner/.burner/worktrees/agent_38d9746a/.venv/lib/python3.12/site-packages/torch_rs/_compile_bytecode.py", line 1067, in _lower_function_body
    output = _lower_instruction(
             ^^^^^^^^^^^^^^^^^^^
  File "/data/users/bobren/a/pytorch-rs-burner/.burner/worktrees/agent_38d9746a/.venv/lib/python3.12/site-packages/torch_rs/_compile_bytecode.py", line 1468, in _lower_instruction
    return _OPCODE_HANDLERS[kind](
           ^^^^^^^^^^^^^^^^^^^^^^^
  File "/data/users/bobren/a/pytorch-rs-burner/.burner/worktrees/agent_38d9746a/.venv/lib/python3.12/site-packages/torch_rs/_compile_bytecode.py", line 1228, in _handle_call
    _record_method_call(
  File "/data/users/bobren/a/pytorch-rs-burner/.burner/worktrees/agent_38d9746a/.venv/lib/python3.12/site-packages/torch_rs/_compile_bytecode.py", line 1087, in _record_method_call
    _unsupported_bytecode(program, instruction, "Tensor.reshape requires constant dimensions")
  File "/data/users/bobren/a/pytorch-rs-burner/.burner/worktrees/agent_38d9746a/.venv/lib/python3.12/site-packages/torch_rs/_compile_bytecode.py", line 317, in _unsupported_bytecode
    raise _trace.CompileTraceUnsupportedError(
torch_rs._compile_trace.CompileTraceUnsupportedError: torch.compile trace bytecode lowering does not support Tensor.reshape requires constant dimensions in 'program': CALL

======================================================================
ERROR: test_tensor_valued_invalid_binding_before_execution (tests.test_compile_cuda_reshape.CompileCudaReshapeTests.test_tensor_valued_invalid_binding_before_execution) (policy=(True, None), attempt=1, expression='(1, shape=x)', prefix='a = x')
----------------------------------------------------------------------
Traceback (most recent call last):
  File "/data/users/bobren/a/pytorch-rs-burner/.burner/worktrees/agent_38d9746a/tests/test_compile_cuda_reshape.py", line 217, in test_tensor_valued_invalid_binding_before_execution
    call_without_python(compiled, {fn.__code__}, x)
  File "/data/users/bobren/a/pytorch-rs-burner/.burner/worktrees/agent_38d9746a/tests/test_compile_cuda_mul_scalar.py", line 72, in call_without_python
    return compiled(*args)
           ^^^^^^^^^^^^^^^
  File "/data/users/bobren/a/pytorch-rs-burner/.burner/worktrees/agent_38d9746a/.venv/lib/python3.12/site-packages/torch_rs/__init__.py", line 442, in compiled_model
    result = implementation(*args, **kwargs)
             ^^^^^^^^^^^^^^^^^^^^^^^^^^^^^^^
  File "/data/users/bobren/a/pytorch-rs-burner/.burner/worktrees/agent_38d9746a/.venv/lib/python3.12/site-packages/torch_rs/__init__.py", line 840, in compiled_model
    graph = _compile_bytecode.lower_one_input_compile_graph(
            ^^^^^^^^^^^^^^^^^^^^^^^^^^^^^^^^^^^^^^^^^^^^^^^^
  File "/data/users/bobren/a/pytorch-rs-burner/.burner/worktrees/agent_38d9746a/.venv/lib/python3.12/site-packages/torch_rs/_compile_bytecode.py", line 1542, in lower_one_input_compile_graph
    return lower_compile_graph(
           ^^^^^^^^^^^^^^^^^^^^
  File "/data/users/bobren/a/pytorch-rs-burner/.burner/worktrees/agent_38d9746a/.venv/lib/python3.12/site-packages/torch_rs/_compile_bytecode.py", line 1522, in lower_compile_graph
    output = _lower_function_body(
             ^^^^^^^^^^^^^^^^^^^^^
  File "/data/users/bobren/a/pytorch-rs-burner/.burner/worktrees/agent_38d9746a/.venv/lib/python3.12/site-packages/torch_rs/_compile_bytecode.py", line 1067, in _lower_function_body
    output = _lower_instruction(
             ^^^^^^^^^^^^^^^^^^^
  File "/data/users/bobren/a/pytorch-rs-burner/.burner/worktrees/agent_38d9746a/.venv/lib/python3.12/site-packages/torch_rs/_compile_bytecode.py", line 1468, in _lower_instruction
    return _OPCODE_HANDLERS[kind](
           ^^^^^^^^^^^^^^^^^^^^^^^
  File "/data/users/bobren/a/pytorch-rs-burner/.burner/worktrees/agent_38d9746a/.venv/lib/python3.12/site-packages/torch_rs/_compile_bytecode.py", line 1228, in _handle_call
    _record_method_call(
  File "/data/users/bobren/a/pytorch-rs-burner/.burner/worktrees/agent_38d9746a/.venv/lib/python3.12/site-packages/torch_rs/_compile_bytecode.py", line 1087, in _record_method_call
    _unsupported_bytecode(program, instruction, "Tensor.reshape requires constant dimensions")
  File "/data/users/bobren/a/pytorch-rs-burner/.burner/worktrees/agent_38d9746a/.venv/lib/python3.12/site-packages/torch_rs/_compile_bytecode.py", line 317, in _unsupported_bytecode
    raise _trace.CompileTraceUnsupportedError(
torch_rs._compile_trace.CompileTraceUnsupportedError: torch.compile trace bytecode lowering does not support Tensor.reshape requires constant dimensions in 'program': CALL

======================================================================
ERROR: test_tensor_valued_invalid_binding_before_execution (tests.test_compile_cuda_reshape.CompileCudaReshapeTests.test_tensor_valued_invalid_binding_before_execution) (policy=(True, False), attempt=0, expression='(1, shape=x)', prefix='a = x')
----------------------------------------------------------------------
Traceback (most recent call last):
  File "/data/users/bobren/a/pytorch-rs-burner/.burner/worktrees/agent_38d9746a/tests/test_compile_cuda_reshape.py", line 217, in test_tensor_valued_invalid_binding_before_execution
    call_without_python(compiled, {fn.__code__}, x)
  File "/data/users/bobren/a/pytorch-rs-burner/.burner/worktrees/agent_38d9746a/tests/test_compile_cuda_mul_scalar.py", line 72, in call_without_python
    return compiled(*args)
           ^^^^^^^^^^^^^^^
  File "/data/users/bobren/a/pytorch-rs-burner/.burner/worktrees/agent_38d9746a/.venv/lib/python3.12/site-packages/torch_rs/__init__.py", line 442, in compiled_model
    result = implementation(*args, **kwargs)
             ^^^^^^^^^^^^^^^^^^^^^^^^^^^^^^^
  File "/data/users/bobren/a/pytorch-rs-burner/.burner/worktrees/agent_38d9746a/.venv/lib/python3.12/site-packages/torch_rs/__init__.py", line 840, in compiled_model
    graph = _compile_bytecode.lower_one_input_compile_graph(
            ^^^^^^^^^^^^^^^^^^^^^^^^^^^^^^^^^^^^^^^^^^^^^^^^
  File "/data/users/bobren/a/pytorch-rs-burner/.burner/worktrees/agent_38d9746a/.venv/lib/python3.12/site-packages/torch_rs/_compile_bytecode.py", line 1542, in lower_one_input_compile_graph
    return lower_compile_graph(
           ^^^^^^^^^^^^^^^^^^^^
  File "/data/users/bobren/a/pytorch-rs-burner/.burner/worktrees/agent_38d9746a/.venv/lib/python3.12/site-packages/torch_rs/_compile_bytecode.py", line 1522, in lower_compile_graph
    output = _lower_function_body(
             ^^^^^^^^^^^^^^^^^^^^^
  File "/data/users/bobren/a/pytorch-rs-burner/.burner/worktrees/agent_38d9746a/.venv/lib/python3.12/site-packages/torch_rs/_compile_bytecode.py", line 1067, in _lower_function_body
    output = _lower_instruction(
             ^^^^^^^^^^^^^^^^^^^
  File "/data/users/bobren/a/pytorch-rs-burner/.burner/worktrees/agent_38d9746a/.venv/lib/python3.12/site-packages/torch_rs/_compile_bytecode.py", line 1468, in _lower_instruction
    return _OPCODE_HANDLERS[kind](
           ^^^^^^^^^^^^^^^^^^^^^^^
  File "/data/users/bobren/a/pytorch-rs-burner/.burner/worktrees/agent_38d9746a/.venv/lib/python3.12/site-packages/torch_rs/_compile_bytecode.py", line 1228, in _handle_call
    _record_method_call(
  File "/data/users/bobren/a/pytorch-rs-burner/.burner/worktrees/agent_38d9746a/.venv/lib/python3.12/site-packages/torch_rs/_compile_bytecode.py", line 1087, in _record_method_call
    _unsupported_bytecode(program, instruction, "Tensor.reshape requires constant dimensions")
  File "/data/users/bobren/a/pytorch-rs-burner/.burner/worktrees/agent_38d9746a/.venv/lib/python3.12/site-packages/torch_rs/_compile_bytecode.py", line 317, in _unsupported_bytecode
    raise _trace.CompileTraceUnsupportedError(
torch_rs._compile_trace.CompileTraceUnsupportedError: torch.compile trace bytecode lowering does not support Tensor.reshape requires constant dimensions in 'program': CALL

======================================================================
ERROR: test_tensor_valued_invalid_binding_before_execution (tests.test_compile_cuda_reshape.CompileCudaReshapeTests.test_tensor_valued_invalid_binding_before_execution) (policy=(True, False), attempt=1, expression='(1, shape=x)', prefix='a = x')
----------------------------------------------------------------------
Traceback (most recent call last):
  File "/data/users/bobren/a/pytorch-rs-burner/.burner/worktrees/agent_38d9746a/tests/test_compile_cuda_reshape.py", line 217, in test_tensor_valued_invalid_binding_before_execution
    call_without_python(compiled, {fn.__code__}, x)
  File "/data/users/bobren/a/pytorch-rs-burner/.burner/worktrees/agent_38d9746a/tests/test_compile_cuda_mul_scalar.py", line 72, in call_without_python
    return compiled(*args)
           ^^^^^^^^^^^^^^^
  File "/data/users/bobren/a/pytorch-rs-burner/.burner/worktrees/agent_38d9746a/.venv/lib/python3.12/site-packages/torch_rs/__init__.py", line 442, in compiled_model
    result = implementation(*args, **kwargs)
             ^^^^^^^^^^^^^^^^^^^^^^^^^^^^^^^
  File "/data/users/bobren/a/pytorch-rs-burner/.burner/worktrees/agent_38d9746a/.venv/lib/python3.12/site-packages/torch_rs/__init__.py", line 840, in compiled_model
    graph = _compile_bytecode.lower_one_input_compile_graph(
            ^^^^^^^^^^^^^^^^^^^^^^^^^^^^^^^^^^^^^^^^^^^^^^^^
  File "/data/users/bobren/a/pytorch-rs-burner/.burner/worktrees/agent_38d9746a/.venv/lib/python3.12/site-packages/torch_rs/_compile_bytecode.py", line 1542, in lower_one_input_compile_graph
    return lower_compile_graph(
           ^^^^^^^^^^^^^^^^^^^^
  File "/data/users/bobren/a/pytorch-rs-burner/.burner/worktrees/agent_38d9746a/.venv/lib/python3.12/site-packages/torch_rs/_compile_bytecode.py", line 1522, in lower_compile_graph
    output = _lower_function_body(
             ^^^^^^^^^^^^^^^^^^^^^
  File "/data/users/bobren/a/pytorch-rs-burner/.burner/worktrees/agent_38d9746a/.venv/lib/python3.12/site-packages/torch_rs/_compile_bytecode.py", line 1067, in _lower_function_body
    output = _lower_instruction(
             ^^^^^^^^^^^^^^^^^^^
  File "/data/users/bobren/a/pytorch-rs-burner/.burner/worktrees/agent_38d9746a/.venv/lib/python3.12/site-packages/torch_rs/_compile_bytecode.py", line 1468, in _lower_instruction
    return _OPCODE_HANDLERS[kind](
           ^^^^^^^^^^^^^^^^^^^^^^^
  File "/data/users/bobren/a/pytorch-rs-burner/.burner/worktrees/agent_38d9746a/.venv/lib/python3.12/site-packages/torch_rs/_compile_bytecode.py", line 1228, in _handle_call
    _record_method_call(
  File "/data/users/bobren/a/pytorch-rs-burner/.burner/worktrees/agent_38d9746a/.venv/lib/python3.12/site-packages/torch_rs/_compile_bytecode.py", line 1087, in _record_method_call
    _unsupported_bytecode(program, instruction, "Tensor.reshape requires constant dimensions")
  File "/data/users/bobren/a/pytorch-rs-burner/.burner/worktrees/agent_38d9746a/.venv/lib/python3.12/site-packages/torch_rs/_compile_bytecode.py", line 317, in _unsupported_bytecode
    raise _trace.CompileTraceUnsupportedError(
torch_rs._compile_trace.CompileTraceUnsupportedError: torch.compile trace bytecode lowering does not support Tensor.reshape requires constant dimensions in 'program': CALL

======================================================================
ERROR: test_tensor_valued_invalid_binding_before_execution (tests.test_compile_cuda_reshape.CompileCudaReshapeTests.test_tensor_valued_invalid_binding_before_execution) (policy=(True, True), attempt=0, expression='(1, shape=x)', prefix='a = x')
----------------------------------------------------------------------
Traceback (most recent call last):
  File "/data/users/bobren/a/pytorch-rs-burner/.burner/worktrees/agent_38d9746a/tests/test_compile_cuda_reshape.py", line 217, in test_tensor_valued_invalid_binding_before_execution
    call_without_python(compiled, {fn.__code__}, x)
  File "/data/users/bobren/a/pytorch-rs-burner/.burner/worktrees/agent_38d9746a/tests/test_compile_cuda_mul_scalar.py", line 72, in call_without_python
    return compiled(*args)
           ^^^^^^^^^^^^^^^
  File "/data/users/bobren/a/pytorch-rs-burner/.burner/worktrees/agent_38d9746a/.venv/lib/python3.12/site-packages/torch_rs/__init__.py", line 442, in compiled_model
    result = implementation(*args, **kwargs)
             ^^^^^^^^^^^^^^^^^^^^^^^^^^^^^^^
  File "/data/users/bobren/a/pytorch-rs-burner/.burner/worktrees/agent_38d9746a/.venv/lib/python3.12/site-packages/torch_rs/__init__.py", line 840, in compiled_model
    graph = _compile_bytecode.lower_one_input_compile_graph(
            ^^^^^^^^^^^^^^^^^^^^^^^^^^^^^^^^^^^^^^^^^^^^^^^^
  File "/data/users/bobren/a/pytorch-rs-burner/.burner/worktrees/agent_38d9746a/.venv/lib/python3.12/site-packages/torch_rs/_compile_bytecode.py", line 1542, in lower_one_input_compile_graph
    return lower_compile_graph(
           ^^^^^^^^^^^^^^^^^^^^
  File "/data/users/bobren/a/pytorch-rs-burner/.burner/worktrees/agent_38d9746a/.venv/lib/python3.12/site-packages/torch_rs/_compile_bytecode.py", line 1522, in lower_compile_graph
    output = _lower_function_body(
             ^^^^^^^^^^^^^^^^^^^^^
  File "/data/users/bobren/a/pytorch-rs-burner/.burner/worktrees/agent_38d9746a/.venv/lib/python3.12/site-packages/torch_rs/_compile_bytecode.py", line 1067, in _lower_function_body
    output = _lower_instruction(
             ^^^^^^^^^^^^^^^^^^^
  File "/data/users/bobren/a/pytorch-rs-burner/.burner/worktrees/agent_38d9746a/.venv/lib/python3.12/site-packages/torch_rs/_compile_bytecode.py", line 1468, in _lower_instruction
    return _OPCODE_HANDLERS[kind](
           ^^^^^^^^^^^^^^^^^^^^^^^
  File "/data/users/bobren/a/pytorch-rs-burner/.burner/worktrees/agent_38d9746a/.venv/lib/python3.12/site-packages/torch_rs/_compile_bytecode.py", line 1228, in _handle_call
    _record_method_call(
  File "/data/users/bobren/a/pytorch-rs-burner/.burner/worktrees/agent_38d9746a/.venv/lib/python3.12/site-packages/torch_rs/_compile_bytecode.py", line 1087, in _record_method_call
    _unsupported_bytecode(program, instruction, "Tensor.reshape requires constant dimensions")
  File "/data/users/bobren/a/pytorch-rs-burner/.burner/worktrees/agent_38d9746a/.venv/lib/python3.12/site-packages/torch_rs/_compile_bytecode.py", line 317, in _unsupported_bytecode
    raise _trace.CompileTraceUnsupportedError(
torch_rs._compile_trace.CompileTraceUnsupportedError: torch.compile trace bytecode lowering does not support Tensor.reshape requires constant dimensions in 'program': CALL

======================================================================
ERROR: test_tensor_valued_invalid_binding_before_execution (tests.test_compile_cuda_reshape.CompileCudaReshapeTests.test_tensor_valued_invalid_binding_before_execution) (policy=(True, True), attempt=1, expression='(1, shape=x)', prefix='a = x')
----------------------------------------------------------------------
Traceback (most recent call last):
  File "/data/users/bobren/a/pytorch-rs-burner/.burner/worktrees/agent_38d9746a/tests/test_compile_cuda_reshape.py", line 217, in test_tensor_valued_invalid_binding_before_execution
    call_without_python(compiled, {fn.__code__}, x)
  File "/data/users/bobren/a/pytorch-rs-burner/.burner/worktrees/agent_38d9746a/tests/test_compile_cuda_mul_scalar.py", line 72, in call_without_python
    return compiled(*args)
           ^^^^^^^^^^^^^^^
  File "/data/users/bobren/a/pytorch-rs-burner/.burner/worktrees/agent_38d9746a/.venv/lib/python3.12/site-packages/torch_rs/__init__.py", line 442, in compiled_model
    result = implementation(*args, **kwargs)
             ^^^^^^^^^^^^^^^^^^^^^^^^^^^^^^^
  File "/data/users/bobren/a/pytorch-rs-burner/.burner/worktrees/agent_38d9746a/.venv/lib/python3.12/site-packages/torch_rs/__init__.py", line 840, in compiled_model
    graph = _compile_bytecode.lower_one_input_compile_graph(
            ^^^^^^^^^^^^^^^^^^^^^^^^^^^^^^^^^^^^^^^^^^^^^^^^
  File "/data/users/bobren/a/pytorch-rs-burner/.burner/worktrees/agent_38d9746a/.venv/lib/python3.12/site-packages/torch_rs/_compile_bytecode.py", line 1542, in lower_one_input_compile_graph
    return lower_compile_graph(
           ^^^^^^^^^^^^^^^^^^^^
  File "/data/users/bobren/a/pytorch-rs-burner/.burner/worktrees/agent_38d9746a/.venv/lib/python3.12/site-packages/torch_rs/_compile_bytecode.py", line 1522, in lower_compile_graph
    output = _lower_function_body(
             ^^^^^^^^^^^^^^^^^^^^^
  File "/data/users/bobren/a/pytorch-rs-burner/.burner/worktrees/agent_38d9746a/.venv/lib/python3.12/site-packages/torch_rs/_compile_bytecode.py", line 1067, in _lower_function_body
    output = _lower_instruction(
             ^^^^^^^^^^^^^^^^^^^
  File "/data/users/bobren/a/pytorch-rs-burner/.burner/worktrees/agent_38d9746a/.venv/lib/python3.12/site-packages/torch_rs/_compile_bytecode.py", line 1468, in _lower_instruction
    return _OPCODE_HANDLERS[kind](
           ^^^^^^^^^^^^^^^^^^^^^^^
  File "/data/users/bobren/a/pytorch-rs-burner/.burner/worktrees/agent_38d9746a/.venv/lib/python3.12/site-packages/torch_rs/_compile_bytecode.py", line 1228, in _handle_call
    _record_method_call(
  File "/data/users/bobren/a/pytorch-rs-burner/.burner/worktrees/agent_38d9746a/.venv/lib/python3.12/site-packages/torch_rs/_compile_bytecode.py", line 1087, in _record_method_call
    _unsupported_bytecode(program, instruction, "Tensor.reshape requires constant dimensions")
  File "/data/users/bobren/a/pytorch-rs-burner/.burner/worktrees/agent_38d9746a/.venv/lib/python3.12/site-packages/torch_rs/_compile_bytecode.py", line 317, in _unsupported_bytecode
    raise _trace.CompileTraceUnsupportedError(
torch_rs._compile_trace.CompileTraceUnsupportedError: torch.compile trace bytecode lowering does not support Tensor.reshape requires constant dimensions in 'program': CALL

======================================================================
ERROR: test_tensor_valued_invalid_binding_before_execution (tests.test_compile_cuda_reshape.CompileCudaReshapeTests.test_tensor_valued_invalid_binding_before_execution) (policy=(False, None), attempt=0, expression='(1, shape=x)', prefix='a = x')
----------------------------------------------------------------------
Traceback (most recent call last):
  File "/data/users/bobren/a/pytorch-rs-burner/.burner/worktrees/agent_38d9746a/tests/test_compile_cuda_reshape.py", line 217, in test_tensor_valued_invalid_binding_before_execution
    call_without_python(compiled, {fn.__code__}, x)
  File "/data/users/bobren/a/pytorch-rs-burner/.burner/worktrees/agent_38d9746a/tests/test_compile_cuda_mul_scalar.py", line 72, in call_without_python
    return compiled(*args)
           ^^^^^^^^^^^^^^^
  File "/data/users/bobren/a/pytorch-rs-burner/.burner/worktrees/agent_38d9746a/.venv/lib/python3.12/site-packages/torch_rs/__init__.py", line 442, in compiled_model
    result = implementation(*args, **kwargs)
             ^^^^^^^^^^^^^^^^^^^^^^^^^^^^^^^
  File "/data/users/bobren/a/pytorch-rs-burner/.burner/worktrees/agent_38d9746a/.venv/lib/python3.12/site-packages/torch_rs/__init__.py", line 840, in compiled_model
    graph = _compile_bytecode.lower_one_input_compile_graph(
            ^^^^^^^^^^^^^^^^^^^^^^^^^^^^^^^^^^^^^^^^^^^^^^^^
  File "/data/users/bobren/a/pytorch-rs-burner/.burner/worktrees/agent_38d9746a/.venv/lib/python3.12/site-packages/torch_rs/_compile_bytecode.py", line 1542, in lower_one_input_compile_graph
    return lower_compile_graph(
           ^^^^^^^^^^^^^^^^^^^^
  File "/data/users/bobren/a/pytorch-rs-burner/.burner/worktrees/agent_38d9746a/.venv/lib/python3.12/site-packages/torch_rs/_compile_bytecode.py", line 1522, in lower_compile_graph
    output = _lower_function_body(
             ^^^^^^^^^^^^^^^^^^^^^
  File "/data/users/bobren/a/pytorch-rs-burner/.burner/worktrees/agent_38d9746a/.venv/lib/python3.12/site-packages/torch_rs/_compile_bytecode.py", line 1067, in _lower_function_body
    output = _lower_instruction(
             ^^^^^^^^^^^^^^^^^^^
  File "/data/users/bobren/a/pytorch-rs-burner/.burner/worktrees/agent_38d9746a/.venv/lib/python3.12/site-packages/torch_rs/_compile_bytecode.py", line 1468, in _lower_instruction
    return _OPCODE_HANDLERS[kind](
           ^^^^^^^^^^^^^^^^^^^^^^^
  File "/data/users/bobren/a/pytorch-rs-burner/.burner/worktrees/agent_38d9746a/.venv/lib/python3.12/site-packages/torch_rs/_compile_bytecode.py", line 1228, in _handle_call
    _record_method_call(
  File "/data/users/bobren/a/pytorch-rs-burner/.burner/worktrees/agent_38d9746a/.venv/lib/python3.12/site-packages/torch_rs/_compile_bytecode.py", line 1087, in _record_method_call
    _unsupported_bytecode(program, instruction, "Tensor.reshape requires constant dimensions")
  File "/data/users/bobren/a/pytorch-rs-burner/.burner/worktrees/agent_38d9746a/.venv/lib/python3.12/site-packages/torch_rs/_compile_bytecode.py", line 317, in _unsupported_bytecode
    raise _trace.CompileTraceUnsupportedError(
torch_rs._compile_trace.CompileTraceUnsupportedError: torch.compile trace bytecode lowering does not support Tensor.reshape requires constant dimensions in 'program': CALL

======================================================================
ERROR: test_tensor_valued_invalid_binding_before_execution (tests.test_compile_cuda_reshape.CompileCudaReshapeTests.test_tensor_valued_invalid_binding_before_execution) (policy=(False, None), attempt=1, expression='(1, shape=x)', prefix='a = x')
----------------------------------------------------------------------
Traceback (most recent call last):
  File "/data/users/bobren/a/pytorch-rs-burner/.burner/worktrees/agent_38d9746a/tests/test_compile_cuda_reshape.py", line 217, in test_tensor_valued_invalid_binding_before_execution
    call_without_python(compiled, {fn.__code__}, x)
  File "/data/users/bobren/a/pytorch-rs-burner/.burner/worktrees/agent_38d9746a/tests/test_compile_cuda_mul_scalar.py", line 72, in call_without_python
    return compiled(*args)
           ^^^^^^^^^^^^^^^
  File "/data/users/bobren/a/pytorch-rs-burner/.burner/worktrees/agent_38d9746a/.venv/lib/python3.12/site-packages/torch_rs/__init__.py", line 442, in compiled_model
    result = implementation(*args, **kwargs)
             ^^^^^^^^^^^^^^^^^^^^^^^^^^^^^^^
  File "/data/users/bobren/a/pytorch-rs-burner/.burner/worktrees/agent_38d9746a/.venv/lib/python3.12/site-packages/torch_rs/__init__.py", line 840, in compiled_model
    graph = _compile_bytecode.lower_one_input_compile_graph(
            ^^^^^^^^^^^^^^^^^^^^^^^^^^^^^^^^^^^^^^^^^^^^^^^^
  File "/data/users/bobren/a/pytorch-rs-burner/.burner/worktrees/agent_38d9746a/.venv/lib/python3.12/site-packages/torch_rs/_compile_bytecode.py", line 1542, in lower_one_input_compile_graph
    return lower_compile_graph(
           ^^^^^^^^^^^^^^^^^^^^
  File "/data/users/bobren/a/pytorch-rs-burner/.burner/worktrees/agent_38d9746a/.venv/lib/python3.12/site-packages/torch_rs/_compile_bytecode.py", line 1522, in lower_compile_graph
    output = _lower_function_body(
             ^^^^^^^^^^^^^^^^^^^^^
  File "/data/users/bobren/a/pytorch-rs-burner/.burner/worktrees/agent_38d9746a/.venv/lib/python3.12/site-packages/torch_rs/_compile_bytecode.py", line 1067, in _lower_function_body
    output = _lower_instruction(
             ^^^^^^^^^^^^^^^^^^^
  File "/data/users/bobren/a/pytorch-rs-burner/.burner/worktrees/agent_38d9746a/.venv/lib/python3.12/site-packages/torch_rs/_compile_bytecode.py", line 1468, in _lower_instruction
    return _OPCODE_HANDLERS[kind](
           ^^^^^^^^^^^^^^^^^^^^^^^
  File "/data/users/bobren/a/pytorch-rs-burner/.burner/worktrees/agent_38d9746a/.venv/lib/python3.12/site-packages/torch_rs/_compile_bytecode.py", line 1228, in _handle_call
    _record_method_call(
  File "/data/users/bobren/a/pytorch-rs-burner/.burner/worktrees/agent_38d9746a/.venv/lib/python3.12/site-packages/torch_rs/_compile_bytecode.py", line 1087, in _record_method_call
    _unsupported_bytecode(program, instruction, "Tensor.reshape requires constant dimensions")
  File "/data/users/bobren/a/pytorch-rs-burner/.burner/worktrees/agent_38d9746a/.venv/lib/python3.12/site-packages/torch_rs/_compile_bytecode.py", line 317, in _unsupported_bytecode
    raise _trace.CompileTraceUnsupportedError(
torch_rs._compile_trace.CompileTraceUnsupportedError: torch.compile trace bytecode lowering does not support Tensor.reshape requires constant dimensions in 'program': CALL

======================================================================
ERROR: test_tensor_valued_invalid_binding_before_execution (tests.test_compile_cuda_reshape.CompileCudaReshapeTests.test_tensor_valued_invalid_binding_before_execution) (policy=(True, None), attempt=0, expression='(1, shape=x)', prefix='a = -x')
----------------------------------------------------------------------
Traceback (most recent call last):
  File "/data/users/bobren/a/pytorch-rs-burner/.burner/worktrees/agent_38d9746a/tests/test_compile_cuda_reshape.py", line 217, in test_tensor_valued_invalid_binding_before_execution
    call_without_python(compiled, {fn.__code__}, x)
  File "/data/users/bobren/a/pytorch-rs-burner/.burner/worktrees/agent_38d9746a/tests/test_compile_cuda_mul_scalar.py", line 72, in call_without_python
    return compiled(*args)
           ^^^^^^^^^^^^^^^
  File "/data/users/bobren/a/pytorch-rs-burner/.burner/worktrees/agent_38d9746a/.venv/lib/python3.12/site-packages/torch_rs/__init__.py", line 442, in compiled_model
    result = implementation(*args, **kwargs)
             ^^^^^^^^^^^^^^^^^^^^^^^^^^^^^^^
  File "/data/users/bobren/a/pytorch-rs-burner/.burner/worktrees/agent_38d9746a/.venv/lib/python3.12/site-packages/torch_rs/__init__.py", line 840, in compiled_model
    graph = _compile_bytecode.lower_one_input_compile_graph(
            ^^^^^^^^^^^^^^^^^^^^^^^^^^^^^^^^^^^^^^^^^^^^^^^^
  File "/data/users/bobren/a/pytorch-rs-burner/.burner/worktrees/agent_38d9746a/.venv/lib/python3.12/site-packages/torch_rs/_compile_bytecode.py", line 1542, in lower_one_input_compile_graph
    return lower_compile_graph(
           ^^^^^^^^^^^^^^^^^^^^
  File "/data/users/bobren/a/pytorch-rs-burner/.burner/worktrees/agent_38d9746a/.venv/lib/python3.12/site-packages/torch_rs/_compile_bytecode.py", line 1522, in lower_compile_graph
    output = _lower_function_body(
             ^^^^^^^^^^^^^^^^^^^^^
  File "/data/users/bobren/a/pytorch-rs-burner/.burner/worktrees/agent_38d9746a/.venv/lib/python3.12/site-packages/torch_rs/_compile_bytecode.py", line 1067, in _lower_function_body
    output = _lower_instruction(
             ^^^^^^^^^^^^^^^^^^^
  File "/data/users/bobren/a/pytorch-rs-burner/.burner/worktrees/agent_38d9746a/.venv/lib/python3.12/site-packages/torch_rs/_compile_bytecode.py", line 1468, in _lower_instruction
    return _OPCODE_HANDLERS[kind](
           ^^^^^^^^^^^^^^^^^^^^^^^
  File "/data/users/bobren/a/pytorch-rs-burner/.burner/worktrees/agent_38d9746a/.venv/lib/python3.12/site-packages/torch_rs/_compile_bytecode.py", line 1228, in _handle_call
    _record_method_call(
  File "/data/users/bobren/a/pytorch-rs-burner/.burner/worktrees/agent_38d9746a/.venv/lib/python3.12/site-packages/torch_rs/_compile_bytecode.py", line 1087, in _record_method_call
    _unsupported_bytecode(program, instruction, "Tensor.reshape requires constant dimensions")
  File "/data/users/bobren/a/pytorch-rs-burner/.burner/worktrees/agent_38d9746a/.venv/lib/python3.12/site-packages/torch_rs/_compile_bytecode.py", line 317, in _unsupported_bytecode
    raise _trace.CompileTraceUnsupportedError(
torch_rs._compile_trace.CompileTraceUnsupportedError: torch.compile trace bytecode lowering does not support Tensor.reshape requires constant dimensions in 'program': CALL

======================================================================
ERROR: test_tensor_valued_invalid_binding_before_execution (tests.test_compile_cuda_reshape.CompileCudaReshapeTests.test_tensor_valued_invalid_binding_before_execution) (policy=(True, None), attempt=1, expression='(1, shape=x)', prefix='a = -x')
----------------------------------------------------------------------
Traceback (most recent call last):
  File "/data/users/bobren/a/pytorch-rs-burner/.burner/worktrees/agent_38d9746a/tests/test_compile_cuda_reshape.py", line 217, in test_tensor_valued_invalid_binding_before_execution
    call_without_python(compiled, {fn.__code__}, x)
  File "/data/users/bobren/a/pytorch-rs-burner/.burner/worktrees/agent_38d9746a/tests/test_compile_cuda_mul_scalar.py", line 72, in call_without_python
    return compiled(*args)
           ^^^^^^^^^^^^^^^
  File "/data/users/bobren/a/pytorch-rs-burner/.burner/worktrees/agent_38d9746a/.venv/lib/python3.12/site-packages/torch_rs/__init__.py", line 442, in compiled_model
    result = implementation(*args, **kwargs)
             ^^^^^^^^^^^^^^^^^^^^^^^^^^^^^^^
  File "/data/users/bobren/a/pytorch-rs-burner/.burner/worktrees/agent_38d9746a/.venv/lib/python3.12/site-packages/torch_rs/__init__.py", line 840, in compiled_model
    graph = _compile_bytecode.lower_one_input_compile_graph(
            ^^^^^^^^^^^^^^^^^^^^^^^^^^^^^^^^^^^^^^^^^^^^^^^^
  File "/data/users/bobren/a/pytorch-rs-burner/.burner/worktrees/agent_38d9746a/.venv/lib/python3.12/site-packages/torch_rs/_compile_bytecode.py", line 1542, in lower_one_input_compile_graph
    return lower_compile_graph(
           ^^^^^^^^^^^^^^^^^^^^
  File "/data/users/bobren/a/pytorch-rs-burner/.burner/worktrees/agent_38d9746a/.venv/lib/python3.12/site-packages/torch_rs/_compile_bytecode.py", line 1522, in lower_compile_graph
    output = _lower_function_body(
             ^^^^^^^^^^^^^^^^^^^^^
  File "/data/users/bobren/a/pytorch-rs-burner/.burner/worktrees/agent_38d9746a/.venv/lib/python3.12/site-packages/torch_rs/_compile_bytecode.py", line 1067, in _lower_function_body
    output = _lower_instruction(
             ^^^^^^^^^^^^^^^^^^^
  File "/data/users/bobren/a/pytorch-rs-burner/.burner/worktrees/agent_38d9746a/.venv/lib/python3.12/site-packages/torch_rs/_compile_bytecode.py", line 1468, in _lower_instruction
    return _OPCODE_HANDLERS[kind](
           ^^^^^^^^^^^^^^^^^^^^^^^
  File "/data/users/bobren/a/pytorch-rs-burner/.burner/worktrees/agent_38d9746a/.venv/lib/python3.12/site-packages/torch_rs/_compile_bytecode.py", line 1228, in _handle_call
    _record_method_call(
  File "/data/users/bobren/a/pytorch-rs-burner/.burner/worktrees/agent_38d9746a/.venv/lib/python3.12/site-packages/torch_rs/_compile_bytecode.py", line 1087, in _record_method_call
    _unsupported_bytecode(program, instruction, "Tensor.reshape requires constant dimensions")
  File "/data/users/bobren/a/pytorch-rs-burner/.burner/worktrees/agent_38d9746a/.venv/lib/python3.12/site-packages/torch_rs/_compile_bytecode.py", line 317, in _unsupported_bytecode
    raise _trace.CompileTraceUnsupportedError(
torch_rs._compile_trace.CompileTraceUnsupportedError: torch.compile trace bytecode lowering does not support Tensor.reshape requires constant dimensions in 'program': CALL

======================================================================
ERROR: test_tensor_valued_invalid_binding_before_execution (tests.test_compile_cuda_reshape.CompileCudaReshapeTests.test_tensor_valued_invalid_binding_before_execution) (policy=(True, False), attempt=0, expression='(1, shape=x)', prefix='a = -x')
----------------------------------------------------------------------
Traceback (most recent call last):
  File "/data/users/bobren/a/pytorch-rs-burner/.burner/worktrees/agent_38d9746a/tests/test_compile_cuda_reshape.py", line 217, in test_tensor_valued_invalid_binding_before_execution
    call_without_python(compiled, {fn.__code__}, x)
  File "/data/users/bobren/a/pytorch-rs-burner/.burner/worktrees/agent_38d9746a/tests/test_compile_cuda_mul_scalar.py", line 72, in call_without_python
    return compiled(*args)
           ^^^^^^^^^^^^^^^
  File "/data/users/bobren/a/pytorch-rs-burner/.burner/worktrees/agent_38d9746a/.venv/lib/python3.12/site-packages/torch_rs/__init__.py", line 442, in compiled_model
    result = implementation(*args, **kwargs)
             ^^^^^^^^^^^^^^^^^^^^^^^^^^^^^^^
  File "/data/users/bobren/a/pytorch-rs-burner/.burner/worktrees/agent_38d9746a/.venv/lib/python3.12/site-packages/torch_rs/__init__.py", line 840, in compiled_model
    graph = _compile_bytecode.lower_one_input_compile_graph(
            ^^^^^^^^^^^^^^^^^^^^^^^^^^^^^^^^^^^^^^^^^^^^^^^^
  File "/data/users/bobren/a/pytorch-rs-burner/.burner/worktrees/agent_38d9746a/.venv/lib/python3.12/site-packages/torch_rs/_compile_bytecode.py", line 1542, in lower_one_input_compile_graph
    return lower_compile_graph(
           ^^^^^^^^^^^^^^^^^^^^
  File "/data/users/bobren/a/pytorch-rs-burner/.burner/worktrees/agent_38d9746a/.venv/lib/python3.12/site-packages/torch_rs/_compile_bytecode.py", line 1522, in lower_compile_graph
    output = _lower_function_body(
             ^^^^^^^^^^^^^^^^^^^^^
  File "/data/users/bobren/a/pytorch-rs-burner/.burner/worktrees/agent_38d9746a/.venv/lib/python3.12/site-packages/torch_rs/_compile_bytecode.py", line 1067, in _lower_function_body
    output = _lower_instruction(
             ^^^^^^^^^^^^^^^^^^^
  File "/data/users/bobren/a/pytorch-rs-burner/.burner/worktrees/agent_38d9746a/.venv/lib/python3.12/site-packages/torch_rs/_compile_bytecode.py", line 1468, in _lower_instruction
    return _OPCODE_HANDLERS[kind](
           ^^^^^^^^^^^^^^^^^^^^^^^
  File "/data/users/bobren/a/pytorch-rs-burner/.burner/worktrees/agent_38d9746a/.venv/lib/python3.12/site-packages/torch_rs/_compile_bytecode.py", line 1228, in _handle_call
    _record_method_call(
  File "/data/users/bobren/a/pytorch-rs-burner/.burner/worktrees/agent_38d9746a/.venv/lib/python3.12/site-packages/torch_rs/_compile_bytecode.py", line 1087, in _record_method_call
    _unsupported_bytecode(program, instruction, "Tensor.reshape requires constant dimensions")
  File "/data/users/bobren/a/pytorch-rs-burner/.burner/worktrees/agent_38d9746a/.venv/lib/python3.12/site-packages/torch_rs/_compile_bytecode.py", line 317, in _unsupported_bytecode
    raise _trace.CompileTraceUnsupportedError(
torch_rs._compile_trace.CompileTraceUnsupportedError: torch.compile trace bytecode lowering does not support Tensor.reshape requires constant dimensions in 'program': CALL

======================================================================
ERROR: test_tensor_valued_invalid_binding_before_execution (tests.test_compile_cuda_reshape.CompileCudaReshapeTests.test_tensor_valued_invalid_binding_before_execution) (policy=(True, False), attempt=1, expression='(1, shape=x)', prefix='a = -x')
----------------------------------------------------------------------
Traceback (most recent call last):
  File "/data/users/bobren/a/pytorch-rs-burner/.burner/worktrees/agent_38d9746a/tests/test_compile_cuda_reshape.py", line 217, in test_tensor_valued_invalid_binding_before_execution
    call_without_python(compiled, {fn.__code__}, x)
  File "/data/users/bobren/a/pytorch-rs-burner/.burner/worktrees/agent_38d9746a/tests/test_compile_cuda_mul_scalar.py", line 72, in call_without_python
    return compiled(*args)
           ^^^^^^^^^^^^^^^
  File "/data/users/bobren/a/pytorch-rs-burner/.burner/worktrees/agent_38d9746a/.venv/lib/python3.12/site-packages/torch_rs/__init__.py", line 442, in compiled_model
    result = implementation(*args, **kwargs)
             ^^^^^^^^^^^^^^^^^^^^^^^^^^^^^^^
  File "/data/users/bobren/a/pytorch-rs-burner/.burner/worktrees/agent_38d9746a/.venv/lib/python3.12/site-packages/torch_rs/__init__.py", line 840, in compiled_model
    graph = _compile_bytecode.lower_one_input_compile_graph(
            ^^^^^^^^^^^^^^^^^^^^^^^^^^^^^^^^^^^^^^^^^^^^^^^^
  File "/data/users/bobren/a/pytorch-rs-burner/.burner/worktrees/agent_38d9746a/.venv/lib/python3.12/site-packages/torch_rs/_compile_bytecode.py", line 1542, in lower_one_input_compile_graph
    return lower_compile_graph(
           ^^^^^^^^^^^^^^^^^^^^
  File "/data/users/bobren/a/pytorch-rs-burner/.burner/worktrees/agent_38d9746a/.venv/lib/python3.12/site-packages/torch_rs/_compile_bytecode.py", line 1522, in lower_compile_graph
    output = _lower_function_body(
             ^^^^^^^^^^^^^^^^^^^^^
  File "/data/users/bobren/a/pytorch-rs-burner/.burner/worktrees/agent_38d9746a/.venv/lib/python3.12/site-packages/torch_rs/_compile_bytecode.py", line 1067, in _lower_function_body
    output = _lower_instruction(
             ^^^^^^^^^^^^^^^^^^^
  File "/data/users/bobren/a/pytorch-rs-burner/.burner/worktrees/agent_38d9746a/.venv/lib/python3.12/site-packages/torch_rs/_compile_bytecode.py", line 1468, in _lower_instruction
    return _OPCODE_HANDLERS[kind](
           ^^^^^^^^^^^^^^^^^^^^^^^
  File "/data/users/bobren/a/pytorch-rs-burner/.burner/worktrees/agent_38d9746a/.venv/lib/python3.12/site-packages/torch_rs/_compile_bytecode.py", line 1228, in _handle_call
    _record_method_call(
  File "/data/users/bobren/a/pytorch-rs-burner/.burner/worktrees/agent_38d9746a/.venv/lib/python3.12/site-packages/torch_rs/_compile_bytecode.py", line 1087, in _record_method_call
    _unsupported_bytecode(program, instruction, "Tensor.reshape requires constant dimensions")
  File "/data/users/bobren/a/pytorch-rs-burner/.burner/worktrees/agent_38d9746a/.venv/lib/python3.12/site-packages/torch_rs/_compile_bytecode.py", line 317, in _unsupported_bytecode
    raise _trace.CompileTraceUnsupportedError(
torch_rs._compile_trace.CompileTraceUnsupportedError: torch.compile trace bytecode lowering does not support Tensor.reshape requires constant dimensions in 'program': CALL

======================================================================
ERROR: test_tensor_valued_invalid_binding_before_execution (tests.test_compile_cuda_reshape.CompileCudaReshapeTests.test_tensor_valued_invalid_binding_before_execution) (policy=(True, True), attempt=0, expression='(1, shape=x)', prefix='a = -x')
----------------------------------------------------------------------
Traceback (most recent call last):
  File "/data/users/bobren/a/pytorch-rs-burner/.burner/worktrees/agent_38d9746a/tests/test_compile_cuda_reshape.py", line 217, in test_tensor_valued_invalid_binding_before_execution
    call_without_python(compiled, {fn.__code__}, x)
  File "/data/users/bobren/a/pytorch-rs-burner/.burner/worktrees/agent_38d9746a/tests/test_compile_cuda_mul_scalar.py", line 72, in call_without_python
    return compiled(*args)
           ^^^^^^^^^^^^^^^
  File "/data/users/bobren/a/pytorch-rs-burner/.burner/worktrees/agent_38d9746a/.venv/lib/python3.12/site-packages/torch_rs/__init__.py", line 442, in compiled_model
    result = implementation(*args, **kwargs)
             ^^^^^^^^^^^^^^^^^^^^^^^^^^^^^^^
  File "/data/users/bobren/a/pytorch-rs-burner/.burner/worktrees/agent_38d9746a/.venv/lib/python3.12/site-packages/torch_rs/__init__.py", line 840, in compiled_model
    graph = _compile_bytecode.lower_one_input_compile_graph(
            ^^^^^^^^^^^^^^^^^^^^^^^^^^^^^^^^^^^^^^^^^^^^^^^^
  File "/data/users/bobren/a/pytorch-rs-burner/.burner/worktrees/agent_38d9746a/.venv/lib/python3.12/site-packages/torch_rs/_compile_bytecode.py", line 1542, in lower_one_input_compile_graph
    return lower_compile_graph(
           ^^^^^^^^^^^^^^^^^^^^
  File "/data/users/bobren/a/pytorch-rs-burner/.burner/worktrees/agent_38d9746a/.venv/lib/python3.12/site-packages/torch_rs/_compile_bytecode.py", line 1522, in lower_compile_graph
    output = _lower_function_body(
             ^^^^^^^^^^^^^^^^^^^^^
  File "/data/users/bobren/a/pytorch-rs-burner/.burner/worktrees/agent_38d9746a/.venv/lib/python3.12/site-packages/torch_rs/_compile_bytecode.py", line 1067, in _lower_function_body
    output = _lower_instruction(
             ^^^^^^^^^^^^^^^^^^^
  File "/data/users/bobren/a/pytorch-rs-burner/.burner/worktrees/agent_38d9746a/.venv/lib/python3.12/site-packages/torch_rs/_compile_bytecode.py", line 1468, in _lower_instruction
    return _OPCODE_HANDLERS[kind](
           ^^^^^^^^^^^^^^^^^^^^^^^
  File "/data/users/bobren/a/pytorch-rs-burner/.burner/worktrees/agent_38d9746a/.venv/lib/python3.12/site-packages/torch_rs/_compile_bytecode.py", line 1228, in _handle_call
    _record_method_call(
  File "/data/users/bobren/a/pytorch-rs-burner/.burner/worktrees/agent_38d9746a/.venv/lib/python3.12/site-packages/torch_rs/_compile_bytecode.py", line 1087, in _record_method_call
    _unsupported_bytecode(program, instruction, "Tensor.reshape requires constant dimensions")
  File "/data/users/bobren/a/pytorch-rs-burner/.burner/worktrees/agent_38d9746a/.venv/lib/python3.12/site-packages/torch_rs/_compile_bytecode.py", line 317, in _unsupported_bytecode
    raise _trace.CompileTraceUnsupportedError(
torch_rs._compile_trace.CompileTraceUnsupportedError: torch.compile trace bytecode lowering does not support Tensor.reshape requires constant dimensions in 'program': CALL

======================================================================
ERROR: test_tensor_valued_invalid_binding_before_execution (tests.test_compile_cuda_reshape.CompileCudaReshapeTests.test_tensor_valued_invalid_binding_before_execution) (policy=(True, True), attempt=1, expression='(1, shape=x)', prefix='a = -x')
----------------------------------------------------------------------
Traceback (most recent call last):
  File "/data/users/bobren/a/pytorch-rs-burner/.burner/worktrees/agent_38d9746a/tests/test_compile_cuda_reshape.py", line 217, in test_tensor_valued_invalid_binding_before_execution
    call_without_python(compiled, {fn.__code__}, x)
  File "/data/users/bobren/a/pytorch-rs-burner/.burner/worktrees/agent_38d9746a/tests/test_compile_cuda_mul_scalar.py", line 72, in call_without_python
    return compiled(*args)
           ^^^^^^^^^^^^^^^
  File "/data/users/bobren/a/pytorch-rs-burner/.burner/worktrees/agent_38d9746a/.venv/lib/python3.12/site-packages/torch_rs/__init__.py", line 442, in compiled_model
    result = implementation(*args, **kwargs)
             ^^^^^^^^^^^^^^^^^^^^^^^^^^^^^^^
  File "/data/users/bobren/a/pytorch-rs-burner/.burner/worktrees/agent_38d9746a/.venv/lib/python3.12/site-packages/torch_rs/__init__.py", line 840, in compiled_model
    graph = _compile_bytecode.lower_one_input_compile_graph(
            ^^^^^^^^^^^^^^^^^^^^^^^^^^^^^^^^^^^^^^^^^^^^^^^^
  File "/data/users/bobren/a/pytorch-rs-burner/.burner/worktrees/agent_38d9746a/.venv/lib/python3.12/site-packages/torch_rs/_compile_bytecode.py", line 1542, in lower_one_input_compile_graph
    return lower_compile_graph(
           ^^^^^^^^^^^^^^^^^^^^
  File "/data/users/bobren/a/pytorch-rs-burner/.burner/worktrees/agent_38d9746a/.venv/lib/python3.12/site-packages/torch_rs/_compile_bytecode.py", line 1522, in lower_compile_graph
    output = _lower_function_body(
             ^^^^^^^^^^^^^^^^^^^^^
  File "/data/users/bobren/a/pytorch-rs-burner/.burner/worktrees/agent_38d9746a/.venv/lib/python3.12/site-packages/torch_rs/_compile_bytecode.py", line 1067, in _lower_function_body
    output = _lower_instruction(
             ^^^^^^^^^^^^^^^^^^^
  File "/data/users/bobren/a/pytorch-rs-burner/.burner/worktrees/agent_38d9746a/.venv/lib/python3.12/site-packages/torch_rs/_compile_bytecode.py", line 1468, in _lower_instruction
    return _OPCODE_HANDLERS[kind](
           ^^^^^^^^^^^^^^^^^^^^^^^
  File "/data/users/bobren/a/pytorch-rs-burner/.burner/worktrees/agent_38d9746a/.venv/lib/python3.12/site-packages/torch_rs/_compile_bytecode.py", line 1228, in _handle_call
    _record_method_call(
  File "/data/users/bobren/a/pytorch-rs-burner/.burner/worktrees/agent_38d9746a/.venv/lib/python3.12/site-packages/torch_rs/_compile_bytecode.py", line 1087, in _record_method_call
    _unsupported_bytecode(program, instruction, "Tensor.reshape requires constant dimensions")
  File "/data/users/bobren/a/pytorch-rs-burner/.burner/worktrees/agent_38d9746a/.venv/lib/python3.12/site-packages/torch_rs/_compile_bytecode.py", line 317, in _unsupported_bytecode
    raise _trace.CompileTraceUnsupportedError(
torch_rs._compile_trace.CompileTraceUnsupportedError: torch.compile trace bytecode lowering does not support Tensor.reshape requires constant dimensions in 'program': CALL

======================================================================
ERROR: test_tensor_valued_invalid_binding_before_execution (tests.test_compile_cuda_reshape.CompileCudaReshapeTests.test_tensor_valued_invalid_binding_before_execution) (policy=(False, None), attempt=0, expression='(1, shape=x)', prefix='a = -x')
----------------------------------------------------------------------
Traceback (most recent call last):
  File "/data/users/bobren/a/pytorch-rs-burner/.burner/worktrees/agent_38d9746a/tests/test_compile_cuda_reshape.py", line 217, in test_tensor_valued_invalid_binding_before_execution
    call_without_python(compiled, {fn.__code__}, x)
  File "/data/users/bobren/a/pytorch-rs-burner/.burner/worktrees/agent_38d9746a/tests/test_compile_cuda_mul_scalar.py", line 72, in call_without_python
    return compiled(*args)
           ^^^^^^^^^^^^^^^
  File "/data/users/bobren/a/pytorch-rs-burner/.burner/worktrees/agent_38d9746a/.venv/lib/python3.12/site-packages/torch_rs/__init__.py", line 442, in compiled_model
    result = implementation(*args, **kwargs)
             ^^^^^^^^^^^^^^^^^^^^^^^^^^^^^^^
  File "/data/users/bobren/a/pytorch-rs-burner/.burner/worktrees/agent_38d9746a/.venv/lib/python3.12/site-packages/torch_rs/__init__.py", line 840, in compiled_model
    graph = _compile_bytecode.lower_one_input_compile_graph(
            ^^^^^^^^^^^^^^^^^^^^^^^^^^^^^^^^^^^^^^^^^^^^^^^^
  File "/data/users/bobren/a/pytorch-rs-burner/.burner/worktrees/agent_38d9746a/.venv/lib/python3.12/site-packages/torch_rs/_compile_bytecode.py", line 1542, in lower_one_input_compile_graph
    return lower_compile_graph(
           ^^^^^^^^^^^^^^^^^^^^
  File "/data/users/bobren/a/pytorch-rs-burner/.burner/worktrees/agent_38d9746a/.venv/lib/python3.12/site-packages/torch_rs/_compile_bytecode.py", line 1522, in lower_compile_graph
    output = _lower_function_body(
             ^^^^^^^^^^^^^^^^^^^^^
  File "/data/users/bobren/a/pytorch-rs-burner/.burner/worktrees/agent_38d9746a/.venv/lib/python3.12/site-packages/torch_rs/_compile_bytecode.py", line 1067, in _lower_function_body
    output = _lower_instruction(
             ^^^^^^^^^^^^^^^^^^^
  File "/data/users/bobren/a/pytorch-rs-burner/.burner/worktrees/agent_38d9746a/.venv/lib/python3.12/site-packages/torch_rs/_compile_bytecode.py", line 1468, in _lower_instruction
    return _OPCODE_HANDLERS[kind](
           ^^^^^^^^^^^^^^^^^^^^^^^
  File "/data/users/bobren/a/pytorch-rs-burner/.burner/worktrees/agent_38d9746a/.venv/lib/python3.12/site-packages/torch_rs/_compile_bytecode.py", line 1228, in _handle_call
    _record_method_call(
  File "/data/users/bobren/a/pytorch-rs-burner/.burner/worktrees/agent_38d9746a/.venv/lib/python3.12/site-packages/torch_rs/_compile_bytecode.py", line 1087, in _record_method_call
    _unsupported_bytecode(program, instruction, "Tensor.reshape requires constant dimensions")
  File "/data/users/bobren/a/pytorch-rs-burner/.burner/worktrees/agent_38d9746a/.venv/lib/python3.12/site-packages/torch_rs/_compile_bytecode.py", line 317, in _unsupported_bytecode
    raise _trace.CompileTraceUnsupportedError(
torch_rs._compile_trace.CompileTraceUnsupportedError: torch.compile trace bytecode lowering does not support Tensor.reshape requires constant dimensions in 'program': CALL

======================================================================
ERROR: test_tensor_valued_invalid_binding_before_execution (tests.test_compile_cuda_reshape.CompileCudaReshapeTests.test_tensor_valued_invalid_binding_before_execution) (policy=(False, None), attempt=1, expression='(1, shape=x)', prefix='a = -x')
----------------------------------------------------------------------
Traceback (most recent call last):
  File "/data/users/bobren/a/pytorch-rs-burner/.burner/worktrees/agent_38d9746a/tests/test_compile_cuda_reshape.py", line 217, in test_tensor_valued_invalid_binding_before_execution
    call_without_python(compiled, {fn.__code__}, x)
  File "/data/users/bobren/a/pytorch-rs-burner/.burner/worktrees/agent_38d9746a/tests/test_compile_cuda_mul_scalar.py", line 72, in call_without_python
    return compiled(*args)
           ^^^^^^^^^^^^^^^
  File "/data/users/bobren/a/pytorch-rs-burner/.burner/worktrees/agent_38d9746a/.venv/lib/python3.12/site-packages/torch_rs/__init__.py", line 442, in compiled_model
    result = implementation(*args, **kwargs)
             ^^^^^^^^^^^^^^^^^^^^^^^^^^^^^^^
  File "/data/users/bobren/a/pytorch-rs-burner/.burner/worktrees/agent_38d9746a/.venv/lib/python3.12/site-packages/torch_rs/__init__.py", line 840, in compiled_model
    graph = _compile_bytecode.lower_one_input_compile_graph(
            ^^^^^^^^^^^^^^^^^^^^^^^^^^^^^^^^^^^^^^^^^^^^^^^^
  File "/data/users/bobren/a/pytorch-rs-burner/.burner/worktrees/agent_38d9746a/.venv/lib/python3.12/site-packages/torch_rs/_compile_bytecode.py", line 1542, in lower_one_input_compile_graph
    return lower_compile_graph(
           ^^^^^^^^^^^^^^^^^^^^
  File "/data/users/bobren/a/pytorch-rs-burner/.burner/worktrees/agent_38d9746a/.venv/lib/python3.12/site-packages/torch_rs/_compile_bytecode.py", line 1522, in lower_compile_graph
    output = _lower_function_body(
             ^^^^^^^^^^^^^^^^^^^^^
  File "/data/users/bobren/a/pytorch-rs-burner/.burner/worktrees/agent_38d9746a/.venv/lib/python3.12/site-packages/torch_rs/_compile_bytecode.py", line 1067, in _lower_function_body
    output = _lower_instruction(
             ^^^^^^^^^^^^^^^^^^^
  File "/data/users/bobren/a/pytorch-rs-burner/.burner/worktrees/agent_38d9746a/.venv/lib/python3.12/site-packages/torch_rs/_compile_bytecode.py", line 1468, in _lower_instruction
    return _OPCODE_HANDLERS[kind](
           ^^^^^^^^^^^^^^^^^^^^^^^
  File "/data/users/bobren/a/pytorch-rs-burner/.burner/worktrees/agent_38d9746a/.venv/lib/python3.12/site-packages/torch_rs/_compile_bytecode.py", line 1228, in _handle_call
    _record_method_call(
  File "/data/users/bobren/a/pytorch-rs-burner/.burner/worktrees/agent_38d9746a/.venv/lib/python3.12/site-packages/torch_rs/_compile_bytecode.py", line 1087, in _record_method_call
    _unsupported_bytecode(program, instruction, "Tensor.reshape requires constant dimensions")
  File "/data/users/bobren/a/pytorch-rs-burner/.burner/worktrees/agent_38d9746a/.venv/lib/python3.12/site-packages/torch_rs/_compile_bytecode.py", line 317, in _unsupported_bytecode
    raise _trace.CompileTraceUnsupportedError(
torch_rs._compile_trace.CompileTraceUnsupportedError: torch.compile trace bytecode lowering does not support Tensor.reshape requires constant dimensions in 'program': CALL

======================================================================
ERROR: test_tensor_valued_invalid_binding_before_execution (tests.test_compile_cuda_reshape.CompileCudaReshapeTests.test_tensor_valued_invalid_binding_before_execution) (policy=(True, None), attempt=0, expression='(1, foo=x)', prefix='a = x')
----------------------------------------------------------------------
Traceback (most recent call last):
  File "/data/users/bobren/a/pytorch-rs-burner/.burner/worktrees/agent_38d9746a/tests/test_compile_cuda_reshape.py", line 217, in test_tensor_valued_invalid_binding_before_execution
    call_without_python(compiled, {fn.__code__}, x)
  File "/data/users/bobren/a/pytorch-rs-burner/.burner/worktrees/agent_38d9746a/tests/test_compile_cuda_mul_scalar.py", line 72, in call_without_python
    return compiled(*args)
           ^^^^^^^^^^^^^^^
  File "/data/users/bobren/a/pytorch-rs-burner/.burner/worktrees/agent_38d9746a/.venv/lib/python3.12/site-packages/torch_rs/__init__.py", line 442, in compiled_model
    result = implementation(*args, **kwargs)
             ^^^^^^^^^^^^^^^^^^^^^^^^^^^^^^^
  File "/data/users/bobren/a/pytorch-rs-burner/.burner/worktrees/agent_38d9746a/.venv/lib/python3.12/site-packages/torch_rs/__init__.py", line 840, in compiled_model
    graph = _compile_bytecode.lower_one_input_compile_graph(
            ^^^^^^^^^^^^^^^^^^^^^^^^^^^^^^^^^^^^^^^^^^^^^^^^
  File "/data/users/bobren/a/pytorch-rs-burner/.burner/worktrees/agent_38d9746a/.venv/lib/python3.12/site-packages/torch_rs/_compile_bytecode.py", line 1542, in lower_one_input_compile_graph
    return lower_compile_graph(
           ^^^^^^^^^^^^^^^^^^^^
  File "/data/users/bobren/a/pytorch-rs-burner/.burner/worktrees/agent_38d9746a/.venv/lib/python3.12/site-packages/torch_rs/_compile_bytecode.py", line 1522, in lower_compile_graph
    output = _lower_function_body(
             ^^^^^^^^^^^^^^^^^^^^^
  File "/data/users/bobren/a/pytorch-rs-burner/.burner/worktrees/agent_38d9746a/.venv/lib/python3.12/site-packages/torch_rs/_compile_bytecode.py", line 1067, in _lower_function_body
    output = _lower_instruction(
             ^^^^^^^^^^^^^^^^^^^
  File "/data/users/bobren/a/pytorch-rs-burner/.burner/worktrees/agent_38d9746a/.venv/lib/python3.12/site-packages/torch_rs/_compile_bytecode.py", line 1468, in _lower_instruction
    return _OPCODE_HANDLERS[kind](
           ^^^^^^^^^^^^^^^^^^^^^^^
  File "/data/users/bobren/a/pytorch-rs-burner/.burner/worktrees/agent_38d9746a/.venv/lib/python3.12/site-packages/torch_rs/_compile_bytecode.py", line 1228, in _handle_call
    _record_method_call(
  File "/data/users/bobren/a/pytorch-rs-burner/.burner/worktrees/agent_38d9746a/.venv/lib/python3.12/site-packages/torch_rs/_compile_bytecode.py", line 1087, in _record_method_call
    _unsupported_bytecode(program, instruction, "Tensor.reshape requires constant dimensions")
  File "/data/users/bobren/a/pytorch-rs-burner/.burner/worktrees/agent_38d9746a/.venv/lib/python3.12/site-packages/torch_rs/_compile_bytecode.py", line 317, in _unsupported_bytecode
    raise _trace.CompileTraceUnsupportedError(
torch_rs._compile_trace.CompileTraceUnsupportedError: torch.compile trace bytecode lowering does not support Tensor.reshape requires constant dimensions in 'program': CALL

======================================================================
ERROR: test_tensor_valued_invalid_binding_before_execution (tests.test_compile_cuda_reshape.CompileCudaReshapeTests.test_tensor_valued_invalid_binding_before_execution) (policy=(True, None), attempt=1, expression='(1, foo=x)', prefix='a = x')
----------------------------------------------------------------------
Traceback (most recent call last):
  File "/data/users/bobren/a/pytorch-rs-burner/.burner/worktrees/agent_38d9746a/tests/test_compile_cuda_reshape.py", line 217, in test_tensor_valued_invalid_binding_before_execution
    call_without_python(compiled, {fn.__code__}, x)
  File "/data/users/bobren/a/pytorch-rs-burner/.burner/worktrees/agent_38d9746a/tests/test_compile_cuda_mul_scalar.py", line 72, in call_without_python
    return compiled(*args)
           ^^^^^^^^^^^^^^^
  File "/data/users/bobren/a/pytorch-rs-burner/.burner/worktrees/agent_38d9746a/.venv/lib/python3.12/site-packages/torch_rs/__init__.py", line 442, in compiled_model
    result = implementation(*args, **kwargs)
             ^^^^^^^^^^^^^^^^^^^^^^^^^^^^^^^
  File "/data/users/bobren/a/pytorch-rs-burner/.burner/worktrees/agent_38d9746a/.venv/lib/python3.12/site-packages/torch_rs/__init__.py", line 840, in compiled_model
    graph = _compile_bytecode.lower_one_input_compile_graph(
            ^^^^^^^^^^^^^^^^^^^^^^^^^^^^^^^^^^^^^^^^^^^^^^^^
  File "/data/users/bobren/a/pytorch-rs-burner/.burner/worktrees/agent_38d9746a/.venv/lib/python3.12/site-packages/torch_rs/_compile_bytecode.py", line 1542, in lower_one_input_compile_graph
    return lower_compile_graph(
           ^^^^^^^^^^^^^^^^^^^^
  File "/data/users/bobren/a/pytorch-rs-burner/.burner/worktrees/agent_38d9746a/.venv/lib/python3.12/site-packages/torch_rs/_compile_bytecode.py", line 1522, in lower_compile_graph
    output = _lower_function_body(
             ^^^^^^^^^^^^^^^^^^^^^
  File "/data/users/bobren/a/pytorch-rs-burner/.burner/worktrees/agent_38d9746a/.venv/lib/python3.12/site-packages/torch_rs/_compile_bytecode.py", line 1067, in _lower_function_body
    output = _lower_instruction(
             ^^^^^^^^^^^^^^^^^^^
  File "/data/users/bobren/a/pytorch-rs-burner/.burner/worktrees/agent_38d9746a/.venv/lib/python3.12/site-packages/torch_rs/_compile_bytecode.py", line 1468, in _lower_instruction
    return _OPCODE_HANDLERS[kind](
           ^^^^^^^^^^^^^^^^^^^^^^^
  File "/data/users/bobren/a/pytorch-rs-burner/.burner/worktrees/agent_38d9746a/.venv/lib/python3.12/site-packages/torch_rs/_compile_bytecode.py", line 1228, in _handle_call
    _record_method_call(
  File "/data/users/bobren/a/pytorch-rs-burner/.burner/worktrees/agent_38d9746a/.venv/lib/python3.12/site-packages/torch_rs/_compile_bytecode.py", line 1087, in _record_method_call
    _unsupported_bytecode(program, instruction, "Tensor.reshape requires constant dimensions")
  File "/data/users/bobren/a/pytorch-rs-burner/.burner/worktrees/agent_38d9746a/.venv/lib/python3.12/site-packages/torch_rs/_compile_bytecode.py", line 317, in _unsupported_bytecode
    raise _trace.CompileTraceUnsupportedError(
torch_rs._compile_trace.CompileTraceUnsupportedError: torch.compile trace bytecode lowering does not support Tensor.reshape requires constant dimensions in 'program': CALL

======================================================================
ERROR: test_tensor_valued_invalid_binding_before_execution (tests.test_compile_cuda_reshape.CompileCudaReshapeTests.test_tensor_valued_invalid_binding_before_execution) (policy=(True, False), attempt=0, expression='(1, foo=x)', prefix='a = x')
----------------------------------------------------------------------
Traceback (most recent call last):
  File "/data/users/bobren/a/pytorch-rs-burner/.burner/worktrees/agent_38d9746a/tests/test_compile_cuda_reshape.py", line 217, in test_tensor_valued_invalid_binding_before_execution
    call_without_python(compiled, {fn.__code__}, x)
  File "/data/users/bobren/a/pytorch-rs-burner/.burner/worktrees/agent_38d9746a/tests/test_compile_cuda_mul_scalar.py", line 72, in call_without_python
    return compiled(*args)
           ^^^^^^^^^^^^^^^
  File "/data/users/bobren/a/pytorch-rs-burner/.burner/worktrees/agent_38d9746a/.venv/lib/python3.12/site-packages/torch_rs/__init__.py", line 442, in compiled_model
    result = implementation(*args, **kwargs)
             ^^^^^^^^^^^^^^^^^^^^^^^^^^^^^^^
  File "/data/users/bobren/a/pytorch-rs-burner/.burner/worktrees/agent_38d9746a/.venv/lib/python3.12/site-packages/torch_rs/__init__.py", line 840, in compiled_model
    graph = _compile_bytecode.lower_one_input_compile_graph(
            ^^^^^^^^^^^^^^^^^^^^^^^^^^^^^^^^^^^^^^^^^^^^^^^^
  File "/data/users/bobren/a/pytorch-rs-burner/.burner/worktrees/agent_38d9746a/.venv/lib/python3.12/site-packages/torch_rs/_compile_bytecode.py", line 1542, in lower_one_input_compile_graph
    return lower_compile_graph(
           ^^^^^^^^^^^^^^^^^^^^
  File "/data/users/bobren/a/pytorch-rs-burner/.burner/worktrees/agent_38d9746a/.venv/lib/python3.12/site-packages/torch_rs/_compile_bytecode.py", line 1522, in lower_compile_graph
    output = _lower_function_body(
             ^^^^^^^^^^^^^^^^^^^^^
  File "/data/users/bobren/a/pytorch-rs-burner/.burner/worktrees/agent_38d9746a/.venv/lib/python3.12/site-packages/torch_rs/_compile_bytecode.py", line 1067, in _lower_function_body
    output = _lower_instruction(
             ^^^^^^^^^^^^^^^^^^^
  File "/data/users/bobren/a/pytorch-rs-burner/.burner/worktrees/agent_38d9746a/.venv/lib/python3.12/site-packages/torch_rs/_compile_bytecode.py", line 1468, in _lower_instruction
    return _OPCODE_HANDLERS[kind](
           ^^^^^^^^^^^^^^^^^^^^^^^
  File "/data/users/bobren/a/pytorch-rs-burner/.burner/worktrees/agent_38d9746a/.venv/lib/python3.12/site-packages/torch_rs/_compile_bytecode.py", line 1228, in _handle_call
    _record_method_call(
  File "/data/users/bobren/a/pytorch-rs-burner/.burner/worktrees/agent_38d9746a/.venv/lib/python3.12/site-packages/torch_rs/_compile_bytecode.py", line 1087, in _record_method_call
    _unsupported_bytecode(program, instruction, "Tensor.reshape requires constant dimensions")
  File "/data/users/bobren/a/pytorch-rs-burner/.burner/worktrees/agent_38d9746a/.venv/lib/python3.12/site-packages/torch_rs/_compile_bytecode.py", line 317, in _unsupported_bytecode
    raise _trace.CompileTraceUnsupportedError(
torch_rs._compile_trace.CompileTraceUnsupportedError: torch.compile trace bytecode lowering does not support Tensor.reshape requires constant dimensions in 'program': CALL

======================================================================
ERROR: test_tensor_valued_invalid_binding_before_execution (tests.test_compile_cuda_reshape.CompileCudaReshapeTests.test_tensor_valued_invalid_binding_before_execution) (policy=(True, False), attempt=1, expression='(1, foo=x)', prefix='a = x')
----------------------------------------------------------------------
Traceback (most recent call last):
  File "/data/users/bobren/a/pytorch-rs-burner/.burner/worktrees/agent_38d9746a/tests/test_compile_cuda_reshape.py", line 217, in test_tensor_valued_invalid_binding_before_execution
    call_without_python(compiled, {fn.__code__}, x)
  File "/data/users/bobren/a/pytorch-rs-burner/.burner/worktrees/agent_38d9746a/tests/test_compile_cuda_mul_scalar.py", line 72, in call_without_python
    return compiled(*args)
           ^^^^^^^^^^^^^^^
  File "/data/users/bobren/a/pytorch-rs-burner/.burner/worktrees/agent_38d9746a/.venv/lib/python3.12/site-packages/torch_rs/__init__.py", line 442, in compiled_model
    result = implementation(*args, **kwargs)
             ^^^^^^^^^^^^^^^^^^^^^^^^^^^^^^^
  File "/data/users/bobren/a/pytorch-rs-burner/.burner/worktrees/agent_38d9746a/.venv/lib/python3.12/site-packages/torch_rs/__init__.py", line 840, in compiled_model
    graph = _compile_bytecode.lower_one_input_compile_graph(
            ^^^^^^^^^^^^^^^^^^^^^^^^^^^^^^^^^^^^^^^^^^^^^^^^
  File "/data/users/bobren/a/pytorch-rs-burner/.burner/worktrees/agent_38d9746a/.venv/lib/python3.12/site-packages/torch_rs/_compile_bytecode.py", line 1542, in lower_one_input_compile_graph
    return lower_compile_graph(
           ^^^^^^^^^^^^^^^^^^^^
  File "/data/users/bobren/a/pytorch-rs-burner/.burner/worktrees/agent_38d9746a/.venv/lib/python3.12/site-packages/torch_rs/_compile_bytecode.py", line 1522, in lower_compile_graph
    output = _lower_function_body(
             ^^^^^^^^^^^^^^^^^^^^^
  File "/data/users/bobren/a/pytorch-rs-burner/.burner/worktrees/agent_38d9746a/.venv/lib/python3.12/site-packages/torch_rs/_compile_bytecode.py", line 1067, in _lower_function_body
    output = _lower_instruction(
             ^^^^^^^^^^^^^^^^^^^
  File "/data/users/bobren/a/pytorch-rs-burner/.burner/worktrees/agent_38d9746a/.venv/lib/python3.12/site-packages/torch_rs/_compile_bytecode.py", line 1468, in _lower_instruction
    return _OPCODE_HANDLERS[kind](
           ^^^^^^^^^^^^^^^^^^^^^^^
  File "/data/users/bobren/a/pytorch-rs-burner/.burner/worktrees/agent_38d9746a/.venv/lib/python3.12/site-packages/torch_rs/_compile_bytecode.py", line 1228, in _handle_call
    _record_method_call(
  File "/data/users/bobren/a/pytorch-rs-burner/.burner/worktrees/agent_38d9746a/.venv/lib/python3.12/site-packages/torch_rs/_compile_bytecode.py", line 1087, in _record_method_call
    _unsupported_bytecode(program, instruction, "Tensor.reshape requires constant dimensions")
  File "/data/users/bobren/a/pytorch-rs-burner/.burner/worktrees/agent_38d9746a/.venv/lib/python3.12/site-packages/torch_rs/_compile_bytecode.py", line 317, in _unsupported_bytecode
    raise _trace.CompileTraceUnsupportedError(
torch_rs._compile_trace.CompileTraceUnsupportedError: torch.compile trace bytecode lowering does not support Tensor.reshape requires constant dimensions in 'program': CALL

======================================================================
ERROR: test_tensor_valued_invalid_binding_before_execution (tests.test_compile_cuda_reshape.CompileCudaReshapeTests.test_tensor_valued_invalid_binding_before_execution) (policy=(True, True), attempt=0, expression='(1, foo=x)', prefix='a = x')
----------------------------------------------------------------------
Traceback (most recent call last):
  File "/data/users/bobren/a/pytorch-rs-burner/.burner/worktrees/agent_38d9746a/tests/test_compile_cuda_reshape.py", line 217, in test_tensor_valued_invalid_binding_before_execution
    call_without_python(compiled, {fn.__code__}, x)
  File "/data/users/bobren/a/pytorch-rs-burner/.burner/worktrees/agent_38d9746a/tests/test_compile_cuda_mul_scalar.py", line 72, in call_without_python
    return compiled(*args)
           ^^^^^^^^^^^^^^^
  File "/data/users/bobren/a/pytorch-rs-burner/.burner/worktrees/agent_38d9746a/.venv/lib/python3.12/site-packages/torch_rs/__init__.py", line 442, in compiled_model
    result = implementation(*args, **kwargs)
             ^^^^^^^^^^^^^^^^^^^^^^^^^^^^^^^
  File "/data/users/bobren/a/pytorch-rs-burner/.burner/worktrees/agent_38d9746a/.venv/lib/python3.12/site-packages/torch_rs/__init__.py", line 840, in compiled_model
    graph = _compile_bytecode.lower_one_input_compile_graph(
            ^^^^^^^^^^^^^^^^^^^^^^^^^^^^^^^^^^^^^^^^^^^^^^^^
  File "/data/users/bobren/a/pytorch-rs-burner/.burner/worktrees/agent_38d9746a/.venv/lib/python3.12/site-packages/torch_rs/_compile_bytecode.py", line 1542, in lower_one_input_compile_graph
    return lower_compile_graph(
           ^^^^^^^^^^^^^^^^^^^^
  File "/data/users/bobren/a/pytorch-rs-burner/.burner/worktrees/agent_38d9746a/.venv/lib/python3.12/site-packages/torch_rs/_compile_bytecode.py", line 1522, in lower_compile_graph
    output = _lower_function_body(
             ^^^^^^^^^^^^^^^^^^^^^
  File "/data/users/bobren/a/pytorch-rs-burner/.burner/worktrees/agent_38d9746a/.venv/lib/python3.12/site-packages/torch_rs/_compile_bytecode.py", line 1067, in _lower_function_body
    output = _lower_instruction(
             ^^^^^^^^^^^^^^^^^^^
  File "/data/users/bobren/a/pytorch-rs-burner/.burner/worktrees/agent_38d9746a/.venv/lib/python3.12/site-packages/torch_rs/_compile_bytecode.py", line 1468, in _lower_instruction
    return _OPCODE_HANDLERS[kind](
           ^^^^^^^^^^^^^^^^^^^^^^^
  File "/data/users/bobren/a/pytorch-rs-burner/.burner/worktrees/agent_38d9746a/.venv/lib/python3.12/site-packages/torch_rs/_compile_bytecode.py", line 1228, in _handle_call
    _record_method_call(
  File "/data/users/bobren/a/pytorch-rs-burner/.burner/worktrees/agent_38d9746a/.venv/lib/python3.12/site-packages/torch_rs/_compile_bytecode.py", line 1087, in _record_method_call
    _unsupported_bytecode(program, instruction, "Tensor.reshape requires constant dimensions")
  File "/data/users/bobren/a/pytorch-rs-burner/.burner/worktrees/agent_38d9746a/.venv/lib/python3.12/site-packages/torch_rs/_compile_bytecode.py", line 317, in _unsupported_bytecode
    raise _trace.CompileTraceUnsupportedError(
torch_rs._compile_trace.CompileTraceUnsupportedError: torch.compile trace bytecode lowering does not support Tensor.reshape requires constant dimensions in 'program': CALL

======================================================================
ERROR: test_tensor_valued_invalid_binding_before_execution (tests.test_compile_cuda_reshape.CompileCudaReshapeTests.test_tensor_valued_invalid_binding_before_execution) (policy=(True, True), attempt=1, expression='(1, foo=x)', prefix='a = x')
----------------------------------------------------------------------
Traceback (most recent call last):
  File "/data/users/bobren/a/pytorch-rs-burner/.burner/worktrees/agent_38d9746a/tests/test_compile_cuda_reshape.py", line 217, in test_tensor_valued_invalid_binding_before_execution
    call_without_python(compiled, {fn.__code__}, x)
  File "/data/users/bobren/a/pytorch-rs-burner/.burner/worktrees/agent_38d9746a/tests/test_compile_cuda_mul_scalar.py", line 72, in call_without_python
    return compiled(*args)
           ^^^^^^^^^^^^^^^
  File "/data/users/bobren/a/pytorch-rs-burner/.burner/worktrees/agent_38d9746a/.venv/lib/python3.12/site-packages/torch_rs/__init__.py", line 442, in compiled_model
    result = implementation(*args, **kwargs)
             ^^^^^^^^^^^^^^^^^^^^^^^^^^^^^^^
  File "/data/users/bobren/a/pytorch-rs-burner/.burner/worktrees/agent_38d9746a/.venv/lib/python3.12/site-packages/torch_rs/__init__.py", line 840, in compiled_model
    graph = _compile_bytecode.lower_one_input_compile_graph(
            ^^^^^^^^^^^^^^^^^^^^^^^^^^^^^^^^^^^^^^^^^^^^^^^^
  File "/data/users/bobren/a/pytorch-rs-burner/.burner/worktrees/agent_38d9746a/.venv/lib/python3.12/site-packages/torch_rs/_compile_bytecode.py", line 1542, in lower_one_input_compile_graph
    return lower_compile_graph(
           ^^^^^^^^^^^^^^^^^^^^
  File "/data/users/bobren/a/pytorch-rs-burner/.burner/worktrees/agent_38d9746a/.venv/lib/python3.12/site-packages/torch_rs/_compile_bytecode.py", line 1522, in lower_compile_graph
    output = _lower_function_body(
             ^^^^^^^^^^^^^^^^^^^^^
  File "/data/users/bobren/a/pytorch-rs-burner/.burner/worktrees/agent_38d9746a/.venv/lib/python3.12/site-packages/torch_rs/_compile_bytecode.py", line 1067, in _lower_function_body
    output = _lower_instruction(
             ^^^^^^^^^^^^^^^^^^^
  File "/data/users/bobren/a/pytorch-rs-burner/.burner/worktrees/agent_38d9746a/.venv/lib/python3.12/site-packages/torch_rs/_compile_bytecode.py", line 1468, in _lower_instruction
    return _OPCODE_HANDLERS[kind](
           ^^^^^^^^^^^^^^^^^^^^^^^
  File "/data/users/bobren/a/pytorch-rs-burner/.burner/worktrees/agent_38d9746a/.venv/lib/python3.12/site-packages/torch_rs/_compile_bytecode.py", line 1228, in _handle_call
    _record_method_call(
  File "/data/users/bobren/a/pytorch-rs-burner/.burner/worktrees/agent_38d9746a/.venv/lib/python3.12/site-packages/torch_rs/_compile_bytecode.py", line 1087, in _record_method_call
    _unsupported_bytecode(program, instruction, "Tensor.reshape requires constant dimensions")
  File "/data/users/bobren/a/pytorch-rs-burner/.burner/worktrees/agent_38d9746a/.venv/lib/python3.12/site-packages/torch_rs/_compile_bytecode.py", line 317, in _unsupported_bytecode
    raise _trace.CompileTraceUnsupportedError(
torch_rs._compile_trace.CompileTraceUnsupportedError: torch.compile trace bytecode lowering does not support Tensor.reshape requires constant dimensions in 'program': CALL

======================================================================
ERROR: test_tensor_valued_invalid_binding_before_execution (tests.test_compile_cuda_reshape.CompileCudaReshapeTests.test_tensor_valued_invalid_binding_before_execution) (policy=(False, None), attempt=0, expression='(1, foo=x)', prefix='a = x')
----------------------------------------------------------------------
Traceback (most recent call last):
  File "/data/users/bobren/a/pytorch-rs-burner/.burner/worktrees/agent_38d9746a/tests/test_compile_cuda_reshape.py", line 217, in test_tensor_valued_invalid_binding_before_execution
    call_without_python(compiled, {fn.__code__}, x)
  File "/data/users/bobren/a/pytorch-rs-burner/.burner/worktrees/agent_38d9746a/tests/test_compile_cuda_mul_scalar.py", line 72, in call_without_python
    return compiled(*args)
           ^^^^^^^^^^^^^^^
  File "/data/users/bobren/a/pytorch-rs-burner/.burner/worktrees/agent_38d9746a/.venv/lib/python3.12/site-packages/torch_rs/__init__.py", line 442, in compiled_model
    result = implementation(*args, **kwargs)
             ^^^^^^^^^^^^^^^^^^^^^^^^^^^^^^^
  File "/data/users/bobren/a/pytorch-rs-burner/.burner/worktrees/agent_38d9746a/.venv/lib/python3.12/site-packages/torch_rs/__init__.py", line 840, in compiled_model
    graph = _compile_bytecode.lower_one_input_compile_graph(
            ^^^^^^^^^^^^^^^^^^^^^^^^^^^^^^^^^^^^^^^^^^^^^^^^
  File "/data/users/bobren/a/pytorch-rs-burner/.burner/worktrees/agent_38d9746a/.venv/lib/python3.12/site-packages/torch_rs/_compile_bytecode.py", line 1542, in lower_one_input_compile_graph
    return lower_compile_graph(
           ^^^^^^^^^^^^^^^^^^^^
  File "/data/users/bobren/a/pytorch-rs-burner/.burner/worktrees/agent_38d9746a/.venv/lib/python3.12/site-packages/torch_rs/_compile_bytecode.py", line 1522, in lower_compile_graph
    output = _lower_function_body(
             ^^^^^^^^^^^^^^^^^^^^^
  File "/data/users/bobren/a/pytorch-rs-burner/.burner/worktrees/agent_38d9746a/.venv/lib/python3.12/site-packages/torch_rs/_compile_bytecode.py", line 1067, in _lower_function_body
    output = _lower_instruction(
             ^^^^^^^^^^^^^^^^^^^
  File "/data/users/bobren/a/pytorch-rs-burner/.burner/worktrees/agent_38d9746a/.venv/lib/python3.12/site-packages/torch_rs/_compile_bytecode.py", line 1468, in _lower_instruction
    return _OPCODE_HANDLERS[kind](
           ^^^^^^^^^^^^^^^^^^^^^^^
  File "/data/users/bobren/a/pytorch-rs-burner/.burner/worktrees/agent_38d9746a/.venv/lib/python3.12/site-packages/torch_rs/_compile_bytecode.py", line 1228, in _handle_call
    _record_method_call(
  File "/data/users/bobren/a/pytorch-rs-burner/.burner/worktrees/agent_38d9746a/.venv/lib/python3.12/site-packages/torch_rs/_compile_bytecode.py", line 1087, in _record_method_call
    _unsupported_bytecode(program, instruction, "Tensor.reshape requires constant dimensions")
  File "/data/users/bobren/a/pytorch-rs-burner/.burner/worktrees/agent_38d9746a/.venv/lib/python3.12/site-packages/torch_rs/_compile_bytecode.py", line 317, in _unsupported_bytecode
    raise _trace.CompileTraceUnsupportedError(
torch_rs._compile_trace.CompileTraceUnsupportedError: torch.compile trace bytecode lowering does not support Tensor.reshape requires constant dimensions in 'program': CALL

======================================================================
ERROR: test_tensor_valued_invalid_binding_before_execution (tests.test_compile_cuda_reshape.CompileCudaReshapeTests.test_tensor_valued_invalid_binding_before_execution) (policy=(False, None), attempt=1, expression='(1, foo=x)', prefix='a = x')
----------------------------------------------------------------------
Traceback (most recent call last):
  File "/data/users/bobren/a/pytorch-rs-burner/.burner/worktrees/agent_38d9746a/tests/test_compile_cuda_reshape.py", line 217, in test_tensor_valued_invalid_binding_before_execution
    call_without_python(compiled, {fn.__code__}, x)
  File "/data/users/bobren/a/pytorch-rs-burner/.burner/worktrees/agent_38d9746a/tests/test_compile_cuda_mul_scalar.py", line 72, in call_without_python
    return compiled(*args)
           ^^^^^^^^^^^^^^^
  File "/data/users/bobren/a/pytorch-rs-burner/.burner/worktrees/agent_38d9746a/.venv/lib/python3.12/site-packages/torch_rs/__init__.py", line 442, in compiled_model
    result = implementation(*args, **kwargs)
             ^^^^^^^^^^^^^^^^^^^^^^^^^^^^^^^
  File "/data/users/bobren/a/pytorch-rs-burner/.burner/worktrees/agent_38d9746a/.venv/lib/python3.12/site-packages/torch_rs/__init__.py", line 840, in compiled_model
    graph = _compile_bytecode.lower_one_input_compile_graph(
            ^^^^^^^^^^^^^^^^^^^^^^^^^^^^^^^^^^^^^^^^^^^^^^^^
  File "/data/users/bobren/a/pytorch-rs-burner/.burner/worktrees/agent_38d9746a/.venv/lib/python3.12/site-packages/torch_rs/_compile_bytecode.py", line 1542, in lower_one_input_compile_graph
    return lower_compile_graph(
           ^^^^^^^^^^^^^^^^^^^^
  File "/data/users/bobren/a/pytorch-rs-burner/.burner/worktrees/agent_38d9746a/.venv/lib/python3.12/site-packages/torch_rs/_compile_bytecode.py", line 1522, in lower_compile_graph
    output = _lower_function_body(
             ^^^^^^^^^^^^^^^^^^^^^
  File "/data/users/bobren/a/pytorch-rs-burner/.burner/worktrees/agent_38d9746a/.venv/lib/python3.12/site-packages/torch_rs/_compile_bytecode.py", line 1067, in _lower_function_body
    output = _lower_instruction(
             ^^^^^^^^^^^^^^^^^^^
  File "/data/users/bobren/a/pytorch-rs-burner/.burner/worktrees/agent_38d9746a/.venv/lib/python3.12/site-packages/torch_rs/_compile_bytecode.py", line 1468, in _lower_instruction
    return _OPCODE_HANDLERS[kind](
           ^^^^^^^^^^^^^^^^^^^^^^^
  File "/data/users/bobren/a/pytorch-rs-burner/.burner/worktrees/agent_38d9746a/.venv/lib/python3.12/site-packages/torch_rs/_compile_bytecode.py", line 1228, in _handle_call
    _record_method_call(
  File "/data/users/bobren/a/pytorch-rs-burner/.burner/worktrees/agent_38d9746a/.venv/lib/python3.12/site-packages/torch_rs/_compile_bytecode.py", line 1087, in _record_method_call
    _unsupported_bytecode(program, instruction, "Tensor.reshape requires constant dimensions")
  File "/data/users/bobren/a/pytorch-rs-burner/.burner/worktrees/agent_38d9746a/.venv/lib/python3.12/site-packages/torch_rs/_compile_bytecode.py", line 317, in _unsupported_bytecode
    raise _trace.CompileTraceUnsupportedError(
torch_rs._compile_trace.CompileTraceUnsupportedError: torch.compile trace bytecode lowering does not support Tensor.reshape requires constant dimensions in 'program': CALL

======================================================================
ERROR: test_tensor_valued_invalid_binding_before_execution (tests.test_compile_cuda_reshape.CompileCudaReshapeTests.test_tensor_valued_invalid_binding_before_execution) (policy=(True, None), attempt=0, expression='(1, foo=x)', prefix='a = -x')
----------------------------------------------------------------------
Traceback (most recent call last):
  File "/data/users/bobren/a/pytorch-rs-burner/.burner/worktrees/agent_38d9746a/tests/test_compile_cuda_reshape.py", line 217, in test_tensor_valued_invalid_binding_before_execution
    call_without_python(compiled, {fn.__code__}, x)
  File "/data/users/bobren/a/pytorch-rs-burner/.burner/worktrees/agent_38d9746a/tests/test_compile_cuda_mul_scalar.py", line 72, in call_without_python
    return compiled(*args)
           ^^^^^^^^^^^^^^^
  File "/data/users/bobren/a/pytorch-rs-burner/.burner/worktrees/agent_38d9746a/.venv/lib/python3.12/site-packages/torch_rs/__init__.py", line 442, in compiled_model
    result = implementation(*args, **kwargs)
             ^^^^^^^^^^^^^^^^^^^^^^^^^^^^^^^
  File "/data/users/bobren/a/pytorch-rs-burner/.burner/worktrees/agent_38d9746a/.venv/lib/python3.12/site-packages/torch_rs/__init__.py", line 840, in compiled_model
    graph = _compile_bytecode.lower_one_input_compile_graph(
            ^^^^^^^^^^^^^^^^^^^^^^^^^^^^^^^^^^^^^^^^^^^^^^^^
  File "/data/users/bobren/a/pytorch-rs-burner/.burner/worktrees/agent_38d9746a/.venv/lib/python3.12/site-packages/torch_rs/_compile_bytecode.py", line 1542, in lower_one_input_compile_graph
    return lower_compile_graph(
           ^^^^^^^^^^^^^^^^^^^^
  File "/data/users/bobren/a/pytorch-rs-burner/.burner/worktrees/agent_38d9746a/.venv/lib/python3.12/site-packages/torch_rs/_compile_bytecode.py", line 1522, in lower_compile_graph
    output = _lower_function_body(
             ^^^^^^^^^^^^^^^^^^^^^
  File "/data/users/bobren/a/pytorch-rs-burner/.burner/worktrees/agent_38d9746a/.venv/lib/python3.12/site-packages/torch_rs/_compile_bytecode.py", line 1067, in _lower_function_body
    output = _lower_instruction(
             ^^^^^^^^^^^^^^^^^^^
  File "/data/users/bobren/a/pytorch-rs-burner/.burner/worktrees/agent_38d9746a/.venv/lib/python3.12/site-packages/torch_rs/_compile_bytecode.py", line 1468, in _lower_instruction
    return _OPCODE_HANDLERS[kind](
           ^^^^^^^^^^^^^^^^^^^^^^^
  File "/data/users/bobren/a/pytorch-rs-burner/.burner/worktrees/agent_38d9746a/.venv/lib/python3.12/site-packages/torch_rs/_compile_bytecode.py", line 1228, in _handle_call
    _record_method_call(
  File "/data/users/bobren/a/pytorch-rs-burner/.burner/worktrees/agent_38d9746a/.venv/lib/python3.12/site-packages/torch_rs/_compile_bytecode.py", line 1087, in _record_method_call
    _unsupported_bytecode(program, instruction, "Tensor.reshape requires constant dimensions")
  File "/data/users/bobren/a/pytorch-rs-burner/.burner/worktrees/agent_38d9746a/.venv/lib/python3.12/site-packages/torch_rs/_compile_bytecode.py", line 317, in _unsupported_bytecode
    raise _trace.CompileTraceUnsupportedError(
torch_rs._compile_trace.CompileTraceUnsupportedError: torch.compile trace bytecode lowering does not support Tensor.reshape requires constant dimensions in 'program': CALL

======================================================================
ERROR: test_tensor_valued_invalid_binding_before_execution (tests.test_compile_cuda_reshape.CompileCudaReshapeTests.test_tensor_valued_invalid_binding_before_execution) (policy=(True, None), attempt=1, expression='(1, foo=x)', prefix='a = -x')
----------------------------------------------------------------------
Traceback (most recent call last):
  File "/data/users/bobren/a/pytorch-rs-burner/.burner/worktrees/agent_38d9746a/tests/test_compile_cuda_reshape.py", line 217, in test_tensor_valued_invalid_binding_before_execution
    call_without_python(compiled, {fn.__code__}, x)
  File "/data/users/bobren/a/pytorch-rs-burner/.burner/worktrees/agent_38d9746a/tests/test_compile_cuda_mul_scalar.py", line 72, in call_without_python
    return compiled(*args)
           ^^^^^^^^^^^^^^^
  File "/data/users/bobren/a/pytorch-rs-burner/.burner/worktrees/agent_38d9746a/.venv/lib/python3.12/site-packages/torch_rs/__init__.py", line 442, in compiled_model
    result = implementation(*args, **kwargs)
             ^^^^^^^^^^^^^^^^^^^^^^^^^^^^^^^
  File "/data/users/bobren/a/pytorch-rs-burner/.burner/worktrees/agent_38d9746a/.venv/lib/python3.12/site-packages/torch_rs/__init__.py", line 840, in compiled_model
    graph = _compile_bytecode.lower_one_input_compile_graph(
            ^^^^^^^^^^^^^^^^^^^^^^^^^^^^^^^^^^^^^^^^^^^^^^^^
  File "/data/users/bobren/a/pytorch-rs-burner/.burner/worktrees/agent_38d9746a/.venv/lib/python3.12/site-packages/torch_rs/_compile_bytecode.py", line 1542, in lower_one_input_compile_graph
    return lower_compile_graph(
           ^^^^^^^^^^^^^^^^^^^^
  File "/data/users/bobren/a/pytorch-rs-burner/.burner/worktrees/agent_38d9746a/.venv/lib/python3.12/site-packages/torch_rs/_compile_bytecode.py", line 1522, in lower_compile_graph
    output = _lower_function_body(
             ^^^^^^^^^^^^^^^^^^^^^
  File "/data/users/bobren/a/pytorch-rs-burner/.burner/worktrees/agent_38d9746a/.venv/lib/python3.12/site-packages/torch_rs/_compile_bytecode.py", line 1067, in _lower_function_body
    output = _lower_instruction(
             ^^^^^^^^^^^^^^^^^^^
  File "/data/users/bobren/a/pytorch-rs-burner/.burner/worktrees/agent_38d9746a/.venv/lib/python3.12/site-packages/torch_rs/_compile_bytecode.py", line 1468, in _lower_instruction
    return _OPCODE_HANDLERS[kind](
           ^^^^^^^^^^^^^^^^^^^^^^^
  File "/data/users/bobren/a/pytorch-rs-burner/.burner/worktrees/agent_38d9746a/.venv/lib/python3.12/site-packages/torch_rs/_compile_bytecode.py", line 1228, in _handle_call
    _record_method_call(
  File "/data/users/bobren/a/pytorch-rs-burner/.burner/worktrees/agent_38d9746a/.venv/lib/python3.12/site-packages/torch_rs/_compile_bytecode.py", line 1087, in _record_method_call
    _unsupported_bytecode(program, instruction, "Tensor.reshape requires constant dimensions")
  File "/data/users/bobren/a/pytorch-rs-burner/.burner/worktrees/agent_38d9746a/.venv/lib/python3.12/site-packages/torch_rs/_compile_bytecode.py", line 317, in _unsupported_bytecode
    raise _trace.CompileTraceUnsupportedError(
torch_rs._compile_trace.CompileTraceUnsupportedError: torch.compile trace bytecode lowering does not support Tensor.reshape requires constant dimensions in 'program': CALL

======================================================================
ERROR: test_tensor_valued_invalid_binding_before_execution (tests.test_compile_cuda_reshape.CompileCudaReshapeTests.test_tensor_valued_invalid_binding_before_execution) (policy=(True, False), attempt=0, expression='(1, foo=x)', prefix='a = -x')
----------------------------------------------------------------------
Traceback (most recent call last):
  File "/data/users/bobren/a/pytorch-rs-burner/.burner/worktrees/agent_38d9746a/tests/test_compile_cuda_reshape.py", line 217, in test_tensor_valued_invalid_binding_before_execution
    call_without_python(compiled, {fn.__code__}, x)
  File "/data/users/bobren/a/pytorch-rs-burner/.burner/worktrees/agent_38d9746a/tests/test_compile_cuda_mul_scalar.py", line 72, in call_without_python
    return compiled(*args)
           ^^^^^^^^^^^^^^^
  File "/data/users/bobren/a/pytorch-rs-burner/.burner/worktrees/agent_38d9746a/.venv/lib/python3.12/site-packages/torch_rs/__init__.py", line 442, in compiled_model
    result = implementation(*args, **kwargs)
             ^^^^^^^^^^^^^^^^^^^^^^^^^^^^^^^
  File "/data/users/bobren/a/pytorch-rs-burner/.burner/worktrees/agent_38d9746a/.venv/lib/python3.12/site-packages/torch_rs/__init__.py", line 840, in compiled_model
    graph = _compile_bytecode.lower_one_input_compile_graph(
            ^^^^^^^^^^^^^^^^^^^^^^^^^^^^^^^^^^^^^^^^^^^^^^^^
  File "/data/users/bobren/a/pytorch-rs-burner/.burner/worktrees/agent_38d9746a/.venv/lib/python3.12/site-packages/torch_rs/_compile_bytecode.py", line 1542, in lower_one_input_compile_graph
    return lower_compile_graph(
           ^^^^^^^^^^^^^^^^^^^^
  File "/data/users/bobren/a/pytorch-rs-burner/.burner/worktrees/agent_38d9746a/.venv/lib/python3.12/site-packages/torch_rs/_compile_bytecode.py", line 1522, in lower_compile_graph
    output = _lower_function_body(
             ^^^^^^^^^^^^^^^^^^^^^
  File "/data/users/bobren/a/pytorch-rs-burner/.burner/worktrees/agent_38d9746a/.venv/lib/python3.12/site-packages/torch_rs/_compile_bytecode.py", line 1067, in _lower_function_body
    output = _lower_instruction(
             ^^^^^^^^^^^^^^^^^^^
  File "/data/users/bobren/a/pytorch-rs-burner/.burner/worktrees/agent_38d9746a/.venv/lib/python3.12/site-packages/torch_rs/_compile_bytecode.py", line 1468, in _lower_instruction
    return _OPCODE_HANDLERS[kind](
           ^^^^^^^^^^^^^^^^^^^^^^^
  File "/data/users/bobren/a/pytorch-rs-burner/.burner/worktrees/agent_38d9746a/.venv/lib/python3.12/site-packages/torch_rs/_compile_bytecode.py", line 1228, in _handle_call
    _record_method_call(
  File "/data/users/bobren/a/pytorch-rs-burner/.burner/worktrees/agent_38d9746a/.venv/lib/python3.12/site-packages/torch_rs/_compile_bytecode.py", line 1087, in _record_method_call
    _unsupported_bytecode(program, instruction, "Tensor.reshape requires constant dimensions")
  File "/data/users/bobren/a/pytorch-rs-burner/.burner/worktrees/agent_38d9746a/.venv/lib/python3.12/site-packages/torch_rs/_compile_bytecode.py", line 317, in _unsupported_bytecode
    raise _trace.CompileTraceUnsupportedError(
torch_rs._compile_trace.CompileTraceUnsupportedError: torch.compile trace bytecode lowering does not support Tensor.reshape requires constant dimensions in 'program': CALL

======================================================================
ERROR: test_tensor_valued_invalid_binding_before_execution (tests.test_compile_cuda_reshape.CompileCudaReshapeTests.test_tensor_valued_invalid_binding_before_execution) (policy=(True, False), attempt=1, expression='(1, foo=x)', prefix='a = -x')
----------------------------------------------------------------------
Traceback (most recent call last):
  File "/data/users/bobren/a/pytorch-rs-burner/.burner/worktrees/agent_38d9746a/tests/test_compile_cuda_reshape.py", line 217, in test_tensor_valued_invalid_binding_before_execution
    call_without_python(compiled, {fn.__code__}, x)
  File "/data/users/bobren/a/pytorch-rs-burner/.burner/worktrees/agent_38d9746a/tests/test_compile_cuda_mul_scalar.py", line 72, in call_without_python
    return compiled(*args)
           ^^^^^^^^^^^^^^^
  File "/data/users/bobren/a/pytorch-rs-burner/.burner/worktrees/agent_38d9746a/.venv/lib/python3.12/site-packages/torch_rs/__init__.py", line 442, in compiled_model
    result = implementation(*args, **kwargs)
             ^^^^^^^^^^^^^^^^^^^^^^^^^^^^^^^
  File "/data/users/bobren/a/pytorch-rs-burner/.burner/worktrees/agent_38d9746a/.venv/lib/python3.12/site-packages/torch_rs/__init__.py", line 840, in compiled_model
    graph = _compile_bytecode.lower_one_input_compile_graph(
            ^^^^^^^^^^^^^^^^^^^^^^^^^^^^^^^^^^^^^^^^^^^^^^^^
  File "/data/users/bobren/a/pytorch-rs-burner/.burner/worktrees/agent_38d9746a/.venv/lib/python3.12/site-packages/torch_rs/_compile_bytecode.py", line 1542, in lower_one_input_compile_graph
    return lower_compile_graph(
           ^^^^^^^^^^^^^^^^^^^^
  File "/data/users/bobren/a/pytorch-rs-burner/.burner/worktrees/agent_38d9746a/.venv/lib/python3.12/site-packages/torch_rs/_compile_bytecode.py", line 1522, in lower_compile_graph
    output = _lower_function_body(
             ^^^^^^^^^^^^^^^^^^^^^
  File "/data/users/bobren/a/pytorch-rs-burner/.burner/worktrees/agent_38d9746a/.venv/lib/python3.12/site-packages/torch_rs/_compile_bytecode.py", line 1067, in _lower_function_body
    output = _lower_instruction(
             ^^^^^^^^^^^^^^^^^^^
  File "/data/users/bobren/a/pytorch-rs-burner/.burner/worktrees/agent_38d9746a/.venv/lib/python3.12/site-packages/torch_rs/_compile_bytecode.py", line 1468, in _lower_instruction
    return _OPCODE_HANDLERS[kind](
           ^^^^^^^^^^^^^^^^^^^^^^^
  File "/data/users/bobren/a/pytorch-rs-burner/.burner/worktrees/agent_38d9746a/.venv/lib/python3.12/site-packages/torch_rs/_compile_bytecode.py", line 1228, in _handle_call
    _record_method_call(
  File "/data/users/bobren/a/pytorch-rs-burner/.burner/worktrees/agent_38d9746a/.venv/lib/python3.12/site-packages/torch_rs/_compile_bytecode.py", line 1087, in _record_method_call
    _unsupported_bytecode(program, instruction, "Tensor.reshape requires constant dimensions")
  File "/data/users/bobren/a/pytorch-rs-burner/.burner/worktrees/agent_38d9746a/.venv/lib/python3.12/site-packages/torch_rs/_compile_bytecode.py", line 317, in _unsupported_bytecode
    raise _trace.CompileTraceUnsupportedError(
torch_rs._compile_trace.CompileTraceUnsupportedError: torch.compile trace bytecode lowering does not support Tensor.reshape requires constant dimensions in 'program': CALL

======================================================================
ERROR: test_tensor_valued_invalid_binding_before_execution (tests.test_compile_cuda_reshape.CompileCudaReshapeTests.test_tensor_valued_invalid_binding_before_execution) (policy=(True, True), attempt=0, expression='(1, foo=x)', prefix='a = -x')
----------------------------------------------------------------------
Traceback (most recent call last):
  File "/data/users/bobren/a/pytorch-rs-burner/.burner/worktrees/agent_38d9746a/tests/test_compile_cuda_reshape.py", line 217, in test_tensor_valued_invalid_binding_before_execution
    call_without_python(compiled, {fn.__code__}, x)
  File "/data/users/bobren/a/pytorch-rs-burner/.burner/worktrees/agent_38d9746a/tests/test_compile_cuda_mul_scalar.py", line 72, in call_without_python
    return compiled(*args)
           ^^^^^^^^^^^^^^^
  File "/data/users/bobren/a/pytorch-rs-burner/.burner/worktrees/agent_38d9746a/.venv/lib/python3.12/site-packages/torch_rs/__init__.py", line 442, in compiled_model
    result = implementation(*args, **kwargs)
             ^^^^^^^^^^^^^^^^^^^^^^^^^^^^^^^
  File "/data/users/bobren/a/pytorch-rs-burner/.burner/worktrees/agent_38d9746a/.venv/lib/python3.12/site-packages/torch_rs/__init__.py", line 840, in compiled_model
    graph = _compile_bytecode.lower_one_input_compile_graph(
            ^^^^^^^^^^^^^^^^^^^^^^^^^^^^^^^^^^^^^^^^^^^^^^^^
  File "/data/users/bobren/a/pytorch-rs-burner/.burner/worktrees/agent_38d9746a/.venv/lib/python3.12/site-packages/torch_rs/_compile_bytecode.py", line 1542, in lower_one_input_compile_graph
    return lower_compile_graph(
           ^^^^^^^^^^^^^^^^^^^^
  File "/data/users/bobren/a/pytorch-rs-burner/.burner/worktrees/agent_38d9746a/.venv/lib/python3.12/site-packages/torch_rs/_compile_bytecode.py", line 1522, in lower_compile_graph
    output = _lower_function_body(
             ^^^^^^^^^^^^^^^^^^^^^
  File "/data/users/bobren/a/pytorch-rs-burner/.burner/worktrees/agent_38d9746a/.venv/lib/python3.12/site-packages/torch_rs/_compile_bytecode.py", line 1067, in _lower_function_body
    output = _lower_instruction(
             ^^^^^^^^^^^^^^^^^^^
  File "/data/users/bobren/a/pytorch-rs-burner/.burner/worktrees/agent_38d9746a/.venv/lib/python3.12/site-packages/torch_rs/_compile_bytecode.py", line 1468, in _lower_instruction
    return _OPCODE_HANDLERS[kind](
           ^^^^^^^^^^^^^^^^^^^^^^^
  File "/data/users/bobren/a/pytorch-rs-burner/.burner/worktrees/agent_38d9746a/.venv/lib/python3.12/site-packages/torch_rs/_compile_bytecode.py", line 1228, in _handle_call
    _record_method_call(
  File "/data/users/bobren/a/pytorch-rs-burner/.burner/worktrees/agent_38d9746a/.venv/lib/python3.12/site-packages/torch_rs/_compile_bytecode.py", line 1087, in _record_method_call
    _unsupported_bytecode(program, instruction, "Tensor.reshape requires constant dimensions")
  File "/data/users/bobren/a/pytorch-rs-burner/.burner/worktrees/agent_38d9746a/.venv/lib/python3.12/site-packages/torch_rs/_compile_bytecode.py", line 317, in _unsupported_bytecode
    raise _trace.CompileTraceUnsupportedError(
torch_rs._compile_trace.CompileTraceUnsupportedError: torch.compile trace bytecode lowering does not support Tensor.reshape requires constant dimensions in 'program': CALL

======================================================================
ERROR: test_tensor_valued_invalid_binding_before_execution (tests.test_compile_cuda_reshape.CompileCudaReshapeTests.test_tensor_valued_invalid_binding_before_execution) (policy=(True, True), attempt=1, expression='(1, foo=x)', prefix='a = -x')
----------------------------------------------------------------------
Traceback (most recent call last):
  File "/data/users/bobren/a/pytorch-rs-burner/.burner/worktrees/agent_38d9746a/tests/test_compile_cuda_reshape.py", line 217, in test_tensor_valued_invalid_binding_before_execution
    call_without_python(compiled, {fn.__code__}, x)
  File "/data/users/bobren/a/pytorch-rs-burner/.burner/worktrees/agent_38d9746a/tests/test_compile_cuda_mul_scalar.py", line 72, in call_without_python
    return compiled(*args)
           ^^^^^^^^^^^^^^^
  File "/data/users/bobren/a/pytorch-rs-burner/.burner/worktrees/agent_38d9746a/.venv/lib/python3.12/site-packages/torch_rs/__init__.py", line 442, in compiled_model
    result = implementation(*args, **kwargs)
             ^^^^^^^^^^^^^^^^^^^^^^^^^^^^^^^
  File "/data/users/bobren/a/pytorch-rs-burner/.burner/worktrees/agent_38d9746a/.venv/lib/python3.12/site-packages/torch_rs/__init__.py", line 840, in compiled_model
    graph = _compile_bytecode.lower_one_input_compile_graph(
            ^^^^^^^^^^^^^^^^^^^^^^^^^^^^^^^^^^^^^^^^^^^^^^^^
  File "/data/users/bobren/a/pytorch-rs-burner/.burner/worktrees/agent_38d9746a/.venv/lib/python3.12/site-packages/torch_rs/_compile_bytecode.py", line 1542, in lower_one_input_compile_graph
    return lower_compile_graph(
           ^^^^^^^^^^^^^^^^^^^^
  File "/data/users/bobren/a/pytorch-rs-burner/.burner/worktrees/agent_38d9746a/.venv/lib/python3.12/site-packages/torch_rs/_compile_bytecode.py", line 1522, in lower_compile_graph
    output = _lower_function_body(
             ^^^^^^^^^^^^^^^^^^^^^
  File "/data/users/bobren/a/pytorch-rs-burner/.burner/worktrees/agent_38d9746a/.venv/lib/python3.12/site-packages/torch_rs/_compile_bytecode.py", line 1067, in _lower_function_body
    output = _lower_instruction(
             ^^^^^^^^^^^^^^^^^^^
  File "/data/users/bobren/a/pytorch-rs-burner/.burner/worktrees/agent_38d9746a/.venv/lib/python3.12/site-packages/torch_rs/_compile_bytecode.py", line 1468, in _lower_instruction
    return _OPCODE_HANDLERS[kind](
           ^^^^^^^^^^^^^^^^^^^^^^^
  File "/data/users/bobren/a/pytorch-rs-burner/.burner/worktrees/agent_38d9746a/.venv/lib/python3.12/site-packages/torch_rs/_compile_bytecode.py", line 1228, in _handle_call
    _record_method_call(
  File "/data/users/bobren/a/pytorch-rs-burner/.burner/worktrees/agent_38d9746a/.venv/lib/python3.12/site-packages/torch_rs/_compile_bytecode.py", line 1087, in _record_method_call
    _unsupported_bytecode(program, instruction, "Tensor.reshape requires constant dimensions")
  File "/data/users/bobren/a/pytorch-rs-burner/.burner/worktrees/agent_38d9746a/.venv/lib/python3.12/site-packages/torch_rs/_compile_bytecode.py", line 317, in _unsupported_bytecode
    raise _trace.CompileTraceUnsupportedError(
torch_rs._compile_trace.CompileTraceUnsupportedError: torch.compile trace bytecode lowering does not support Tensor.reshape requires constant dimensions in 'program': CALL

======================================================================
ERROR: test_tensor_valued_invalid_binding_before_execution (tests.test_compile_cuda_reshape.CompileCudaReshapeTests.test_tensor_valued_invalid_binding_before_execution) (policy=(False, None), attempt=0, expression='(1, foo=x)', prefix='a = -x')
----------------------------------------------------------------------
Traceback (most recent call last):
  File "/data/users/bobren/a/pytorch-rs-burner/.burner/worktrees/agent_38d9746a/tests/test_compile_cuda_reshape.py", line 217, in test_tensor_valued_invalid_binding_before_execution
    call_without_python(compiled, {fn.__code__}, x)
  File "/data/users/bobren/a/pytorch-rs-burner/.burner/worktrees/agent_38d9746a/tests/test_compile_cuda_mul_scalar.py", line 72, in call_without_python
    return compiled(*args)
           ^^^^^^^^^^^^^^^
  File "/data/users/bobren/a/pytorch-rs-burner/.burner/worktrees/agent_38d9746a/.venv/lib/python3.12/site-packages/torch_rs/__init__.py", line 442, in compiled_model
    result = implementation(*args, **kwargs)
             ^^^^^^^^^^^^^^^^^^^^^^^^^^^^^^^
  File "/data/users/bobren/a/pytorch-rs-burner/.burner/worktrees/agent_38d9746a/.venv/lib/python3.12/site-packages/torch_rs/__init__.py", line 840, in compiled_model
    graph = _compile_bytecode.lower_one_input_compile_graph(
            ^^^^^^^^^^^^^^^^^^^^^^^^^^^^^^^^^^^^^^^^^^^^^^^^
  File "/data/users/bobren/a/pytorch-rs-burner/.burner/worktrees/agent_38d9746a/.venv/lib/python3.12/site-packages/torch_rs/_compile_bytecode.py", line 1542, in lower_one_input_compile_graph
    return lower_compile_graph(
           ^^^^^^^^^^^^^^^^^^^^
  File "/data/users/bobren/a/pytorch-rs-burner/.burner/worktrees/agent_38d9746a/.venv/lib/python3.12/site-packages/torch_rs/_compile_bytecode.py", line 1522, in lower_compile_graph
    output = _lower_function_body(
             ^^^^^^^^^^^^^^^^^^^^^
  File "/data/users/bobren/a/pytorch-rs-burner/.burner/worktrees/agent_38d9746a/.venv/lib/python3.12/site-packages/torch_rs/_compile_bytecode.py", line 1067, in _lower_function_body
    output = _lower_instruction(
             ^^^^^^^^^^^^^^^^^^^
  File "/data/users/bobren/a/pytorch-rs-burner/.burner/worktrees/agent_38d9746a/.venv/lib/python3.12/site-packages/torch_rs/_compile_bytecode.py", line 1468, in _lower_instruction
    return _OPCODE_HANDLERS[kind](
           ^^^^^^^^^^^^^^^^^^^^^^^
  File "/data/users/bobren/a/pytorch-rs-burner/.burner/worktrees/agent_38d9746a/.venv/lib/python3.12/site-packages/torch_rs/_compile_bytecode.py", line 1228, in _handle_call
    _record_method_call(
  File "/data/users/bobren/a/pytorch-rs-burner/.burner/worktrees/agent_38d9746a/.venv/lib/python3.12/site-packages/torch_rs/_compile_bytecode.py", line 1087, in _record_method_call
    _unsupported_bytecode(program, instruction, "Tensor.reshape requires constant dimensions")
  File "/data/users/bobren/a/pytorch-rs-burner/.burner/worktrees/agent_38d9746a/.venv/lib/python3.12/site-packages/torch_rs/_compile_bytecode.py", line 317, in _unsupported_bytecode
    raise _trace.CompileTraceUnsupportedError(
torch_rs._compile_trace.CompileTraceUnsupportedError: torch.compile trace bytecode lowering does not support Tensor.reshape requires constant dimensions in 'program': CALL

======================================================================
ERROR: test_tensor_valued_invalid_binding_before_execution (tests.test_compile_cuda_reshape.CompileCudaReshapeTests.test_tensor_valued_invalid_binding_before_execution) (policy=(False, None), attempt=1, expression='(1, foo=x)', prefix='a = -x')
----------------------------------------------------------------------
Traceback (most recent call last):
  File "/data/users/bobren/a/pytorch-rs-burner/.burner/worktrees/agent_38d9746a/tests/test_compile_cuda_reshape.py", line 217, in test_tensor_valued_invalid_binding_before_execution
    call_without_python(compiled, {fn.__code__}, x)
  File "/data/users/bobren/a/pytorch-rs-burner/.burner/worktrees/agent_38d9746a/tests/test_compile_cuda_mul_scalar.py", line 72, in call_without_python
    return compiled(*args)
           ^^^^^^^^^^^^^^^
  File "/data/users/bobren/a/pytorch-rs-burner/.burner/worktrees/agent_38d9746a/.venv/lib/python3.12/site-packages/torch_rs/__init__.py", line 442, in compiled_model
    result = implementation(*args, **kwargs)
             ^^^^^^^^^^^^^^^^^^^^^^^^^^^^^^^
  File "/data/users/bobren/a/pytorch-rs-burner/.burner/worktrees/agent_38d9746a/.venv/lib/python3.12/site-packages/torch_rs/__init__.py", line 840, in compiled_model
    graph = _compile_bytecode.lower_one_input_compile_graph(
            ^^^^^^^^^^^^^^^^^^^^^^^^^^^^^^^^^^^^^^^^^^^^^^^^
  File "/data/users/bobren/a/pytorch-rs-burner/.burner/worktrees/agent_38d9746a/.venv/lib/python3.12/site-packages/torch_rs/_compile_bytecode.py", line 1542, in lower_one_input_compile_graph
    return lower_compile_graph(
           ^^^^^^^^^^^^^^^^^^^^
  File "/data/users/bobren/a/pytorch-rs-burner/.burner/worktrees/agent_38d9746a/.venv/lib/python3.12/site-packages/torch_rs/_compile_bytecode.py", line 1522, in lower_compile_graph
    output = _lower_function_body(
             ^^^^^^^^^^^^^^^^^^^^^
  File "/data/users/bobren/a/pytorch-rs-burner/.burner/worktrees/agent_38d9746a/.venv/lib/python3.12/site-packages/torch_rs/_compile_bytecode.py", line 1067, in _lower_function_body
    output = _lower_instruction(
             ^^^^^^^^^^^^^^^^^^^
  File "/data/users/bobren/a/pytorch-rs-burner/.burner/worktrees/agent_38d9746a/.venv/lib/python3.12/site-packages/torch_rs/_compile_bytecode.py", line 1468, in _lower_instruction
    return _OPCODE_HANDLERS[kind](
           ^^^^^^^^^^^^^^^^^^^^^^^
  File "/data/users/bobren/a/pytorch-rs-burner/.burner/worktrees/agent_38d9746a/.venv/lib/python3.12/site-packages/torch_rs/_compile_bytecode.py", line 1228, in _handle_call
    _record_method_call(
  File "/data/users/bobren/a/pytorch-rs-burner/.burner/worktrees/agent_38d9746a/.venv/lib/python3.12/site-packages/torch_rs/_compile_bytecode.py", line 1087, in _record_method_call
    _unsupported_bytecode(program, instruction, "Tensor.reshape requires constant dimensions")
  File "/data/users/bobren/a/pytorch-rs-burner/.burner/worktrees/agent_38d9746a/.venv/lib/python3.12/site-packages/torch_rs/_compile_bytecode.py", line 317, in _unsupported_bytecode
    raise _trace.CompileTraceUnsupportedError(
torch_rs._compile_trace.CompileTraceUnsupportedError: torch.compile trace bytecode lowering does not support Tensor.reshape requires constant dimensions in 'program': CALL

======================================================================
ERROR: test_tensor_valued_invalid_binding_before_execution (tests.test_compile_cuda_reshape.CompileCudaReshapeTests.test_tensor_valued_invalid_binding_before_execution) (policy=(True, None), attempt=0, expression='((1,), x)', prefix='a = x')
----------------------------------------------------------------------
Traceback (most recent call last):
  File "/data/users/bobren/a/pytorch-rs-burner/.burner/worktrees/agent_38d9746a/tests/test_compile_cuda_reshape.py", line 217, in test_tensor_valued_invalid_binding_before_execution
    call_without_python(compiled, {fn.__code__}, x)
  File "/data/users/bobren/a/pytorch-rs-burner/.burner/worktrees/agent_38d9746a/tests/test_compile_cuda_mul_scalar.py", line 72, in call_without_python
    return compiled(*args)
           ^^^^^^^^^^^^^^^
  File "/data/users/bobren/a/pytorch-rs-burner/.burner/worktrees/agent_38d9746a/.venv/lib/python3.12/site-packages/torch_rs/__init__.py", line 442, in compiled_model
    result = implementation(*args, **kwargs)
             ^^^^^^^^^^^^^^^^^^^^^^^^^^^^^^^
  File "/data/users/bobren/a/pytorch-rs-burner/.burner/worktrees/agent_38d9746a/.venv/lib/python3.12/site-packages/torch_rs/__init__.py", line 840, in compiled_model
    graph = _compile_bytecode.lower_one_input_compile_graph(
            ^^^^^^^^^^^^^^^^^^^^^^^^^^^^^^^^^^^^^^^^^^^^^^^^
  File "/data/users/bobren/a/pytorch-rs-burner/.burner/worktrees/agent_38d9746a/.venv/lib/python3.12/site-packages/torch_rs/_compile_bytecode.py", line 1542, in lower_one_input_compile_graph
    return lower_compile_graph(
           ^^^^^^^^^^^^^^^^^^^^
  File "/data/users/bobren/a/pytorch-rs-burner/.burner/worktrees/agent_38d9746a/.venv/lib/python3.12/site-packages/torch_rs/_compile_bytecode.py", line 1522, in lower_compile_graph
    output = _lower_function_body(
             ^^^^^^^^^^^^^^^^^^^^^
  File "/data/users/bobren/a/pytorch-rs-burner/.burner/worktrees/agent_38d9746a/.venv/lib/python3.12/site-packages/torch_rs/_compile_bytecode.py", line 1067, in _lower_function_body
    output = _lower_instruction(
             ^^^^^^^^^^^^^^^^^^^
  File "/data/users/bobren/a/pytorch-rs-burner/.burner/worktrees/agent_38d9746a/.venv/lib/python3.12/site-packages/torch_rs/_compile_bytecode.py", line 1468, in _lower_instruction
    return _OPCODE_HANDLERS[kind](
           ^^^^^^^^^^^^^^^^^^^^^^^
  File "/data/users/bobren/a/pytorch-rs-burner/.burner/worktrees/agent_38d9746a/.venv/lib/python3.12/site-packages/torch_rs/_compile_bytecode.py", line 1228, in _handle_call
    _record_method_call(
  File "/data/users/bobren/a/pytorch-rs-burner/.burner/worktrees/agent_38d9746a/.venv/lib/python3.12/site-packages/torch_rs/_compile_bytecode.py", line 1087, in _record_method_call
    _unsupported_bytecode(program, instruction, "Tensor.reshape requires constant dimensions")
  File "/data/users/bobren/a/pytorch-rs-burner/.burner/worktrees/agent_38d9746a/.venv/lib/python3.12/site-packages/torch_rs/_compile_bytecode.py", line 317, in _unsupported_bytecode
    raise _trace.CompileTraceUnsupportedError(
torch_rs._compile_trace.CompileTraceUnsupportedError: torch.compile trace bytecode lowering does not support Tensor.reshape requires constant dimensions in 'program': CALL

======================================================================
ERROR: test_tensor_valued_invalid_binding_before_execution (tests.test_compile_cuda_reshape.CompileCudaReshapeTests.test_tensor_valued_invalid_binding_before_execution) (policy=(True, None), attempt=1, expression='((1,), x)', prefix='a = x')
----------------------------------------------------------------------
Traceback (most recent call last):
  File "/data/users/bobren/a/pytorch-rs-burner/.burner/worktrees/agent_38d9746a/tests/test_compile_cuda_reshape.py", line 217, in test_tensor_valued_invalid_binding_before_execution
    call_without_python(compiled, {fn.__code__}, x)
  File "/data/users/bobren/a/pytorch-rs-burner/.burner/worktrees/agent_38d9746a/tests/test_compile_cuda_mul_scalar.py", line 72, in call_without_python
    return compiled(*args)
           ^^^^^^^^^^^^^^^
  File "/data/users/bobren/a/pytorch-rs-burner/.burner/worktrees/agent_38d9746a/.venv/lib/python3.12/site-packages/torch_rs/__init__.py", line 442, in compiled_model
    result = implementation(*args, **kwargs)
             ^^^^^^^^^^^^^^^^^^^^^^^^^^^^^^^
  File "/data/users/bobren/a/pytorch-rs-burner/.burner/worktrees/agent_38d9746a/.venv/lib/python3.12/site-packages/torch_rs/__init__.py", line 840, in compiled_model
    graph = _compile_bytecode.lower_one_input_compile_graph(
            ^^^^^^^^^^^^^^^^^^^^^^^^^^^^^^^^^^^^^^^^^^^^^^^^
  File "/data/users/bobren/a/pytorch-rs-burner/.burner/worktrees/agent_38d9746a/.venv/lib/python3.12/site-packages/torch_rs/_compile_bytecode.py", line 1542, in lower_one_input_compile_graph
    return lower_compile_graph(
           ^^^^^^^^^^^^^^^^^^^^
  File "/data/users/bobren/a/pytorch-rs-burner/.burner/worktrees/agent_38d9746a/.venv/lib/python3.12/site-packages/torch_rs/_compile_bytecode.py", line 1522, in lower_compile_graph
    output = _lower_function_body(
             ^^^^^^^^^^^^^^^^^^^^^
  File "/data/users/bobren/a/pytorch-rs-burner/.burner/worktrees/agent_38d9746a/.venv/lib/python3.12/site-packages/torch_rs/_compile_bytecode.py", line 1067, in _lower_function_body
    output = _lower_instruction(
             ^^^^^^^^^^^^^^^^^^^
  File "/data/users/bobren/a/pytorch-rs-burner/.burner/worktrees/agent_38d9746a/.venv/lib/python3.12/site-packages/torch_rs/_compile_bytecode.py", line 1468, in _lower_instruction
    return _OPCODE_HANDLERS[kind](
           ^^^^^^^^^^^^^^^^^^^^^^^
  File "/data/users/bobren/a/pytorch-rs-burner/.burner/worktrees/agent_38d9746a/.venv/lib/python3.12/site-packages/torch_rs/_compile_bytecode.py", line 1228, in _handle_call
    _record_method_call(
  File "/data/users/bobren/a/pytorch-rs-burner/.burner/worktrees/agent_38d9746a/.venv/lib/python3.12/site-packages/torch_rs/_compile_bytecode.py", line 1087, in _record_method_call
    _unsupported_bytecode(program, instruction, "Tensor.reshape requires constant dimensions")
  File "/data/users/bobren/a/pytorch-rs-burner/.burner/worktrees/agent_38d9746a/.venv/lib/python3.12/site-packages/torch_rs/_compile_bytecode.py", line 317, in _unsupported_bytecode
    raise _trace.CompileTraceUnsupportedError(
torch_rs._compile_trace.CompileTraceUnsupportedError: torch.compile trace bytecode lowering does not support Tensor.reshape requires constant dimensions in 'program': CALL

======================================================================
ERROR: test_tensor_valued_invalid_binding_before_execution (tests.test_compile_cuda_reshape.CompileCudaReshapeTests.test_tensor_valued_invalid_binding_before_execution) (policy=(True, False), attempt=0, expression='((1,), x)', prefix='a = x')
----------------------------------------------------------------------
Traceback (most recent call last):
  File "/data/users/bobren/a/pytorch-rs-burner/.burner/worktrees/agent_38d9746a/tests/test_compile_cuda_reshape.py", line 217, in test_tensor_valued_invalid_binding_before_execution
    call_without_python(compiled, {fn.__code__}, x)
  File "/data/users/bobren/a/pytorch-rs-burner/.burner/worktrees/agent_38d9746a/tests/test_compile_cuda_mul_scalar.py", line 72, in call_without_python
    return compiled(*args)
           ^^^^^^^^^^^^^^^
  File "/data/users/bobren/a/pytorch-rs-burner/.burner/worktrees/agent_38d9746a/.venv/lib/python3.12/site-packages/torch_rs/__init__.py", line 442, in compiled_model
    result = implementation(*args, **kwargs)
             ^^^^^^^^^^^^^^^^^^^^^^^^^^^^^^^
  File "/data/users/bobren/a/pytorch-rs-burner/.burner/worktrees/agent_38d9746a/.venv/lib/python3.12/site-packages/torch_rs/__init__.py", line 840, in compiled_model
    graph = _compile_bytecode.lower_one_input_compile_graph(
            ^^^^^^^^^^^^^^^^^^^^^^^^^^^^^^^^^^^^^^^^^^^^^^^^
  File "/data/users/bobren/a/pytorch-rs-burner/.burner/worktrees/agent_38d9746a/.venv/lib/python3.12/site-packages/torch_rs/_compile_bytecode.py", line 1542, in lower_one_input_compile_graph
    return lower_compile_graph(
           ^^^^^^^^^^^^^^^^^^^^
  File "/data/users/bobren/a/pytorch-rs-burner/.burner/worktrees/agent_38d9746a/.venv/lib/python3.12/site-packages/torch_rs/_compile_bytecode.py", line 1522, in lower_compile_graph
    output = _lower_function_body(
             ^^^^^^^^^^^^^^^^^^^^^
  File "/data/users/bobren/a/pytorch-rs-burner/.burner/worktrees/agent_38d9746a/.venv/lib/python3.12/site-packages/torch_rs/_compile_bytecode.py", line 1067, in _lower_function_body
    output = _lower_instruction(
             ^^^^^^^^^^^^^^^^^^^
  File "/data/users/bobren/a/pytorch-rs-burner/.burner/worktrees/agent_38d9746a/.venv/lib/python3.12/site-packages/torch_rs/_compile_bytecode.py", line 1468, in _lower_instruction
    return _OPCODE_HANDLERS[kind](
           ^^^^^^^^^^^^^^^^^^^^^^^
  File "/data/users/bobren/a/pytorch-rs-burner/.burner/worktrees/agent_38d9746a/.venv/lib/python3.12/site-packages/torch_rs/_compile_bytecode.py", line 1228, in _handle_call
    _record_method_call(
  File "/data/users/bobren/a/pytorch-rs-burner/.burner/worktrees/agent_38d9746a/.venv/lib/python3.12/site-packages/torch_rs/_compile_bytecode.py", line 1087, in _record_method_call
    _unsupported_bytecode(program, instruction, "Tensor.reshape requires constant dimensions")
  File "/data/users/bobren/a/pytorch-rs-burner/.burner/worktrees/agent_38d9746a/.venv/lib/python3.12/site-packages/torch_rs/_compile_bytecode.py", line 317, in _unsupported_bytecode
    raise _trace.CompileTraceUnsupportedError(
torch_rs._compile_trace.CompileTraceUnsupportedError: torch.compile trace bytecode lowering does not support Tensor.reshape requires constant dimensions in 'program': CALL

======================================================================
ERROR: test_tensor_valued_invalid_binding_before_execution (tests.test_compile_cuda_reshape.CompileCudaReshapeTests.test_tensor_valued_invalid_binding_before_execution) (policy=(True, False), attempt=1, expression='((1,), x)', prefix='a = x')
----------------------------------------------------------------------
Traceback (most recent call last):
  File "/data/users/bobren/a/pytorch-rs-burner/.burner/worktrees/agent_38d9746a/tests/test_compile_cuda_reshape.py", line 217, in test_tensor_valued_invalid_binding_before_execution
    call_without_python(compiled, {fn.__code__}, x)
  File "/data/users/bobren/a/pytorch-rs-burner/.burner/worktrees/agent_38d9746a/tests/test_compile_cuda_mul_scalar.py", line 72, in call_without_python
    return compiled(*args)
           ^^^^^^^^^^^^^^^
  File "/data/users/bobren/a/pytorch-rs-burner/.burner/worktrees/agent_38d9746a/.venv/lib/python3.12/site-packages/torch_rs/__init__.py", line 442, in compiled_model
    result = implementation(*args, **kwargs)
             ^^^^^^^^^^^^^^^^^^^^^^^^^^^^^^^
  File "/data/users/bobren/a/pytorch-rs-burner/.burner/worktrees/agent_38d9746a/.venv/lib/python3.12/site-packages/torch_rs/__init__.py", line 840, in compiled_model
    graph = _compile_bytecode.lower_one_input_compile_graph(
            ^^^^^^^^^^^^^^^^^^^^^^^^^^^^^^^^^^^^^^^^^^^^^^^^
  File "/data/users/bobren/a/pytorch-rs-burner/.burner/worktrees/agent_38d9746a/.venv/lib/python3.12/site-packages/torch_rs/_compile_bytecode.py", line 1542, in lower_one_input_compile_graph
    return lower_compile_graph(
           ^^^^^^^^^^^^^^^^^^^^
  File "/data/users/bobren/a/pytorch-rs-burner/.burner/worktrees/agent_38d9746a/.venv/lib/python3.12/site-packages/torch_rs/_compile_bytecode.py", line 1522, in lower_compile_graph
    output = _lower_function_body(
             ^^^^^^^^^^^^^^^^^^^^^
  File "/data/users/bobren/a/pytorch-rs-burner/.burner/worktrees/agent_38d9746a/.venv/lib/python3.12/site-packages/torch_rs/_compile_bytecode.py", line 1067, in _lower_function_body
    output = _lower_instruction(
             ^^^^^^^^^^^^^^^^^^^
  File "/data/users/bobren/a/pytorch-rs-burner/.burner/worktrees/agent_38d9746a/.venv/lib/python3.12/site-packages/torch_rs/_compile_bytecode.py", line 1468, in _lower_instruction
    return _OPCODE_HANDLERS[kind](
           ^^^^^^^^^^^^^^^^^^^^^^^
  File "/data/users/bobren/a/pytorch-rs-burner/.burner/worktrees/agent_38d9746a/.venv/lib/python3.12/site-packages/torch_rs/_compile_bytecode.py", line 1228, in _handle_call
    _record_method_call(
  File "/data/users/bobren/a/pytorch-rs-burner/.burner/worktrees/agent_38d9746a/.venv/lib/python3.12/site-packages/torch_rs/_compile_bytecode.py", line 1087, in _record_method_call
    _unsupported_bytecode(program, instruction, "Tensor.reshape requires constant dimensions")
  File "/data/users/bobren/a/pytorch-rs-burner/.burner/worktrees/agent_38d9746a/.venv/lib/python3.12/site-packages/torch_rs/_compile_bytecode.py", line 317, in _unsupported_bytecode
    raise _trace.CompileTraceUnsupportedError(
torch_rs._compile_trace.CompileTraceUnsupportedError: torch.compile trace bytecode lowering does not support Tensor.reshape requires constant dimensions in 'program': CALL

======================================================================
ERROR: test_tensor_valued_invalid_binding_before_execution (tests.test_compile_cuda_reshape.CompileCudaReshapeTests.test_tensor_valued_invalid_binding_before_execution) (policy=(True, True), attempt=0, expression='((1,), x)', prefix='a = x')
----------------------------------------------------------------------
Traceback (most recent call last):
  File "/data/users/bobren/a/pytorch-rs-burner/.burner/worktrees/agent_38d9746a/tests/test_compile_cuda_reshape.py", line 217, in test_tensor_valued_invalid_binding_before_execution
    call_without_python(compiled, {fn.__code__}, x)
  File "/data/users/bobren/a/pytorch-rs-burner/.burner/worktrees/agent_38d9746a/tests/test_compile_cuda_mul_scalar.py", line 72, in call_without_python
    return compiled(*args)
           ^^^^^^^^^^^^^^^
  File "/data/users/bobren/a/pytorch-rs-burner/.burner/worktrees/agent_38d9746a/.venv/lib/python3.12/site-packages/torch_rs/__init__.py", line 442, in compiled_model
    result = implementation(*args, **kwargs)
             ^^^^^^^^^^^^^^^^^^^^^^^^^^^^^^^
  File "/data/users/bobren/a/pytorch-rs-burner/.burner/worktrees/agent_38d9746a/.venv/lib/python3.12/site-packages/torch_rs/__init__.py", line 840, in compiled_model
    graph = _compile_bytecode.lower_one_input_compile_graph(
            ^^^^^^^^^^^^^^^^^^^^^^^^^^^^^^^^^^^^^^^^^^^^^^^^
  File "/data/users/bobren/a/pytorch-rs-burner/.burner/worktrees/agent_38d9746a/.venv/lib/python3.12/site-packages/torch_rs/_compile_bytecode.py", line 1542, in lower_one_input_compile_graph
    return lower_compile_graph(
           ^^^^^^^^^^^^^^^^^^^^
  File "/data/users/bobren/a/pytorch-rs-burner/.burner/worktrees/agent_38d9746a/.venv/lib/python3.12/site-packages/torch_rs/_compile_bytecode.py", line 1522, in lower_compile_graph
    output = _lower_function_body(
             ^^^^^^^^^^^^^^^^^^^^^
  File "/data/users/bobren/a/pytorch-rs-burner/.burner/worktrees/agent_38d9746a/.venv/lib/python3.12/site-packages/torch_rs/_compile_bytecode.py", line 1067, in _lower_function_body
    output = _lower_instruction(
             ^^^^^^^^^^^^^^^^^^^
  File "/data/users/bobren/a/pytorch-rs-burner/.burner/worktrees/agent_38d9746a/.venv/lib/python3.12/site-packages/torch_rs/_compile_bytecode.py", line 1468, in _lower_instruction
    return _OPCODE_HANDLERS[kind](
           ^^^^^^^^^^^^^^^^^^^^^^^
  File "/data/users/bobren/a/pytorch-rs-burner/.burner/worktrees/agent_38d9746a/.venv/lib/python3.12/site-packages/torch_rs/_compile_bytecode.py", line 1228, in _handle_call
    _record_method_call(
  File "/data/users/bobren/a/pytorch-rs-burner/.burner/worktrees/agent_38d9746a/.venv/lib/python3.12/site-packages/torch_rs/_compile_bytecode.py", line 1087, in _record_method_call
    _unsupported_bytecode(program, instruction, "Tensor.reshape requires constant dimensions")
  File "/data/users/bobren/a/pytorch-rs-burner/.burner/worktrees/agent_38d9746a/.venv/lib/python3.12/site-packages/torch_rs/_compile_bytecode.py", line 317, in _unsupported_bytecode
    raise _trace.CompileTraceUnsupportedError(
torch_rs._compile_trace.CompileTraceUnsupportedError: torch.compile trace bytecode lowering does not support Tensor.reshape requires constant dimensions in 'program': CALL

======================================================================
ERROR: test_tensor_valued_invalid_binding_before_execution (tests.test_compile_cuda_reshape.CompileCudaReshapeTests.test_tensor_valued_invalid_binding_before_execution) (policy=(True, True), attempt=1, expression='((1,), x)', prefix='a = x')
----------------------------------------------------------------------
Traceback (most recent call last):
  File "/data/users/bobren/a/pytorch-rs-burner/.burner/worktrees/agent_38d9746a/tests/test_compile_cuda_reshape.py", line 217, in test_tensor_valued_invalid_binding_before_execution
    call_without_python(compiled, {fn.__code__}, x)
  File "/data/users/bobren/a/pytorch-rs-burner/.burner/worktrees/agent_38d9746a/tests/test_compile_cuda_mul_scalar.py", line 72, in call_without_python
    return compiled(*args)
           ^^^^^^^^^^^^^^^
  File "/data/users/bobren/a/pytorch-rs-burner/.burner/worktrees/agent_38d9746a/.venv/lib/python3.12/site-packages/torch_rs/__init__.py", line 442, in compiled_model
    result = implementation(*args, **kwargs)
             ^^^^^^^^^^^^^^^^^^^^^^^^^^^^^^^
  File "/data/users/bobren/a/pytorch-rs-burner/.burner/worktrees/agent_38d9746a/.venv/lib/python3.12/site-packages/torch_rs/__init__.py", line 840, in compiled_model
    graph = _compile_bytecode.lower_one_input_compile_graph(
            ^^^^^^^^^^^^^^^^^^^^^^^^^^^^^^^^^^^^^^^^^^^^^^^^
  File "/data/users/bobren/a/pytorch-rs-burner/.burner/worktrees/agent_38d9746a/.venv/lib/python3.12/site-packages/torch_rs/_compile_bytecode.py", line 1542, in lower_one_input_compile_graph
    return lower_compile_graph(
           ^^^^^^^^^^^^^^^^^^^^
  File "/data/users/bobren/a/pytorch-rs-burner/.burner/worktrees/agent_38d9746a/.venv/lib/python3.12/site-packages/torch_rs/_compile_bytecode.py", line 1522, in lower_compile_graph
    output = _lower_function_body(
             ^^^^^^^^^^^^^^^^^^^^^
  File "/data/users/bobren/a/pytorch-rs-burner/.burner/worktrees/agent_38d9746a/.venv/lib/python3.12/site-packages/torch_rs/_compile_bytecode.py", line 1067, in _lower_function_body
    output = _lower_instruction(
             ^^^^^^^^^^^^^^^^^^^
  File "/data/users/bobren/a/pytorch-rs-burner/.burner/worktrees/agent_38d9746a/.venv/lib/python3.12/site-packages/torch_rs/_compile_bytecode.py", line 1468, in _lower_instruction
    return _OPCODE_HANDLERS[kind](
           ^^^^^^^^^^^^^^^^^^^^^^^
  File "/data/users/bobren/a/pytorch-rs-burner/.burner/worktrees/agent_38d9746a/.venv/lib/python3.12/site-packages/torch_rs/_compile_bytecode.py", line 1228, in _handle_call
    _record_method_call(
  File "/data/users/bobren/a/pytorch-rs-burner/.burner/worktrees/agent_38d9746a/.venv/lib/python3.12/site-packages/torch_rs/_compile_bytecode.py", line 1087, in _record_method_call
    _unsupported_bytecode(program, instruction, "Tensor.reshape requires constant dimensions")
  File "/data/users/bobren/a/pytorch-rs-burner/.burner/worktrees/agent_38d9746a/.venv/lib/python3.12/site-packages/torch_rs/_compile_bytecode.py", line 317, in _unsupported_bytecode
    raise _trace.CompileTraceUnsupportedError(
torch_rs._compile_trace.CompileTraceUnsupportedError: torch.compile trace bytecode lowering does not support Tensor.reshape requires constant dimensions in 'program': CALL

======================================================================
ERROR: test_tensor_valued_invalid_binding_before_execution (tests.test_compile_cuda_reshape.CompileCudaReshapeTests.test_tensor_valued_invalid_binding_before_execution) (policy=(False, None), attempt=0, expression='((1,), x)', prefix='a = x')
----------------------------------------------------------------------
Traceback (most recent call last):
  File "/data/users/bobren/a/pytorch-rs-burner/.burner/worktrees/agent_38d9746a/tests/test_compile_cuda_reshape.py", line 217, in test_tensor_valued_invalid_binding_before_execution
    call_without_python(compiled, {fn.__code__}, x)
  File "/data/users/bobren/a/pytorch-rs-burner/.burner/worktrees/agent_38d9746a/tests/test_compile_cuda_mul_scalar.py", line 72, in call_without_python
    return compiled(*args)
           ^^^^^^^^^^^^^^^
  File "/data/users/bobren/a/pytorch-rs-burner/.burner/worktrees/agent_38d9746a/.venv/lib/python3.12/site-packages/torch_rs/__init__.py", line 442, in compiled_model
    result = implementation(*args, **kwargs)
             ^^^^^^^^^^^^^^^^^^^^^^^^^^^^^^^
  File "/data/users/bobren/a/pytorch-rs-burner/.burner/worktrees/agent_38d9746a/.venv/lib/python3.12/site-packages/torch_rs/__init__.py", line 840, in compiled_model
    graph = _compile_bytecode.lower_one_input_compile_graph(
            ^^^^^^^^^^^^^^^^^^^^^^^^^^^^^^^^^^^^^^^^^^^^^^^^
  File "/data/users/bobren/a/pytorch-rs-burner/.burner/worktrees/agent_38d9746a/.venv/lib/python3.12/site-packages/torch_rs/_compile_bytecode.py", line 1542, in lower_one_input_compile_graph
    return lower_compile_graph(
           ^^^^^^^^^^^^^^^^^^^^
  File "/data/users/bobren/a/pytorch-rs-burner/.burner/worktrees/agent_38d9746a/.venv/lib/python3.12/site-packages/torch_rs/_compile_bytecode.py", line 1522, in lower_compile_graph
    output = _lower_function_body(
             ^^^^^^^^^^^^^^^^^^^^^
  File "/data/users/bobren/a/pytorch-rs-burner/.burner/worktrees/agent_38d9746a/.venv/lib/python3.12/site-packages/torch_rs/_compile_bytecode.py", line 1067, in _lower_function_body
    output = _lower_instruction(
             ^^^^^^^^^^^^^^^^^^^
  File "/data/users/bobren/a/pytorch-rs-burner/.burner/worktrees/agent_38d9746a/.venv/lib/python3.12/site-packages/torch_rs/_compile_bytecode.py", line 1468, in _lower_instruction
    return _OPCODE_HANDLERS[kind](
           ^^^^^^^^^^^^^^^^^^^^^^^
  File "/data/users/bobren/a/pytorch-rs-burner/.burner/worktrees/agent_38d9746a/.venv/lib/python3.12/site-packages/torch_rs/_compile_bytecode.py", line 1228, in _handle_call
    _record_method_call(
  File "/data/users/bobren/a/pytorch-rs-burner/.burner/worktrees/agent_38d9746a/.venv/lib/python3.12/site-packages/torch_rs/_compile_bytecode.py", line 1087, in _record_method_call
    _unsupported_bytecode(program, instruction, "Tensor.reshape requires constant dimensions")
  File "/data/users/bobren/a/pytorch-rs-burner/.burner/worktrees/agent_38d9746a/.venv/lib/python3.12/site-packages/torch_rs/_compile_bytecode.py", line 317, in _unsupported_bytecode
    raise _trace.CompileTraceUnsupportedError(
torch_rs._compile_trace.CompileTraceUnsupportedError: torch.compile trace bytecode lowering does not support Tensor.reshape requires constant dimensions in 'program': CALL

======================================================================
ERROR: test_tensor_valued_invalid_binding_before_execution (tests.test_compile_cuda_reshape.CompileCudaReshapeTests.test_tensor_valued_invalid_binding_before_execution) (policy=(False, None), attempt=1, expression='((1,), x)', prefix='a = x')
----------------------------------------------------------------------
Traceback (most recent call last):
  File "/data/users/bobren/a/pytorch-rs-burner/.burner/worktrees/agent_38d9746a/tests/test_compile_cuda_reshape.py", line 217, in test_tensor_valued_invalid_binding_before_execution
    call_without_python(compiled, {fn.__code__}, x)
  File "/data/users/bobren/a/pytorch-rs-burner/.burner/worktrees/agent_38d9746a/tests/test_compile_cuda_mul_scalar.py", line 72, in call_without_python
    return compiled(*args)
           ^^^^^^^^^^^^^^^
  File "/data/users/bobren/a/pytorch-rs-burner/.burner/worktrees/agent_38d9746a/.venv/lib/python3.12/site-packages/torch_rs/__init__.py", line 442, in compiled_model
    result = implementation(*args, **kwargs)
             ^^^^^^^^^^^^^^^^^^^^^^^^^^^^^^^
  File "/data/users/bobren/a/pytorch-rs-burner/.burner/worktrees/agent_38d9746a/.venv/lib/python3.12/site-packages/torch_rs/__init__.py", line 840, in compiled_model
    graph = _compile_bytecode.lower_one_input_compile_graph(
            ^^^^^^^^^^^^^^^^^^^^^^^^^^^^^^^^^^^^^^^^^^^^^^^^
  File "/data/users/bobren/a/pytorch-rs-burner/.burner/worktrees/agent_38d9746a/.venv/lib/python3.12/site-packages/torch_rs/_compile_bytecode.py", line 1542, in lower_one_input_compile_graph
    return lower_compile_graph(
           ^^^^^^^^^^^^^^^^^^^^
  File "/data/users/bobren/a/pytorch-rs-burner/.burner/worktrees/agent_38d9746a/.venv/lib/python3.12/site-packages/torch_rs/_compile_bytecode.py", line 1522, in lower_compile_graph
    output = _lower_function_body(
             ^^^^^^^^^^^^^^^^^^^^^
  File "/data/users/bobren/a/pytorch-rs-burner/.burner/worktrees/agent_38d9746a/.venv/lib/python3.12/site-packages/torch_rs/_compile_bytecode.py", line 1067, in _lower_function_body
    output = _lower_instruction(
             ^^^^^^^^^^^^^^^^^^^
  File "/data/users/bobren/a/pytorch-rs-burner/.burner/worktrees/agent_38d9746a/.venv/lib/python3.12/site-packages/torch_rs/_compile_bytecode.py", line 1468, in _lower_instruction
    return _OPCODE_HANDLERS[kind](
           ^^^^^^^^^^^^^^^^^^^^^^^
  File "/data/users/bobren/a/pytorch-rs-burner/.burner/worktrees/agent_38d9746a/.venv/lib/python3.12/site-packages/torch_rs/_compile_bytecode.py", line 1228, in _handle_call
    _record_method_call(
  File "/data/users/bobren/a/pytorch-rs-burner/.burner/worktrees/agent_38d9746a/.venv/lib/python3.12/site-packages/torch_rs/_compile_bytecode.py", line 1087, in _record_method_call
    _unsupported_bytecode(program, instruction, "Tensor.reshape requires constant dimensions")
  File "/data/users/bobren/a/pytorch-rs-burner/.burner/worktrees/agent_38d9746a/.venv/lib/python3.12/site-packages/torch_rs/_compile_bytecode.py", line 317, in _unsupported_bytecode
    raise _trace.CompileTraceUnsupportedError(
torch_rs._compile_trace.CompileTraceUnsupportedError: torch.compile trace bytecode lowering does not support Tensor.reshape requires constant dimensions in 'program': CALL

======================================================================
ERROR: test_tensor_valued_invalid_binding_before_execution (tests.test_compile_cuda_reshape.CompileCudaReshapeTests.test_tensor_valued_invalid_binding_before_execution) (policy=(True, None), attempt=0, expression='((1,), x)', prefix='a = -x')
----------------------------------------------------------------------
Traceback (most recent call last):
  File "/data/users/bobren/a/pytorch-rs-burner/.burner/worktrees/agent_38d9746a/tests/test_compile_cuda_reshape.py", line 217, in test_tensor_valued_invalid_binding_before_execution
    call_without_python(compiled, {fn.__code__}, x)
  File "/data/users/bobren/a/pytorch-rs-burner/.burner/worktrees/agent_38d9746a/tests/test_compile_cuda_mul_scalar.py", line 72, in call_without_python
    return compiled(*args)
           ^^^^^^^^^^^^^^^
  File "/data/users/bobren/a/pytorch-rs-burner/.burner/worktrees/agent_38d9746a/.venv/lib/python3.12/site-packages/torch_rs/__init__.py", line 442, in compiled_model
    result = implementation(*args, **kwargs)
             ^^^^^^^^^^^^^^^^^^^^^^^^^^^^^^^
  File "/data/users/bobren/a/pytorch-rs-burner/.burner/worktrees/agent_38d9746a/.venv/lib/python3.12/site-packages/torch_rs/__init__.py", line 840, in compiled_model
    graph = _compile_bytecode.lower_one_input_compile_graph(
            ^^^^^^^^^^^^^^^^^^^^^^^^^^^^^^^^^^^^^^^^^^^^^^^^
  File "/data/users/bobren/a/pytorch-rs-burner/.burner/worktrees/agent_38d9746a/.venv/lib/python3.12/site-packages/torch_rs/_compile_bytecode.py", line 1542, in lower_one_input_compile_graph
    return lower_compile_graph(
           ^^^^^^^^^^^^^^^^^^^^
  File "/data/users/bobren/a/pytorch-rs-burner/.burner/worktrees/agent_38d9746a/.venv/lib/python3.12/site-packages/torch_rs/_compile_bytecode.py", line 1522, in lower_compile_graph
    output = _lower_function_body(
             ^^^^^^^^^^^^^^^^^^^^^
  File "/data/users/bobren/a/pytorch-rs-burner/.burner/worktrees/agent_38d9746a/.venv/lib/python3.12/site-packages/torch_rs/_compile_bytecode.py", line 1067, in _lower_function_body
    output = _lower_instruction(
             ^^^^^^^^^^^^^^^^^^^
  File "/data/users/bobren/a/pytorch-rs-burner/.burner/worktrees/agent_38d9746a/.venv/lib/python3.12/site-packages/torch_rs/_compile_bytecode.py", line 1468, in _lower_instruction
    return _OPCODE_HANDLERS[kind](
           ^^^^^^^^^^^^^^^^^^^^^^^
  File "/data/users/bobren/a/pytorch-rs-burner/.burner/worktrees/agent_38d9746a/.venv/lib/python3.12/site-packages/torch_rs/_compile_bytecode.py", line 1228, in _handle_call
    _record_method_call(
  File "/data/users/bobren/a/pytorch-rs-burner/.burner/worktrees/agent_38d9746a/.venv/lib/python3.12/site-packages/torch_rs/_compile_bytecode.py", line 1087, in _record_method_call
    _unsupported_bytecode(program, instruction, "Tensor.reshape requires constant dimensions")
  File "/data/users/bobren/a/pytorch-rs-burner/.burner/worktrees/agent_38d9746a/.venv/lib/python3.12/site-packages/torch_rs/_compile_bytecode.py", line 317, in _unsupported_bytecode
    raise _trace.CompileTraceUnsupportedError(
torch_rs._compile_trace.CompileTraceUnsupportedError: torch.compile trace bytecode lowering does not support Tensor.reshape requires constant dimensions in 'program': CALL

======================================================================
ERROR: test_tensor_valued_invalid_binding_before_execution (tests.test_compile_cuda_reshape.CompileCudaReshapeTests.test_tensor_valued_invalid_binding_before_execution) (policy=(True, None), attempt=1, expression='((1,), x)', prefix='a = -x')
----------------------------------------------------------------------
Traceback (most recent call last):
  File "/data/users/bobren/a/pytorch-rs-burner/.burner/worktrees/agent_38d9746a/tests/test_compile_cuda_reshape.py", line 217, in test_tensor_valued_invalid_binding_before_execution
    call_without_python(compiled, {fn.__code__}, x)
  File "/data/users/bobren/a/pytorch-rs-burner/.burner/worktrees/agent_38d9746a/tests/test_compile_cuda_mul_scalar.py", line 72, in call_without_python
    return compiled(*args)
           ^^^^^^^^^^^^^^^
  File "/data/users/bobren/a/pytorch-rs-burner/.burner/worktrees/agent_38d9746a/.venv/lib/python3.12/site-packages/torch_rs/__init__.py", line 442, in compiled_model
    result = implementation(*args, **kwargs)
             ^^^^^^^^^^^^^^^^^^^^^^^^^^^^^^^
  File "/data/users/bobren/a/pytorch-rs-burner/.burner/worktrees/agent_38d9746a/.venv/lib/python3.12/site-packages/torch_rs/__init__.py", line 840, in compiled_model
    graph = _compile_bytecode.lower_one_input_compile_graph(
            ^^^^^^^^^^^^^^^^^^^^^^^^^^^^^^^^^^^^^^^^^^^^^^^^
  File "/data/users/bobren/a/pytorch-rs-burner/.burner/worktrees/agent_38d9746a/.venv/lib/python3.12/site-packages/torch_rs/_compile_bytecode.py", line 1542, in lower_one_input_compile_graph
    return lower_compile_graph(
           ^^^^^^^^^^^^^^^^^^^^
  File "/data/users/bobren/a/pytorch-rs-burner/.burner/worktrees/agent_38d9746a/.venv/lib/python3.12/site-packages/torch_rs/_compile_bytecode.py", line 1522, in lower_compile_graph
    output = _lower_function_body(
             ^^^^^^^^^^^^^^^^^^^^^
  File "/data/users/bobren/a/pytorch-rs-burner/.burner/worktrees/agent_38d9746a/.venv/lib/python3.12/site-packages/torch_rs/_compile_bytecode.py", line 1067, in _lower_function_body
    output = _lower_instruction(
             ^^^^^^^^^^^^^^^^^^^
  File "/data/users/bobren/a/pytorch-rs-burner/.burner/worktrees/agent_38d9746a/.venv/lib/python3.12/site-packages/torch_rs/_compile_bytecode.py", line 1468, in _lower_instruction
    return _OPCODE_HANDLERS[kind](
           ^^^^^^^^^^^^^^^^^^^^^^^
  File "/data/users/bobren/a/pytorch-rs-burner/.burner/worktrees/agent_38d9746a/.venv/lib/python3.12/site-packages/torch_rs/_compile_bytecode.py", line 1228, in _handle_call
    _record_method_call(
  File "/data/users/bobren/a/pytorch-rs-burner/.burner/worktrees/agent_38d9746a/.venv/lib/python3.12/site-packages/torch_rs/_compile_bytecode.py", line 1087, in _record_method_call
    _unsupported_bytecode(program, instruction, "Tensor.reshape requires constant dimensions")
  File "/data/users/bobren/a/pytorch-rs-burner/.burner/worktrees/agent_38d9746a/.venv/lib/python3.12/site-packages/torch_rs/_compile_bytecode.py", line 317, in _unsupported_bytecode
    raise _trace.CompileTraceUnsupportedError(
torch_rs._compile_trace.CompileTraceUnsupportedError: torch.compile trace bytecode lowering does not support Tensor.reshape requires constant dimensions in 'program': CALL

======================================================================
ERROR: test_tensor_valued_invalid_binding_before_execution (tests.test_compile_cuda_reshape.CompileCudaReshapeTests.test_tensor_valued_invalid_binding_before_execution) (policy=(True, False), attempt=0, expression='((1,), x)', prefix='a = -x')
----------------------------------------------------------------------
Traceback (most recent call last):
  File "/data/users/bobren/a/pytorch-rs-burner/.burner/worktrees/agent_38d9746a/tests/test_compile_cuda_reshape.py", line 217, in test_tensor_valued_invalid_binding_before_execution
    call_without_python(compiled, {fn.__code__}, x)
  File "/data/users/bobren/a/pytorch-rs-burner/.burner/worktrees/agent_38d9746a/tests/test_compile_cuda_mul_scalar.py", line 72, in call_without_python
    return compiled(*args)
           ^^^^^^^^^^^^^^^
  File "/data/users/bobren/a/pytorch-rs-burner/.burner/worktrees/agent_38d9746a/.venv/lib/python3.12/site-packages/torch_rs/__init__.py", line 442, in compiled_model
    result = implementation(*args, **kwargs)
             ^^^^^^^^^^^^^^^^^^^^^^^^^^^^^^^
  File "/data/users/bobren/a/pytorch-rs-burner/.burner/worktrees/agent_38d9746a/.venv/lib/python3.12/site-packages/torch_rs/__init__.py", line 840, in compiled_model
    graph = _compile_bytecode.lower_one_input_compile_graph(
            ^^^^^^^^^^^^^^^^^^^^^^^^^^^^^^^^^^^^^^^^^^^^^^^^
  File "/data/users/bobren/a/pytorch-rs-burner/.burner/worktrees/agent_38d9746a/.venv/lib/python3.12/site-packages/torch_rs/_compile_bytecode.py", line 1542, in lower_one_input_compile_graph
    return lower_compile_graph(
           ^^^^^^^^^^^^^^^^^^^^
  File "/data/users/bobren/a/pytorch-rs-burner/.burner/worktrees/agent_38d9746a/.venv/lib/python3.12/site-packages/torch_rs/_compile_bytecode.py", line 1522, in lower_compile_graph
    output = _lower_function_body(
             ^^^^^^^^^^^^^^^^^^^^^
  File "/data/users/bobren/a/pytorch-rs-burner/.burner/worktrees/agent_38d9746a/.venv/lib/python3.12/site-packages/torch_rs/_compile_bytecode.py", line 1067, in _lower_function_body
    output = _lower_instruction(
             ^^^^^^^^^^^^^^^^^^^
  File "/data/users/bobren/a/pytorch-rs-burner/.burner/worktrees/agent_38d9746a/.venv/lib/python3.12/site-packages/torch_rs/_compile_bytecode.py", line 1468, in _lower_instruction
    return _OPCODE_HANDLERS[kind](
           ^^^^^^^^^^^^^^^^^^^^^^^
  File "/data/users/bobren/a/pytorch-rs-burner/.burner/worktrees/agent_38d9746a/.venv/lib/python3.12/site-packages/torch_rs/_compile_bytecode.py", line 1228, in _handle_call
    _record_method_call(
  File "/data/users/bobren/a/pytorch-rs-burner/.burner/worktrees/agent_38d9746a/.venv/lib/python3.12/site-packages/torch_rs/_compile_bytecode.py", line 1087, in _record_method_call
    _unsupported_bytecode(program, instruction, "Tensor.reshape requires constant dimensions")
  File "/data/users/bobren/a/pytorch-rs-burner/.burner/worktrees/agent_38d9746a/.venv/lib/python3.12/site-packages/torch_rs/_compile_bytecode.py", line 317, in _unsupported_bytecode
    raise _trace.CompileTraceUnsupportedError(
torch_rs._compile_trace.CompileTraceUnsupportedError: torch.compile trace bytecode lowering does not support Tensor.reshape requires constant dimensions in 'program': CALL

======================================================================
ERROR: test_tensor_valued_invalid_binding_before_execution (tests.test_compile_cuda_reshape.CompileCudaReshapeTests.test_tensor_valued_invalid_binding_before_execution) (policy=(True, False), attempt=1, expression='((1,), x)', prefix='a = -x')
----------------------------------------------------------------------
Traceback (most recent call last):
  File "/data/users/bobren/a/pytorch-rs-burner/.burner/worktrees/agent_38d9746a/tests/test_compile_cuda_reshape.py", line 217, in test_tensor_valued_invalid_binding_before_execution
    call_without_python(compiled, {fn.__code__}, x)
  File "/data/users/bobren/a/pytorch-rs-burner/.burner/worktrees/agent_38d9746a/tests/test_compile_cuda_mul_scalar.py", line 72, in call_without_python
    return compiled(*args)
           ^^^^^^^^^^^^^^^
  File "/data/users/bobren/a/pytorch-rs-burner/.burner/worktrees/agent_38d9746a/.venv/lib/python3.12/site-packages/torch_rs/__init__.py", line 442, in compiled_model
    result = implementation(*args, **kwargs)
             ^^^^^^^^^^^^^^^^^^^^^^^^^^^^^^^
  File "/data/users/bobren/a/pytorch-rs-burner/.burner/worktrees/agent_38d9746a/.venv/lib/python3.12/site-packages/torch_rs/__init__.py", line 840, in compiled_model
    graph = _compile_bytecode.lower_one_input_compile_graph(
            ^^^^^^^^^^^^^^^^^^^^^^^^^^^^^^^^^^^^^^^^^^^^^^^^
  File "/data/users/bobren/a/pytorch-rs-burner/.burner/worktrees/agent_38d9746a/.venv/lib/python3.12/site-packages/torch_rs/_compile_bytecode.py", line 1542, in lower_one_input_compile_graph
    return lower_compile_graph(
           ^^^^^^^^^^^^^^^^^^^^
  File "/data/users/bobren/a/pytorch-rs-burner/.burner/worktrees/agent_38d9746a/.venv/lib/python3.12/site-packages/torch_rs/_compile_bytecode.py", line 1522, in lower_compile_graph
    output = _lower_function_body(
             ^^^^^^^^^^^^^^^^^^^^^
  File "/data/users/bobren/a/pytorch-rs-burner/.burner/worktrees/agent_38d9746a/.venv/lib/python3.12/site-packages/torch_rs/_compile_bytecode.py", line 1067, in _lower_function_body
    output = _lower_instruction(
             ^^^^^^^^^^^^^^^^^^^
  File "/data/users/bobren/a/pytorch-rs-burner/.burner/worktrees/agent_38d9746a/.venv/lib/python3.12/site-packages/torch_rs/_compile_bytecode.py", line 1468, in _lower_instruction
    return _OPCODE_HANDLERS[kind](
           ^^^^^^^^^^^^^^^^^^^^^^^
  File "/data/users/bobren/a/pytorch-rs-burner/.burner/worktrees/agent_38d9746a/.venv/lib/python3.12/site-packages/torch_rs/_compile_bytecode.py", line 1228, in _handle_call
    _record_method_call(
  File "/data/users/bobren/a/pytorch-rs-burner/.burner/worktrees/agent_38d9746a/.venv/lib/python3.12/site-packages/torch_rs/_compile_bytecode.py", line 1087, in _record_method_call
    _unsupported_bytecode(program, instruction, "Tensor.reshape requires constant dimensions")
  File "/data/users/bobren/a/pytorch-rs-burner/.burner/worktrees/agent_38d9746a/.venv/lib/python3.12/site-packages/torch_rs/_compile_bytecode.py", line 317, in _unsupported_bytecode
    raise _trace.CompileTraceUnsupportedError(
torch_rs._compile_trace.CompileTraceUnsupportedError: torch.compile trace bytecode lowering does not support Tensor.reshape requires constant dimensions in 'program': CALL

======================================================================
ERROR: test_tensor_valued_invalid_binding_before_execution (tests.test_compile_cuda_reshape.CompileCudaReshapeTests.test_tensor_valued_invalid_binding_before_execution) (policy=(True, True), attempt=0, expression='((1,), x)', prefix='a = -x')
----------------------------------------------------------------------
Traceback (most recent call last):
  File "/data/users/bobren/a/pytorch-rs-burner/.burner/worktrees/agent_38d9746a/tests/test_compile_cuda_reshape.py", line 217, in test_tensor_valued_invalid_binding_before_execution
    call_without_python(compiled, {fn.__code__}, x)
  File "/data/users/bobren/a/pytorch-rs-burner/.burner/worktrees/agent_38d9746a/tests/test_compile_cuda_mul_scalar.py", line 72, in call_without_python
    return compiled(*args)
           ^^^^^^^^^^^^^^^
  File "/data/users/bobren/a/pytorch-rs-burner/.burner/worktrees/agent_38d9746a/.venv/lib/python3.12/site-packages/torch_rs/__init__.py", line 442, in compiled_model
    result = implementation(*args, **kwargs)
             ^^^^^^^^^^^^^^^^^^^^^^^^^^^^^^^
  File "/data/users/bobren/a/pytorch-rs-burner/.burner/worktrees/agent_38d9746a/.venv/lib/python3.12/site-packages/torch_rs/__init__.py", line 840, in compiled_model
    graph = _compile_bytecode.lower_one_input_compile_graph(
            ^^^^^^^^^^^^^^^^^^^^^^^^^^^^^^^^^^^^^^^^^^^^^^^^
  File "/data/users/bobren/a/pytorch-rs-burner/.burner/worktrees/agent_38d9746a/.venv/lib/python3.12/site-packages/torch_rs/_compile_bytecode.py", line 1542, in lower_one_input_compile_graph
    return lower_compile_graph(
           ^^^^^^^^^^^^^^^^^^^^
  File "/data/users/bobren/a/pytorch-rs-burner/.burner/worktrees/agent_38d9746a/.venv/lib/python3.12/site-packages/torch_rs/_compile_bytecode.py", line 1522, in lower_compile_graph
    output = _lower_function_body(
             ^^^^^^^^^^^^^^^^^^^^^
  File "/data/users/bobren/a/pytorch-rs-burner/.burner/worktrees/agent_38d9746a/.venv/lib/python3.12/site-packages/torch_rs/_compile_bytecode.py", line 1067, in _lower_function_body
    output = _lower_instruction(
             ^^^^^^^^^^^^^^^^^^^
  File "/data/users/bobren/a/pytorch-rs-burner/.burner/worktrees/agent_38d9746a/.venv/lib/python3.12/site-packages/torch_rs/_compile_bytecode.py", line 1468, in _lower_instruction
    return _OPCODE_HANDLERS[kind](
           ^^^^^^^^^^^^^^^^^^^^^^^
  File "/data/users/bobren/a/pytorch-rs-burner/.burner/worktrees/agent_38d9746a/.venv/lib/python3.12/site-packages/torch_rs/_compile_bytecode.py", line 1228, in _handle_call
    _record_method_call(
  File "/data/users/bobren/a/pytorch-rs-burner/.burner/worktrees/agent_38d9746a/.venv/lib/python3.12/site-packages/torch_rs/_compile_bytecode.py", line 1087, in _record_method_call
    _unsupported_bytecode(program, instruction, "Tensor.reshape requires constant dimensions")
  File "/data/users/bobren/a/pytorch-rs-burner/.burner/worktrees/agent_38d9746a/.venv/lib/python3.12/site-packages/torch_rs/_compile_bytecode.py", line 317, in _unsupported_bytecode
    raise _trace.CompileTraceUnsupportedError(
torch_rs._compile_trace.CompileTraceUnsupportedError: torch.compile trace bytecode lowering does not support Tensor.reshape requires constant dimensions in 'program': CALL

======================================================================
ERROR: test_tensor_valued_invalid_binding_before_execution (tests.test_compile_cuda_reshape.CompileCudaReshapeTests.test_tensor_valued_invalid_binding_before_execution) (policy=(True, True), attempt=1, expression='((1,), x)', prefix='a = -x')
----------------------------------------------------------------------
Traceback (most recent call last):
  File "/data/users/bobren/a/pytorch-rs-burner/.burner/worktrees/agent_38d9746a/tests/test_compile_cuda_reshape.py", line 217, in test_tensor_valued_invalid_binding_before_execution
    call_without_python(compiled, {fn.__code__}, x)
  File "/data/users/bobren/a/pytorch-rs-burner/.burner/worktrees/agent_38d9746a/tests/test_compile_cuda_mul_scalar.py", line 72, in call_without_python
    return compiled(*args)
           ^^^^^^^^^^^^^^^
  File "/data/users/bobren/a/pytorch-rs-burner/.burner/worktrees/agent_38d9746a/.venv/lib/python3.12/site-packages/torch_rs/__init__.py", line 442, in compiled_model
    result = implementation(*args, **kwargs)
             ^^^^^^^^^^^^^^^^^^^^^^^^^^^^^^^
  File "/data/users/bobren/a/pytorch-rs-burner/.burner/worktrees/agent_38d9746a/.venv/lib/python3.12/site-packages/torch_rs/__init__.py", line 840, in compiled_model
    graph = _compile_bytecode.lower_one_input_compile_graph(
            ^^^^^^^^^^^^^^^^^^^^^^^^^^^^^^^^^^^^^^^^^^^^^^^^
  File "/data/users/bobren/a/pytorch-rs-burner/.burner/worktrees/agent_38d9746a/.venv/lib/python3.12/site-packages/torch_rs/_compile_bytecode.py", line 1542, in lower_one_input_compile_graph
    return lower_compile_graph(
           ^^^^^^^^^^^^^^^^^^^^
  File "/data/users/bobren/a/pytorch-rs-burner/.burner/worktrees/agent_38d9746a/.venv/lib/python3.12/site-packages/torch_rs/_compile_bytecode.py", line 1522, in lower_compile_graph
    output = _lower_function_body(
             ^^^^^^^^^^^^^^^^^^^^^
  File "/data/users/bobren/a/pytorch-rs-burner/.burner/worktrees/agent_38d9746a/.venv/lib/python3.12/site-packages/torch_rs/_compile_bytecode.py", line 1067, in _lower_function_body
    output = _lower_instruction(
             ^^^^^^^^^^^^^^^^^^^
  File "/data/users/bobren/a/pytorch-rs-burner/.burner/worktrees/agent_38d9746a/.venv/lib/python3.12/site-packages/torch_rs/_compile_bytecode.py", line 1468, in _lower_instruction
    return _OPCODE_HANDLERS[kind](
           ^^^^^^^^^^^^^^^^^^^^^^^
  File "/data/users/bobren/a/pytorch-rs-burner/.burner/worktrees/agent_38d9746a/.venv/lib/python3.12/site-packages/torch_rs/_compile_bytecode.py", line 1228, in _handle_call
    _record_method_call(
  File "/data/users/bobren/a/pytorch-rs-burner/.burner/worktrees/agent_38d9746a/.venv/lib/python3.12/site-packages/torch_rs/_compile_bytecode.py", line 1087, in _record_method_call
    _unsupported_bytecode(program, instruction, "Tensor.reshape requires constant dimensions")
  File "/data/users/bobren/a/pytorch-rs-burner/.burner/worktrees/agent_38d9746a/.venv/lib/python3.12/site-packages/torch_rs/_compile_bytecode.py", line 317, in _unsupported_bytecode
    raise _trace.CompileTraceUnsupportedError(
torch_rs._compile_trace.CompileTraceUnsupportedError: torch.compile trace bytecode lowering does not support Tensor.reshape requires constant dimensions in 'program': CALL

======================================================================
ERROR: test_tensor_valued_invalid_binding_before_execution (tests.test_compile_cuda_reshape.CompileCudaReshapeTests.test_tensor_valued_invalid_binding_before_execution) (policy=(False, None), attempt=0, expression='((1,), x)', prefix='a = -x')
----------------------------------------------------------------------
Traceback (most recent call last):
  File "/data/users/bobren/a/pytorch-rs-burner/.burner/worktrees/agent_38d9746a/tests/test_compile_cuda_reshape.py", line 217, in test_tensor_valued_invalid_binding_before_execution
    call_without_python(compiled, {fn.__code__}, x)
  File "/data/users/bobren/a/pytorch-rs-burner/.burner/worktrees/agent_38d9746a/tests/test_compile_cuda_mul_scalar.py", line 72, in call_without_python
    return compiled(*args)
           ^^^^^^^^^^^^^^^
  File "/data/users/bobren/a/pytorch-rs-burner/.burner/worktrees/agent_38d9746a/.venv/lib/python3.12/site-packages/torch_rs/__init__.py", line 442, in compiled_model
    result = implementation(*args, **kwargs)
             ^^^^^^^^^^^^^^^^^^^^^^^^^^^^^^^
  File "/data/users/bobren/a/pytorch-rs-burner/.burner/worktrees/agent_38d9746a/.venv/lib/python3.12/site-packages/torch_rs/__init__.py", line 840, in compiled_model
    graph = _compile_bytecode.lower_one_input_compile_graph(
            ^^^^^^^^^^^^^^^^^^^^^^^^^^^^^^^^^^^^^^^^^^^^^^^^
  File "/data/users/bobren/a/pytorch-rs-burner/.burner/worktrees/agent_38d9746a/.venv/lib/python3.12/site-packages/torch_rs/_compile_bytecode.py", line 1542, in lower_one_input_compile_graph
    return lower_compile_graph(
           ^^^^^^^^^^^^^^^^^^^^
  File "/data/users/bobren/a/pytorch-rs-burner/.burner/worktrees/agent_38d9746a/.venv/lib/python3.12/site-packages/torch_rs/_compile_bytecode.py", line 1522, in lower_compile_graph
    output = _lower_function_body(
             ^^^^^^^^^^^^^^^^^^^^^
  File "/data/users/bobren/a/pytorch-rs-burner/.burner/worktrees/agent_38d9746a/.venv/lib/python3.12/site-packages/torch_rs/_compile_bytecode.py", line 1067, in _lower_function_body
    output = _lower_instruction(
             ^^^^^^^^^^^^^^^^^^^
  File "/data/users/bobren/a/pytorch-rs-burner/.burner/worktrees/agent_38d9746a/.venv/lib/python3.12/site-packages/torch_rs/_compile_bytecode.py", line 1468, in _lower_instruction
    return _OPCODE_HANDLERS[kind](
           ^^^^^^^^^^^^^^^^^^^^^^^
  File "/data/users/bobren/a/pytorch-rs-burner/.burner/worktrees/agent_38d9746a/.venv/lib/python3.12/site-packages/torch_rs/_compile_bytecode.py", line 1228, in _handle_call
    _record_method_call(
  File "/data/users/bobren/a/pytorch-rs-burner/.burner/worktrees/agent_38d9746a/.venv/lib/python3.12/site-packages/torch_rs/_compile_bytecode.py", line 1087, in _record_method_call
    _unsupported_bytecode(program, instruction, "Tensor.reshape requires constant dimensions")
  File "/data/users/bobren/a/pytorch-rs-burner/.burner/worktrees/agent_38d9746a/.venv/lib/python3.12/site-packages/torch_rs/_compile_bytecode.py", line 317, in _unsupported_bytecode
    raise _trace.CompileTraceUnsupportedError(
torch_rs._compile_trace.CompileTraceUnsupportedError: torch.compile trace bytecode lowering does not support Tensor.reshape requires constant dimensions in 'program': CALL

======================================================================
ERROR: test_tensor_valued_invalid_binding_before_execution (tests.test_compile_cuda_reshape.CompileCudaReshapeTests.test_tensor_valued_invalid_binding_before_execution) (policy=(False, None), attempt=1, expression='((1,), x)', prefix='a = -x')
----------------------------------------------------------------------
Traceback (most recent call last):
  File "/data/users/bobren/a/pytorch-rs-burner/.burner/worktrees/agent_38d9746a/tests/test_compile_cuda_reshape.py", line 217, in test_tensor_valued_invalid_binding_before_execution
    call_without_python(compiled, {fn.__code__}, x)
  File "/data/users/bobren/a/pytorch-rs-burner/.burner/worktrees/agent_38d9746a/tests/test_compile_cuda_mul_scalar.py", line 72, in call_without_python
    return compiled(*args)
           ^^^^^^^^^^^^^^^
  File "/data/users/bobren/a/pytorch-rs-burner/.burner/worktrees/agent_38d9746a/.venv/lib/python3.12/site-packages/torch_rs/__init__.py", line 442, in compiled_model
    result = implementation(*args, **kwargs)
             ^^^^^^^^^^^^^^^^^^^^^^^^^^^^^^^
  File "/data/users/bobren/a/pytorch-rs-burner/.burner/worktrees/agent_38d9746a/.venv/lib/python3.12/site-packages/torch_rs/__init__.py", line 840, in compiled_model
    graph = _compile_bytecode.lower_one_input_compile_graph(
            ^^^^^^^^^^^^^^^^^^^^^^^^^^^^^^^^^^^^^^^^^^^^^^^^
  File "/data/users/bobren/a/pytorch-rs-burner/.burner/worktrees/agent_38d9746a/.venv/lib/python3.12/site-packages/torch_rs/_compile_bytecode.py", line 1542, in lower_one_input_compile_graph
    return lower_compile_graph(
           ^^^^^^^^^^^^^^^^^^^^
  File "/data/users/bobren/a/pytorch-rs-burner/.burner/worktrees/agent_38d9746a/.venv/lib/python3.12/site-packages/torch_rs/_compile_bytecode.py", line 1522, in lower_compile_graph
    output = _lower_function_body(
             ^^^^^^^^^^^^^^^^^^^^^
  File "/data/users/bobren/a/pytorch-rs-burner/.burner/worktrees/agent_38d9746a/.venv/lib/python3.12/site-packages/torch_rs/_compile_bytecode.py", line 1067, in _lower_function_body
    output = _lower_instruction(
             ^^^^^^^^^^^^^^^^^^^
  File "/data/users/bobren/a/pytorch-rs-burner/.burner/worktrees/agent_38d9746a/.venv/lib/python3.12/site-packages/torch_rs/_compile_bytecode.py", line 1468, in _lower_instruction
    return _OPCODE_HANDLERS[kind](
           ^^^^^^^^^^^^^^^^^^^^^^^
  File "/data/users/bobren/a/pytorch-rs-burner/.burner/worktrees/agent_38d9746a/.venv/lib/python3.12/site-packages/torch_rs/_compile_bytecode.py", line 1228, in _handle_call
    _record_method_call(
  File "/data/users/bobren/a/pytorch-rs-burner/.burner/worktrees/agent_38d9746a/.venv/lib/python3.12/site-packages/torch_rs/_compile_bytecode.py", line 1087, in _record_method_call
    _unsupported_bytecode(program, instruction, "Tensor.reshape requires constant dimensions")
  File "/data/users/bobren/a/pytorch-rs-burner/.burner/worktrees/agent_38d9746a/.venv/lib/python3.12/site-packages/torch_rs/_compile_bytecode.py", line 317, in _unsupported_bytecode
    raise _trace.CompileTraceUnsupportedError(
torch_rs._compile_trace.CompileTraceUnsupportedError: torch.compile trace bytecode lowering does not support Tensor.reshape requires constant dimensions in 'program': CALL

======================================================================
ERROR: test_tensor_valued_invalid_binding_before_execution (tests.test_compile_cuda_reshape.CompileCudaReshapeTests.test_tensor_valued_invalid_binding_before_execution) (policy=(True, None), attempt=0, expression='(shape=(1,), foo=x)', prefix='a = x')
----------------------------------------------------------------------
Traceback (most recent call last):
  File "/data/users/bobren/a/pytorch-rs-burner/.burner/worktrees/agent_38d9746a/tests/test_compile_cuda_reshape.py", line 217, in test_tensor_valued_invalid_binding_before_execution
    call_without_python(compiled, {fn.__code__}, x)
  File "/data/users/bobren/a/pytorch-rs-burner/.burner/worktrees/agent_38d9746a/tests/test_compile_cuda_mul_scalar.py", line 72, in call_without_python
    return compiled(*args)
           ^^^^^^^^^^^^^^^
  File "/data/users/bobren/a/pytorch-rs-burner/.burner/worktrees/agent_38d9746a/.venv/lib/python3.12/site-packages/torch_rs/__init__.py", line 442, in compiled_model
    result = implementation(*args, **kwargs)
             ^^^^^^^^^^^^^^^^^^^^^^^^^^^^^^^
  File "/data/users/bobren/a/pytorch-rs-burner/.burner/worktrees/agent_38d9746a/.venv/lib/python3.12/site-packages/torch_rs/__init__.py", line 840, in compiled_model
    graph = _compile_bytecode.lower_one_input_compile_graph(
            ^^^^^^^^^^^^^^^^^^^^^^^^^^^^^^^^^^^^^^^^^^^^^^^^
  File "/data/users/bobren/a/pytorch-rs-burner/.burner/worktrees/agent_38d9746a/.venv/lib/python3.12/site-packages/torch_rs/_compile_bytecode.py", line 1542, in lower_one_input_compile_graph
    return lower_compile_graph(
           ^^^^^^^^^^^^^^^^^^^^
  File "/data/users/bobren/a/pytorch-rs-burner/.burner/worktrees/agent_38d9746a/.venv/lib/python3.12/site-packages/torch_rs/_compile_bytecode.py", line 1522, in lower_compile_graph
    output = _lower_function_body(
             ^^^^^^^^^^^^^^^^^^^^^
  File "/data/users/bobren/a/pytorch-rs-burner/.burner/worktrees/agent_38d9746a/.venv/lib/python3.12/site-packages/torch_rs/_compile_bytecode.py", line 1067, in _lower_function_body
    output = _lower_instruction(
             ^^^^^^^^^^^^^^^^^^^
  File "/data/users/bobren/a/pytorch-rs-burner/.burner/worktrees/agent_38d9746a/.venv/lib/python3.12/site-packages/torch_rs/_compile_bytecode.py", line 1468, in _lower_instruction
    return _OPCODE_HANDLERS[kind](
           ^^^^^^^^^^^^^^^^^^^^^^^
  File "/data/users/bobren/a/pytorch-rs-burner/.burner/worktrees/agent_38d9746a/.venv/lib/python3.12/site-packages/torch_rs/_compile_bytecode.py", line 1228, in _handle_call
    _record_method_call(
  File "/data/users/bobren/a/pytorch-rs-burner/.burner/worktrees/agent_38d9746a/.venv/lib/python3.12/site-packages/torch_rs/_compile_bytecode.py", line 1087, in _record_method_call
    _unsupported_bytecode(program, instruction, "Tensor.reshape requires constant dimensions")
  File "/data/users/bobren/a/pytorch-rs-burner/.burner/worktrees/agent_38d9746a/.venv/lib/python3.12/site-packages/torch_rs/_compile_bytecode.py", line 317, in _unsupported_bytecode
    raise _trace.CompileTraceUnsupportedError(
torch_rs._compile_trace.CompileTraceUnsupportedError: torch.compile trace bytecode lowering does not support Tensor.reshape requires constant dimensions in 'program': CALL

======================================================================
ERROR: test_tensor_valued_invalid_binding_before_execution (tests.test_compile_cuda_reshape.CompileCudaReshapeTests.test_tensor_valued_invalid_binding_before_execution) (policy=(True, None), attempt=1, expression='(shape=(1,), foo=x)', prefix='a = x')
----------------------------------------------------------------------
Traceback (most recent call last):
  File "/data/users/bobren/a/pytorch-rs-burner/.burner/worktrees/agent_38d9746a/tests/test_compile_cuda_reshape.py", line 217, in test_tensor_valued_invalid_binding_before_execution
    call_without_python(compiled, {fn.__code__}, x)
  File "/data/users/bobren/a/pytorch-rs-burner/.burner/worktrees/agent_38d9746a/tests/test_compile_cuda_mul_scalar.py", line 72, in call_without_python
    return compiled(*args)
           ^^^^^^^^^^^^^^^
  File "/data/users/bobren/a/pytorch-rs-burner/.burner/worktrees/agent_38d9746a/.venv/lib/python3.12/site-packages/torch_rs/__init__.py", line 442, in compiled_model
    result = implementation(*args, **kwargs)
             ^^^^^^^^^^^^^^^^^^^^^^^^^^^^^^^
  File "/data/users/bobren/a/pytorch-rs-burner/.burner/worktrees/agent_38d9746a/.venv/lib/python3.12/site-packages/torch_rs/__init__.py", line 840, in compiled_model
    graph = _compile_bytecode.lower_one_input_compile_graph(
            ^^^^^^^^^^^^^^^^^^^^^^^^^^^^^^^^^^^^^^^^^^^^^^^^
  File "/data/users/bobren/a/pytorch-rs-burner/.burner/worktrees/agent_38d9746a/.venv/lib/python3.12/site-packages/torch_rs/_compile_bytecode.py", line 1542, in lower_one_input_compile_graph
    return lower_compile_graph(
           ^^^^^^^^^^^^^^^^^^^^
  File "/data/users/bobren/a/pytorch-rs-burner/.burner/worktrees/agent_38d9746a/.venv/lib/python3.12/site-packages/torch_rs/_compile_bytecode.py", line 1522, in lower_compile_graph
    output = _lower_function_body(
             ^^^^^^^^^^^^^^^^^^^^^
  File "/data/users/bobren/a/pytorch-rs-burner/.burner/worktrees/agent_38d9746a/.venv/lib/python3.12/site-packages/torch_rs/_compile_bytecode.py", line 1067, in _lower_function_body
    output = _lower_instruction(
             ^^^^^^^^^^^^^^^^^^^
  File "/data/users/bobren/a/pytorch-rs-burner/.burner/worktrees/agent_38d9746a/.venv/lib/python3.12/site-packages/torch_rs/_compile_bytecode.py", line 1468, in _lower_instruction
    return _OPCODE_HANDLERS[kind](
           ^^^^^^^^^^^^^^^^^^^^^^^
  File "/data/users/bobren/a/pytorch-rs-burner/.burner/worktrees/agent_38d9746a/.venv/lib/python3.12/site-packages/torch_rs/_compile_bytecode.py", line 1228, in _handle_call
    _record_method_call(
  File "/data/users/bobren/a/pytorch-rs-burner/.burner/worktrees/agent_38d9746a/.venv/lib/python3.12/site-packages/torch_rs/_compile_bytecode.py", line 1087, in _record_method_call
    _unsupported_bytecode(program, instruction, "Tensor.reshape requires constant dimensions")
  File "/data/users/bobren/a/pytorch-rs-burner/.burner/worktrees/agent_38d9746a/.venv/lib/python3.12/site-packages/torch_rs/_compile_bytecode.py", line 317, in _unsupported_bytecode
    raise _trace.CompileTraceUnsupportedError(
torch_rs._compile_trace.CompileTraceUnsupportedError: torch.compile trace bytecode lowering does not support Tensor.reshape requires constant dimensions in 'program': CALL

======================================================================
ERROR: test_tensor_valued_invalid_binding_before_execution (tests.test_compile_cuda_reshape.CompileCudaReshapeTests.test_tensor_valued_invalid_binding_before_execution) (policy=(True, False), attempt=0, expression='(shape=(1,), foo=x)', prefix='a = x')
----------------------------------------------------------------------
Traceback (most recent call last):
  File "/data/users/bobren/a/pytorch-rs-burner/.burner/worktrees/agent_38d9746a/tests/test_compile_cuda_reshape.py", line 217, in test_tensor_valued_invalid_binding_before_execution
    call_without_python(compiled, {fn.__code__}, x)
  File "/data/users/bobren/a/pytorch-rs-burner/.burner/worktrees/agent_38d9746a/tests/test_compile_cuda_mul_scalar.py", line 72, in call_without_python
    return compiled(*args)
           ^^^^^^^^^^^^^^^
  File "/data/users/bobren/a/pytorch-rs-burner/.burner/worktrees/agent_38d9746a/.venv/lib/python3.12/site-packages/torch_rs/__init__.py", line 442, in compiled_model
    result = implementation(*args, **kwargs)
             ^^^^^^^^^^^^^^^^^^^^^^^^^^^^^^^
  File "/data/users/bobren/a/pytorch-rs-burner/.burner/worktrees/agent_38d9746a/.venv/lib/python3.12/site-packages/torch_rs/__init__.py", line 840, in compiled_model
    graph = _compile_bytecode.lower_one_input_compile_graph(
            ^^^^^^^^^^^^^^^^^^^^^^^^^^^^^^^^^^^^^^^^^^^^^^^^
  File "/data/users/bobren/a/pytorch-rs-burner/.burner/worktrees/agent_38d9746a/.venv/lib/python3.12/site-packages/torch_rs/_compile_bytecode.py", line 1542, in lower_one_input_compile_graph
    return lower_compile_graph(
           ^^^^^^^^^^^^^^^^^^^^
  File "/data/users/bobren/a/pytorch-rs-burner/.burner/worktrees/agent_38d9746a/.venv/lib/python3.12/site-packages/torch_rs/_compile_bytecode.py", line 1522, in lower_compile_graph
    output = _lower_function_body(
             ^^^^^^^^^^^^^^^^^^^^^
  File "/data/users/bobren/a/pytorch-rs-burner/.burner/worktrees/agent_38d9746a/.venv/lib/python3.12/site-packages/torch_rs/_compile_bytecode.py", line 1067, in _lower_function_body
    output = _lower_instruction(
             ^^^^^^^^^^^^^^^^^^^
  File "/data/users/bobren/a/pytorch-rs-burner/.burner/worktrees/agent_38d9746a/.venv/lib/python3.12/site-packages/torch_rs/_compile_bytecode.py", line 1468, in _lower_instruction
    return _OPCODE_HANDLERS[kind](
           ^^^^^^^^^^^^^^^^^^^^^^^
  File "/data/users/bobren/a/pytorch-rs-burner/.burner/worktrees/agent_38d9746a/.venv/lib/python3.12/site-packages/torch_rs/_compile_bytecode.py", line 1228, in _handle_call
    _record_method_call(
  File "/data/users/bobren/a/pytorch-rs-burner/.burner/worktrees/agent_38d9746a/.venv/lib/python3.12/site-packages/torch_rs/_compile_bytecode.py", line 1087, in _record_method_call
    _unsupported_bytecode(program, instruction, "Tensor.reshape requires constant dimensions")
  File "/data/users/bobren/a/pytorch-rs-burner/.burner/worktrees/agent_38d9746a/.venv/lib/python3.12/site-packages/torch_rs/_compile_bytecode.py", line 317, in _unsupported_bytecode
    raise _trace.CompileTraceUnsupportedError(
torch_rs._compile_trace.CompileTraceUnsupportedError: torch.compile trace bytecode lowering does not support Tensor.reshape requires constant dimensions in 'program': CALL

======================================================================
ERROR: test_tensor_valued_invalid_binding_before_execution (tests.test_compile_cuda_reshape.CompileCudaReshapeTests.test_tensor_valued_invalid_binding_before_execution) (policy=(True, False), attempt=1, expression='(shape=(1,), foo=x)', prefix='a = x')
----------------------------------------------------------------------
Traceback (most recent call last):
  File "/data/users/bobren/a/pytorch-rs-burner/.burner/worktrees/agent_38d9746a/tests/test_compile_cuda_reshape.py", line 217, in test_tensor_valued_invalid_binding_before_execution
    call_without_python(compiled, {fn.__code__}, x)
  File "/data/users/bobren/a/pytorch-rs-burner/.burner/worktrees/agent_38d9746a/tests/test_compile_cuda_mul_scalar.py", line 72, in call_without_python
    return compiled(*args)
           ^^^^^^^^^^^^^^^
  File "/data/users/bobren/a/pytorch-rs-burner/.burner/worktrees/agent_38d9746a/.venv/lib/python3.12/site-packages/torch_rs/__init__.py", line 442, in compiled_model
    result = implementation(*args, **kwargs)
             ^^^^^^^^^^^^^^^^^^^^^^^^^^^^^^^
  File "/data/users/bobren/a/pytorch-rs-burner/.burner/worktrees/agent_38d9746a/.venv/lib/python3.12/site-packages/torch_rs/__init__.py", line 840, in compiled_model
    graph = _compile_bytecode.lower_one_input_compile_graph(
            ^^^^^^^^^^^^^^^^^^^^^^^^^^^^^^^^^^^^^^^^^^^^^^^^
  File "/data/users/bobren/a/pytorch-rs-burner/.burner/worktrees/agent_38d9746a/.venv/lib/python3.12/site-packages/torch_rs/_compile_bytecode.py", line 1542, in lower_one_input_compile_graph
    return lower_compile_graph(
           ^^^^^^^^^^^^^^^^^^^^
  File "/data/users/bobren/a/pytorch-rs-burner/.burner/worktrees/agent_38d9746a/.venv/lib/python3.12/site-packages/torch_rs/_compile_bytecode.py", line 1522, in lower_compile_graph
    output = _lower_function_body(
             ^^^^^^^^^^^^^^^^^^^^^
  File "/data/users/bobren/a/pytorch-rs-burner/.burner/worktrees/agent_38d9746a/.venv/lib/python3.12/site-packages/torch_rs/_compile_bytecode.py", line 1067, in _lower_function_body
    output = _lower_instruction(
             ^^^^^^^^^^^^^^^^^^^
  File "/data/users/bobren/a/pytorch-rs-burner/.burner/worktrees/agent_38d9746a/.venv/lib/python3.12/site-packages/torch_rs/_compile_bytecode.py", line 1468, in _lower_instruction
    return _OPCODE_HANDLERS[kind](
           ^^^^^^^^^^^^^^^^^^^^^^^
  File "/data/users/bobren/a/pytorch-rs-burner/.burner/worktrees/agent_38d9746a/.venv/lib/python3.12/site-packages/torch_rs/_compile_bytecode.py", line 1228, in _handle_call
    _record_method_call(
  File "/data/users/bobren/a/pytorch-rs-burner/.burner/worktrees/agent_38d9746a/.venv/lib/python3.12/site-packages/torch_rs/_compile_bytecode.py", line 1087, in _record_method_call
    _unsupported_bytecode(program, instruction, "Tensor.reshape requires constant dimensions")
  File "/data/users/bobren/a/pytorch-rs-burner/.burner/worktrees/agent_38d9746a/.venv/lib/python3.12/site-packages/torch_rs/_compile_bytecode.py", line 317, in _unsupported_bytecode
    raise _trace.CompileTraceUnsupportedError(
torch_rs._compile_trace.CompileTraceUnsupportedError: torch.compile trace bytecode lowering does not support Tensor.reshape requires constant dimensions in 'program': CALL

======================================================================
ERROR: test_tensor_valued_invalid_binding_before_execution (tests.test_compile_cuda_reshape.CompileCudaReshapeTests.test_tensor_valued_invalid_binding_before_execution) (policy=(True, True), attempt=0, expression='(shape=(1,), foo=x)', prefix='a = x')
----------------------------------------------------------------------
Traceback (most recent call last):
  File "/data/users/bobren/a/pytorch-rs-burner/.burner/worktrees/agent_38d9746a/tests/test_compile_cuda_reshape.py", line 217, in test_tensor_valued_invalid_binding_before_execution
    call_without_python(compiled, {fn.__code__}, x)
  File "/data/users/bobren/a/pytorch-rs-burner/.burner/worktrees/agent_38d9746a/tests/test_compile_cuda_mul_scalar.py", line 72, in call_without_python
    return compiled(*args)
           ^^^^^^^^^^^^^^^
  File "/data/users/bobren/a/pytorch-rs-burner/.burner/worktrees/agent_38d9746a/.venv/lib/python3.12/site-packages/torch_rs/__init__.py", line 442, in compiled_model
    result = implementation(*args, **kwargs)
             ^^^^^^^^^^^^^^^^^^^^^^^^^^^^^^^
  File "/data/users/bobren/a/pytorch-rs-burner/.burner/worktrees/agent_38d9746a/.venv/lib/python3.12/site-packages/torch_rs/__init__.py", line 840, in compiled_model
    graph = _compile_bytecode.lower_one_input_compile_graph(
            ^^^^^^^^^^^^^^^^^^^^^^^^^^^^^^^^^^^^^^^^^^^^^^^^
  File "/data/users/bobren/a/pytorch-rs-burner/.burner/worktrees/agent_38d9746a/.venv/lib/python3.12/site-packages/torch_rs/_compile_bytecode.py", line 1542, in lower_one_input_compile_graph
    return lower_compile_graph(
           ^^^^^^^^^^^^^^^^^^^^
  File "/data/users/bobren/a/pytorch-rs-burner/.burner/worktrees/agent_38d9746a/.venv/lib/python3.12/site-packages/torch_rs/_compile_bytecode.py", line 1522, in lower_compile_graph
    output = _lower_function_body(
             ^^^^^^^^^^^^^^^^^^^^^
  File "/data/users/bobren/a/pytorch-rs-burner/.burner/worktrees/agent_38d9746a/.venv/lib/python3.12/site-packages/torch_rs/_compile_bytecode.py", line 1067, in _lower_function_body
    output = _lower_instruction(
             ^^^^^^^^^^^^^^^^^^^
  File "/data/users/bobren/a/pytorch-rs-burner/.burner/worktrees/agent_38d9746a/.venv/lib/python3.12/site-packages/torch_rs/_compile_bytecode.py", line 1468, in _lower_instruction
    return _OPCODE_HANDLERS[kind](
           ^^^^^^^^^^^^^^^^^^^^^^^
  File "/data/users/bobren/a/pytorch-rs-burner/.burner/worktrees/agent_38d9746a/.venv/lib/python3.12/site-packages/torch_rs/_compile_bytecode.py", line 1228, in _handle_call
    _record_method_call(
  File "/data/users/bobren/a/pytorch-rs-burner/.burner/worktrees/agent_38d9746a/.venv/lib/python3.12/site-packages/torch_rs/_compile_bytecode.py", line 1087, in _record_method_call
    _unsupported_bytecode(program, instruction, "Tensor.reshape requires constant dimensions")
  File "/data/users/bobren/a/pytorch-rs-burner/.burner/worktrees/agent_38d9746a/.venv/lib/python3.12/site-packages/torch_rs/_compile_bytecode.py", line 317, in _unsupported_bytecode
    raise _trace.CompileTraceUnsupportedError(
torch_rs._compile_trace.CompileTraceUnsupportedError: torch.compile trace bytecode lowering does not support Tensor.reshape requires constant dimensions in 'program': CALL

======================================================================
ERROR: test_tensor_valued_invalid_binding_before_execution (tests.test_compile_cuda_reshape.CompileCudaReshapeTests.test_tensor_valued_invalid_binding_before_execution) (policy=(True, True), attempt=1, expression='(shape=(1,), foo=x)', prefix='a = x')
----------------------------------------------------------------------
Traceback (most recent call last):
  File "/data/users/bobren/a/pytorch-rs-burner/.burner/worktrees/agent_38d9746a/tests/test_compile_cuda_reshape.py", line 217, in test_tensor_valued_invalid_binding_before_execution
    call_without_python(compiled, {fn.__code__}, x)
  File "/data/users/bobren/a/pytorch-rs-burner/.burner/worktrees/agent_38d9746a/tests/test_compile_cuda_mul_scalar.py", line 72, in call_without_python
    return compiled(*args)
           ^^^^^^^^^^^^^^^
  File "/data/users/bobren/a/pytorch-rs-burner/.burner/worktrees/agent_38d9746a/.venv/lib/python3.12/site-packages/torch_rs/__init__.py", line 442, in compiled_model
    result = implementation(*args, **kwargs)
             ^^^^^^^^^^^^^^^^^^^^^^^^^^^^^^^
  File "/data/users/bobren/a/pytorch-rs-burner/.burner/worktrees/agent_38d9746a/.venv/lib/python3.12/site-packages/torch_rs/__init__.py", line 840, in compiled_model
    graph = _compile_bytecode.lower_one_input_compile_graph(
            ^^^^^^^^^^^^^^^^^^^^^^^^^^^^^^^^^^^^^^^^^^^^^^^^
  File "/data/users/bobren/a/pytorch-rs-burner/.burner/worktrees/agent_38d9746a/.venv/lib/python3.12/site-packages/torch_rs/_compile_bytecode.py", line 1542, in lower_one_input_compile_graph
    return lower_compile_graph(
           ^^^^^^^^^^^^^^^^^^^^
  File "/data/users/bobren/a/pytorch-rs-burner/.burner/worktrees/agent_38d9746a/.venv/lib/python3.12/site-packages/torch_rs/_compile_bytecode.py", line 1522, in lower_compile_graph
    output = _lower_function_body(
             ^^^^^^^^^^^^^^^^^^^^^
  File "/data/users/bobren/a/pytorch-rs-burner/.burner/worktrees/agent_38d9746a/.venv/lib/python3.12/site-packages/torch_rs/_compile_bytecode.py", line 1067, in _lower_function_body
    output = _lower_instruction(
             ^^^^^^^^^^^^^^^^^^^
  File "/data/users/bobren/a/pytorch-rs-burner/.burner/worktrees/agent_38d9746a/.venv/lib/python3.12/site-packages/torch_rs/_compile_bytecode.py", line 1468, in _lower_instruction
    return _OPCODE_HANDLERS[kind](
           ^^^^^^^^^^^^^^^^^^^^^^^
  File "/data/users/bobren/a/pytorch-rs-burner/.burner/worktrees/agent_38d9746a/.venv/lib/python3.12/site-packages/torch_rs/_compile_bytecode.py", line 1228, in _handle_call
    _record_method_call(
  File "/data/users/bobren/a/pytorch-rs-burner/.burner/worktrees/agent_38d9746a/.venv/lib/python3.12/site-packages/torch_rs/_compile_bytecode.py", line 1087, in _record_method_call
    _unsupported_bytecode(program, instruction, "Tensor.reshape requires constant dimensions")
  File "/data/users/bobren/a/pytorch-rs-burner/.burner/worktrees/agent_38d9746a/.venv/lib/python3.12/site-packages/torch_rs/_compile_bytecode.py", line 317, in _unsupported_bytecode
    raise _trace.CompileTraceUnsupportedError(
torch_rs._compile_trace.CompileTraceUnsupportedError: torch.compile trace bytecode lowering does not support Tensor.reshape requires constant dimensions in 'program': CALL

======================================================================
ERROR: test_tensor_valued_invalid_binding_before_execution (tests.test_compile_cuda_reshape.CompileCudaReshapeTests.test_tensor_valued_invalid_binding_before_execution) (policy=(False, None), attempt=0, expression='(shape=(1,), foo=x)', prefix='a = x')
----------------------------------------------------------------------
Traceback (most recent call last):
  File "/data/users/bobren/a/pytorch-rs-burner/.burner/worktrees/agent_38d9746a/tests/test_compile_cuda_reshape.py", line 217, in test_tensor_valued_invalid_binding_before_execution
    call_without_python(compiled, {fn.__code__}, x)
  File "/data/users/bobren/a/pytorch-rs-burner/.burner/worktrees/agent_38d9746a/tests/test_compile_cuda_mul_scalar.py", line 72, in call_without_python
    return compiled(*args)
           ^^^^^^^^^^^^^^^
  File "/data/users/bobren/a/pytorch-rs-burner/.burner/worktrees/agent_38d9746a/.venv/lib/python3.12/site-packages/torch_rs/__init__.py", line 442, in compiled_model
    result = implementation(*args, **kwargs)
             ^^^^^^^^^^^^^^^^^^^^^^^^^^^^^^^
  File "/data/users/bobren/a/pytorch-rs-burner/.burner/worktrees/agent_38d9746a/.venv/lib/python3.12/site-packages/torch_rs/__init__.py", line 840, in compiled_model
    graph = _compile_bytecode.lower_one_input_compile_graph(
            ^^^^^^^^^^^^^^^^^^^^^^^^^^^^^^^^^^^^^^^^^^^^^^^^
  File "/data/users/bobren/a/pytorch-rs-burner/.burner/worktrees/agent_38d9746a/.venv/lib/python3.12/site-packages/torch_rs/_compile_bytecode.py", line 1542, in lower_one_input_compile_graph
    return lower_compile_graph(
           ^^^^^^^^^^^^^^^^^^^^
  File "/data/users/bobren/a/pytorch-rs-burner/.burner/worktrees/agent_38d9746a/.venv/lib/python3.12/site-packages/torch_rs/_compile_bytecode.py", line 1522, in lower_compile_graph
    output = _lower_function_body(
             ^^^^^^^^^^^^^^^^^^^^^
  File "/data/users/bobren/a/pytorch-rs-burner/.burner/worktrees/agent_38d9746a/.venv/lib/python3.12/site-packages/torch_rs/_compile_bytecode.py", line 1067, in _lower_function_body
    output = _lower_instruction(
             ^^^^^^^^^^^^^^^^^^^
  File "/data/users/bobren/a/pytorch-rs-burner/.burner/worktrees/agent_38d9746a/.venv/lib/python3.12/site-packages/torch_rs/_compile_bytecode.py", line 1468, in _lower_instruction
    return _OPCODE_HANDLERS[kind](
           ^^^^^^^^^^^^^^^^^^^^^^^
  File "/data/users/bobren/a/pytorch-rs-burner/.burner/worktrees/agent_38d9746a/.venv/lib/python3.12/site-packages/torch_rs/_compile_bytecode.py", line 1228, in _handle_call
    _record_method_call(
  File "/data/users/bobren/a/pytorch-rs-burner/.burner/worktrees/agent_38d9746a/.venv/lib/python3.12/site-packages/torch_rs/_compile_bytecode.py", line 1087, in _record_method_call
    _unsupported_bytecode(program, instruction, "Tensor.reshape requires constant dimensions")
  File "/data/users/bobren/a/pytorch-rs-burner/.burner/worktrees/agent_38d9746a/.venv/lib/python3.12/site-packages/torch_rs/_compile_bytecode.py", line 317, in _unsupported_bytecode
    raise _trace.CompileTraceUnsupportedError(
torch_rs._compile_trace.CompileTraceUnsupportedError: torch.compile trace bytecode lowering does not support Tensor.reshape requires constant dimensions in 'program': CALL

======================================================================
ERROR: test_tensor_valued_invalid_binding_before_execution (tests.test_compile_cuda_reshape.CompileCudaReshapeTests.test_tensor_valued_invalid_binding_before_execution) (policy=(False, None), attempt=1, expression='(shape=(1,), foo=x)', prefix='a = x')
----------------------------------------------------------------------
Traceback (most recent call last):
  File "/data/users/bobren/a/pytorch-rs-burner/.burner/worktrees/agent_38d9746a/tests/test_compile_cuda_reshape.py", line 217, in test_tensor_valued_invalid_binding_before_execution
    call_without_python(compiled, {fn.__code__}, x)
  File "/data/users/bobren/a/pytorch-rs-burner/.burner/worktrees/agent_38d9746a/tests/test_compile_cuda_mul_scalar.py", line 72, in call_without_python
    return compiled(*args)
           ^^^^^^^^^^^^^^^
  File "/data/users/bobren/a/pytorch-rs-burner/.burner/worktrees/agent_38d9746a/.venv/lib/python3.12/site-packages/torch_rs/__init__.py", line 442, in compiled_model
    result = implementation(*args, **kwargs)
             ^^^^^^^^^^^^^^^^^^^^^^^^^^^^^^^
  File "/data/users/bobren/a/pytorch-rs-burner/.burner/worktrees/agent_38d9746a/.venv/lib/python3.12/site-packages/torch_rs/__init__.py", line 840, in compiled_model
    graph = _compile_bytecode.lower_one_input_compile_graph(
            ^^^^^^^^^^^^^^^^^^^^^^^^^^^^^^^^^^^^^^^^^^^^^^^^
  File "/data/users/bobren/a/pytorch-rs-burner/.burner/worktrees/agent_38d9746a/.venv/lib/python3.12/site-packages/torch_rs/_compile_bytecode.py", line 1542, in lower_one_input_compile_graph
    return lower_compile_graph(
           ^^^^^^^^^^^^^^^^^^^^
  File "/data/users/bobren/a/pytorch-rs-burner/.burner/worktrees/agent_38d9746a/.venv/lib/python3.12/site-packages/torch_rs/_compile_bytecode.py", line 1522, in lower_compile_graph
    output = _lower_function_body(
             ^^^^^^^^^^^^^^^^^^^^^
  File "/data/users/bobren/a/pytorch-rs-burner/.burner/worktrees/agent_38d9746a/.venv/lib/python3.12/site-packages/torch_rs/_compile_bytecode.py", line 1067, in _lower_function_body
    output = _lower_instruction(
             ^^^^^^^^^^^^^^^^^^^
  File "/data/users/bobren/a/pytorch-rs-burner/.burner/worktrees/agent_38d9746a/.venv/lib/python3.12/site-packages/torch_rs/_compile_bytecode.py", line 1468, in _lower_instruction
    return _OPCODE_HANDLERS[kind](
           ^^^^^^^^^^^^^^^^^^^^^^^
  File "/data/users/bobren/a/pytorch-rs-burner/.burner/worktrees/agent_38d9746a/.venv/lib/python3.12/site-packages/torch_rs/_compile_bytecode.py", line 1228, in _handle_call
    _record_method_call(
  File "/data/users/bobren/a/pytorch-rs-burner/.burner/worktrees/agent_38d9746a/.venv/lib/python3.12/site-packages/torch_rs/_compile_bytecode.py", line 1087, in _record_method_call
    _unsupported_bytecode(program, instruction, "Tensor.reshape requires constant dimensions")
  File "/data/users/bobren/a/pytorch-rs-burner/.burner/worktrees/agent_38d9746a/.venv/lib/python3.12/site-packages/torch_rs/_compile_bytecode.py", line 317, in _unsupported_bytecode
    raise _trace.CompileTraceUnsupportedError(
torch_rs._compile_trace.CompileTraceUnsupportedError: torch.compile trace bytecode lowering does not support Tensor.reshape requires constant dimensions in 'program': CALL

======================================================================
ERROR: test_tensor_valued_invalid_binding_before_execution (tests.test_compile_cuda_reshape.CompileCudaReshapeTests.test_tensor_valued_invalid_binding_before_execution) (policy=(True, None), attempt=0, expression='(shape=(1,), foo=x)', prefix='a = -x')
----------------------------------------------------------------------
Traceback (most recent call last):
  File "/data/users/bobren/a/pytorch-rs-burner/.burner/worktrees/agent_38d9746a/tests/test_compile_cuda_reshape.py", line 217, in test_tensor_valued_invalid_binding_before_execution
    call_without_python(compiled, {fn.__code__}, x)
  File "/data/users/bobren/a/pytorch-rs-burner/.burner/worktrees/agent_38d9746a/tests/test_compile_cuda_mul_scalar.py", line 72, in call_without_python
    return compiled(*args)
           ^^^^^^^^^^^^^^^
  File "/data/users/bobren/a/pytorch-rs-burner/.burner/worktrees/agent_38d9746a/.venv/lib/python3.12/site-packages/torch_rs/__init__.py", line 442, in compiled_model
    result = implementation(*args, **kwargs)
             ^^^^^^^^^^^^^^^^^^^^^^^^^^^^^^^
  File "/data/users/bobren/a/pytorch-rs-burner/.burner/worktrees/agent_38d9746a/.venv/lib/python3.12/site-packages/torch_rs/__init__.py", line 840, in compiled_model
    graph = _compile_bytecode.lower_one_input_compile_graph(
            ^^^^^^^^^^^^^^^^^^^^^^^^^^^^^^^^^^^^^^^^^^^^^^^^
  File "/data/users/bobren/a/pytorch-rs-burner/.burner/worktrees/agent_38d9746a/.venv/lib/python3.12/site-packages/torch_rs/_compile_bytecode.py", line 1542, in lower_one_input_compile_graph
    return lower_compile_graph(
           ^^^^^^^^^^^^^^^^^^^^
  File "/data/users/bobren/a/pytorch-rs-burner/.burner/worktrees/agent_38d9746a/.venv/lib/python3.12/site-packages/torch_rs/_compile_bytecode.py", line 1522, in lower_compile_graph
    output = _lower_function_body(
             ^^^^^^^^^^^^^^^^^^^^^
  File "/data/users/bobren/a/pytorch-rs-burner/.burner/worktrees/agent_38d9746a/.venv/lib/python3.12/site-packages/torch_rs/_compile_bytecode.py", line 1067, in _lower_function_body
    output = _lower_instruction(
             ^^^^^^^^^^^^^^^^^^^
  File "/data/users/bobren/a/pytorch-rs-burner/.burner/worktrees/agent_38d9746a/.venv/lib/python3.12/site-packages/torch_rs/_compile_bytecode.py", line 1468, in _lower_instruction
    return _OPCODE_HANDLERS[kind](
           ^^^^^^^^^^^^^^^^^^^^^^^
  File "/data/users/bobren/a/pytorch-rs-burner/.burner/worktrees/agent_38d9746a/.venv/lib/python3.12/site-packages/torch_rs/_compile_bytecode.py", line 1228, in _handle_call
    _record_method_call(
  File "/data/users/bobren/a/pytorch-rs-burner/.burner/worktrees/agent_38d9746a/.venv/lib/python3.12/site-packages/torch_rs/_compile_bytecode.py", line 1087, in _record_method_call
    _unsupported_bytecode(program, instruction, "Tensor.reshape requires constant dimensions")
  File "/data/users/bobren/a/pytorch-rs-burner/.burner/worktrees/agent_38d9746a/.venv/lib/python3.12/site-packages/torch_rs/_compile_bytecode.py", line 317, in _unsupported_bytecode
    raise _trace.CompileTraceUnsupportedError(
torch_rs._compile_trace.CompileTraceUnsupportedError: torch.compile trace bytecode lowering does not support Tensor.reshape requires constant dimensions in 'program': CALL

======================================================================
ERROR: test_tensor_valued_invalid_binding_before_execution (tests.test_compile_cuda_reshape.CompileCudaReshapeTests.test_tensor_valued_invalid_binding_before_execution) (policy=(True, None), attempt=1, expression='(shape=(1,), foo=x)', prefix='a = -x')
----------------------------------------------------------------------
Traceback (most recent call last):
  File "/data/users/bobren/a/pytorch-rs-burner/.burner/worktrees/agent_38d9746a/tests/test_compile_cuda_reshape.py", line 217, in test_tensor_valued_invalid_binding_before_execution
    call_without_python(compiled, {fn.__code__}, x)
  File "/data/users/bobren/a/pytorch-rs-burner/.burner/worktrees/agent_38d9746a/tests/test_compile_cuda_mul_scalar.py", line 72, in call_without_python
    return compiled(*args)
           ^^^^^^^^^^^^^^^
  File "/data/users/bobren/a/pytorch-rs-burner/.burner/worktrees/agent_38d9746a/.venv/lib/python3.12/site-packages/torch_rs/__init__.py", line 442, in compiled_model
    result = implementation(*args, **kwargs)
             ^^^^^^^^^^^^^^^^^^^^^^^^^^^^^^^
  File "/data/users/bobren/a/pytorch-rs-burner/.burner/worktrees/agent_38d9746a/.venv/lib/python3.12/site-packages/torch_rs/__init__.py", line 840, in compiled_model
    graph = _compile_bytecode.lower_one_input_compile_graph(
            ^^^^^^^^^^^^^^^^^^^^^^^^^^^^^^^^^^^^^^^^^^^^^^^^
  File "/data/users/bobren/a/pytorch-rs-burner/.burner/worktrees/agent_38d9746a/.venv/lib/python3.12/site-packages/torch_rs/_compile_bytecode.py", line 1542, in lower_one_input_compile_graph
    return lower_compile_graph(
           ^^^^^^^^^^^^^^^^^^^^
  File "/data/users/bobren/a/pytorch-rs-burner/.burner/worktrees/agent_38d9746a/.venv/lib/python3.12/site-packages/torch_rs/_compile_bytecode.py", line 1522, in lower_compile_graph
    output = _lower_function_body(
             ^^^^^^^^^^^^^^^^^^^^^
  File "/data/users/bobren/a/pytorch-rs-burner/.burner/worktrees/agent_38d9746a/.venv/lib/python3.12/site-packages/torch_rs/_compile_bytecode.py", line 1067, in _lower_function_body
    output = _lower_instruction(
             ^^^^^^^^^^^^^^^^^^^
  File "/data/users/bobren/a/pytorch-rs-burner/.burner/worktrees/agent_38d9746a/.venv/lib/python3.12/site-packages/torch_rs/_compile_bytecode.py", line 1468, in _lower_instruction
    return _OPCODE_HANDLERS[kind](
           ^^^^^^^^^^^^^^^^^^^^^^^
  File "/data/users/bobren/a/pytorch-rs-burner/.burner/worktrees/agent_38d9746a/.venv/lib/python3.12/site-packages/torch_rs/_compile_bytecode.py", line 1228, in _handle_call
    _record_method_call(
  File "/data/users/bobren/a/pytorch-rs-burner/.burner/worktrees/agent_38d9746a/.venv/lib/python3.12/site-packages/torch_rs/_compile_bytecode.py", line 1087, in _record_method_call
    _unsupported_bytecode(program, instruction, "Tensor.reshape requires constant dimensions")
  File "/data/users/bobren/a/pytorch-rs-burner/.burner/worktrees/agent_38d9746a/.venv/lib/python3.12/site-packages/torch_rs/_compile_bytecode.py", line 317, in _unsupported_bytecode
    raise _trace.CompileTraceUnsupportedError(
torch_rs._compile_trace.CompileTraceUnsupportedError: torch.compile trace bytecode lowering does not support Tensor.reshape requires constant dimensions in 'program': CALL

======================================================================
ERROR: test_tensor_valued_invalid_binding_before_execution (tests.test_compile_cuda_reshape.CompileCudaReshapeTests.test_tensor_valued_invalid_binding_before_execution) (policy=(True, False), attempt=0, expression='(shape=(1,), foo=x)', prefix='a = -x')
----------------------------------------------------------------------
Traceback (most recent call last):
  File "/data/users/bobren/a/pytorch-rs-burner/.burner/worktrees/agent_38d9746a/tests/test_compile_cuda_reshape.py", line 217, in test_tensor_valued_invalid_binding_before_execution
    call_without_python(compiled, {fn.__code__}, x)
  File "/data/users/bobren/a/pytorch-rs-burner/.burner/worktrees/agent_38d9746a/tests/test_compile_cuda_mul_scalar.py", line 72, in call_without_python
    return compiled(*args)
           ^^^^^^^^^^^^^^^
  File "/data/users/bobren/a/pytorch-rs-burner/.burner/worktrees/agent_38d9746a/.venv/lib/python3.12/site-packages/torch_rs/__init__.py", line 442, in compiled_model
    result = implementation(*args, **kwargs)
             ^^^^^^^^^^^^^^^^^^^^^^^^^^^^^^^
  File "/data/users/bobren/a/pytorch-rs-burner/.burner/worktrees/agent_38d9746a/.venv/lib/python3.12/site-packages/torch_rs/__init__.py", line 840, in compiled_model
    graph = _compile_bytecode.lower_one_input_compile_graph(
            ^^^^^^^^^^^^^^^^^^^^^^^^^^^^^^^^^^^^^^^^^^^^^^^^
  File "/data/users/bobren/a/pytorch-rs-burner/.burner/worktrees/agent_38d9746a/.venv/lib/python3.12/site-packages/torch_rs/_compile_bytecode.py", line 1542, in lower_one_input_compile_graph
    return lower_compile_graph(
           ^^^^^^^^^^^^^^^^^^^^
  File "/data/users/bobren/a/pytorch-rs-burner/.burner/worktrees/agent_38d9746a/.venv/lib/python3.12/site-packages/torch_rs/_compile_bytecode.py", line 1522, in lower_compile_graph
    output = _lower_function_body(
             ^^^^^^^^^^^^^^^^^^^^^
  File "/data/users/bobren/a/pytorch-rs-burner/.burner/worktrees/agent_38d9746a/.venv/lib/python3.12/site-packages/torch_rs/_compile_bytecode.py", line 1067, in _lower_function_body
    output = _lower_instruction(
             ^^^^^^^^^^^^^^^^^^^
  File "/data/users/bobren/a/pytorch-rs-burner/.burner/worktrees/agent_38d9746a/.venv/lib/python3.12/site-packages/torch_rs/_compile_bytecode.py", line 1468, in _lower_instruction
    return _OPCODE_HANDLERS[kind](
           ^^^^^^^^^^^^^^^^^^^^^^^
  File "/data/users/bobren/a/pytorch-rs-burner/.burner/worktrees/agent_38d9746a/.venv/lib/python3.12/site-packages/torch_rs/_compile_bytecode.py", line 1228, in _handle_call
    _record_method_call(
  File "/data/users/bobren/a/pytorch-rs-burner/.burner/worktrees/agent_38d9746a/.venv/lib/python3.12/site-packages/torch_rs/_compile_bytecode.py", line 1087, in _record_method_call
    _unsupported_bytecode(program, instruction, "Tensor.reshape requires constant dimensions")
  File "/data/users/bobren/a/pytorch-rs-burner/.burner/worktrees/agent_38d9746a/.venv/lib/python3.12/site-packages/torch_rs/_compile_bytecode.py", line 317, in _unsupported_bytecode
    raise _trace.CompileTraceUnsupportedError(
torch_rs._compile_trace.CompileTraceUnsupportedError: torch.compile trace bytecode lowering does not support Tensor.reshape requires constant dimensions in 'program': CALL

======================================================================
ERROR: test_tensor_valued_invalid_binding_before_execution (tests.test_compile_cuda_reshape.CompileCudaReshapeTests.test_tensor_valued_invalid_binding_before_execution) (policy=(True, False), attempt=1, expression='(shape=(1,), foo=x)', prefix='a = -x')
----------------------------------------------------------------------
Traceback (most recent call last):
  File "/data/users/bobren/a/pytorch-rs-burner/.burner/worktrees/agent_38d9746a/tests/test_compile_cuda_reshape.py", line 217, in test_tensor_valued_invalid_binding_before_execution
    call_without_python(compiled, {fn.__code__}, x)
  File "/data/users/bobren/a/pytorch-rs-burner/.burner/worktrees/agent_38d9746a/tests/test_compile_cuda_mul_scalar.py", line 72, in call_without_python
    return compiled(*args)
           ^^^^^^^^^^^^^^^
  File "/data/users/bobren/a/pytorch-rs-burner/.burner/worktrees/agent_38d9746a/.venv/lib/python3.12/site-packages/torch_rs/__init__.py", line 442, in compiled_model
    result = implementation(*args, **kwargs)
             ^^^^^^^^^^^^^^^^^^^^^^^^^^^^^^^
  File "/data/users/bobren/a/pytorch-rs-burner/.burner/worktrees/agent_38d9746a/.venv/lib/python3.12/site-packages/torch_rs/__init__.py", line 840, in compiled_model
    graph = _compile_bytecode.lower_one_input_compile_graph(
            ^^^^^^^^^^^^^^^^^^^^^^^^^^^^^^^^^^^^^^^^^^^^^^^^
  File "/data/users/bobren/a/pytorch-rs-burner/.burner/worktrees/agent_38d9746a/.venv/lib/python3.12/site-packages/torch_rs/_compile_bytecode.py", line 1542, in lower_one_input_compile_graph
    return lower_compile_graph(
           ^^^^^^^^^^^^^^^^^^^^
  File "/data/users/bobren/a/pytorch-rs-burner/.burner/worktrees/agent_38d9746a/.venv/lib/python3.12/site-packages/torch_rs/_compile_bytecode.py", line 1522, in lower_compile_graph
    output = _lower_function_body(
             ^^^^^^^^^^^^^^^^^^^^^
  File "/data/users/bobren/a/pytorch-rs-burner/.burner/worktrees/agent_38d9746a/.venv/lib/python3.12/site-packages/torch_rs/_compile_bytecode.py", line 1067, in _lower_function_body
    output = _lower_instruction(
             ^^^^^^^^^^^^^^^^^^^
  File "/data/users/bobren/a/pytorch-rs-burner/.burner/worktrees/agent_38d9746a/.venv/lib/python3.12/site-packages/torch_rs/_compile_bytecode.py", line 1468, in _lower_instruction
    return _OPCODE_HANDLERS[kind](
           ^^^^^^^^^^^^^^^^^^^^^^^
  File "/data/users/bobren/a/pytorch-rs-burner/.burner/worktrees/agent_38d9746a/.venv/lib/python3.12/site-packages/torch_rs/_compile_bytecode.py", line 1228, in _handle_call
    _record_method_call(
  File "/data/users/bobren/a/pytorch-rs-burner/.burner/worktrees/agent_38d9746a/.venv/lib/python3.12/site-packages/torch_rs/_compile_bytecode.py", line 1087, in _record_method_call
    _unsupported_bytecode(program, instruction, "Tensor.reshape requires constant dimensions")
  File "/data/users/bobren/a/pytorch-rs-burner/.burner/worktrees/agent_38d9746a/.venv/lib/python3.12/site-packages/torch_rs/_compile_bytecode.py", line 317, in _unsupported_bytecode
    raise _trace.CompileTraceUnsupportedError(
torch_rs._compile_trace.CompileTraceUnsupportedError: torch.compile trace bytecode lowering does not support Tensor.reshape requires constant dimensions in 'program': CALL

======================================================================
ERROR: test_tensor_valued_invalid_binding_before_execution (tests.test_compile_cuda_reshape.CompileCudaReshapeTests.test_tensor_valued_invalid_binding_before_execution) (policy=(True, True), attempt=0, expression='(shape=(1,), foo=x)', prefix='a = -x')
----------------------------------------------------------------------
Traceback (most recent call last):
  File "/data/users/bobren/a/pytorch-rs-burner/.burner/worktrees/agent_38d9746a/tests/test_compile_cuda_reshape.py", line 217, in test_tensor_valued_invalid_binding_before_execution
    call_without_python(compiled, {fn.__code__}, x)
  File "/data/users/bobren/a/pytorch-rs-burner/.burner/worktrees/agent_38d9746a/tests/test_compile_cuda_mul_scalar.py", line 72, in call_without_python
    return compiled(*args)
           ^^^^^^^^^^^^^^^
  File "/data/users/bobren/a/pytorch-rs-burner/.burner/worktrees/agent_38d9746a/.venv/lib/python3.12/site-packages/torch_rs/__init__.py", line 442, in compiled_model
    result = implementation(*args, **kwargs)
             ^^^^^^^^^^^^^^^^^^^^^^^^^^^^^^^
  File "/data/users/bobren/a/pytorch-rs-burner/.burner/worktrees/agent_38d9746a/.venv/lib/python3.12/site-packages/torch_rs/__init__.py", line 840, in compiled_model
    graph = _compile_bytecode.lower_one_input_compile_graph(
            ^^^^^^^^^^^^^^^^^^^^^^^^^^^^^^^^^^^^^^^^^^^^^^^^
  File "/data/users/bobren/a/pytorch-rs-burner/.burner/worktrees/agent_38d9746a/.venv/lib/python3.12/site-packages/torch_rs/_compile_bytecode.py", line 1542, in lower_one_input_compile_graph
    return lower_compile_graph(
           ^^^^^^^^^^^^^^^^^^^^
  File "/data/users/bobren/a/pytorch-rs-burner/.burner/worktrees/agent_38d9746a/.venv/lib/python3.12/site-packages/torch_rs/_compile_bytecode.py", line 1522, in lower_compile_graph
    output = _lower_function_body(
             ^^^^^^^^^^^^^^^^^^^^^
  File "/data/users/bobren/a/pytorch-rs-burner/.burner/worktrees/agent_38d9746a/.venv/lib/python3.12/site-packages/torch_rs/_compile_bytecode.py", line 1067, in _lower_function_body
    output = _lower_instruction(
             ^^^^^^^^^^^^^^^^^^^
  File "/data/users/bobren/a/pytorch-rs-burner/.burner/worktrees/agent_38d9746a/.venv/lib/python3.12/site-packages/torch_rs/_compile_bytecode.py", line 1468, in _lower_instruction
    return _OPCODE_HANDLERS[kind](
           ^^^^^^^^^^^^^^^^^^^^^^^
  File "/data/users/bobren/a/pytorch-rs-burner/.burner/worktrees/agent_38d9746a/.venv/lib/python3.12/site-packages/torch_rs/_compile_bytecode.py", line 1228, in _handle_call
    _record_method_call(
  File "/data/users/bobren/a/pytorch-rs-burner/.burner/worktrees/agent_38d9746a/.venv/lib/python3.12/site-packages/torch_rs/_compile_bytecode.py", line 1087, in _record_method_call
    _unsupported_bytecode(program, instruction, "Tensor.reshape requires constant dimensions")
  File "/data/users/bobren/a/pytorch-rs-burner/.burner/worktrees/agent_38d9746a/.venv/lib/python3.12/site-packages/torch_rs/_compile_bytecode.py", line 317, in _unsupported_bytecode
    raise _trace.CompileTraceUnsupportedError(
torch_rs._compile_trace.CompileTraceUnsupportedError: torch.compile trace bytecode lowering does not support Tensor.reshape requires constant dimensions in 'program': CALL

======================================================================
ERROR: test_tensor_valued_invalid_binding_before_execution (tests.test_compile_cuda_reshape.CompileCudaReshapeTests.test_tensor_valued_invalid_binding_before_execution) (policy=(True, True), attempt=1, expression='(shape=(1,), foo=x)', prefix='a = -x')
----------------------------------------------------------------------
Traceback (most recent call last):
  File "/data/users/bobren/a/pytorch-rs-burner/.burner/worktrees/agent_38d9746a/tests/test_compile_cuda_reshape.py", line 217, in test_tensor_valued_invalid_binding_before_execution
    call_without_python(compiled, {fn.__code__}, x)
  File "/data/users/bobren/a/pytorch-rs-burner/.burner/worktrees/agent_38d9746a/tests/test_compile_cuda_mul_scalar.py", line 72, in call_without_python
    return compiled(*args)
           ^^^^^^^^^^^^^^^
  File "/data/users/bobren/a/pytorch-rs-burner/.burner/worktrees/agent_38d9746a/.venv/lib/python3.12/site-packages/torch_rs/__init__.py", line 442, in compiled_model
    result = implementation(*args, **kwargs)
             ^^^^^^^^^^^^^^^^^^^^^^^^^^^^^^^
  File "/data/users/bobren/a/pytorch-rs-burner/.burner/worktrees/agent_38d9746a/.venv/lib/python3.12/site-packages/torch_rs/__init__.py", line 840, in compiled_model
    graph = _compile_bytecode.lower_one_input_compile_graph(
            ^^^^^^^^^^^^^^^^^^^^^^^^^^^^^^^^^^^^^^^^^^^^^^^^
  File "/data/users/bobren/a/pytorch-rs-burner/.burner/worktrees/agent_38d9746a/.venv/lib/python3.12/site-packages/torch_rs/_compile_bytecode.py", line 1542, in lower_one_input_compile_graph
    return lower_compile_graph(
           ^^^^^^^^^^^^^^^^^^^^
  File "/data/users/bobren/a/pytorch-rs-burner/.burner/worktrees/agent_38d9746a/.venv/lib/python3.12/site-packages/torch_rs/_compile_bytecode.py", line 1522, in lower_compile_graph
    output = _lower_function_body(
             ^^^^^^^^^^^^^^^^^^^^^
  File "/data/users/bobren/a/pytorch-rs-burner/.burner/worktrees/agent_38d9746a/.venv/lib/python3.12/site-packages/torch_rs/_compile_bytecode.py", line 1067, in _lower_function_body
    output = _lower_instruction(
             ^^^^^^^^^^^^^^^^^^^
  File "/data/users/bobren/a/pytorch-rs-burner/.burner/worktrees/agent_38d9746a/.venv/lib/python3.12/site-packages/torch_rs/_compile_bytecode.py", line 1468, in _lower_instruction
    return _OPCODE_HANDLERS[kind](
           ^^^^^^^^^^^^^^^^^^^^^^^
  File "/data/users/bobren/a/pytorch-rs-burner/.burner/worktrees/agent_38d9746a/.venv/lib/python3.12/site-packages/torch_rs/_compile_bytecode.py", line 1228, in _handle_call
    _record_method_call(
  File "/data/users/bobren/a/pytorch-rs-burner/.burner/worktrees/agent_38d9746a/.venv/lib/python3.12/site-packages/torch_rs/_compile_bytecode.py", line 1087, in _record_method_call
    _unsupported_bytecode(program, instruction, "Tensor.reshape requires constant dimensions")
  File "/data/users/bobren/a/pytorch-rs-burner/.burner/worktrees/agent_38d9746a/.venv/lib/python3.12/site-packages/torch_rs/_compile_bytecode.py", line 317, in _unsupported_bytecode
    raise _trace.CompileTraceUnsupportedError(
torch_rs._compile_trace.CompileTraceUnsupportedError: torch.compile trace bytecode lowering does not support Tensor.reshape requires constant dimensions in 'program': CALL

======================================================================
ERROR: test_tensor_valued_invalid_binding_before_execution (tests.test_compile_cuda_reshape.CompileCudaReshapeTests.test_tensor_valued_invalid_binding_before_execution) (policy=(False, None), attempt=0, expression='(shape=(1,), foo=x)', prefix='a = -x')
----------------------------------------------------------------------
Traceback (most recent call last):
  File "/data/users/bobren/a/pytorch-rs-burner/.burner/worktrees/agent_38d9746a/tests/test_compile_cuda_reshape.py", line 217, in test_tensor_valued_invalid_binding_before_execution
    call_without_python(compiled, {fn.__code__}, x)
  File "/data/users/bobren/a/pytorch-rs-burner/.burner/worktrees/agent_38d9746a/tests/test_compile_cuda_mul_scalar.py", line 72, in call_without_python
    return compiled(*args)
           ^^^^^^^^^^^^^^^
  File "/data/users/bobren/a/pytorch-rs-burner/.burner/worktrees/agent_38d9746a/.venv/lib/python3.12/site-packages/torch_rs/__init__.py", line 442, in compiled_model
    result = implementation(*args, **kwargs)
             ^^^^^^^^^^^^^^^^^^^^^^^^^^^^^^^
  File "/data/users/bobren/a/pytorch-rs-burner/.burner/worktrees/agent_38d9746a/.venv/lib/python3.12/site-packages/torch_rs/__init__.py", line 840, in compiled_model
    graph = _compile_bytecode.lower_one_input_compile_graph(
            ^^^^^^^^^^^^^^^^^^^^^^^^^^^^^^^^^^^^^^^^^^^^^^^^
  File "/data/users/bobren/a/pytorch-rs-burner/.burner/worktrees/agent_38d9746a/.venv/lib/python3.12/site-packages/torch_rs/_compile_bytecode.py", line 1542, in lower_one_input_compile_graph
    return lower_compile_graph(
           ^^^^^^^^^^^^^^^^^^^^
  File "/data/users/bobren/a/pytorch-rs-burner/.burner/worktrees/agent_38d9746a/.venv/lib/python3.12/site-packages/torch_rs/_compile_bytecode.py", line 1522, in lower_compile_graph
    output = _lower_function_body(
             ^^^^^^^^^^^^^^^^^^^^^
  File "/data/users/bobren/a/pytorch-rs-burner/.burner/worktrees/agent_38d9746a/.venv/lib/python3.12/site-packages/torch_rs/_compile_bytecode.py", line 1067, in _lower_function_body
    output = _lower_instruction(
             ^^^^^^^^^^^^^^^^^^^
  File "/data/users/bobren/a/pytorch-rs-burner/.burner/worktrees/agent_38d9746a/.venv/lib/python3.12/site-packages/torch_rs/_compile_bytecode.py", line 1468, in _lower_instruction
    return _OPCODE_HANDLERS[kind](
           ^^^^^^^^^^^^^^^^^^^^^^^
  File "/data/users/bobren/a/pytorch-rs-burner/.burner/worktrees/agent_38d9746a/.venv/lib/python3.12/site-packages/torch_rs/_compile_bytecode.py", line 1228, in _handle_call
    _record_method_call(
  File "/data/users/bobren/a/pytorch-rs-burner/.burner/worktrees/agent_38d9746a/.venv/lib/python3.12/site-packages/torch_rs/_compile_bytecode.py", line 1087, in _record_method_call
    _unsupported_bytecode(program, instruction, "Tensor.reshape requires constant dimensions")
  File "/data/users/bobren/a/pytorch-rs-burner/.burner/worktrees/agent_38d9746a/.venv/lib/python3.12/site-packages/torch_rs/_compile_bytecode.py", line 317, in _unsupported_bytecode
    raise _trace.CompileTraceUnsupportedError(
torch_rs._compile_trace.CompileTraceUnsupportedError: torch.compile trace bytecode lowering does not support Tensor.reshape requires constant dimensions in 'program': CALL

======================================================================
ERROR: test_tensor_valued_invalid_binding_before_execution (tests.test_compile_cuda_reshape.CompileCudaReshapeTests.test_tensor_valued_invalid_binding_before_execution) (policy=(False, None), attempt=1, expression='(shape=(1,), foo=x)', prefix='a = -x')
----------------------------------------------------------------------
Traceback (most recent call last):
  File "/data/users/bobren/a/pytorch-rs-burner/.burner/worktrees/agent_38d9746a/tests/test_compile_cuda_reshape.py", line 217, in test_tensor_valued_invalid_binding_before_execution
    call_without_python(compiled, {fn.__code__}, x)
  File "/data/users/bobren/a/pytorch-rs-burner/.burner/worktrees/agent_38d9746a/tests/test_compile_cuda_mul_scalar.py", line 72, in call_without_python
    return compiled(*args)
           ^^^^^^^^^^^^^^^
  File "/data/users/bobren/a/pytorch-rs-burner/.burner/worktrees/agent_38d9746a/.venv/lib/python3.12/site-packages/torch_rs/__init__.py", line 442, in compiled_model
    result = implementation(*args, **kwargs)
             ^^^^^^^^^^^^^^^^^^^^^^^^^^^^^^^
  File "/data/users/bobren/a/pytorch-rs-burner/.burner/worktrees/agent_38d9746a/.venv/lib/python3.12/site-packages/torch_rs/__init__.py", line 840, in compiled_model
    graph = _compile_bytecode.lower_one_input_compile_graph(
            ^^^^^^^^^^^^^^^^^^^^^^^^^^^^^^^^^^^^^^^^^^^^^^^^
  File "/data/users/bobren/a/pytorch-rs-burner/.burner/worktrees/agent_38d9746a/.venv/lib/python3.12/site-packages/torch_rs/_compile_bytecode.py", line 1542, in lower_one_input_compile_graph
    return lower_compile_graph(
           ^^^^^^^^^^^^^^^^^^^^
  File "/data/users/bobren/a/pytorch-rs-burner/.burner/worktrees/agent_38d9746a/.venv/lib/python3.12/site-packages/torch_rs/_compile_bytecode.py", line 1522, in lower_compile_graph
    output = _lower_function_body(
             ^^^^^^^^^^^^^^^^^^^^^
  File "/data/users/bobren/a/pytorch-rs-burner/.burner/worktrees/agent_38d9746a/.venv/lib/python3.12/site-packages/torch_rs/_compile_bytecode.py", line 1067, in _lower_function_body
    output = _lower_instruction(
             ^^^^^^^^^^^^^^^^^^^
  File "/data/users/bobren/a/pytorch-rs-burner/.burner/worktrees/agent_38d9746a/.venv/lib/python3.12/site-packages/torch_rs/_compile_bytecode.py", line 1468, in _lower_instruction
    return _OPCODE_HANDLERS[kind](
           ^^^^^^^^^^^^^^^^^^^^^^^
  File "/data/users/bobren/a/pytorch-rs-burner/.burner/worktrees/agent_38d9746a/.venv/lib/python3.12/site-packages/torch_rs/_compile_bytecode.py", line 1228, in _handle_call
    _record_method_call(
  File "/data/users/bobren/a/pytorch-rs-burner/.burner/worktrees/agent_38d9746a/.venv/lib/python3.12/site-packages/torch_rs/_compile_bytecode.py", line 1087, in _record_method_call
    _unsupported_bytecode(program, instruction, "Tensor.reshape requires constant dimensions")
  File "/data/users/bobren/a/pytorch-rs-burner/.burner/worktrees/agent_38d9746a/.venv/lib/python3.12/site-packages/torch_rs/_compile_bytecode.py", line 317, in _unsupported_bytecode
    raise _trace.CompileTraceUnsupportedError(
torch_rs._compile_trace.CompileTraceUnsupportedError: torch.compile trace bytecode lowering does not support Tensor.reshape requires constant dimensions in 'program': CALL

======================================================================
ERROR: test_tensor_valued_invalid_binding_before_execution (tests.test_compile_cuda_reshape.CompileCudaReshapeTests.test_tensor_valued_invalid_binding_before_execution) (policy=(True, None), attempt=0, expression='(x, shape=(1,))', prefix='a = x')
----------------------------------------------------------------------
Traceback (most recent call last):
  File "/data/users/bobren/a/pytorch-rs-burner/.burner/worktrees/agent_38d9746a/tests/test_compile_cuda_reshape.py", line 217, in test_tensor_valued_invalid_binding_before_execution
    call_without_python(compiled, {fn.__code__}, x)
  File "/data/users/bobren/a/pytorch-rs-burner/.burner/worktrees/agent_38d9746a/tests/test_compile_cuda_mul_scalar.py", line 72, in call_without_python
    return compiled(*args)
           ^^^^^^^^^^^^^^^
  File "/data/users/bobren/a/pytorch-rs-burner/.burner/worktrees/agent_38d9746a/.venv/lib/python3.12/site-packages/torch_rs/__init__.py", line 442, in compiled_model
    result = implementation(*args, **kwargs)
             ^^^^^^^^^^^^^^^^^^^^^^^^^^^^^^^
  File "/data/users/bobren/a/pytorch-rs-burner/.burner/worktrees/agent_38d9746a/.venv/lib/python3.12/site-packages/torch_rs/__init__.py", line 840, in compiled_model
    graph = _compile_bytecode.lower_one_input_compile_graph(
            ^^^^^^^^^^^^^^^^^^^^^^^^^^^^^^^^^^^^^^^^^^^^^^^^
  File "/data/users/bobren/a/pytorch-rs-burner/.burner/worktrees/agent_38d9746a/.venv/lib/python3.12/site-packages/torch_rs/_compile_bytecode.py", line 1542, in lower_one_input_compile_graph
    return lower_compile_graph(
           ^^^^^^^^^^^^^^^^^^^^
  File "/data/users/bobren/a/pytorch-rs-burner/.burner/worktrees/agent_38d9746a/.venv/lib/python3.12/site-packages/torch_rs/_compile_bytecode.py", line 1522, in lower_compile_graph
    output = _lower_function_body(
             ^^^^^^^^^^^^^^^^^^^^^
  File "/data/users/bobren/a/pytorch-rs-burner/.burner/worktrees/agent_38d9746a/.venv/lib/python3.12/site-packages/torch_rs/_compile_bytecode.py", line 1067, in _lower_function_body
    output = _lower_instruction(
             ^^^^^^^^^^^^^^^^^^^
  File "/data/users/bobren/a/pytorch-rs-burner/.burner/worktrees/agent_38d9746a/.venv/lib/python3.12/site-packages/torch_rs/_compile_bytecode.py", line 1468, in _lower_instruction
    return _OPCODE_HANDLERS[kind](
           ^^^^^^^^^^^^^^^^^^^^^^^
  File "/data/users/bobren/a/pytorch-rs-burner/.burner/worktrees/agent_38d9746a/.venv/lib/python3.12/site-packages/torch_rs/_compile_bytecode.py", line 1228, in _handle_call
    _record_method_call(
  File "/data/users/bobren/a/pytorch-rs-burner/.burner/worktrees/agent_38d9746a/.venv/lib/python3.12/site-packages/torch_rs/_compile_bytecode.py", line 1087, in _record_method_call
    _unsupported_bytecode(program, instruction, "Tensor.reshape requires constant dimensions")
  File "/data/users/bobren/a/pytorch-rs-burner/.burner/worktrees/agent_38d9746a/.venv/lib/python3.12/site-packages/torch_rs/_compile_bytecode.py", line 317, in _unsupported_bytecode
    raise _trace.CompileTraceUnsupportedError(
torch_rs._compile_trace.CompileTraceUnsupportedError: torch.compile trace bytecode lowering does not support Tensor.reshape requires constant dimensions in 'program': CALL

======================================================================
ERROR: test_tensor_valued_invalid_binding_before_execution (tests.test_compile_cuda_reshape.CompileCudaReshapeTests.test_tensor_valued_invalid_binding_before_execution) (policy=(True, None), attempt=1, expression='(x, shape=(1,))', prefix='a = x')
----------------------------------------------------------------------
Traceback (most recent call last):
  File "/data/users/bobren/a/pytorch-rs-burner/.burner/worktrees/agent_38d9746a/tests/test_compile_cuda_reshape.py", line 217, in test_tensor_valued_invalid_binding_before_execution
    call_without_python(compiled, {fn.__code__}, x)
  File "/data/users/bobren/a/pytorch-rs-burner/.burner/worktrees/agent_38d9746a/tests/test_compile_cuda_mul_scalar.py", line 72, in call_without_python
    return compiled(*args)
           ^^^^^^^^^^^^^^^
  File "/data/users/bobren/a/pytorch-rs-burner/.burner/worktrees/agent_38d9746a/.venv/lib/python3.12/site-packages/torch_rs/__init__.py", line 442, in compiled_model
    result = implementation(*args, **kwargs)
             ^^^^^^^^^^^^^^^^^^^^^^^^^^^^^^^
  File "/data/users/bobren/a/pytorch-rs-burner/.burner/worktrees/agent_38d9746a/.venv/lib/python3.12/site-packages/torch_rs/__init__.py", line 840, in compiled_model
    graph = _compile_bytecode.lower_one_input_compile_graph(
            ^^^^^^^^^^^^^^^^^^^^^^^^^^^^^^^^^^^^^^^^^^^^^^^^
  File "/data/users/bobren/a/pytorch-rs-burner/.burner/worktrees/agent_38d9746a/.venv/lib/python3.12/site-packages/torch_rs/_compile_bytecode.py", line 1542, in lower_one_input_compile_graph
    return lower_compile_graph(
           ^^^^^^^^^^^^^^^^^^^^
  File "/data/users/bobren/a/pytorch-rs-burner/.burner/worktrees/agent_38d9746a/.venv/lib/python3.12/site-packages/torch_rs/_compile_bytecode.py", line 1522, in lower_compile_graph
    output = _lower_function_body(
             ^^^^^^^^^^^^^^^^^^^^^
  File "/data/users/bobren/a/pytorch-rs-burner/.burner/worktrees/agent_38d9746a/.venv/lib/python3.12/site-packages/torch_rs/_compile_bytecode.py", line 1067, in _lower_function_body
    output = _lower_instruction(
             ^^^^^^^^^^^^^^^^^^^
  File "/data/users/bobren/a/pytorch-rs-burner/.burner/worktrees/agent_38d9746a/.venv/lib/python3.12/site-packages/torch_rs/_compile_bytecode.py", line 1468, in _lower_instruction
    return _OPCODE_HANDLERS[kind](
           ^^^^^^^^^^^^^^^^^^^^^^^
  File "/data/users/bobren/a/pytorch-rs-burner/.burner/worktrees/agent_38d9746a/.venv/lib/python3.12/site-packages/torch_rs/_compile_bytecode.py", line 1228, in _handle_call
    _record_method_call(
  File "/data/users/bobren/a/pytorch-rs-burner/.burner/worktrees/agent_38d9746a/.venv/lib/python3.12/site-packages/torch_rs/_compile_bytecode.py", line 1087, in _record_method_call
    _unsupported_bytecode(program, instruction, "Tensor.reshape requires constant dimensions")
  File "/data/users/bobren/a/pytorch-rs-burner/.burner/worktrees/agent_38d9746a/.venv/lib/python3.12/site-packages/torch_rs/_compile_bytecode.py", line 317, in _unsupported_bytecode
    raise _trace.CompileTraceUnsupportedError(
torch_rs._compile_trace.CompileTraceUnsupportedError: torch.compile trace bytecode lowering does not support Tensor.reshape requires constant dimensions in 'program': CALL

======================================================================
ERROR: test_tensor_valued_invalid_binding_before_execution (tests.test_compile_cuda_reshape.CompileCudaReshapeTests.test_tensor_valued_invalid_binding_before_execution) (policy=(True, False), attempt=0, expression='(x, shape=(1,))', prefix='a = x')
----------------------------------------------------------------------
Traceback (most recent call last):
  File "/data/users/bobren/a/pytorch-rs-burner/.burner/worktrees/agent_38d9746a/tests/test_compile_cuda_reshape.py", line 217, in test_tensor_valued_invalid_binding_before_execution
    call_without_python(compiled, {fn.__code__}, x)
  File "/data/users/bobren/a/pytorch-rs-burner/.burner/worktrees/agent_38d9746a/tests/test_compile_cuda_mul_scalar.py", line 72, in call_without_python
    return compiled(*args)
           ^^^^^^^^^^^^^^^
  File "/data/users/bobren/a/pytorch-rs-burner/.burner/worktrees/agent_38d9746a/.venv/lib/python3.12/site-packages/torch_rs/__init__.py", line 442, in compiled_model
    result = implementation(*args, **kwargs)
             ^^^^^^^^^^^^^^^^^^^^^^^^^^^^^^^
  File "/data/users/bobren/a/pytorch-rs-burner/.burner/worktrees/agent_38d9746a/.venv/lib/python3.12/site-packages/torch_rs/__init__.py", line 840, in compiled_model
    graph = _compile_bytecode.lower_one_input_compile_graph(
            ^^^^^^^^^^^^^^^^^^^^^^^^^^^^^^^^^^^^^^^^^^^^^^^^
  File "/data/users/bobren/a/pytorch-rs-burner/.burner/worktrees/agent_38d9746a/.venv/lib/python3.12/site-packages/torch_rs/_compile_bytecode.py", line 1542, in lower_one_input_compile_graph
    return lower_compile_graph(
           ^^^^^^^^^^^^^^^^^^^^
  File "/data/users/bobren/a/pytorch-rs-burner/.burner/worktrees/agent_38d9746a/.venv/lib/python3.12/site-packages/torch_rs/_compile_bytecode.py", line 1522, in lower_compile_graph
    output = _lower_function_body(
             ^^^^^^^^^^^^^^^^^^^^^
  File "/data/users/bobren/a/pytorch-rs-burner/.burner/worktrees/agent_38d9746a/.venv/lib/python3.12/site-packages/torch_rs/_compile_bytecode.py", line 1067, in _lower_function_body
    output = _lower_instruction(
             ^^^^^^^^^^^^^^^^^^^
  File "/data/users/bobren/a/pytorch-rs-burner/.burner/worktrees/agent_38d9746a/.venv/lib/python3.12/site-packages/torch_rs/_compile_bytecode.py", line 1468, in _lower_instruction
    return _OPCODE_HANDLERS[kind](
           ^^^^^^^^^^^^^^^^^^^^^^^
  File "/data/users/bobren/a/pytorch-rs-burner/.burner/worktrees/agent_38d9746a/.venv/lib/python3.12/site-packages/torch_rs/_compile_bytecode.py", line 1228, in _handle_call
    _record_method_call(
  File "/data/users/bobren/a/pytorch-rs-burner/.burner/worktrees/agent_38d9746a/.venv/lib/python3.12/site-packages/torch_rs/_compile_bytecode.py", line 1087, in _record_method_call
    _unsupported_bytecode(program, instruction, "Tensor.reshape requires constant dimensions")
  File "/data/users/bobren/a/pytorch-rs-burner/.burner/worktrees/agent_38d9746a/.venv/lib/python3.12/site-packages/torch_rs/_compile_bytecode.py", line 317, in _unsupported_bytecode
    raise _trace.CompileTraceUnsupportedError(
torch_rs._compile_trace.CompileTraceUnsupportedError: torch.compile trace bytecode lowering does not support Tensor.reshape requires constant dimensions in 'program': CALL

======================================================================
ERROR: test_tensor_valued_invalid_binding_before_execution (tests.test_compile_cuda_reshape.CompileCudaReshapeTests.test_tensor_valued_invalid_binding_before_execution) (policy=(True, False), attempt=1, expression='(x, shape=(1,))', prefix='a = x')
----------------------------------------------------------------------
Traceback (most recent call last):
  File "/data/users/bobren/a/pytorch-rs-burner/.burner/worktrees/agent_38d9746a/tests/test_compile_cuda_reshape.py", line 217, in test_tensor_valued_invalid_binding_before_execution
    call_without_python(compiled, {fn.__code__}, x)
  File "/data/users/bobren/a/pytorch-rs-burner/.burner/worktrees/agent_38d9746a/tests/test_compile_cuda_mul_scalar.py", line 72, in call_without_python
    return compiled(*args)
           ^^^^^^^^^^^^^^^
  File "/data/users/bobren/a/pytorch-rs-burner/.burner/worktrees/agent_38d9746a/.venv/lib/python3.12/site-packages/torch_rs/__init__.py", line 442, in compiled_model
    result = implementation(*args, **kwargs)
             ^^^^^^^^^^^^^^^^^^^^^^^^^^^^^^^
  File "/data/users/bobren/a/pytorch-rs-burner/.burner/worktrees/agent_38d9746a/.venv/lib/python3.12/site-packages/torch_rs/__init__.py", line 840, in compiled_model
    graph = _compile_bytecode.lower_one_input_compile_graph(
            ^^^^^^^^^^^^^^^^^^^^^^^^^^^^^^^^^^^^^^^^^^^^^^^^
  File "/data/users/bobren/a/pytorch-rs-burner/.burner/worktrees/agent_38d9746a/.venv/lib/python3.12/site-packages/torch_rs/_compile_bytecode.py", line 1542, in lower_one_input_compile_graph
    return lower_compile_graph(
           ^^^^^^^^^^^^^^^^^^^^
  File "/data/users/bobren/a/pytorch-rs-burner/.burner/worktrees/agent_38d9746a/.venv/lib/python3.12/site-packages/torch_rs/_compile_bytecode.py", line 1522, in lower_compile_graph
    output = _lower_function_body(
             ^^^^^^^^^^^^^^^^^^^^^
  File "/data/users/bobren/a/pytorch-rs-burner/.burner/worktrees/agent_38d9746a/.venv/lib/python3.12/site-packages/torch_rs/_compile_bytecode.py", line 1067, in _lower_function_body
    output = _lower_instruction(
             ^^^^^^^^^^^^^^^^^^^
  File "/data/users/bobren/a/pytorch-rs-burner/.burner/worktrees/agent_38d9746a/.venv/lib/python3.12/site-packages/torch_rs/_compile_bytecode.py", line 1468, in _lower_instruction
    return _OPCODE_HANDLERS[kind](
           ^^^^^^^^^^^^^^^^^^^^^^^
  File "/data/users/bobren/a/pytorch-rs-burner/.burner/worktrees/agent_38d9746a/.venv/lib/python3.12/site-packages/torch_rs/_compile_bytecode.py", line 1228, in _handle_call
    _record_method_call(
  File "/data/users/bobren/a/pytorch-rs-burner/.burner/worktrees/agent_38d9746a/.venv/lib/python3.12/site-packages/torch_rs/_compile_bytecode.py", line 1087, in _record_method_call
    _unsupported_bytecode(program, instruction, "Tensor.reshape requires constant dimensions")
  File "/data/users/bobren/a/pytorch-rs-burner/.burner/worktrees/agent_38d9746a/.venv/lib/python3.12/site-packages/torch_rs/_compile_bytecode.py", line 317, in _unsupported_bytecode
    raise _trace.CompileTraceUnsupportedError(
torch_rs._compile_trace.CompileTraceUnsupportedError: torch.compile trace bytecode lowering does not support Tensor.reshape requires constant dimensions in 'program': CALL

======================================================================
ERROR: test_tensor_valued_invalid_binding_before_execution (tests.test_compile_cuda_reshape.CompileCudaReshapeTests.test_tensor_valued_invalid_binding_before_execution) (policy=(True, True), attempt=0, expression='(x, shape=(1,))', prefix='a = x')
----------------------------------------------------------------------
Traceback (most recent call last):
  File "/data/users/bobren/a/pytorch-rs-burner/.burner/worktrees/agent_38d9746a/tests/test_compile_cuda_reshape.py", line 217, in test_tensor_valued_invalid_binding_before_execution
    call_without_python(compiled, {fn.__code__}, x)
  File "/data/users/bobren/a/pytorch-rs-burner/.burner/worktrees/agent_38d9746a/tests/test_compile_cuda_mul_scalar.py", line 72, in call_without_python
    return compiled(*args)
           ^^^^^^^^^^^^^^^
  File "/data/users/bobren/a/pytorch-rs-burner/.burner/worktrees/agent_38d9746a/.venv/lib/python3.12/site-packages/torch_rs/__init__.py", line 442, in compiled_model
    result = implementation(*args, **kwargs)
             ^^^^^^^^^^^^^^^^^^^^^^^^^^^^^^^
  File "/data/users/bobren/a/pytorch-rs-burner/.burner/worktrees/agent_38d9746a/.venv/lib/python3.12/site-packages/torch_rs/__init__.py", line 840, in compiled_model
    graph = _compile_bytecode.lower_one_input_compile_graph(
            ^^^^^^^^^^^^^^^^^^^^^^^^^^^^^^^^^^^^^^^^^^^^^^^^
  File "/data/users/bobren/a/pytorch-rs-burner/.burner/worktrees/agent_38d9746a/.venv/lib/python3.12/site-packages/torch_rs/_compile_bytecode.py", line 1542, in lower_one_input_compile_graph
    return lower_compile_graph(
           ^^^^^^^^^^^^^^^^^^^^
  File "/data/users/bobren/a/pytorch-rs-burner/.burner/worktrees/agent_38d9746a/.venv/lib/python3.12/site-packages/torch_rs/_compile_bytecode.py", line 1522, in lower_compile_graph
    output = _lower_function_body(
             ^^^^^^^^^^^^^^^^^^^^^
  File "/data/users/bobren/a/pytorch-rs-burner/.burner/worktrees/agent_38d9746a/.venv/lib/python3.12/site-packages/torch_rs/_compile_bytecode.py", line 1067, in _lower_function_body
    output = _lower_instruction(
             ^^^^^^^^^^^^^^^^^^^
  File "/data/users/bobren/a/pytorch-rs-burner/.burner/worktrees/agent_38d9746a/.venv/lib/python3.12/site-packages/torch_rs/_compile_bytecode.py", line 1468, in _lower_instruction
    return _OPCODE_HANDLERS[kind](
           ^^^^^^^^^^^^^^^^^^^^^^^
  File "/data/users/bobren/a/pytorch-rs-burner/.burner/worktrees/agent_38d9746a/.venv/lib/python3.12/site-packages/torch_rs/_compile_bytecode.py", line 1228, in _handle_call
    _record_method_call(
  File "/data/users/bobren/a/pytorch-rs-burner/.burner/worktrees/agent_38d9746a/.venv/lib/python3.12/site-packages/torch_rs/_compile_bytecode.py", line 1087, in _record_method_call
    _unsupported_bytecode(program, instruction, "Tensor.reshape requires constant dimensions")
  File "/data/users/bobren/a/pytorch-rs-burner/.burner/worktrees/agent_38d9746a/.venv/lib/python3.12/site-packages/torch_rs/_compile_bytecode.py", line 317, in _unsupported_bytecode
    raise _trace.CompileTraceUnsupportedError(
torch_rs._compile_trace.CompileTraceUnsupportedError: torch.compile trace bytecode lowering does not support Tensor.reshape requires constant dimensions in 'program': CALL

======================================================================
ERROR: test_tensor_valued_invalid_binding_before_execution (tests.test_compile_cuda_reshape.CompileCudaReshapeTests.test_tensor_valued_invalid_binding_before_execution) (policy=(True, True), attempt=1, expression='(x, shape=(1,))', prefix='a = x')
----------------------------------------------------------------------
Traceback (most recent call last):
  File "/data/users/bobren/a/pytorch-rs-burner/.burner/worktrees/agent_38d9746a/tests/test_compile_cuda_reshape.py", line 217, in test_tensor_valued_invalid_binding_before_execution
    call_without_python(compiled, {fn.__code__}, x)
  File "/data/users/bobren/a/pytorch-rs-burner/.burner/worktrees/agent_38d9746a/tests/test_compile_cuda_mul_scalar.py", line 72, in call_without_python
    return compiled(*args)
           ^^^^^^^^^^^^^^^
  File "/data/users/bobren/a/pytorch-rs-burner/.burner/worktrees/agent_38d9746a/.venv/lib/python3.12/site-packages/torch_rs/__init__.py", line 442, in compiled_model
    result = implementation(*args, **kwargs)
             ^^^^^^^^^^^^^^^^^^^^^^^^^^^^^^^
  File "/data/users/bobren/a/pytorch-rs-burner/.burner/worktrees/agent_38d9746a/.venv/lib/python3.12/site-packages/torch_rs/__init__.py", line 840, in compiled_model
    graph = _compile_bytecode.lower_one_input_compile_graph(
            ^^^^^^^^^^^^^^^^^^^^^^^^^^^^^^^^^^^^^^^^^^^^^^^^
  File "/data/users/bobren/a/pytorch-rs-burner/.burner/worktrees/agent_38d9746a/.venv/lib/python3.12/site-packages/torch_rs/_compile_bytecode.py", line 1542, in lower_one_input_compile_graph
    return lower_compile_graph(
           ^^^^^^^^^^^^^^^^^^^^
  File "/data/users/bobren/a/pytorch-rs-burner/.burner/worktrees/agent_38d9746a/.venv/lib/python3.12/site-packages/torch_rs/_compile_bytecode.py", line 1522, in lower_compile_graph
    output = _lower_function_body(
             ^^^^^^^^^^^^^^^^^^^^^
  File "/data/users/bobren/a/pytorch-rs-burner/.burner/worktrees/agent_38d9746a/.venv/lib/python3.12/site-packages/torch_rs/_compile_bytecode.py", line 1067, in _lower_function_body
    output = _lower_instruction(
             ^^^^^^^^^^^^^^^^^^^
  File "/data/users/bobren/a/pytorch-rs-burner/.burner/worktrees/agent_38d9746a/.venv/lib/python3.12/site-packages/torch_rs/_compile_bytecode.py", line 1468, in _lower_instruction
    return _OPCODE_HANDLERS[kind](
           ^^^^^^^^^^^^^^^^^^^^^^^
  File "/data/users/bobren/a/pytorch-rs-burner/.burner/worktrees/agent_38d9746a/.venv/lib/python3.12/site-packages/torch_rs/_compile_bytecode.py", line 1228, in _handle_call
    _record_method_call(
  File "/data/users/bobren/a/pytorch-rs-burner/.burner/worktrees/agent_38d9746a/.venv/lib/python3.12/site-packages/torch_rs/_compile_bytecode.py", line 1087, in _record_method_call
    _unsupported_bytecode(program, instruction, "Tensor.reshape requires constant dimensions")
  File "/data/users/bobren/a/pytorch-rs-burner/.burner/worktrees/agent_38d9746a/.venv/lib/python3.12/site-packages/torch_rs/_compile_bytecode.py", line 317, in _unsupported_bytecode
    raise _trace.CompileTraceUnsupportedError(
torch_rs._compile_trace.CompileTraceUnsupportedError: torch.compile trace bytecode lowering does not support Tensor.reshape requires constant dimensions in 'program': CALL

======================================================================
ERROR: test_tensor_valued_invalid_binding_before_execution (tests.test_compile_cuda_reshape.CompileCudaReshapeTests.test_tensor_valued_invalid_binding_before_execution) (policy=(False, None), attempt=0, expression='(x, shape=(1,))', prefix='a = x')
----------------------------------------------------------------------
Traceback (most recent call last):
  File "/data/users/bobren/a/pytorch-rs-burner/.burner/worktrees/agent_38d9746a/tests/test_compile_cuda_reshape.py", line 217, in test_tensor_valued_invalid_binding_before_execution
    call_without_python(compiled, {fn.__code__}, x)
  File "/data/users/bobren/a/pytorch-rs-burner/.burner/worktrees/agent_38d9746a/tests/test_compile_cuda_mul_scalar.py", line 72, in call_without_python
    return compiled(*args)
           ^^^^^^^^^^^^^^^
  File "/data/users/bobren/a/pytorch-rs-burner/.burner/worktrees/agent_38d9746a/.venv/lib/python3.12/site-packages/torch_rs/__init__.py", line 442, in compiled_model
    result = implementation(*args, **kwargs)
             ^^^^^^^^^^^^^^^^^^^^^^^^^^^^^^^
  File "/data/users/bobren/a/pytorch-rs-burner/.burner/worktrees/agent_38d9746a/.venv/lib/python3.12/site-packages/torch_rs/__init__.py", line 840, in compiled_model
    graph = _compile_bytecode.lower_one_input_compile_graph(
            ^^^^^^^^^^^^^^^^^^^^^^^^^^^^^^^^^^^^^^^^^^^^^^^^
  File "/data/users/bobren/a/pytorch-rs-burner/.burner/worktrees/agent_38d9746a/.venv/lib/python3.12/site-packages/torch_rs/_compile_bytecode.py", line 1542, in lower_one_input_compile_graph
    return lower_compile_graph(
           ^^^^^^^^^^^^^^^^^^^^
  File "/data/users/bobren/a/pytorch-rs-burner/.burner/worktrees/agent_38d9746a/.venv/lib/python3.12/site-packages/torch_rs/_compile_bytecode.py", line 1522, in lower_compile_graph
    output = _lower_function_body(
             ^^^^^^^^^^^^^^^^^^^^^
  File "/data/users/bobren/a/pytorch-rs-burner/.burner/worktrees/agent_38d9746a/.venv/lib/python3.12/site-packages/torch_rs/_compile_bytecode.py", line 1067, in _lower_function_body
    output = _lower_instruction(
             ^^^^^^^^^^^^^^^^^^^
  File "/data/users/bobren/a/pytorch-rs-burner/.burner/worktrees/agent_38d9746a/.venv/lib/python3.12/site-packages/torch_rs/_compile_bytecode.py", line 1468, in _lower_instruction
    return _OPCODE_HANDLERS[kind](
           ^^^^^^^^^^^^^^^^^^^^^^^
  File "/data/users/bobren/a/pytorch-rs-burner/.burner/worktrees/agent_38d9746a/.venv/lib/python3.12/site-packages/torch_rs/_compile_bytecode.py", line 1228, in _handle_call
    _record_method_call(
  File "/data/users/bobren/a/pytorch-rs-burner/.burner/worktrees/agent_38d9746a/.venv/lib/python3.12/site-packages/torch_rs/_compile_bytecode.py", line 1087, in _record_method_call
    _unsupported_bytecode(program, instruction, "Tensor.reshape requires constant dimensions")
  File "/data/users/bobren/a/pytorch-rs-burner/.burner/worktrees/agent_38d9746a/.venv/lib/python3.12/site-packages/torch_rs/_compile_bytecode.py", line 317, in _unsupported_bytecode
    raise _trace.CompileTraceUnsupportedError(
torch_rs._compile_trace.CompileTraceUnsupportedError: torch.compile trace bytecode lowering does not support Tensor.reshape requires constant dimensions in 'program': CALL

======================================================================
ERROR: test_tensor_valued_invalid_binding_before_execution (tests.test_compile_cuda_reshape.CompileCudaReshapeTests.test_tensor_valued_invalid_binding_before_execution) (policy=(False, None), attempt=1, expression='(x, shape=(1,))', prefix='a = x')
----------------------------------------------------------------------
Traceback (most recent call last):
  File "/data/users/bobren/a/pytorch-rs-burner/.burner/worktrees/agent_38d9746a/tests/test_compile_cuda_reshape.py", line 217, in test_tensor_valued_invalid_binding_before_execution
    call_without_python(compiled, {fn.__code__}, x)
  File "/data/users/bobren/a/pytorch-rs-burner/.burner/worktrees/agent_38d9746a/tests/test_compile_cuda_mul_scalar.py", line 72, in call_without_python
    return compiled(*args)
           ^^^^^^^^^^^^^^^
  File "/data/users/bobren/a/pytorch-rs-burner/.burner/worktrees/agent_38d9746a/.venv/lib/python3.12/site-packages/torch_rs/__init__.py", line 442, in compiled_model
    result = implementation(*args, **kwargs)
             ^^^^^^^^^^^^^^^^^^^^^^^^^^^^^^^
  File "/data/users/bobren/a/pytorch-rs-burner/.burner/worktrees/agent_38d9746a/.venv/lib/python3.12/site-packages/torch_rs/__init__.py", line 840, in compiled_model
    graph = _compile_bytecode.lower_one_input_compile_graph(
            ^^^^^^^^^^^^^^^^^^^^^^^^^^^^^^^^^^^^^^^^^^^^^^^^
  File "/data/users/bobren/a/pytorch-rs-burner/.burner/worktrees/agent_38d9746a/.venv/lib/python3.12/site-packages/torch_rs/_compile_bytecode.py", line 1542, in lower_one_input_compile_graph
    return lower_compile_graph(
           ^^^^^^^^^^^^^^^^^^^^
  File "/data/users/bobren/a/pytorch-rs-burner/.burner/worktrees/agent_38d9746a/.venv/lib/python3.12/site-packages/torch_rs/_compile_bytecode.py", line 1522, in lower_compile_graph
    output = _lower_function_body(
             ^^^^^^^^^^^^^^^^^^^^^
  File "/data/users/bobren/a/pytorch-rs-burner/.burner/worktrees/agent_38d9746a/.venv/lib/python3.12/site-packages/torch_rs/_compile_bytecode.py", line 1067, in _lower_function_body
    output = _lower_instruction(
             ^^^^^^^^^^^^^^^^^^^
  File "/data/users/bobren/a/pytorch-rs-burner/.burner/worktrees/agent_38d9746a/.venv/lib/python3.12/site-packages/torch_rs/_compile_bytecode.py", line 1468, in _lower_instruction
    return _OPCODE_HANDLERS[kind](
           ^^^^^^^^^^^^^^^^^^^^^^^
  File "/data/users/bobren/a/pytorch-rs-burner/.burner/worktrees/agent_38d9746a/.venv/lib/python3.12/site-packages/torch_rs/_compile_bytecode.py", line 1228, in _handle_call
    _record_method_call(
  File "/data/users/bobren/a/pytorch-rs-burner/.burner/worktrees/agent_38d9746a/.venv/lib/python3.12/site-packages/torch_rs/_compile_bytecode.py", line 1087, in _record_method_call
    _unsupported_bytecode(program, instruction, "Tensor.reshape requires constant dimensions")
  File "/data/users/bobren/a/pytorch-rs-burner/.burner/worktrees/agent_38d9746a/.venv/lib/python3.12/site-packages/torch_rs/_compile_bytecode.py", line 317, in _unsupported_bytecode
    raise _trace.CompileTraceUnsupportedError(
torch_rs._compile_trace.CompileTraceUnsupportedError: torch.compile trace bytecode lowering does not support Tensor.reshape requires constant dimensions in 'program': CALL

======================================================================
ERROR: test_tensor_valued_invalid_binding_before_execution (tests.test_compile_cuda_reshape.CompileCudaReshapeTests.test_tensor_valued_invalid_binding_before_execution) (policy=(True, None), attempt=0, expression='(x, shape=(1,))', prefix='a = -x')
----------------------------------------------------------------------
Traceback (most recent call last):
  File "/data/users/bobren/a/pytorch-rs-burner/.burner/worktrees/agent_38d9746a/tests/test_compile_cuda_reshape.py", line 217, in test_tensor_valued_invalid_binding_before_execution
    call_without_python(compiled, {fn.__code__}, x)
  File "/data/users/bobren/a/pytorch-rs-burner/.burner/worktrees/agent_38d9746a/tests/test_compile_cuda_mul_scalar.py", line 72, in call_without_python
    return compiled(*args)
           ^^^^^^^^^^^^^^^
  File "/data/users/bobren/a/pytorch-rs-burner/.burner/worktrees/agent_38d9746a/.venv/lib/python3.12/site-packages/torch_rs/__init__.py", line 442, in compiled_model
    result = implementation(*args, **kwargs)
             ^^^^^^^^^^^^^^^^^^^^^^^^^^^^^^^
  File "/data/users/bobren/a/pytorch-rs-burner/.burner/worktrees/agent_38d9746a/.venv/lib/python3.12/site-packages/torch_rs/__init__.py", line 840, in compiled_model
    graph = _compile_bytecode.lower_one_input_compile_graph(
            ^^^^^^^^^^^^^^^^^^^^^^^^^^^^^^^^^^^^^^^^^^^^^^^^
  File "/data/users/bobren/a/pytorch-rs-burner/.burner/worktrees/agent_38d9746a/.venv/lib/python3.12/site-packages/torch_rs/_compile_bytecode.py", line 1542, in lower_one_input_compile_graph
    return lower_compile_graph(
           ^^^^^^^^^^^^^^^^^^^^
  File "/data/users/bobren/a/pytorch-rs-burner/.burner/worktrees/agent_38d9746a/.venv/lib/python3.12/site-packages/torch_rs/_compile_bytecode.py", line 1522, in lower_compile_graph
    output = _lower_function_body(
             ^^^^^^^^^^^^^^^^^^^^^
  File "/data/users/bobren/a/pytorch-rs-burner/.burner/worktrees/agent_38d9746a/.venv/lib/python3.12/site-packages/torch_rs/_compile_bytecode.py", line 1067, in _lower_function_body
    output = _lower_instruction(
             ^^^^^^^^^^^^^^^^^^^
  File "/data/users/bobren/a/pytorch-rs-burner/.burner/worktrees/agent_38d9746a/.venv/lib/python3.12/site-packages/torch_rs/_compile_bytecode.py", line 1468, in _lower_instruction
    return _OPCODE_HANDLERS[kind](
           ^^^^^^^^^^^^^^^^^^^^^^^
  File "/data/users/bobren/a/pytorch-rs-burner/.burner/worktrees/agent_38d9746a/.venv/lib/python3.12/site-packages/torch_rs/_compile_bytecode.py", line 1228, in _handle_call
    _record_method_call(
  File "/data/users/bobren/a/pytorch-rs-burner/.burner/worktrees/agent_38d9746a/.venv/lib/python3.12/site-packages/torch_rs/_compile_bytecode.py", line 1087, in _record_method_call
    _unsupported_bytecode(program, instruction, "Tensor.reshape requires constant dimensions")
  File "/data/users/bobren/a/pytorch-rs-burner/.burner/worktrees/agent_38d9746a/.venv/lib/python3.12/site-packages/torch_rs/_compile_bytecode.py", line 317, in _unsupported_bytecode
    raise _trace.CompileTraceUnsupportedError(
torch_rs._compile_trace.CompileTraceUnsupportedError: torch.compile trace bytecode lowering does not support Tensor.reshape requires constant dimensions in 'program': CALL

======================================================================
ERROR: test_tensor_valued_invalid_binding_before_execution (tests.test_compile_cuda_reshape.CompileCudaReshapeTests.test_tensor_valued_invalid_binding_before_execution) (policy=(True, None), attempt=1, expression='(x, shape=(1,))', prefix='a = -x')
----------------------------------------------------------------------
Traceback (most recent call last):
  File "/data/users/bobren/a/pytorch-rs-burner/.burner/worktrees/agent_38d9746a/tests/test_compile_cuda_reshape.py", line 217, in test_tensor_valued_invalid_binding_before_execution
    call_without_python(compiled, {fn.__code__}, x)
  File "/data/users/bobren/a/pytorch-rs-burner/.burner/worktrees/agent_38d9746a/tests/test_compile_cuda_mul_scalar.py", line 72, in call_without_python
    return compiled(*args)
           ^^^^^^^^^^^^^^^
  File "/data/users/bobren/a/pytorch-rs-burner/.burner/worktrees/agent_38d9746a/.venv/lib/python3.12/site-packages/torch_rs/__init__.py", line 442, in compiled_model
    result = implementation(*args, **kwargs)
             ^^^^^^^^^^^^^^^^^^^^^^^^^^^^^^^
  File "/data/users/bobren/a/pytorch-rs-burner/.burner/worktrees/agent_38d9746a/.venv/lib/python3.12/site-packages/torch_rs/__init__.py", line 840, in compiled_model
    graph = _compile_bytecode.lower_one_input_compile_graph(
            ^^^^^^^^^^^^^^^^^^^^^^^^^^^^^^^^^^^^^^^^^^^^^^^^
  File "/data/users/bobren/a/pytorch-rs-burner/.burner/worktrees/agent_38d9746a/.venv/lib/python3.12/site-packages/torch_rs/_compile_bytecode.py", line 1542, in lower_one_input_compile_graph
    return lower_compile_graph(
           ^^^^^^^^^^^^^^^^^^^^
  File "/data/users/bobren/a/pytorch-rs-burner/.burner/worktrees/agent_38d9746a/.venv/lib/python3.12/site-packages/torch_rs/_compile_bytecode.py", line 1522, in lower_compile_graph
    output = _lower_function_body(
             ^^^^^^^^^^^^^^^^^^^^^
  File "/data/users/bobren/a/pytorch-rs-burner/.burner/worktrees/agent_38d9746a/.venv/lib/python3.12/site-packages/torch_rs/_compile_bytecode.py", line 1067, in _lower_function_body
    output = _lower_instruction(
             ^^^^^^^^^^^^^^^^^^^
  File "/data/users/bobren/a/pytorch-rs-burner/.burner/worktrees/agent_38d9746a/.venv/lib/python3.12/site-packages/torch_rs/_compile_bytecode.py", line 1468, in _lower_instruction
    return _OPCODE_HANDLERS[kind](
           ^^^^^^^^^^^^^^^^^^^^^^^
  File "/data/users/bobren/a/pytorch-rs-burner/.burner/worktrees/agent_38d9746a/.venv/lib/python3.12/site-packages/torch_rs/_compile_bytecode.py", line 1228, in _handle_call
    _record_method_call(
  File "/data/users/bobren/a/pytorch-rs-burner/.burner/worktrees/agent_38d9746a/.venv/lib/python3.12/site-packages/torch_rs/_compile_bytecode.py", line 1087, in _record_method_call
    _unsupported_bytecode(program, instruction, "Tensor.reshape requires constant dimensions")
  File "/data/users/bobren/a/pytorch-rs-burner/.burner/worktrees/agent_38d9746a/.venv/lib/python3.12/site-packages/torch_rs/_compile_bytecode.py", line 317, in _unsupported_bytecode
    raise _trace.CompileTraceUnsupportedError(
torch_rs._compile_trace.CompileTraceUnsupportedError: torch.compile trace bytecode lowering does not support Tensor.reshape requires constant dimensions in 'program': CALL

======================================================================
ERROR: test_tensor_valued_invalid_binding_before_execution (tests.test_compile_cuda_reshape.CompileCudaReshapeTests.test_tensor_valued_invalid_binding_before_execution) (policy=(True, False), attempt=0, expression='(x, shape=(1,))', prefix='a = -x')
----------------------------------------------------------------------
Traceback (most recent call last):
  File "/data/users/bobren/a/pytorch-rs-burner/.burner/worktrees/agent_38d9746a/tests/test_compile_cuda_reshape.py", line 217, in test_tensor_valued_invalid_binding_before_execution
    call_without_python(compiled, {fn.__code__}, x)
  File "/data/users/bobren/a/pytorch-rs-burner/.burner/worktrees/agent_38d9746a/tests/test_compile_cuda_mul_scalar.py", line 72, in call_without_python
    return compiled(*args)
           ^^^^^^^^^^^^^^^
  File "/data/users/bobren/a/pytorch-rs-burner/.burner/worktrees/agent_38d9746a/.venv/lib/python3.12/site-packages/torch_rs/__init__.py", line 442, in compiled_model
    result = implementation(*args, **kwargs)
             ^^^^^^^^^^^^^^^^^^^^^^^^^^^^^^^
  File "/data/users/bobren/a/pytorch-rs-burner/.burner/worktrees/agent_38d9746a/.venv/lib/python3.12/site-packages/torch_rs/__init__.py", line 840, in compiled_model
    graph = _compile_bytecode.lower_one_input_compile_graph(
            ^^^^^^^^^^^^^^^^^^^^^^^^^^^^^^^^^^^^^^^^^^^^^^^^
  File "/data/users/bobren/a/pytorch-rs-burner/.burner/worktrees/agent_38d9746a/.venv/lib/python3.12/site-packages/torch_rs/_compile_bytecode.py", line 1542, in lower_one_input_compile_graph
    return lower_compile_graph(
           ^^^^^^^^^^^^^^^^^^^^
  File "/data/users/bobren/a/pytorch-rs-burner/.burner/worktrees/agent_38d9746a/.venv/lib/python3.12/site-packages/torch_rs/_compile_bytecode.py", line 1522, in lower_compile_graph
    output = _lower_function_body(
             ^^^^^^^^^^^^^^^^^^^^^
  File "/data/users/bobren/a/pytorch-rs-burner/.burner/worktrees/agent_38d9746a/.venv/lib/python3.12/site-packages/torch_rs/_compile_bytecode.py", line 1067, in _lower_function_body
    output = _lower_instruction(
             ^^^^^^^^^^^^^^^^^^^
  File "/data/users/bobren/a/pytorch-rs-burner/.burner/worktrees/agent_38d9746a/.venv/lib/python3.12/site-packages/torch_rs/_compile_bytecode.py", line 1468, in _lower_instruction
    return _OPCODE_HANDLERS[kind](
           ^^^^^^^^^^^^^^^^^^^^^^^
  File "/data/users/bobren/a/pytorch-rs-burner/.burner/worktrees/agent_38d9746a/.venv/lib/python3.12/site-packages/torch_rs/_compile_bytecode.py", line 1228, in _handle_call
    _record_method_call(
  File "/data/users/bobren/a/pytorch-rs-burner/.burner/worktrees/agent_38d9746a/.venv/lib/python3.12/site-packages/torch_rs/_compile_bytecode.py", line 1087, in _record_method_call
    _unsupported_bytecode(program, instruction, "Tensor.reshape requires constant dimensions")
  File "/data/users/bobren/a/pytorch-rs-burner/.burner/worktrees/agent_38d9746a/.venv/lib/python3.12/site-packages/torch_rs/_compile_bytecode.py", line 317, in _unsupported_bytecode
    raise _trace.CompileTraceUnsupportedError(
torch_rs._compile_trace.CompileTraceUnsupportedError: torch.compile trace bytecode lowering does not support Tensor.reshape requires constant dimensions in 'program': CALL

======================================================================
ERROR: test_tensor_valued_invalid_binding_before_execution (tests.test_compile_cuda_reshape.CompileCudaReshapeTests.test_tensor_valued_invalid_binding_before_execution) (policy=(True, False), attempt=1, expression='(x, shape=(1,))', prefix='a = -x')
----------------------------------------------------------------------
Traceback (most recent call last):
  File "/data/users/bobren/a/pytorch-rs-burner/.burner/worktrees/agent_38d9746a/tests/test_compile_cuda_reshape.py", line 217, in test_tensor_valued_invalid_binding_before_execution
    call_without_python(compiled, {fn.__code__}, x)
  File "/data/users/bobren/a/pytorch-rs-burner/.burner/worktrees/agent_38d9746a/tests/test_compile_cuda_mul_scalar.py", line 72, in call_without_python
    return compiled(*args)
           ^^^^^^^^^^^^^^^
  File "/data/users/bobren/a/pytorch-rs-burner/.burner/worktrees/agent_38d9746a/.venv/lib/python3.12/site-packages/torch_rs/__init__.py", line 442, in compiled_model
    result = implementation(*args, **kwargs)
             ^^^^^^^^^^^^^^^^^^^^^^^^^^^^^^^
  File "/data/users/bobren/a/pytorch-rs-burner/.burner/worktrees/agent_38d9746a/.venv/lib/python3.12/site-packages/torch_rs/__init__.py", line 840, in compiled_model
    graph = _compile_bytecode.lower_one_input_compile_graph(
            ^^^^^^^^^^^^^^^^^^^^^^^^^^^^^^^^^^^^^^^^^^^^^^^^
  File "/data/users/bobren/a/pytorch-rs-burner/.burner/worktrees/agent_38d9746a/.venv/lib/python3.12/site-packages/torch_rs/_compile_bytecode.py", line 1542, in lower_one_input_compile_graph
    return lower_compile_graph(
           ^^^^^^^^^^^^^^^^^^^^
  File "/data/users/bobren/a/pytorch-rs-burner/.burner/worktrees/agent_38d9746a/.venv/lib/python3.12/site-packages/torch_rs/_compile_bytecode.py", line 1522, in lower_compile_graph
    output = _lower_function_body(
             ^^^^^^^^^^^^^^^^^^^^^
  File "/data/users/bobren/a/pytorch-rs-burner/.burner/worktrees/agent_38d9746a/.venv/lib/python3.12/site-packages/torch_rs/_compile_bytecode.py", line 1067, in _lower_function_body
    output = _lower_instruction(
             ^^^^^^^^^^^^^^^^^^^
  File "/data/users/bobren/a/pytorch-rs-burner/.burner/worktrees/agent_38d9746a/.venv/lib/python3.12/site-packages/torch_rs/_compile_bytecode.py", line 1468, in _lower_instruction
    return _OPCODE_HANDLERS[kind](
           ^^^^^^^^^^^^^^^^^^^^^^^
  File "/data/users/bobren/a/pytorch-rs-burner/.burner/worktrees/agent_38d9746a/.venv/lib/python3.12/site-packages/torch_rs/_compile_bytecode.py", line 1228, in _handle_call
    _record_method_call(
  File "/data/users/bobren/a/pytorch-rs-burner/.burner/worktrees/agent_38d9746a/.venv/lib/python3.12/site-packages/torch_rs/_compile_bytecode.py", line 1087, in _record_method_call
    _unsupported_bytecode(program, instruction, "Tensor.reshape requires constant dimensions")
  File "/data/users/bobren/a/pytorch-rs-burner/.burner/worktrees/agent_38d9746a/.venv/lib/python3.12/site-packages/torch_rs/_compile_bytecode.py", line 317, in _unsupported_bytecode
    raise _trace.CompileTraceUnsupportedError(
torch_rs._compile_trace.CompileTraceUnsupportedError: torch.compile trace bytecode lowering does not support Tensor.reshape requires constant dimensions in 'program': CALL

======================================================================
ERROR: test_tensor_valued_invalid_binding_before_execution (tests.test_compile_cuda_reshape.CompileCudaReshapeTests.test_tensor_valued_invalid_binding_before_execution) (policy=(True, True), attempt=0, expression='(x, shape=(1,))', prefix='a = -x')
----------------------------------------------------------------------
Traceback (most recent call last):
  File "/data/users/bobren/a/pytorch-rs-burner/.burner/worktrees/agent_38d9746a/tests/test_compile_cuda_reshape.py", line 217, in test_tensor_valued_invalid_binding_before_execution
    call_without_python(compiled, {fn.__code__}, x)
  File "/data/users/bobren/a/pytorch-rs-burner/.burner/worktrees/agent_38d9746a/tests/test_compile_cuda_mul_scalar.py", line 72, in call_without_python
    return compiled(*args)
           ^^^^^^^^^^^^^^^
  File "/data/users/bobren/a/pytorch-rs-burner/.burner/worktrees/agent_38d9746a/.venv/lib/python3.12/site-packages/torch_rs/__init__.py", line 442, in compiled_model
    result = implementation(*args, **kwargs)
             ^^^^^^^^^^^^^^^^^^^^^^^^^^^^^^^
  File "/data/users/bobren/a/pytorch-rs-burner/.burner/worktrees/agent_38d9746a/.venv/lib/python3.12/site-packages/torch_rs/__init__.py", line 840, in compiled_model
    graph = _compile_bytecode.lower_one_input_compile_graph(
            ^^^^^^^^^^^^^^^^^^^^^^^^^^^^^^^^^^^^^^^^^^^^^^^^
  File "/data/users/bobren/a/pytorch-rs-burner/.burner/worktrees/agent_38d9746a/.venv/lib/python3.12/site-packages/torch_rs/_compile_bytecode.py", line 1542, in lower_one_input_compile_graph
    return lower_compile_graph(
           ^^^^^^^^^^^^^^^^^^^^
  File "/data/users/bobren/a/pytorch-rs-burner/.burner/worktrees/agent_38d9746a/.venv/lib/python3.12/site-packages/torch_rs/_compile_bytecode.py", line 1522, in lower_compile_graph
    output = _lower_function_body(
             ^^^^^^^^^^^^^^^^^^^^^
  File "/data/users/bobren/a/pytorch-rs-burner/.burner/worktrees/agent_38d9746a/.venv/lib/python3.12/site-packages/torch_rs/_compile_bytecode.py", line 1067, in _lower_function_body
    output = _lower_instruction(
             ^^^^^^^^^^^^^^^^^^^
  File "/data/users/bobren/a/pytorch-rs-burner/.burner/worktrees/agent_38d9746a/.venv/lib/python3.12/site-packages/torch_rs/_compile_bytecode.py", line 1468, in _lower_instruction
    return _OPCODE_HANDLERS[kind](
           ^^^^^^^^^^^^^^^^^^^^^^^
  File "/data/users/bobren/a/pytorch-rs-burner/.burner/worktrees/agent_38d9746a/.venv/lib/python3.12/site-packages/torch_rs/_compile_bytecode.py", line 1228, in _handle_call
    _record_method_call(
  File "/data/users/bobren/a/pytorch-rs-burner/.burner/worktrees/agent_38d9746a/.venv/lib/python3.12/site-packages/torch_rs/_compile_bytecode.py", line 1087, in _record_method_call
    _unsupported_bytecode(program, instruction, "Tensor.reshape requires constant dimensions")
  File "/data/users/bobren/a/pytorch-rs-burner/.burner/worktrees/agent_38d9746a/.venv/lib/python3.12/site-packages/torch_rs/_compile_bytecode.py", line 317, in _unsupported_bytecode
    raise _trace.CompileTraceUnsupportedError(
torch_rs._compile_trace.CompileTraceUnsupportedError: torch.compile trace bytecode lowering does not support Tensor.reshape requires constant dimensions in 'program': CALL

======================================================================
ERROR: test_tensor_valued_invalid_binding_before_execution (tests.test_compile_cuda_reshape.CompileCudaReshapeTests.test_tensor_valued_invalid_binding_before_execution) (policy=(True, True), attempt=1, expression='(x, shape=(1,))', prefix='a = -x')
----------------------------------------------------------------------
Traceback (most recent call last):
  File "/data/users/bobren/a/pytorch-rs-burner/.burner/worktrees/agent_38d9746a/tests/test_compile_cuda_reshape.py", line 217, in test_tensor_valued_invalid_binding_before_execution
    call_without_python(compiled, {fn.__code__}, x)
  File "/data/users/bobren/a/pytorch-rs-burner/.burner/worktrees/agent_38d9746a/tests/test_compile_cuda_mul_scalar.py", line 72, in call_without_python
    return compiled(*args)
           ^^^^^^^^^^^^^^^
  File "/data/users/bobren/a/pytorch-rs-burner/.burner/worktrees/agent_38d9746a/.venv/lib/python3.12/site-packages/torch_rs/__init__.py", line 442, in compiled_model
    result = implementation(*args, **kwargs)
             ^^^^^^^^^^^^^^^^^^^^^^^^^^^^^^^
  File "/data/users/bobren/a/pytorch-rs-burner/.burner/worktrees/agent_38d9746a/.venv/lib/python3.12/site-packages/torch_rs/__init__.py", line 840, in compiled_model
    graph = _compile_bytecode.lower_one_input_compile_graph(
            ^^^^^^^^^^^^^^^^^^^^^^^^^^^^^^^^^^^^^^^^^^^^^^^^
  File "/data/users/bobren/a/pytorch-rs-burner/.burner/worktrees/agent_38d9746a/.venv/lib/python3.12/site-packages/torch_rs/_compile_bytecode.py", line 1542, in lower_one_input_compile_graph
    return lower_compile_graph(
           ^^^^^^^^^^^^^^^^^^^^
  File "/data/users/bobren/a/pytorch-rs-burner/.burner/worktrees/agent_38d9746a/.venv/lib/python3.12/site-packages/torch_rs/_compile_bytecode.py", line 1522, in lower_compile_graph
    output = _lower_function_body(
             ^^^^^^^^^^^^^^^^^^^^^
  File "/data/users/bobren/a/pytorch-rs-burner/.burner/worktrees/agent_38d9746a/.venv/lib/python3.12/site-packages/torch_rs/_compile_bytecode.py", line 1067, in _lower_function_body
    output = _lower_instruction(
             ^^^^^^^^^^^^^^^^^^^
  File "/data/users/bobren/a/pytorch-rs-burner/.burner/worktrees/agent_38d9746a/.venv/lib/python3.12/site-packages/torch_rs/_compile_bytecode.py", line 1468, in _lower_instruction
    return _OPCODE_HANDLERS[kind](
           ^^^^^^^^^^^^^^^^^^^^^^^
  File "/data/users/bobren/a/pytorch-rs-burner/.burner/worktrees/agent_38d9746a/.venv/lib/python3.12/site-packages/torch_rs/_compile_bytecode.py", line 1228, in _handle_call
    _record_method_call(
  File "/data/users/bobren/a/pytorch-rs-burner/.burner/worktrees/agent_38d9746a/.venv/lib/python3.12/site-packages/torch_rs/_compile_bytecode.py", line 1087, in _record_method_call
    _unsupported_bytecode(program, instruction, "Tensor.reshape requires constant dimensions")
  File "/data/users/bobren/a/pytorch-rs-burner/.burner/worktrees/agent_38d9746a/.venv/lib/python3.12/site-packages/torch_rs/_compile_bytecode.py", line 317, in _unsupported_bytecode
    raise _trace.CompileTraceUnsupportedError(
torch_rs._compile_trace.CompileTraceUnsupportedError: torch.compile trace bytecode lowering does not support Tensor.reshape requires constant dimensions in 'program': CALL

======================================================================
ERROR: test_tensor_valued_invalid_binding_before_execution (tests.test_compile_cuda_reshape.CompileCudaReshapeTests.test_tensor_valued_invalid_binding_before_execution) (policy=(False, None), attempt=0, expression='(x, shape=(1,))', prefix='a = -x')
----------------------------------------------------------------------
Traceback (most recent call last):
  File "/data/users/bobren/a/pytorch-rs-burner/.burner/worktrees/agent_38d9746a/tests/test_compile_cuda_reshape.py", line 217, in test_tensor_valued_invalid_binding_before_execution
    call_without_python(compiled, {fn.__code__}, x)
  File "/data/users/bobren/a/pytorch-rs-burner/.burner/worktrees/agent_38d9746a/tests/test_compile_cuda_mul_scalar.py", line 72, in call_without_python
    return compiled(*args)
           ^^^^^^^^^^^^^^^
  File "/data/users/bobren/a/pytorch-rs-burner/.burner/worktrees/agent_38d9746a/.venv/lib/python3.12/site-packages/torch_rs/__init__.py", line 442, in compiled_model
    result = implementation(*args, **kwargs)
             ^^^^^^^^^^^^^^^^^^^^^^^^^^^^^^^
  File "/data/users/bobren/a/pytorch-rs-burner/.burner/worktrees/agent_38d9746a/.venv/lib/python3.12/site-packages/torch_rs/__init__.py", line 840, in compiled_model
    graph = _compile_bytecode.lower_one_input_compile_graph(
            ^^^^^^^^^^^^^^^^^^^^^^^^^^^^^^^^^^^^^^^^^^^^^^^^
  File "/data/users/bobren/a/pytorch-rs-burner/.burner/worktrees/agent_38d9746a/.venv/lib/python3.12/site-packages/torch_rs/_compile_bytecode.py", line 1542, in lower_one_input_compile_graph
    return lower_compile_graph(
           ^^^^^^^^^^^^^^^^^^^^
  File "/data/users/bobren/a/pytorch-rs-burner/.burner/worktrees/agent_38d9746a/.venv/lib/python3.12/site-packages/torch_rs/_compile_bytecode.py", line 1522, in lower_compile_graph
    output = _lower_function_body(
             ^^^^^^^^^^^^^^^^^^^^^
  File "/data/users/bobren/a/pytorch-rs-burner/.burner/worktrees/agent_38d9746a/.venv/lib/python3.12/site-packages/torch_rs/_compile_bytecode.py", line 1067, in _lower_function_body
    output = _lower_instruction(
             ^^^^^^^^^^^^^^^^^^^
  File "/data/users/bobren/a/pytorch-rs-burner/.burner/worktrees/agent_38d9746a/.venv/lib/python3.12/site-packages/torch_rs/_compile_bytecode.py", line 1468, in _lower_instruction
    return _OPCODE_HANDLERS[kind](
           ^^^^^^^^^^^^^^^^^^^^^^^
  File "/data/users/bobren/a/pytorch-rs-burner/.burner/worktrees/agent_38d9746a/.venv/lib/python3.12/site-packages/torch_rs/_compile_bytecode.py", line 1228, in _handle_call
    _record_method_call(
  File "/data/users/bobren/a/pytorch-rs-burner/.burner/worktrees/agent_38d9746a/.venv/lib/python3.12/site-packages/torch_rs/_compile_bytecode.py", line 1087, in _record_method_call
    _unsupported_bytecode(program, instruction, "Tensor.reshape requires constant dimensions")
  File "/data/users/bobren/a/pytorch-rs-burner/.burner/worktrees/agent_38d9746a/.venv/lib/python3.12/site-packages/torch_rs/_compile_bytecode.py", line 317, in _unsupported_bytecode
    raise _trace.CompileTraceUnsupportedError(
torch_rs._compile_trace.CompileTraceUnsupportedError: torch.compile trace bytecode lowering does not support Tensor.reshape requires constant dimensions in 'program': CALL

======================================================================
ERROR: test_tensor_valued_invalid_binding_before_execution (tests.test_compile_cuda_reshape.CompileCudaReshapeTests.test_tensor_valued_invalid_binding_before_execution) (policy=(False, None), attempt=1, expression='(x, shape=(1,))', prefix='a = -x')
----------------------------------------------------------------------
Traceback (most recent call last):
  File "/data/users/bobren/a/pytorch-rs-burner/.burner/worktrees/agent_38d9746a/tests/test_compile_cuda_reshape.py", line 217, in test_tensor_valued_invalid_binding_before_execution
    call_without_python(compiled, {fn.__code__}, x)
  File "/data/users/bobren/a/pytorch-rs-burner/.burner/worktrees/agent_38d9746a/tests/test_compile_cuda_mul_scalar.py", line 72, in call_without_python
    return compiled(*args)
           ^^^^^^^^^^^^^^^
  File "/data/users/bobren/a/pytorch-rs-burner/.burner/worktrees/agent_38d9746a/.venv/lib/python3.12/site-packages/torch_rs/__init__.py", line 442, in compiled_model
    result = implementation(*args, **kwargs)
             ^^^^^^^^^^^^^^^^^^^^^^^^^^^^^^^
  File "/data/users/bobren/a/pytorch-rs-burner/.burner/worktrees/agent_38d9746a/.venv/lib/python3.12/site-packages/torch_rs/__init__.py", line 840, in compiled_model
    graph = _compile_bytecode.lower_one_input_compile_graph(
            ^^^^^^^^^^^^^^^^^^^^^^^^^^^^^^^^^^^^^^^^^^^^^^^^
  File "/data/users/bobren/a/pytorch-rs-burner/.burner/worktrees/agent_38d9746a/.venv/lib/python3.12/site-packages/torch_rs/_compile_bytecode.py", line 1542, in lower_one_input_compile_graph
    return lower_compile_graph(
           ^^^^^^^^^^^^^^^^^^^^
  File "/data/users/bobren/a/pytorch-rs-burner/.burner/worktrees/agent_38d9746a/.venv/lib/python3.12/site-packages/torch_rs/_compile_bytecode.py", line 1522, in lower_compile_graph
    output = _lower_function_body(
             ^^^^^^^^^^^^^^^^^^^^^
  File "/data/users/bobren/a/pytorch-rs-burner/.burner/worktrees/agent_38d9746a/.venv/lib/python3.12/site-packages/torch_rs/_compile_bytecode.py", line 1067, in _lower_function_body
    output = _lower_instruction(
             ^^^^^^^^^^^^^^^^^^^
  File "/data/users/bobren/a/pytorch-rs-burner/.burner/worktrees/agent_38d9746a/.venv/lib/python3.12/site-packages/torch_rs/_compile_bytecode.py", line 1468, in _lower_instruction
    return _OPCODE_HANDLERS[kind](
           ^^^^^^^^^^^^^^^^^^^^^^^
  File "/data/users/bobren/a/pytorch-rs-burner/.burner/worktrees/agent_38d9746a/.venv/lib/python3.12/site-packages/torch_rs/_compile_bytecode.py", line 1228, in _handle_call
    _record_method_call(
  File "/data/users/bobren/a/pytorch-rs-burner/.burner/worktrees/agent_38d9746a/.venv/lib/python3.12/site-packages/torch_rs/_compile_bytecode.py", line 1087, in _record_method_call
    _unsupported_bytecode(program, instruction, "Tensor.reshape requires constant dimensions")
  File "/data/users/bobren/a/pytorch-rs-burner/.burner/worktrees/agent_38d9746a/.venv/lib/python3.12/site-packages/torch_rs/_compile_bytecode.py", line 317, in _unsupported_bytecode
    raise _trace.CompileTraceUnsupportedError(
torch_rs._compile_trace.CompileTraceUnsupportedError: torch.compile trace bytecode lowering does not support Tensor.reshape requires constant dimensions in 'program': CALL

======================================================================
ERROR: test_tensor_valued_invalid_binding_before_execution (tests.test_compile_cuda_reshape.CompileCudaReshapeTests.test_tensor_valued_invalid_binding_before_execution) (policy=(True, None), attempt=0, expression='(x, foo=1)', prefix='a = x')
----------------------------------------------------------------------
Traceback (most recent call last):
  File "/data/users/bobren/a/pytorch-rs-burner/.burner/worktrees/agent_38d9746a/tests/test_compile_cuda_reshape.py", line 217, in test_tensor_valued_invalid_binding_before_execution
    call_without_python(compiled, {fn.__code__}, x)
  File "/data/users/bobren/a/pytorch-rs-burner/.burner/worktrees/agent_38d9746a/tests/test_compile_cuda_mul_scalar.py", line 72, in call_without_python
    return compiled(*args)
           ^^^^^^^^^^^^^^^
  File "/data/users/bobren/a/pytorch-rs-burner/.burner/worktrees/agent_38d9746a/.venv/lib/python3.12/site-packages/torch_rs/__init__.py", line 442, in compiled_model
    result = implementation(*args, **kwargs)
             ^^^^^^^^^^^^^^^^^^^^^^^^^^^^^^^
  File "/data/users/bobren/a/pytorch-rs-burner/.burner/worktrees/agent_38d9746a/.venv/lib/python3.12/site-packages/torch_rs/__init__.py", line 840, in compiled_model
    graph = _compile_bytecode.lower_one_input_compile_graph(
            ^^^^^^^^^^^^^^^^^^^^^^^^^^^^^^^^^^^^^^^^^^^^^^^^
  File "/data/users/bobren/a/pytorch-rs-burner/.burner/worktrees/agent_38d9746a/.venv/lib/python3.12/site-packages/torch_rs/_compile_bytecode.py", line 1542, in lower_one_input_compile_graph
    return lower_compile_graph(
           ^^^^^^^^^^^^^^^^^^^^
  File "/data/users/bobren/a/pytorch-rs-burner/.burner/worktrees/agent_38d9746a/.venv/lib/python3.12/site-packages/torch_rs/_compile_bytecode.py", line 1522, in lower_compile_graph
    output = _lower_function_body(
             ^^^^^^^^^^^^^^^^^^^^^
  File "/data/users/bobren/a/pytorch-rs-burner/.burner/worktrees/agent_38d9746a/.venv/lib/python3.12/site-packages/torch_rs/_compile_bytecode.py", line 1067, in _lower_function_body
    output = _lower_instruction(
             ^^^^^^^^^^^^^^^^^^^
  File "/data/users/bobren/a/pytorch-rs-burner/.burner/worktrees/agent_38d9746a/.venv/lib/python3.12/site-packages/torch_rs/_compile_bytecode.py", line 1468, in _lower_instruction
    return _OPCODE_HANDLERS[kind](
           ^^^^^^^^^^^^^^^^^^^^^^^
  File "/data/users/bobren/a/pytorch-rs-burner/.burner/worktrees/agent_38d9746a/.venv/lib/python3.12/site-packages/torch_rs/_compile_bytecode.py", line 1228, in _handle_call
    _record_method_call(
  File "/data/users/bobren/a/pytorch-rs-burner/.burner/worktrees/agent_38d9746a/.venv/lib/python3.12/site-packages/torch_rs/_compile_bytecode.py", line 1087, in _record_method_call
    _unsupported_bytecode(program, instruction, "Tensor.reshape requires constant dimensions")
  File "/data/users/bobren/a/pytorch-rs-burner/.burner/worktrees/agent_38d9746a/.venv/lib/python3.12/site-packages/torch_rs/_compile_bytecode.py", line 317, in _unsupported_bytecode
    raise _trace.CompileTraceUnsupportedError(
torch_rs._compile_trace.CompileTraceUnsupportedError: torch.compile trace bytecode lowering does not support Tensor.reshape requires constant dimensions in 'program': CALL

======================================================================
ERROR: test_tensor_valued_invalid_binding_before_execution (tests.test_compile_cuda_reshape.CompileCudaReshapeTests.test_tensor_valued_invalid_binding_before_execution) (policy=(True, None), attempt=1, expression='(x, foo=1)', prefix='a = x')
----------------------------------------------------------------------
Traceback (most recent call last):
  File "/data/users/bobren/a/pytorch-rs-burner/.burner/worktrees/agent_38d9746a/tests/test_compile_cuda_reshape.py", line 217, in test_tensor_valued_invalid_binding_before_execution
    call_without_python(compiled, {fn.__code__}, x)
  File "/data/users/bobren/a/pytorch-rs-burner/.burner/worktrees/agent_38d9746a/tests/test_compile_cuda_mul_scalar.py", line 72, in call_without_python
    return compiled(*args)
           ^^^^^^^^^^^^^^^
  File "/data/users/bobren/a/pytorch-rs-burner/.burner/worktrees/agent_38d9746a/.venv/lib/python3.12/site-packages/torch_rs/__init__.py", line 442, in compiled_model
    result = implementation(*args, **kwargs)
             ^^^^^^^^^^^^^^^^^^^^^^^^^^^^^^^
  File "/data/users/bobren/a/pytorch-rs-burner/.burner/worktrees/agent_38d9746a/.venv/lib/python3.12/site-packages/torch_rs/__init__.py", line 840, in compiled_model
    graph = _compile_bytecode.lower_one_input_compile_graph(
            ^^^^^^^^^^^^^^^^^^^^^^^^^^^^^^^^^^^^^^^^^^^^^^^^
  File "/data/users/bobren/a/pytorch-rs-burner/.burner/worktrees/agent_38d9746a/.venv/lib/python3.12/site-packages/torch_rs/_compile_bytecode.py", line 1542, in lower_one_input_compile_graph
    return lower_compile_graph(
           ^^^^^^^^^^^^^^^^^^^^
  File "/data/users/bobren/a/pytorch-rs-burner/.burner/worktrees/agent_38d9746a/.venv/lib/python3.12/site-packages/torch_rs/_compile_bytecode.py", line 1522, in lower_compile_graph
    output = _lower_function_body(
             ^^^^^^^^^^^^^^^^^^^^^
  File "/data/users/bobren/a/pytorch-rs-burner/.burner/worktrees/agent_38d9746a/.venv/lib/python3.12/site-packages/torch_rs/_compile_bytecode.py", line 1067, in _lower_function_body
    output = _lower_instruction(
             ^^^^^^^^^^^^^^^^^^^
  File "/data/users/bobren/a/pytorch-rs-burner/.burner/worktrees/agent_38d9746a/.venv/lib/python3.12/site-packages/torch_rs/_compile_bytecode.py", line 1468, in _lower_instruction
    return _OPCODE_HANDLERS[kind](
           ^^^^^^^^^^^^^^^^^^^^^^^
  File "/data/users/bobren/a/pytorch-rs-burner/.burner/worktrees/agent_38d9746a/.venv/lib/python3.12/site-packages/torch_rs/_compile_bytecode.py", line 1228, in _handle_call
    _record_method_call(
  File "/data/users/bobren/a/pytorch-rs-burner/.burner/worktrees/agent_38d9746a/.venv/lib/python3.12/site-packages/torch_rs/_compile_bytecode.py", line 1087, in _record_method_call
    _unsupported_bytecode(program, instruction, "Tensor.reshape requires constant dimensions")
  File "/data/users/bobren/a/pytorch-rs-burner/.burner/worktrees/agent_38d9746a/.venv/lib/python3.12/site-packages/torch_rs/_compile_bytecode.py", line 317, in _unsupported_bytecode
    raise _trace.CompileTraceUnsupportedError(
torch_rs._compile_trace.CompileTraceUnsupportedError: torch.compile trace bytecode lowering does not support Tensor.reshape requires constant dimensions in 'program': CALL

======================================================================
ERROR: test_tensor_valued_invalid_binding_before_execution (tests.test_compile_cuda_reshape.CompileCudaReshapeTests.test_tensor_valued_invalid_binding_before_execution) (policy=(True, False), attempt=0, expression='(x, foo=1)', prefix='a = x')
----------------------------------------------------------------------
Traceback (most recent call last):
  File "/data/users/bobren/a/pytorch-rs-burner/.burner/worktrees/agent_38d9746a/tests/test_compile_cuda_reshape.py", line 217, in test_tensor_valued_invalid_binding_before_execution
    call_without_python(compiled, {fn.__code__}, x)
  File "/data/users/bobren/a/pytorch-rs-burner/.burner/worktrees/agent_38d9746a/tests/test_compile_cuda_mul_scalar.py", line 72, in call_without_python
    return compiled(*args)
           ^^^^^^^^^^^^^^^
  File "/data/users/bobren/a/pytorch-rs-burner/.burner/worktrees/agent_38d9746a/.venv/lib/python3.12/site-packages/torch_rs/__init__.py", line 442, in compiled_model
    result = implementation(*args, **kwargs)
             ^^^^^^^^^^^^^^^^^^^^^^^^^^^^^^^
  File "/data/users/bobren/a/pytorch-rs-burner/.burner/worktrees/agent_38d9746a/.venv/lib/python3.12/site-packages/torch_rs/__init__.py", line 840, in compiled_model
    graph = _compile_bytecode.lower_one_input_compile_graph(
            ^^^^^^^^^^^^^^^^^^^^^^^^^^^^^^^^^^^^^^^^^^^^^^^^
  File "/data/users/bobren/a/pytorch-rs-burner/.burner/worktrees/agent_38d9746a/.venv/lib/python3.12/site-packages/torch_rs/_compile_bytecode.py", line 1542, in lower_one_input_compile_graph
    return lower_compile_graph(
           ^^^^^^^^^^^^^^^^^^^^
  File "/data/users/bobren/a/pytorch-rs-burner/.burner/worktrees/agent_38d9746a/.venv/lib/python3.12/site-packages/torch_rs/_compile_bytecode.py", line 1522, in lower_compile_graph
    output = _lower_function_body(
             ^^^^^^^^^^^^^^^^^^^^^
  File "/data/users/bobren/a/pytorch-rs-burner/.burner/worktrees/agent_38d9746a/.venv/lib/python3.12/site-packages/torch_rs/_compile_bytecode.py", line 1067, in _lower_function_body
    output = _lower_instruction(
             ^^^^^^^^^^^^^^^^^^^
  File "/data/users/bobren/a/pytorch-rs-burner/.burner/worktrees/agent_38d9746a/.venv/lib/python3.12/site-packages/torch_rs/_compile_bytecode.py", line 1468, in _lower_instruction
    return _OPCODE_HANDLERS[kind](
           ^^^^^^^^^^^^^^^^^^^^^^^
  File "/data/users/bobren/a/pytorch-rs-burner/.burner/worktrees/agent_38d9746a/.venv/lib/python3.12/site-packages/torch_rs/_compile_bytecode.py", line 1228, in _handle_call
    _record_method_call(
  File "/data/users/bobren/a/pytorch-rs-burner/.burner/worktrees/agent_38d9746a/.venv/lib/python3.12/site-packages/torch_rs/_compile_bytecode.py", line 1087, in _record_method_call
    _unsupported_bytecode(program, instruction, "Tensor.reshape requires constant dimensions")
  File "/data/users/bobren/a/pytorch-rs-burner/.burner/worktrees/agent_38d9746a/.venv/lib/python3.12/site-packages/torch_rs/_compile_bytecode.py", line 317, in _unsupported_bytecode
    raise _trace.CompileTraceUnsupportedError(
torch_rs._compile_trace.CompileTraceUnsupportedError: torch.compile trace bytecode lowering does not support Tensor.reshape requires constant dimensions in 'program': CALL

======================================================================
ERROR: test_tensor_valued_invalid_binding_before_execution (tests.test_compile_cuda_reshape.CompileCudaReshapeTests.test_tensor_valued_invalid_binding_before_execution) (policy=(True, False), attempt=1, expression='(x, foo=1)', prefix='a = x')
----------------------------------------------------------------------
Traceback (most recent call last):
  File "/data/users/bobren/a/pytorch-rs-burner/.burner/worktrees/agent_38d9746a/tests/test_compile_cuda_reshape.py", line 217, in test_tensor_valued_invalid_binding_before_execution
    call_without_python(compiled, {fn.__code__}, x)
  File "/data/users/bobren/a/pytorch-rs-burner/.burner/worktrees/agent_38d9746a/tests/test_compile_cuda_mul_scalar.py", line 72, in call_without_python
    return compiled(*args)
           ^^^^^^^^^^^^^^^
  File "/data/users/bobren/a/pytorch-rs-burner/.burner/worktrees/agent_38d9746a/.venv/lib/python3.12/site-packages/torch_rs/__init__.py", line 442, in compiled_model
    result = implementation(*args, **kwargs)
             ^^^^^^^^^^^^^^^^^^^^^^^^^^^^^^^
  File "/data/users/bobren/a/pytorch-rs-burner/.burner/worktrees/agent_38d9746a/.venv/lib/python3.12/site-packages/torch_rs/__init__.py", line 840, in compiled_model
    graph = _compile_bytecode.lower_one_input_compile_graph(
            ^^^^^^^^^^^^^^^^^^^^^^^^^^^^^^^^^^^^^^^^^^^^^^^^
  File "/data/users/bobren/a/pytorch-rs-burner/.burner/worktrees/agent_38d9746a/.venv/lib/python3.12/site-packages/torch_rs/_compile_bytecode.py", line 1542, in lower_one_input_compile_graph
    return lower_compile_graph(
           ^^^^^^^^^^^^^^^^^^^^
  File "/data/users/bobren/a/pytorch-rs-burner/.burner/worktrees/agent_38d9746a/.venv/lib/python3.12/site-packages/torch_rs/_compile_bytecode.py", line 1522, in lower_compile_graph
    output = _lower_function_body(
             ^^^^^^^^^^^^^^^^^^^^^
  File "/data/users/bobren/a/pytorch-rs-burner/.burner/worktrees/agent_38d9746a/.venv/lib/python3.12/site-packages/torch_rs/_compile_bytecode.py", line 1067, in _lower_function_body
    output = _lower_instruction(
             ^^^^^^^^^^^^^^^^^^^
  File "/data/users/bobren/a/pytorch-rs-burner/.burner/worktrees/agent_38d9746a/.venv/lib/python3.12/site-packages/torch_rs/_compile_bytecode.py", line 1468, in _lower_instruction
    return _OPCODE_HANDLERS[kind](
           ^^^^^^^^^^^^^^^^^^^^^^^
  File "/data/users/bobren/a/pytorch-rs-burner/.burner/worktrees/agent_38d9746a/.venv/lib/python3.12/site-packages/torch_rs/_compile_bytecode.py", line 1228, in _handle_call
    _record_method_call(
  File "/data/users/bobren/a/pytorch-rs-burner/.burner/worktrees/agent_38d9746a/.venv/lib/python3.12/site-packages/torch_rs/_compile_bytecode.py", line 1087, in _record_method_call
    _unsupported_bytecode(program, instruction, "Tensor.reshape requires constant dimensions")
  File "/data/users/bobren/a/pytorch-rs-burner/.burner/worktrees/agent_38d9746a/.venv/lib/python3.12/site-packages/torch_rs/_compile_bytecode.py", line 317, in _unsupported_bytecode
    raise _trace.CompileTraceUnsupportedError(
torch_rs._compile_trace.CompileTraceUnsupportedError: torch.compile trace bytecode lowering does not support Tensor.reshape requires constant dimensions in 'program': CALL

======================================================================
ERROR: test_tensor_valued_invalid_binding_before_execution (tests.test_compile_cuda_reshape.CompileCudaReshapeTests.test_tensor_valued_invalid_binding_before_execution) (policy=(True, True), attempt=0, expression='(x, foo=1)', prefix='a = x')
----------------------------------------------------------------------
Traceback (most recent call last):
  File "/data/users/bobren/a/pytorch-rs-burner/.burner/worktrees/agent_38d9746a/tests/test_compile_cuda_reshape.py", line 217, in test_tensor_valued_invalid_binding_before_execution
    call_without_python(compiled, {fn.__code__}, x)
  File "/data/users/bobren/a/pytorch-rs-burner/.burner/worktrees/agent_38d9746a/tests/test_compile_cuda_mul_scalar.py", line 72, in call_without_python
    return compiled(*args)
           ^^^^^^^^^^^^^^^
  File "/data/users/bobren/a/pytorch-rs-burner/.burner/worktrees/agent_38d9746a/.venv/lib/python3.12/site-packages/torch_rs/__init__.py", line 442, in compiled_model
    result = implementation(*args, **kwargs)
             ^^^^^^^^^^^^^^^^^^^^^^^^^^^^^^^
  File "/data/users/bobren/a/pytorch-rs-burner/.burner/worktrees/agent_38d9746a/.venv/lib/python3.12/site-packages/torch_rs/__init__.py", line 840, in compiled_model
    graph = _compile_bytecode.lower_one_input_compile_graph(
            ^^^^^^^^^^^^^^^^^^^^^^^^^^^^^^^^^^^^^^^^^^^^^^^^
  File "/data/users/bobren/a/pytorch-rs-burner/.burner/worktrees/agent_38d9746a/.venv/lib/python3.12/site-packages/torch_rs/_compile_bytecode.py", line 1542, in lower_one_input_compile_graph
    return lower_compile_graph(
           ^^^^^^^^^^^^^^^^^^^^
  File "/data/users/bobren/a/pytorch-rs-burner/.burner/worktrees/agent_38d9746a/.venv/lib/python3.12/site-packages/torch_rs/_compile_bytecode.py", line 1522, in lower_compile_graph
    output = _lower_function_body(
             ^^^^^^^^^^^^^^^^^^^^^
  File "/data/users/bobren/a/pytorch-rs-burner/.burner/worktrees/agent_38d9746a/.venv/lib/python3.12/site-packages/torch_rs/_compile_bytecode.py", line 1067, in _lower_function_body
    output = _lower_instruction(
             ^^^^^^^^^^^^^^^^^^^
  File "/data/users/bobren/a/pytorch-rs-burner/.burner/worktrees/agent_38d9746a/.venv/lib/python3.12/site-packages/torch_rs/_compile_bytecode.py", line 1468, in _lower_instruction
    return _OPCODE_HANDLERS[kind](
           ^^^^^^^^^^^^^^^^^^^^^^^
  File "/data/users/bobren/a/pytorch-rs-burner/.burner/worktrees/agent_38d9746a/.venv/lib/python3.12/site-packages/torch_rs/_compile_bytecode.py", line 1228, in _handle_call
    _record_method_call(
  File "/data/users/bobren/a/pytorch-rs-burner/.burner/worktrees/agent_38d9746a/.venv/lib/python3.12/site-packages/torch_rs/_compile_bytecode.py", line 1087, in _record_method_call
    _unsupported_bytecode(program, instruction, "Tensor.reshape requires constant dimensions")
  File "/data/users/bobren/a/pytorch-rs-burner/.burner/worktrees/agent_38d9746a/.venv/lib/python3.12/site-packages/torch_rs/_compile_bytecode.py", line 317, in _unsupported_bytecode
    raise _trace.CompileTraceUnsupportedError(
torch_rs._compile_trace.CompileTraceUnsupportedError: torch.compile trace bytecode lowering does not support Tensor.reshape requires constant dimensions in 'program': CALL

======================================================================
ERROR: test_tensor_valued_invalid_binding_before_execution (tests.test_compile_cuda_reshape.CompileCudaReshapeTests.test_tensor_valued_invalid_binding_before_execution) (policy=(True, True), attempt=1, expression='(x, foo=1)', prefix='a = x')
----------------------------------------------------------------------
Traceback (most recent call last):
  File "/data/users/bobren/a/pytorch-rs-burner/.burner/worktrees/agent_38d9746a/tests/test_compile_cuda_reshape.py", line 217, in test_tensor_valued_invalid_binding_before_execution
    call_without_python(compiled, {fn.__code__}, x)
  File "/data/users/bobren/a/pytorch-rs-burner/.burner/worktrees/agent_38d9746a/tests/test_compile_cuda_mul_scalar.py", line 72, in call_without_python
    return compiled(*args)
           ^^^^^^^^^^^^^^^
  File "/data/users/bobren/a/pytorch-rs-burner/.burner/worktrees/agent_38d9746a/.venv/lib/python3.12/site-packages/torch_rs/__init__.py", line 442, in compiled_model
    result = implementation(*args, **kwargs)
             ^^^^^^^^^^^^^^^^^^^^^^^^^^^^^^^
  File "/data/users/bobren/a/pytorch-rs-burner/.burner/worktrees/agent_38d9746a/.venv/lib/python3.12/site-packages/torch_rs/__init__.py", line 840, in compiled_model
    graph = _compile_bytecode.lower_one_input_compile_graph(
            ^^^^^^^^^^^^^^^^^^^^^^^^^^^^^^^^^^^^^^^^^^^^^^^^
  File "/data/users/bobren/a/pytorch-rs-burner/.burner/worktrees/agent_38d9746a/.venv/lib/python3.12/site-packages/torch_rs/_compile_bytecode.py", line 1542, in lower_one_input_compile_graph
    return lower_compile_graph(
           ^^^^^^^^^^^^^^^^^^^^
  File "/data/users/bobren/a/pytorch-rs-burner/.burner/worktrees/agent_38d9746a/.venv/lib/python3.12/site-packages/torch_rs/_compile_bytecode.py", line 1522, in lower_compile_graph
    output = _lower_function_body(
             ^^^^^^^^^^^^^^^^^^^^^
  File "/data/users/bobren/a/pytorch-rs-burner/.burner/worktrees/agent_38d9746a/.venv/lib/python3.12/site-packages/torch_rs/_compile_bytecode.py", line 1067, in _lower_function_body
    output = _lower_instruction(
             ^^^^^^^^^^^^^^^^^^^
  File "/data/users/bobren/a/pytorch-rs-burner/.burner/worktrees/agent_38d9746a/.venv/lib/python3.12/site-packages/torch_rs/_compile_bytecode.py", line 1468, in _lower_instruction
    return _OPCODE_HANDLERS[kind](
           ^^^^^^^^^^^^^^^^^^^^^^^
  File "/data/users/bobren/a/pytorch-rs-burner/.burner/worktrees/agent_38d9746a/.venv/lib/python3.12/site-packages/torch_rs/_compile_bytecode.py", line 1228, in _handle_call
    _record_method_call(
  File "/data/users/bobren/a/pytorch-rs-burner/.burner/worktrees/agent_38d9746a/.venv/lib/python3.12/site-packages/torch_rs/_compile_bytecode.py", line 1087, in _record_method_call
    _unsupported_bytecode(program, instruction, "Tensor.reshape requires constant dimensions")
  File "/data/users/bobren/a/pytorch-rs-burner/.burner/worktrees/agent_38d9746a/.venv/lib/python3.12/site-packages/torch_rs/_compile_bytecode.py", line 317, in _unsupported_bytecode
    raise _trace.CompileTraceUnsupportedError(
torch_rs._compile_trace.CompileTraceUnsupportedError: torch.compile trace bytecode lowering does not support Tensor.reshape requires constant dimensions in 'program': CALL

======================================================================
ERROR: test_tensor_valued_invalid_binding_before_execution (tests.test_compile_cuda_reshape.CompileCudaReshapeTests.test_tensor_valued_invalid_binding_before_execution) (policy=(False, None), attempt=0, expression='(x, foo=1)', prefix='a = x')
----------------------------------------------------------------------
Traceback (most recent call last):
  File "/data/users/bobren/a/pytorch-rs-burner/.burner/worktrees/agent_38d9746a/tests/test_compile_cuda_reshape.py", line 217, in test_tensor_valued_invalid_binding_before_execution
    call_without_python(compiled, {fn.__code__}, x)
  File "/data/users/bobren/a/pytorch-rs-burner/.burner/worktrees/agent_38d9746a/tests/test_compile_cuda_mul_scalar.py", line 72, in call_without_python
    return compiled(*args)
           ^^^^^^^^^^^^^^^
  File "/data/users/bobren/a/pytorch-rs-burner/.burner/worktrees/agent_38d9746a/.venv/lib/python3.12/site-packages/torch_rs/__init__.py", line 442, in compiled_model
    result = implementation(*args, **kwargs)
             ^^^^^^^^^^^^^^^^^^^^^^^^^^^^^^^
  File "/data/users/bobren/a/pytorch-rs-burner/.burner/worktrees/agent_38d9746a/.venv/lib/python3.12/site-packages/torch_rs/__init__.py", line 840, in compiled_model
    graph = _compile_bytecode.lower_one_input_compile_graph(
            ^^^^^^^^^^^^^^^^^^^^^^^^^^^^^^^^^^^^^^^^^^^^^^^^
  File "/data/users/bobren/a/pytorch-rs-burner/.burner/worktrees/agent_38d9746a/.venv/lib/python3.12/site-packages/torch_rs/_compile_bytecode.py", line 1542, in lower_one_input_compile_graph
    return lower_compile_graph(
           ^^^^^^^^^^^^^^^^^^^^
  File "/data/users/bobren/a/pytorch-rs-burner/.burner/worktrees/agent_38d9746a/.venv/lib/python3.12/site-packages/torch_rs/_compile_bytecode.py", line 1522, in lower_compile_graph
    output = _lower_function_body(
             ^^^^^^^^^^^^^^^^^^^^^
  File "/data/users/bobren/a/pytorch-rs-burner/.burner/worktrees/agent_38d9746a/.venv/lib/python3.12/site-packages/torch_rs/_compile_bytecode.py", line 1067, in _lower_function_body
    output = _lower_instruction(
             ^^^^^^^^^^^^^^^^^^^
  File "/data/users/bobren/a/pytorch-rs-burner/.burner/worktrees/agent_38d9746a/.venv/lib/python3.12/site-packages/torch_rs/_compile_bytecode.py", line 1468, in _lower_instruction
    return _OPCODE_HANDLERS[kind](
           ^^^^^^^^^^^^^^^^^^^^^^^
  File "/data/users/bobren/a/pytorch-rs-burner/.burner/worktrees/agent_38d9746a/.venv/lib/python3.12/site-packages/torch_rs/_compile_bytecode.py", line 1228, in _handle_call
    _record_method_call(
  File "/data/users/bobren/a/pytorch-rs-burner/.burner/worktrees/agent_38d9746a/.venv/lib/python3.12/site-packages/torch_rs/_compile_bytecode.py", line 1087, in _record_method_call
    _unsupported_bytecode(program, instruction, "Tensor.reshape requires constant dimensions")
  File "/data/users/bobren/a/pytorch-rs-burner/.burner/worktrees/agent_38d9746a/.venv/lib/python3.12/site-packages/torch_rs/_compile_bytecode.py", line 317, in _unsupported_bytecode
    raise _trace.CompileTraceUnsupportedError(
torch_rs._compile_trace.CompileTraceUnsupportedError: torch.compile trace bytecode lowering does not support Tensor.reshape requires constant dimensions in 'program': CALL

======================================================================
ERROR: test_tensor_valued_invalid_binding_before_execution (tests.test_compile_cuda_reshape.CompileCudaReshapeTests.test_tensor_valued_invalid_binding_before_execution) (policy=(False, None), attempt=1, expression='(x, foo=1)', prefix='a = x')
----------------------------------------------------------------------
Traceback (most recent call last):
  File "/data/users/bobren/a/pytorch-rs-burner/.burner/worktrees/agent_38d9746a/tests/test_compile_cuda_reshape.py", line 217, in test_tensor_valued_invalid_binding_before_execution
    call_without_python(compiled, {fn.__code__}, x)
  File "/data/users/bobren/a/pytorch-rs-burner/.burner/worktrees/agent_38d9746a/tests/test_compile_cuda_mul_scalar.py", line 72, in call_without_python
    return compiled(*args)
           ^^^^^^^^^^^^^^^
  File "/data/users/bobren/a/pytorch-rs-burner/.burner/worktrees/agent_38d9746a/.venv/lib/python3.12/site-packages/torch_rs/__init__.py", line 442, in compiled_model
    result = implementation(*args, **kwargs)
             ^^^^^^^^^^^^^^^^^^^^^^^^^^^^^^^
  File "/data/users/bobren/a/pytorch-rs-burner/.burner/worktrees/agent_38d9746a/.venv/lib/python3.12/site-packages/torch_rs/__init__.py", line 840, in compiled_model
    graph = _compile_bytecode.lower_one_input_compile_graph(
            ^^^^^^^^^^^^^^^^^^^^^^^^^^^^^^^^^^^^^^^^^^^^^^^^
  File "/data/users/bobren/a/pytorch-rs-burner/.burner/worktrees/agent_38d9746a/.venv/lib/python3.12/site-packages/torch_rs/_compile_bytecode.py", line 1542, in lower_one_input_compile_graph
    return lower_compile_graph(
           ^^^^^^^^^^^^^^^^^^^^
  File "/data/users/bobren/a/pytorch-rs-burner/.burner/worktrees/agent_38d9746a/.venv/lib/python3.12/site-packages/torch_rs/_compile_bytecode.py", line 1522, in lower_compile_graph
    output = _lower_function_body(
             ^^^^^^^^^^^^^^^^^^^^^
  File "/data/users/bobren/a/pytorch-rs-burner/.burner/worktrees/agent_38d9746a/.venv/lib/python3.12/site-packages/torch_rs/_compile_bytecode.py", line 1067, in _lower_function_body
    output = _lower_instruction(
             ^^^^^^^^^^^^^^^^^^^
  File "/data/users/bobren/a/pytorch-rs-burner/.burner/worktrees/agent_38d9746a/.venv/lib/python3.12/site-packages/torch_rs/_compile_bytecode.py", line 1468, in _lower_instruction
    return _OPCODE_HANDLERS[kind](
           ^^^^^^^^^^^^^^^^^^^^^^^
  File "/data/users/bobren/a/pytorch-rs-burner/.burner/worktrees/agent_38d9746a/.venv/lib/python3.12/site-packages/torch_rs/_compile_bytecode.py", line 1228, in _handle_call
    _record_method_call(
  File "/data/users/bobren/a/pytorch-rs-burner/.burner/worktrees/agent_38d9746a/.venv/lib/python3.12/site-packages/torch_rs/_compile_bytecode.py", line 1087, in _record_method_call
    _unsupported_bytecode(program, instruction, "Tensor.reshape requires constant dimensions")
  File "/data/users/bobren/a/pytorch-rs-burner/.burner/worktrees/agent_38d9746a/.venv/lib/python3.12/site-packages/torch_rs/_compile_bytecode.py", line 317, in _unsupported_bytecode
    raise _trace.CompileTraceUnsupportedError(
torch_rs._compile_trace.CompileTraceUnsupportedError: torch.compile trace bytecode lowering does not support Tensor.reshape requires constant dimensions in 'program': CALL

======================================================================
ERROR: test_tensor_valued_invalid_binding_before_execution (tests.test_compile_cuda_reshape.CompileCudaReshapeTests.test_tensor_valued_invalid_binding_before_execution) (policy=(True, None), attempt=0, expression='(x, foo=1)', prefix='a = -x')
----------------------------------------------------------------------
Traceback (most recent call last):
  File "/data/users/bobren/a/pytorch-rs-burner/.burner/worktrees/agent_38d9746a/tests/test_compile_cuda_reshape.py", line 217, in test_tensor_valued_invalid_binding_before_execution
    call_without_python(compiled, {fn.__code__}, x)
  File "/data/users/bobren/a/pytorch-rs-burner/.burner/worktrees/agent_38d9746a/tests/test_compile_cuda_mul_scalar.py", line 72, in call_without_python
    return compiled(*args)
           ^^^^^^^^^^^^^^^
  File "/data/users/bobren/a/pytorch-rs-burner/.burner/worktrees/agent_38d9746a/.venv/lib/python3.12/site-packages/torch_rs/__init__.py", line 442, in compiled_model
    result = implementation(*args, **kwargs)
             ^^^^^^^^^^^^^^^^^^^^^^^^^^^^^^^
  File "/data/users/bobren/a/pytorch-rs-burner/.burner/worktrees/agent_38d9746a/.venv/lib/python3.12/site-packages/torch_rs/__init__.py", line 840, in compiled_model
    graph = _compile_bytecode.lower_one_input_compile_graph(
            ^^^^^^^^^^^^^^^^^^^^^^^^^^^^^^^^^^^^^^^^^^^^^^^^
  File "/data/users/bobren/a/pytorch-rs-burner/.burner/worktrees/agent_38d9746a/.venv/lib/python3.12/site-packages/torch_rs/_compile_bytecode.py", line 1542, in lower_one_input_compile_graph
    return lower_compile_graph(
           ^^^^^^^^^^^^^^^^^^^^
  File "/data/users/bobren/a/pytorch-rs-burner/.burner/worktrees/agent_38d9746a/.venv/lib/python3.12/site-packages/torch_rs/_compile_bytecode.py", line 1522, in lower_compile_graph
    output = _lower_function_body(
             ^^^^^^^^^^^^^^^^^^^^^
  File "/data/users/bobren/a/pytorch-rs-burner/.burner/worktrees/agent_38d9746a/.venv/lib/python3.12/site-packages/torch_rs/_compile_bytecode.py", line 1067, in _lower_function_body
    output = _lower_instruction(
             ^^^^^^^^^^^^^^^^^^^
  File "/data/users/bobren/a/pytorch-rs-burner/.burner/worktrees/agent_38d9746a/.venv/lib/python3.12/site-packages/torch_rs/_compile_bytecode.py", line 1468, in _lower_instruction
    return _OPCODE_HANDLERS[kind](
           ^^^^^^^^^^^^^^^^^^^^^^^
  File "/data/users/bobren/a/pytorch-rs-burner/.burner/worktrees/agent_38d9746a/.venv/lib/python3.12/site-packages/torch_rs/_compile_bytecode.py", line 1228, in _handle_call
    _record_method_call(
  File "/data/users/bobren/a/pytorch-rs-burner/.burner/worktrees/agent_38d9746a/.venv/lib/python3.12/site-packages/torch_rs/_compile_bytecode.py", line 1087, in _record_method_call
    _unsupported_bytecode(program, instruction, "Tensor.reshape requires constant dimensions")
  File "/data/users/bobren/a/pytorch-rs-burner/.burner/worktrees/agent_38d9746a/.venv/lib/python3.12/site-packages/torch_rs/_compile_bytecode.py", line 317, in _unsupported_bytecode
    raise _trace.CompileTraceUnsupportedError(
torch_rs._compile_trace.CompileTraceUnsupportedError: torch.compile trace bytecode lowering does not support Tensor.reshape requires constant dimensions in 'program': CALL

======================================================================
ERROR: test_tensor_valued_invalid_binding_before_execution (tests.test_compile_cuda_reshape.CompileCudaReshapeTests.test_tensor_valued_invalid_binding_before_execution) (policy=(True, None), attempt=1, expression='(x, foo=1)', prefix='a = -x')
----------------------------------------------------------------------
Traceback (most recent call last):
  File "/data/users/bobren/a/pytorch-rs-burner/.burner/worktrees/agent_38d9746a/tests/test_compile_cuda_reshape.py", line 217, in test_tensor_valued_invalid_binding_before_execution
    call_without_python(compiled, {fn.__code__}, x)
  File "/data/users/bobren/a/pytorch-rs-burner/.burner/worktrees/agent_38d9746a/tests/test_compile_cuda_mul_scalar.py", line 72, in call_without_python
    return compiled(*args)
           ^^^^^^^^^^^^^^^
  File "/data/users/bobren/a/pytorch-rs-burner/.burner/worktrees/agent_38d9746a/.venv/lib/python3.12/site-packages/torch_rs/__init__.py", line 442, in compiled_model
    result = implementation(*args, **kwargs)
             ^^^^^^^^^^^^^^^^^^^^^^^^^^^^^^^
  File "/data/users/bobren/a/pytorch-rs-burner/.burner/worktrees/agent_38d9746a/.venv/lib/python3.12/site-packages/torch_rs/__init__.py", line 840, in compiled_model
    graph = _compile_bytecode.lower_one_input_compile_graph(
            ^^^^^^^^^^^^^^^^^^^^^^^^^^^^^^^^^^^^^^^^^^^^^^^^
  File "/data/users/bobren/a/pytorch-rs-burner/.burner/worktrees/agent_38d9746a/.venv/lib/python3.12/site-packages/torch_rs/_compile_bytecode.py", line 1542, in lower_one_input_compile_graph
    return lower_compile_graph(
           ^^^^^^^^^^^^^^^^^^^^
  File "/data/users/bobren/a/pytorch-rs-burner/.burner/worktrees/agent_38d9746a/.venv/lib/python3.12/site-packages/torch_rs/_compile_bytecode.py", line 1522, in lower_compile_graph
    output = _lower_function_body(
             ^^^^^^^^^^^^^^^^^^^^^
  File "/data/users/bobren/a/pytorch-rs-burner/.burner/worktrees/agent_38d9746a/.venv/lib/python3.12/site-packages/torch_rs/_compile_bytecode.py", line 1067, in _lower_function_body
    output = _lower_instruction(
             ^^^^^^^^^^^^^^^^^^^
  File "/data/users/bobren/a/pytorch-rs-burner/.burner/worktrees/agent_38d9746a/.venv/lib/python3.12/site-packages/torch_rs/_compile_bytecode.py", line 1468, in _lower_instruction
    return _OPCODE_HANDLERS[kind](
           ^^^^^^^^^^^^^^^^^^^^^^^
  File "/data/users/bobren/a/pytorch-rs-burner/.burner/worktrees/agent_38d9746a/.venv/lib/python3.12/site-packages/torch_rs/_compile_bytecode.py", line 1228, in _handle_call
    _record_method_call(
  File "/data/users/bobren/a/pytorch-rs-burner/.burner/worktrees/agent_38d9746a/.venv/lib/python3.12/site-packages/torch_rs/_compile_bytecode.py", line 1087, in _record_method_call
    _unsupported_bytecode(program, instruction, "Tensor.reshape requires constant dimensions")
  File "/data/users/bobren/a/pytorch-rs-burner/.burner/worktrees/agent_38d9746a/.venv/lib/python3.12/site-packages/torch_rs/_compile_bytecode.py", line 317, in _unsupported_bytecode
    raise _trace.CompileTraceUnsupportedError(
torch_rs._compile_trace.CompileTraceUnsupportedError: torch.compile trace bytecode lowering does not support Tensor.reshape requires constant dimensions in 'program': CALL

======================================================================
ERROR: test_tensor_valued_invalid_binding_before_execution (tests.test_compile_cuda_reshape.CompileCudaReshapeTests.test_tensor_valued_invalid_binding_before_execution) (policy=(True, False), attempt=0, expression='(x, foo=1)', prefix='a = -x')
----------------------------------------------------------------------
Traceback (most recent call last):
  File "/data/users/bobren/a/pytorch-rs-burner/.burner/worktrees/agent_38d9746a/tests/test_compile_cuda_reshape.py", line 217, in test_tensor_valued_invalid_binding_before_execution
    call_without_python(compiled, {fn.__code__}, x)
  File "/data/users/bobren/a/pytorch-rs-burner/.burner/worktrees/agent_38d9746a/tests/test_compile_cuda_mul_scalar.py", line 72, in call_without_python
    return compiled(*args)
           ^^^^^^^^^^^^^^^
  File "/data/users/bobren/a/pytorch-rs-burner/.burner/worktrees/agent_38d9746a/.venv/lib/python3.12/site-packages/torch_rs/__init__.py", line 442, in compiled_model
    result = implementation(*args, **kwargs)
             ^^^^^^^^^^^^^^^^^^^^^^^^^^^^^^^
  File "/data/users/bobren/a/pytorch-rs-burner/.burner/worktrees/agent_38d9746a/.venv/lib/python3.12/site-packages/torch_rs/__init__.py", line 840, in compiled_model
    graph = _compile_bytecode.lower_one_input_compile_graph(
            ^^^^^^^^^^^^^^^^^^^^^^^^^^^^^^^^^^^^^^^^^^^^^^^^
  File "/data/users/bobren/a/pytorch-rs-burner/.burner/worktrees/agent_38d9746a/.venv/lib/python3.12/site-packages/torch_rs/_compile_bytecode.py", line 1542, in lower_one_input_compile_graph
    return lower_compile_graph(
           ^^^^^^^^^^^^^^^^^^^^
  File "/data/users/bobren/a/pytorch-rs-burner/.burner/worktrees/agent_38d9746a/.venv/lib/python3.12/site-packages/torch_rs/_compile_bytecode.py", line 1522, in lower_compile_graph
    output = _lower_function_body(
             ^^^^^^^^^^^^^^^^^^^^^
  File "/data/users/bobren/a/pytorch-rs-burner/.burner/worktrees/agent_38d9746a/.venv/lib/python3.12/site-packages/torch_rs/_compile_bytecode.py", line 1067, in _lower_function_body
    output = _lower_instruction(
             ^^^^^^^^^^^^^^^^^^^
  File "/data/users/bobren/a/pytorch-rs-burner/.burner/worktrees/agent_38d9746a/.venv/lib/python3.12/site-packages/torch_rs/_compile_bytecode.py", line 1468, in _lower_instruction
    return _OPCODE_HANDLERS[kind](
           ^^^^^^^^^^^^^^^^^^^^^^^
  File "/data/users/bobren/a/pytorch-rs-burner/.burner/worktrees/agent_38d9746a/.venv/lib/python3.12/site-packages/torch_rs/_compile_bytecode.py", line 1228, in _handle_call
    _record_method_call(
  File "/data/users/bobren/a/pytorch-rs-burner/.burner/worktrees/agent_38d9746a/.venv/lib/python3.12/site-packages/torch_rs/_compile_bytecode.py", line 1087, in _record_method_call
    _unsupported_bytecode(program, instruction, "Tensor.reshape requires constant dimensions")
  File "/data/users/bobren/a/pytorch-rs-burner/.burner/worktrees/agent_38d9746a/.venv/lib/python3.12/site-packages/torch_rs/_compile_bytecode.py", line 317, in _unsupported_bytecode
    raise _trace.CompileTraceUnsupportedError(
torch_rs._compile_trace.CompileTraceUnsupportedError: torch.compile trace bytecode lowering does not support Tensor.reshape requires constant dimensions in 'program': CALL

======================================================================
ERROR: test_tensor_valued_invalid_binding_before_execution (tests.test_compile_cuda_reshape.CompileCudaReshapeTests.test_tensor_valued_invalid_binding_before_execution) (policy=(True, False), attempt=1, expression='(x, foo=1)', prefix='a = -x')
----------------------------------------------------------------------
Traceback (most recent call last):
  File "/data/users/bobren/a/pytorch-rs-burner/.burner/worktrees/agent_38d9746a/tests/test_compile_cuda_reshape.py", line 217, in test_tensor_valued_invalid_binding_before_execution
    call_without_python(compiled, {fn.__code__}, x)
  File "/data/users/bobren/a/pytorch-rs-burner/.burner/worktrees/agent_38d9746a/tests/test_compile_cuda_mul_scalar.py", line 72, in call_without_python
    return compiled(*args)
           ^^^^^^^^^^^^^^^
  File "/data/users/bobren/a/pytorch-rs-burner/.burner/worktrees/agent_38d9746a/.venv/lib/python3.12/site-packages/torch_rs/__init__.py", line 442, in compiled_model
    result = implementation(*args, **kwargs)
             ^^^^^^^^^^^^^^^^^^^^^^^^^^^^^^^
  File "/data/users/bobren/a/pytorch-rs-burner/.burner/worktrees/agent_38d9746a/.venv/lib/python3.12/site-packages/torch_rs/__init__.py", line 840, in compiled_model
    graph = _compile_bytecode.lower_one_input_compile_graph(
            ^^^^^^^^^^^^^^^^^^^^^^^^^^^^^^^^^^^^^^^^^^^^^^^^
  File "/data/users/bobren/a/pytorch-rs-burner/.burner/worktrees/agent_38d9746a/.venv/lib/python3.12/site-packages/torch_rs/_compile_bytecode.py", line 1542, in lower_one_input_compile_graph
    return lower_compile_graph(
           ^^^^^^^^^^^^^^^^^^^^
  File "/data/users/bobren/a/pytorch-rs-burner/.burner/worktrees/agent_38d9746a/.venv/lib/python3.12/site-packages/torch_rs/_compile_bytecode.py", line 1522, in lower_compile_graph
    output = _lower_function_body(
             ^^^^^^^^^^^^^^^^^^^^^
  File "/data/users/bobren/a/pytorch-rs-burner/.burner/worktrees/agent_38d9746a/.venv/lib/python3.12/site-packages/torch_rs/_compile_bytecode.py", line 1067, in _lower_function_body
    output = _lower_instruction(
             ^^^^^^^^^^^^^^^^^^^
  File "/data/users/bobren/a/pytorch-rs-burner/.burner/worktrees/agent_38d9746a/.venv/lib/python3.12/site-packages/torch_rs/_compile_bytecode.py", line 1468, in _lower_instruction
    return _OPCODE_HANDLERS[kind](
           ^^^^^^^^^^^^^^^^^^^^^^^
  File "/data/users/bobren/a/pytorch-rs-burner/.burner/worktrees/agent_38d9746a/.venv/lib/python3.12/site-packages/torch_rs/_compile_bytecode.py", line 1228, in _handle_call
    _record_method_call(
  File "/data/users/bobren/a/pytorch-rs-burner/.burner/worktrees/agent_38d9746a/.venv/lib/python3.12/site-packages/torch_rs/_compile_bytecode.py", line 1087, in _record_method_call
    _unsupported_bytecode(program, instruction, "Tensor.reshape requires constant dimensions")
  File "/data/users/bobren/a/pytorch-rs-burner/.burner/worktrees/agent_38d9746a/.venv/lib/python3.12/site-packages/torch_rs/_compile_bytecode.py", line 317, in _unsupported_bytecode
    raise _trace.CompileTraceUnsupportedError(
torch_rs._compile_trace.CompileTraceUnsupportedError: torch.compile trace bytecode lowering does not support Tensor.reshape requires constant dimensions in 'program': CALL

======================================================================
ERROR: test_tensor_valued_invalid_binding_before_execution (tests.test_compile_cuda_reshape.CompileCudaReshapeTests.test_tensor_valued_invalid_binding_before_execution) (policy=(True, True), attempt=0, expression='(x, foo=1)', prefix='a = -x')
----------------------------------------------------------------------
Traceback (most recent call last):
  File "/data/users/bobren/a/pytorch-rs-burner/.burner/worktrees/agent_38d9746a/tests/test_compile_cuda_reshape.py", line 217, in test_tensor_valued_invalid_binding_before_execution
    call_without_python(compiled, {fn.__code__}, x)
  File "/data/users/bobren/a/pytorch-rs-burner/.burner/worktrees/agent_38d9746a/tests/test_compile_cuda_mul_scalar.py", line 72, in call_without_python
    return compiled(*args)
           ^^^^^^^^^^^^^^^
  File "/data/users/bobren/a/pytorch-rs-burner/.burner/worktrees/agent_38d9746a/.venv/lib/python3.12/site-packages/torch_rs/__init__.py", line 442, in compiled_model
    result = implementation(*args, **kwargs)
             ^^^^^^^^^^^^^^^^^^^^^^^^^^^^^^^
  File "/data/users/bobren/a/pytorch-rs-burner/.burner/worktrees/agent_38d9746a/.venv/lib/python3.12/site-packages/torch_rs/__init__.py", line 840, in compiled_model
    graph = _compile_bytecode.lower_one_input_compile_graph(
            ^^^^^^^^^^^^^^^^^^^^^^^^^^^^^^^^^^^^^^^^^^^^^^^^
  File "/data/users/bobren/a/pytorch-rs-burner/.burner/worktrees/agent_38d9746a/.venv/lib/python3.12/site-packages/torch_rs/_compile_bytecode.py", line 1542, in lower_one_input_compile_graph
    return lower_compile_graph(
           ^^^^^^^^^^^^^^^^^^^^
  File "/data/users/bobren/a/pytorch-rs-burner/.burner/worktrees/agent_38d9746a/.venv/lib/python3.12/site-packages/torch_rs/_compile_bytecode.py", line 1522, in lower_compile_graph
    output = _lower_function_body(
             ^^^^^^^^^^^^^^^^^^^^^
  File "/data/users/bobren/a/pytorch-rs-burner/.burner/worktrees/agent_38d9746a/.venv/lib/python3.12/site-packages/torch_rs/_compile_bytecode.py", line 1067, in _lower_function_body
    output = _lower_instruction(
             ^^^^^^^^^^^^^^^^^^^
  File "/data/users/bobren/a/pytorch-rs-burner/.burner/worktrees/agent_38d9746a/.venv/lib/python3.12/site-packages/torch_rs/_compile_bytecode.py", line 1468, in _lower_instruction
    return _OPCODE_HANDLERS[kind](
           ^^^^^^^^^^^^^^^^^^^^^^^
  File "/data/users/bobren/a/pytorch-rs-burner/.burner/worktrees/agent_38d9746a/.venv/lib/python3.12/site-packages/torch_rs/_compile_bytecode.py", line 1228, in _handle_call
    _record_method_call(
  File "/data/users/bobren/a/pytorch-rs-burner/.burner/worktrees/agent_38d9746a/.venv/lib/python3.12/site-packages/torch_rs/_compile_bytecode.py", line 1087, in _record_method_call
    _unsupported_bytecode(program, instruction, "Tensor.reshape requires constant dimensions")
  File "/data/users/bobren/a/pytorch-rs-burner/.burner/worktrees/agent_38d9746a/.venv/lib/python3.12/site-packages/torch_rs/_compile_bytecode.py", line 317, in _unsupported_bytecode
    raise _trace.CompileTraceUnsupportedError(
torch_rs._compile_trace.CompileTraceUnsupportedError: torch.compile trace bytecode lowering does not support Tensor.reshape requires constant dimensions in 'program': CALL

======================================================================
ERROR: test_tensor_valued_invalid_binding_before_execution (tests.test_compile_cuda_reshape.CompileCudaReshapeTests.test_tensor_valued_invalid_binding_before_execution) (policy=(True, True), attempt=1, expression='(x, foo=1)', prefix='a = -x')
----------------------------------------------------------------------
Traceback (most recent call last):
  File "/data/users/bobren/a/pytorch-rs-burner/.burner/worktrees/agent_38d9746a/tests/test_compile_cuda_reshape.py", line 217, in test_tensor_valued_invalid_binding_before_execution
    call_without_python(compiled, {fn.__code__}, x)
  File "/data/users/bobren/a/pytorch-rs-burner/.burner/worktrees/agent_38d9746a/tests/test_compile_cuda_mul_scalar.py", line 72, in call_without_python
    return compiled(*args)
           ^^^^^^^^^^^^^^^
  File "/data/users/bobren/a/pytorch-rs-burner/.burner/worktrees/agent_38d9746a/.venv/lib/python3.12/site-packages/torch_rs/__init__.py", line 442, in compiled_model
    result = implementation(*args, **kwargs)
             ^^^^^^^^^^^^^^^^^^^^^^^^^^^^^^^
  File "/data/users/bobren/a/pytorch-rs-burner/.burner/worktrees/agent_38d9746a/.venv/lib/python3.12/site-packages/torch_rs/__init__.py", line 840, in compiled_model
    graph = _compile_bytecode.lower_one_input_compile_graph(
            ^^^^^^^^^^^^^^^^^^^^^^^^^^^^^^^^^^^^^^^^^^^^^^^^
  File "/data/users/bobren/a/pytorch-rs-burner/.burner/worktrees/agent_38d9746a/.venv/lib/python3.12/site-packages/torch_rs/_compile_bytecode.py", line 1542, in lower_one_input_compile_graph
    return lower_compile_graph(
           ^^^^^^^^^^^^^^^^^^^^
  File "/data/users/bobren/a/pytorch-rs-burner/.burner/worktrees/agent_38d9746a/.venv/lib/python3.12/site-packages/torch_rs/_compile_bytecode.py", line 1522, in lower_compile_graph
    output = _lower_function_body(
             ^^^^^^^^^^^^^^^^^^^^^
  File "/data/users/bobren/a/pytorch-rs-burner/.burner/worktrees/agent_38d9746a/.venv/lib/python3.12/site-packages/torch_rs/_compile_bytecode.py", line 1067, in _lower_function_body
    output = _lower_instruction(
             ^^^^^^^^^^^^^^^^^^^
  File "/data/users/bobren/a/pytorch-rs-burner/.burner/worktrees/agent_38d9746a/.venv/lib/python3.12/site-packages/torch_rs/_compile_bytecode.py", line 1468, in _lower_instruction
    return _OPCODE_HANDLERS[kind](
           ^^^^^^^^^^^^^^^^^^^^^^^
  File "/data/users/bobren/a/pytorch-rs-burner/.burner/worktrees/agent_38d9746a/.venv/lib/python3.12/site-packages/torch_rs/_compile_bytecode.py", line 1228, in _handle_call
    _record_method_call(
  File "/data/users/bobren/a/pytorch-rs-burner/.burner/worktrees/agent_38d9746a/.venv/lib/python3.12/site-packages/torch_rs/_compile_bytecode.py", line 1087, in _record_method_call
    _unsupported_bytecode(program, instruction, "Tensor.reshape requires constant dimensions")
  File "/data/users/bobren/a/pytorch-rs-burner/.burner/worktrees/agent_38d9746a/.venv/lib/python3.12/site-packages/torch_rs/_compile_bytecode.py", line 317, in _unsupported_bytecode
    raise _trace.CompileTraceUnsupportedError(
torch_rs._compile_trace.CompileTraceUnsupportedError: torch.compile trace bytecode lowering does not support Tensor.reshape requires constant dimensions in 'program': CALL

======================================================================
ERROR: test_tensor_valued_invalid_binding_before_execution (tests.test_compile_cuda_reshape.CompileCudaReshapeTests.test_tensor_valued_invalid_binding_before_execution) (policy=(False, None), attempt=0, expression='(x, foo=1)', prefix='a = -x')
----------------------------------------------------------------------
Traceback (most recent call last):
  File "/data/users/bobren/a/pytorch-rs-burner/.burner/worktrees/agent_38d9746a/tests/test_compile_cuda_reshape.py", line 217, in test_tensor_valued_invalid_binding_before_execution
    call_without_python(compiled, {fn.__code__}, x)
  File "/data/users/bobren/a/pytorch-rs-burner/.burner/worktrees/agent_38d9746a/tests/test_compile_cuda_mul_scalar.py", line 72, in call_without_python
    return compiled(*args)
           ^^^^^^^^^^^^^^^
  File "/data/users/bobren/a/pytorch-rs-burner/.burner/worktrees/agent_38d9746a/.venv/lib/python3.12/site-packages/torch_rs/__init__.py", line 442, in compiled_model
    result = implementation(*args, **kwargs)
             ^^^^^^^^^^^^^^^^^^^^^^^^^^^^^^^
  File "/data/users/bobren/a/pytorch-rs-burner/.burner/worktrees/agent_38d9746a/.venv/lib/python3.12/site-packages/torch_rs/__init__.py", line 840, in compiled_model
    graph = _compile_bytecode.lower_one_input_compile_graph(
            ^^^^^^^^^^^^^^^^^^^^^^^^^^^^^^^^^^^^^^^^^^^^^^^^
  File "/data/users/bobren/a/pytorch-rs-burner/.burner/worktrees/agent_38d9746a/.venv/lib/python3.12/site-packages/torch_rs/_compile_bytecode.py", line 1542, in lower_one_input_compile_graph
    return lower_compile_graph(
           ^^^^^^^^^^^^^^^^^^^^
  File "/data/users/bobren/a/pytorch-rs-burner/.burner/worktrees/agent_38d9746a/.venv/lib/python3.12/site-packages/torch_rs/_compile_bytecode.py", line 1522, in lower_compile_graph
    output = _lower_function_body(
             ^^^^^^^^^^^^^^^^^^^^^
  File "/data/users/bobren/a/pytorch-rs-burner/.burner/worktrees/agent_38d9746a/.venv/lib/python3.12/site-packages/torch_rs/_compile_bytecode.py", line 1067, in _lower_function_body
    output = _lower_instruction(
             ^^^^^^^^^^^^^^^^^^^
  File "/data/users/bobren/a/pytorch-rs-burner/.burner/worktrees/agent_38d9746a/.venv/lib/python3.12/site-packages/torch_rs/_compile_bytecode.py", line 1468, in _lower_instruction
    return _OPCODE_HANDLERS[kind](
           ^^^^^^^^^^^^^^^^^^^^^^^
  File "/data/users/bobren/a/pytorch-rs-burner/.burner/worktrees/agent_38d9746a/.venv/lib/python3.12/site-packages/torch_rs/_compile_bytecode.py", line 1228, in _handle_call
    _record_method_call(
  File "/data/users/bobren/a/pytorch-rs-burner/.burner/worktrees/agent_38d9746a/.venv/lib/python3.12/site-packages/torch_rs/_compile_bytecode.py", line 1087, in _record_method_call
    _unsupported_bytecode(program, instruction, "Tensor.reshape requires constant dimensions")
  File "/data/users/bobren/a/pytorch-rs-burner/.burner/worktrees/agent_38d9746a/.venv/lib/python3.12/site-packages/torch_rs/_compile_bytecode.py", line 317, in _unsupported_bytecode
    raise _trace.CompileTraceUnsupportedError(
torch_rs._compile_trace.CompileTraceUnsupportedError: torch.compile trace bytecode lowering does not support Tensor.reshape requires constant dimensions in 'program': CALL

======================================================================
ERROR: test_tensor_valued_invalid_binding_before_execution (tests.test_compile_cuda_reshape.CompileCudaReshapeTests.test_tensor_valued_invalid_binding_before_execution) (policy=(False, None), attempt=1, expression='(x, foo=1)', prefix='a = -x')
----------------------------------------------------------------------
Traceback (most recent call last):
  File "/data/users/bobren/a/pytorch-rs-burner/.burner/worktrees/agent_38d9746a/tests/test_compile_cuda_reshape.py", line 217, in test_tensor_valued_invalid_binding_before_execution
    call_without_python(compiled, {fn.__code__}, x)
  File "/data/users/bobren/a/pytorch-rs-burner/.burner/worktrees/agent_38d9746a/tests/test_compile_cuda_mul_scalar.py", line 72, in call_without_python
    return compiled(*args)
           ^^^^^^^^^^^^^^^
  File "/data/users/bobren/a/pytorch-rs-burner/.burner/worktrees/agent_38d9746a/.venv/lib/python3.12/site-packages/torch_rs/__init__.py", line 442, in compiled_model
    result = implementation(*args, **kwargs)
             ^^^^^^^^^^^^^^^^^^^^^^^^^^^^^^^
  File "/data/users/bobren/a/pytorch-rs-burner/.burner/worktrees/agent_38d9746a/.venv/lib/python3.12/site-packages/torch_rs/__init__.py", line 840, in compiled_model
    graph = _compile_bytecode.lower_one_input_compile_graph(
            ^^^^^^^^^^^^^^^^^^^^^^^^^^^^^^^^^^^^^^^^^^^^^^^^
  File "/data/users/bobren/a/pytorch-rs-burner/.burner/worktrees/agent_38d9746a/.venv/lib/python3.12/site-packages/torch_rs/_compile_bytecode.py", line 1542, in lower_one_input_compile_graph
    return lower_compile_graph(
           ^^^^^^^^^^^^^^^^^^^^
  File "/data/users/bobren/a/pytorch-rs-burner/.burner/worktrees/agent_38d9746a/.venv/lib/python3.12/site-packages/torch_rs/_compile_bytecode.py", line 1522, in lower_compile_graph
    output = _lower_function_body(
             ^^^^^^^^^^^^^^^^^^^^^
  File "/data/users/bobren/a/pytorch-rs-burner/.burner/worktrees/agent_38d9746a/.venv/lib/python3.12/site-packages/torch_rs/_compile_bytecode.py", line 1067, in _lower_function_body
    output = _lower_instruction(
             ^^^^^^^^^^^^^^^^^^^
  File "/data/users/bobren/a/pytorch-rs-burner/.burner/worktrees/agent_38d9746a/.venv/lib/python3.12/site-packages/torch_rs/_compile_bytecode.py", line 1468, in _lower_instruction
    return _OPCODE_HANDLERS[kind](
           ^^^^^^^^^^^^^^^^^^^^^^^
  File "/data/users/bobren/a/pytorch-rs-burner/.burner/worktrees/agent_38d9746a/.venv/lib/python3.12/site-packages/torch_rs/_compile_bytecode.py", line 1228, in _handle_call
    _record_method_call(
  File "/data/users/bobren/a/pytorch-rs-burner/.burner/worktrees/agent_38d9746a/.venv/lib/python3.12/site-packages/torch_rs/_compile_bytecode.py", line 1087, in _record_method_call
    _unsupported_bytecode(program, instruction, "Tensor.reshape requires constant dimensions")
  File "/data/users/bobren/a/pytorch-rs-burner/.burner/worktrees/agent_38d9746a/.venv/lib/python3.12/site-packages/torch_rs/_compile_bytecode.py", line 317, in _unsupported_bytecode
    raise _trace.CompileTraceUnsupportedError(
torch_rs._compile_trace.CompileTraceUnsupportedError: torch.compile trace bytecode lowering does not support Tensor.reshape requires constant dimensions in 'program': CALL

======================================================================
ERROR: test_tensor_valued_invalid_binding_before_execution (tests.test_compile_cuda_reshape.CompileCudaReshapeTests.test_tensor_valued_invalid_binding_before_execution) (policy=(True, None), attempt=0, expression='(foo=x)', prefix='a = x')
----------------------------------------------------------------------
Traceback (most recent call last):
  File "/data/users/bobren/a/pytorch-rs-burner/.burner/worktrees/agent_38d9746a/tests/test_compile_cuda_reshape.py", line 217, in test_tensor_valued_invalid_binding_before_execution
    call_without_python(compiled, {fn.__code__}, x)
  File "/data/users/bobren/a/pytorch-rs-burner/.burner/worktrees/agent_38d9746a/tests/test_compile_cuda_mul_scalar.py", line 72, in call_without_python
    return compiled(*args)
           ^^^^^^^^^^^^^^^
  File "/data/users/bobren/a/pytorch-rs-burner/.burner/worktrees/agent_38d9746a/.venv/lib/python3.12/site-packages/torch_rs/__init__.py", line 442, in compiled_model
    result = implementation(*args, **kwargs)
             ^^^^^^^^^^^^^^^^^^^^^^^^^^^^^^^
  File "/data/users/bobren/a/pytorch-rs-burner/.burner/worktrees/agent_38d9746a/.venv/lib/python3.12/site-packages/torch_rs/__init__.py", line 840, in compiled_model
    graph = _compile_bytecode.lower_one_input_compile_graph(
            ^^^^^^^^^^^^^^^^^^^^^^^^^^^^^^^^^^^^^^^^^^^^^^^^
  File "/data/users/bobren/a/pytorch-rs-burner/.burner/worktrees/agent_38d9746a/.venv/lib/python3.12/site-packages/torch_rs/_compile_bytecode.py", line 1542, in lower_one_input_compile_graph
    return lower_compile_graph(
           ^^^^^^^^^^^^^^^^^^^^
  File "/data/users/bobren/a/pytorch-rs-burner/.burner/worktrees/agent_38d9746a/.venv/lib/python3.12/site-packages/torch_rs/_compile_bytecode.py", line 1522, in lower_compile_graph
    output = _lower_function_body(
             ^^^^^^^^^^^^^^^^^^^^^
  File "/data/users/bobren/a/pytorch-rs-burner/.burner/worktrees/agent_38d9746a/.venv/lib/python3.12/site-packages/torch_rs/_compile_bytecode.py", line 1067, in _lower_function_body
    output = _lower_instruction(
             ^^^^^^^^^^^^^^^^^^^
  File "/data/users/bobren/a/pytorch-rs-burner/.burner/worktrees/agent_38d9746a/.venv/lib/python3.12/site-packages/torch_rs/_compile_bytecode.py", line 1468, in _lower_instruction
    return _OPCODE_HANDLERS[kind](
           ^^^^^^^^^^^^^^^^^^^^^^^
  File "/data/users/bobren/a/pytorch-rs-burner/.burner/worktrees/agent_38d9746a/.venv/lib/python3.12/site-packages/torch_rs/_compile_bytecode.py", line 1228, in _handle_call
    _record_method_call(
  File "/data/users/bobren/a/pytorch-rs-burner/.burner/worktrees/agent_38d9746a/.venv/lib/python3.12/site-packages/torch_rs/_compile_bytecode.py", line 1087, in _record_method_call
    _unsupported_bytecode(program, instruction, "Tensor.reshape requires constant dimensions")
  File "/data/users/bobren/a/pytorch-rs-burner/.burner/worktrees/agent_38d9746a/.venv/lib/python3.12/site-packages/torch_rs/_compile_bytecode.py", line 317, in _unsupported_bytecode
    raise _trace.CompileTraceUnsupportedError(
torch_rs._compile_trace.CompileTraceUnsupportedError: torch.compile trace bytecode lowering does not support Tensor.reshape requires constant dimensions in 'program': CALL

======================================================================
ERROR: test_tensor_valued_invalid_binding_before_execution (tests.test_compile_cuda_reshape.CompileCudaReshapeTests.test_tensor_valued_invalid_binding_before_execution) (policy=(True, None), attempt=1, expression='(foo=x)', prefix='a = x')
----------------------------------------------------------------------
Traceback (most recent call last):
  File "/data/users/bobren/a/pytorch-rs-burner/.burner/worktrees/agent_38d9746a/tests/test_compile_cuda_reshape.py", line 217, in test_tensor_valued_invalid_binding_before_execution
    call_without_python(compiled, {fn.__code__}, x)
  File "/data/users/bobren/a/pytorch-rs-burner/.burner/worktrees/agent_38d9746a/tests/test_compile_cuda_mul_scalar.py", line 72, in call_without_python
    return compiled(*args)
           ^^^^^^^^^^^^^^^
  File "/data/users/bobren/a/pytorch-rs-burner/.burner/worktrees/agent_38d9746a/.venv/lib/python3.12/site-packages/torch_rs/__init__.py", line 442, in compiled_model
    result = implementation(*args, **kwargs)
             ^^^^^^^^^^^^^^^^^^^^^^^^^^^^^^^
  File "/data/users/bobren/a/pytorch-rs-burner/.burner/worktrees/agent_38d9746a/.venv/lib/python3.12/site-packages/torch_rs/__init__.py", line 840, in compiled_model
    graph = _compile_bytecode.lower_one_input_compile_graph(
            ^^^^^^^^^^^^^^^^^^^^^^^^^^^^^^^^^^^^^^^^^^^^^^^^
  File "/data/users/bobren/a/pytorch-rs-burner/.burner/worktrees/agent_38d9746a/.venv/lib/python3.12/site-packages/torch_rs/_compile_bytecode.py", line 1542, in lower_one_input_compile_graph
    return lower_compile_graph(
           ^^^^^^^^^^^^^^^^^^^^
  File "/data/users/bobren/a/pytorch-rs-burner/.burner/worktrees/agent_38d9746a/.venv/lib/python3.12/site-packages/torch_rs/_compile_bytecode.py", line 1522, in lower_compile_graph
    output = _lower_function_body(
             ^^^^^^^^^^^^^^^^^^^^^
  File "/data/users/bobren/a/pytorch-rs-burner/.burner/worktrees/agent_38d9746a/.venv/lib/python3.12/site-packages/torch_rs/_compile_bytecode.py", line 1067, in _lower_function_body
    output = _lower_instruction(
             ^^^^^^^^^^^^^^^^^^^
  File "/data/users/bobren/a/pytorch-rs-burner/.burner/worktrees/agent_38d9746a/.venv/lib/python3.12/site-packages/torch_rs/_compile_bytecode.py", line 1468, in _lower_instruction
    return _OPCODE_HANDLERS[kind](
           ^^^^^^^^^^^^^^^^^^^^^^^
  File "/data/users/bobren/a/pytorch-rs-burner/.burner/worktrees/agent_38d9746a/.venv/lib/python3.12/site-packages/torch_rs/_compile_bytecode.py", line 1228, in _handle_call
    _record_method_call(
  File "/data/users/bobren/a/pytorch-rs-burner/.burner/worktrees/agent_38d9746a/.venv/lib/python3.12/site-packages/torch_rs/_compile_bytecode.py", line 1087, in _record_method_call
    _unsupported_bytecode(program, instruction, "Tensor.reshape requires constant dimensions")
  File "/data/users/bobren/a/pytorch-rs-burner/.burner/worktrees/agent_38d9746a/.venv/lib/python3.12/site-packages/torch_rs/_compile_bytecode.py", line 317, in _unsupported_bytecode
    raise _trace.CompileTraceUnsupportedError(
torch_rs._compile_trace.CompileTraceUnsupportedError: torch.compile trace bytecode lowering does not support Tensor.reshape requires constant dimensions in 'program': CALL

======================================================================
ERROR: test_tensor_valued_invalid_binding_before_execution (tests.test_compile_cuda_reshape.CompileCudaReshapeTests.test_tensor_valued_invalid_binding_before_execution) (policy=(True, False), attempt=0, expression='(foo=x)', prefix='a = x')
----------------------------------------------------------------------
Traceback (most recent call last):
  File "/data/users/bobren/a/pytorch-rs-burner/.burner/worktrees/agent_38d9746a/tests/test_compile_cuda_reshape.py", line 217, in test_tensor_valued_invalid_binding_before_execution
    call_without_python(compiled, {fn.__code__}, x)
  File "/data/users/bobren/a/pytorch-rs-burner/.burner/worktrees/agent_38d9746a/tests/test_compile_cuda_mul_scalar.py", line 72, in call_without_python
    return compiled(*args)
           ^^^^^^^^^^^^^^^
  File "/data/users/bobren/a/pytorch-rs-burner/.burner/worktrees/agent_38d9746a/.venv/lib/python3.12/site-packages/torch_rs/__init__.py", line 442, in compiled_model
    result = implementation(*args, **kwargs)
             ^^^^^^^^^^^^^^^^^^^^^^^^^^^^^^^
  File "/data/users/bobren/a/pytorch-rs-burner/.burner/worktrees/agent_38d9746a/.venv/lib/python3.12/site-packages/torch_rs/__init__.py", line 840, in compiled_model
    graph = _compile_bytecode.lower_one_input_compile_graph(
            ^^^^^^^^^^^^^^^^^^^^^^^^^^^^^^^^^^^^^^^^^^^^^^^^
  File "/data/users/bobren/a/pytorch-rs-burner/.burner/worktrees/agent_38d9746a/.venv/lib/python3.12/site-packages/torch_rs/_compile_bytecode.py", line 1542, in lower_one_input_compile_graph
    return lower_compile_graph(
           ^^^^^^^^^^^^^^^^^^^^
  File "/data/users/bobren/a/pytorch-rs-burner/.burner/worktrees/agent_38d9746a/.venv/lib/python3.12/site-packages/torch_rs/_compile_bytecode.py", line 1522, in lower_compile_graph
    output = _lower_function_body(
             ^^^^^^^^^^^^^^^^^^^^^
  File "/data/users/bobren/a/pytorch-rs-burner/.burner/worktrees/agent_38d9746a/.venv/lib/python3.12/site-packages/torch_rs/_compile_bytecode.py", line 1067, in _lower_function_body
    output = _lower_instruction(
             ^^^^^^^^^^^^^^^^^^^
  File "/data/users/bobren/a/pytorch-rs-burner/.burner/worktrees/agent_38d9746a/.venv/lib/python3.12/site-packages/torch_rs/_compile_bytecode.py", line 1468, in _lower_instruction
    return _OPCODE_HANDLERS[kind](
           ^^^^^^^^^^^^^^^^^^^^^^^
  File "/data/users/bobren/a/pytorch-rs-burner/.burner/worktrees/agent_38d9746a/.venv/lib/python3.12/site-packages/torch_rs/_compile_bytecode.py", line 1228, in _handle_call
    _record_method_call(
  File "/data/users/bobren/a/pytorch-rs-burner/.burner/worktrees/agent_38d9746a/.venv/lib/python3.12/site-packages/torch_rs/_compile_bytecode.py", line 1087, in _record_method_call
    _unsupported_bytecode(program, instruction, "Tensor.reshape requires constant dimensions")
  File "/data/users/bobren/a/pytorch-rs-burner/.burner/worktrees/agent_38d9746a/.venv/lib/python3.12/site-packages/torch_rs/_compile_bytecode.py", line 317, in _unsupported_bytecode
    raise _trace.CompileTraceUnsupportedError(
torch_rs._compile_trace.CompileTraceUnsupportedError: torch.compile trace bytecode lowering does not support Tensor.reshape requires constant dimensions in 'program': CALL

======================================================================
ERROR: test_tensor_valued_invalid_binding_before_execution (tests.test_compile_cuda_reshape.CompileCudaReshapeTests.test_tensor_valued_invalid_binding_before_execution) (policy=(True, False), attempt=1, expression='(foo=x)', prefix='a = x')
----------------------------------------------------------------------
Traceback (most recent call last):
  File "/data/users/bobren/a/pytorch-rs-burner/.burner/worktrees/agent_38d9746a/tests/test_compile_cuda_reshape.py", line 217, in test_tensor_valued_invalid_binding_before_execution
    call_without_python(compiled, {fn.__code__}, x)
  File "/data/users/bobren/a/pytorch-rs-burner/.burner/worktrees/agent_38d9746a/tests/test_compile_cuda_mul_scalar.py", line 72, in call_without_python
    return compiled(*args)
           ^^^^^^^^^^^^^^^
  File "/data/users/bobren/a/pytorch-rs-burner/.burner/worktrees/agent_38d9746a/.venv/lib/python3.12/site-packages/torch_rs/__init__.py", line 442, in compiled_model
    result = implementation(*args, **kwargs)
             ^^^^^^^^^^^^^^^^^^^^^^^^^^^^^^^
  File "/data/users/bobren/a/pytorch-rs-burner/.burner/worktrees/agent_38d9746a/.venv/lib/python3.12/site-packages/torch_rs/__init__.py", line 840, in compiled_model
    graph = _compile_bytecode.lower_one_input_compile_graph(
            ^^^^^^^^^^^^^^^^^^^^^^^^^^^^^^^^^^^^^^^^^^^^^^^^
  File "/data/users/bobren/a/pytorch-rs-burner/.burner/worktrees/agent_38d9746a/.venv/lib/python3.12/site-packages/torch_rs/_compile_bytecode.py", line 1542, in lower_one_input_compile_graph
    return lower_compile_graph(
           ^^^^^^^^^^^^^^^^^^^^
  File "/data/users/bobren/a/pytorch-rs-burner/.burner/worktrees/agent_38d9746a/.venv/lib/python3.12/site-packages/torch_rs/_compile_bytecode.py", line 1522, in lower_compile_graph
    output = _lower_function_body(
             ^^^^^^^^^^^^^^^^^^^^^
  File "/data/users/bobren/a/pytorch-rs-burner/.burner/worktrees/agent_38d9746a/.venv/lib/python3.12/site-packages/torch_rs/_compile_bytecode.py", line 1067, in _lower_function_body
    output = _lower_instruction(
             ^^^^^^^^^^^^^^^^^^^
  File "/data/users/bobren/a/pytorch-rs-burner/.burner/worktrees/agent_38d9746a/.venv/lib/python3.12/site-packages/torch_rs/_compile_bytecode.py", line 1468, in _lower_instruction
    return _OPCODE_HANDLERS[kind](
           ^^^^^^^^^^^^^^^^^^^^^^^
  File "/data/users/bobren/a/pytorch-rs-burner/.burner/worktrees/agent_38d9746a/.venv/lib/python3.12/site-packages/torch_rs/_compile_bytecode.py", line 1228, in _handle_call
    _record_method_call(
  File "/data/users/bobren/a/pytorch-rs-burner/.burner/worktrees/agent_38d9746a/.venv/lib/python3.12/site-packages/torch_rs/_compile_bytecode.py", line 1087, in _record_method_call
    _unsupported_bytecode(program, instruction, "Tensor.reshape requires constant dimensions")
  File "/data/users/bobren/a/pytorch-rs-burner/.burner/worktrees/agent_38d9746a/.venv/lib/python3.12/site-packages/torch_rs/_compile_bytecode.py", line 317, in _unsupported_bytecode
    raise _trace.CompileTraceUnsupportedError(
torch_rs._compile_trace.CompileTraceUnsupportedError: torch.compile trace bytecode lowering does not support Tensor.reshape requires constant dimensions in 'program': CALL

======================================================================
ERROR: test_tensor_valued_invalid_binding_before_execution (tests.test_compile_cuda_reshape.CompileCudaReshapeTests.test_tensor_valued_invalid_binding_before_execution) (policy=(True, True), attempt=0, expression='(foo=x)', prefix='a = x')
----------------------------------------------------------------------
Traceback (most recent call last):
  File "/data/users/bobren/a/pytorch-rs-burner/.burner/worktrees/agent_38d9746a/tests/test_compile_cuda_reshape.py", line 217, in test_tensor_valued_invalid_binding_before_execution
    call_without_python(compiled, {fn.__code__}, x)
  File "/data/users/bobren/a/pytorch-rs-burner/.burner/worktrees/agent_38d9746a/tests/test_compile_cuda_mul_scalar.py", line 72, in call_without_python
    return compiled(*args)
           ^^^^^^^^^^^^^^^
  File "/data/users/bobren/a/pytorch-rs-burner/.burner/worktrees/agent_38d9746a/.venv/lib/python3.12/site-packages/torch_rs/__init__.py", line 442, in compiled_model
    result = implementation(*args, **kwargs)
             ^^^^^^^^^^^^^^^^^^^^^^^^^^^^^^^
  File "/data/users/bobren/a/pytorch-rs-burner/.burner/worktrees/agent_38d9746a/.venv/lib/python3.12/site-packages/torch_rs/__init__.py", line 840, in compiled_model
    graph = _compile_bytecode.lower_one_input_compile_graph(
            ^^^^^^^^^^^^^^^^^^^^^^^^^^^^^^^^^^^^^^^^^^^^^^^^
  File "/data/users/bobren/a/pytorch-rs-burner/.burner/worktrees/agent_38d9746a/.venv/lib/python3.12/site-packages/torch_rs/_compile_bytecode.py", line 1542, in lower_one_input_compile_graph
    return lower_compile_graph(
           ^^^^^^^^^^^^^^^^^^^^
  File "/data/users/bobren/a/pytorch-rs-burner/.burner/worktrees/agent_38d9746a/.venv/lib/python3.12/site-packages/torch_rs/_compile_bytecode.py", line 1522, in lower_compile_graph
    output = _lower_function_body(
             ^^^^^^^^^^^^^^^^^^^^^
  File "/data/users/bobren/a/pytorch-rs-burner/.burner/worktrees/agent_38d9746a/.venv/lib/python3.12/site-packages/torch_rs/_compile_bytecode.py", line 1067, in _lower_function_body
    output = _lower_instruction(
             ^^^^^^^^^^^^^^^^^^^
  File "/data/users/bobren/a/pytorch-rs-burner/.burner/worktrees/agent_38d9746a/.venv/lib/python3.12/site-packages/torch_rs/_compile_bytecode.py", line 1468, in _lower_instruction
    return _OPCODE_HANDLERS[kind](
           ^^^^^^^^^^^^^^^^^^^^^^^
  File "/data/users/bobren/a/pytorch-rs-burner/.burner/worktrees/agent_38d9746a/.venv/lib/python3.12/site-packages/torch_rs/_compile_bytecode.py", line 1228, in _handle_call
    _record_method_call(
  File "/data/users/bobren/a/pytorch-rs-burner/.burner/worktrees/agent_38d9746a/.venv/lib/python3.12/site-packages/torch_rs/_compile_bytecode.py", line 1087, in _record_method_call
    _unsupported_bytecode(program, instruction, "Tensor.reshape requires constant dimensions")
  File "/data/users/bobren/a/pytorch-rs-burner/.burner/worktrees/agent_38d9746a/.venv/lib/python3.12/site-packages/torch_rs/_compile_bytecode.py", line 317, in _unsupported_bytecode
    raise _trace.CompileTraceUnsupportedError(
torch_rs._compile_trace.CompileTraceUnsupportedError: torch.compile trace bytecode lowering does not support Tensor.reshape requires constant dimensions in 'program': CALL

======================================================================
ERROR: test_tensor_valued_invalid_binding_before_execution (tests.test_compile_cuda_reshape.CompileCudaReshapeTests.test_tensor_valued_invalid_binding_before_execution) (policy=(True, True), attempt=1, expression='(foo=x)', prefix='a = x')
----------------------------------------------------------------------
Traceback (most recent call last):
  File "/data/users/bobren/a/pytorch-rs-burner/.burner/worktrees/agent_38d9746a/tests/test_compile_cuda_reshape.py", line 217, in test_tensor_valued_invalid_binding_before_execution
    call_without_python(compiled, {fn.__code__}, x)
  File "/data/users/bobren/a/pytorch-rs-burner/.burner/worktrees/agent_38d9746a/tests/test_compile_cuda_mul_scalar.py", line 72, in call_without_python
    return compiled(*args)
           ^^^^^^^^^^^^^^^
  File "/data/users/bobren/a/pytorch-rs-burner/.burner/worktrees/agent_38d9746a/.venv/lib/python3.12/site-packages/torch_rs/__init__.py", line 442, in compiled_model
    result = implementation(*args, **kwargs)
             ^^^^^^^^^^^^^^^^^^^^^^^^^^^^^^^
  File "/data/users/bobren/a/pytorch-rs-burner/.burner/worktrees/agent_38d9746a/.venv/lib/python3.12/site-packages/torch_rs/__init__.py", line 840, in compiled_model
    graph = _compile_bytecode.lower_one_input_compile_graph(
            ^^^^^^^^^^^^^^^^^^^^^^^^^^^^^^^^^^^^^^^^^^^^^^^^
  File "/data/users/bobren/a/pytorch-rs-burner/.burner/worktrees/agent_38d9746a/.venv/lib/python3.12/site-packages/torch_rs/_compile_bytecode.py", line 1542, in lower_one_input_compile_graph
    return lower_compile_graph(
           ^^^^^^^^^^^^^^^^^^^^
  File "/data/users/bobren/a/pytorch-rs-burner/.burner/worktrees/agent_38d9746a/.venv/lib/python3.12/site-packages/torch_rs/_compile_bytecode.py", line 1522, in lower_compile_graph
    output = _lower_function_body(
             ^^^^^^^^^^^^^^^^^^^^^
  File "/data/users/bobren/a/pytorch-rs-burner/.burner/worktrees/agent_38d9746a/.venv/lib/python3.12/site-packages/torch_rs/_compile_bytecode.py", line 1067, in _lower_function_body
    output = _lower_instruction(
             ^^^^^^^^^^^^^^^^^^^
  File "/data/users/bobren/a/pytorch-rs-burner/.burner/worktrees/agent_38d9746a/.venv/lib/python3.12/site-packages/torch_rs/_compile_bytecode.py", line 1468, in _lower_instruction
    return _OPCODE_HANDLERS[kind](
           ^^^^^^^^^^^^^^^^^^^^^^^
  File "/data/users/bobren/a/pytorch-rs-burner/.burner/worktrees/agent_38d9746a/.venv/lib/python3.12/site-packages/torch_rs/_compile_bytecode.py", line 1228, in _handle_call
    _record_method_call(
  File "/data/users/bobren/a/pytorch-rs-burner/.burner/worktrees/agent_38d9746a/.venv/lib/python3.12/site-packages/torch_rs/_compile_bytecode.py", line 1087, in _record_method_call
    _unsupported_bytecode(program, instruction, "Tensor.reshape requires constant dimensions")
  File "/data/users/bobren/a/pytorch-rs-burner/.burner/worktrees/agent_38d9746a/.venv/lib/python3.12/site-packages/torch_rs/_compile_bytecode.py", line 317, in _unsupported_bytecode
    raise _trace.CompileTraceUnsupportedError(
torch_rs._compile_trace.CompileTraceUnsupportedError: torch.compile trace bytecode lowering does not support Tensor.reshape requires constant dimensions in 'program': CALL

======================================================================
ERROR: test_tensor_valued_invalid_binding_before_execution (tests.test_compile_cuda_reshape.CompileCudaReshapeTests.test_tensor_valued_invalid_binding_before_execution) (policy=(False, None), attempt=0, expression='(foo=x)', prefix='a = x')
----------------------------------------------------------------------
Traceback (most recent call last):
  File "/data/users/bobren/a/pytorch-rs-burner/.burner/worktrees/agent_38d9746a/tests/test_compile_cuda_reshape.py", line 217, in test_tensor_valued_invalid_binding_before_execution
    call_without_python(compiled, {fn.__code__}, x)
  File "/data/users/bobren/a/pytorch-rs-burner/.burner/worktrees/agent_38d9746a/tests/test_compile_cuda_mul_scalar.py", line 72, in call_without_python
    return compiled(*args)
           ^^^^^^^^^^^^^^^
  File "/data/users/bobren/a/pytorch-rs-burner/.burner/worktrees/agent_38d9746a/.venv/lib/python3.12/site-packages/torch_rs/__init__.py", line 442, in compiled_model
    result = implementation(*args, **kwargs)
             ^^^^^^^^^^^^^^^^^^^^^^^^^^^^^^^
  File "/data/users/bobren/a/pytorch-rs-burner/.burner/worktrees/agent_38d9746a/.venv/lib/python3.12/site-packages/torch_rs/__init__.py", line 840, in compiled_model
    graph = _compile_bytecode.lower_one_input_compile_graph(
            ^^^^^^^^^^^^^^^^^^^^^^^^^^^^^^^^^^^^^^^^^^^^^^^^
  File "/data/users/bobren/a/pytorch-rs-burner/.burner/worktrees/agent_38d9746a/.venv/lib/python3.12/site-packages/torch_rs/_compile_bytecode.py", line 1542, in lower_one_input_compile_graph
    return lower_compile_graph(
           ^^^^^^^^^^^^^^^^^^^^
  File "/data/users/bobren/a/pytorch-rs-burner/.burner/worktrees/agent_38d9746a/.venv/lib/python3.12/site-packages/torch_rs/_compile_bytecode.py", line 1522, in lower_compile_graph
    output = _lower_function_body(
             ^^^^^^^^^^^^^^^^^^^^^
  File "/data/users/bobren/a/pytorch-rs-burner/.burner/worktrees/agent_38d9746a/.venv/lib/python3.12/site-packages/torch_rs/_compile_bytecode.py", line 1067, in _lower_function_body
    output = _lower_instruction(
             ^^^^^^^^^^^^^^^^^^^
  File "/data/users/bobren/a/pytorch-rs-burner/.burner/worktrees/agent_38d9746a/.venv/lib/python3.12/site-packages/torch_rs/_compile_bytecode.py", line 1468, in _lower_instruction
    return _OPCODE_HANDLERS[kind](
           ^^^^^^^^^^^^^^^^^^^^^^^
  File "/data/users/bobren/a/pytorch-rs-burner/.burner/worktrees/agent_38d9746a/.venv/lib/python3.12/site-packages/torch_rs/_compile_bytecode.py", line 1228, in _handle_call
    _record_method_call(
  File "/data/users/bobren/a/pytorch-rs-burner/.burner/worktrees/agent_38d9746a/.venv/lib/python3.12/site-packages/torch_rs/_compile_bytecode.py", line 1087, in _record_method_call
    _unsupported_bytecode(program, instruction, "Tensor.reshape requires constant dimensions")
  File "/data/users/bobren/a/pytorch-rs-burner/.burner/worktrees/agent_38d9746a/.venv/lib/python3.12/site-packages/torch_rs/_compile_bytecode.py", line 317, in _unsupported_bytecode
    raise _trace.CompileTraceUnsupportedError(
torch_rs._compile_trace.CompileTraceUnsupportedError: torch.compile trace bytecode lowering does not support Tensor.reshape requires constant dimensions in 'program': CALL

======================================================================
ERROR: test_tensor_valued_invalid_binding_before_execution (tests.test_compile_cuda_reshape.CompileCudaReshapeTests.test_tensor_valued_invalid_binding_before_execution) (policy=(False, None), attempt=1, expression='(foo=x)', prefix='a = x')
----------------------------------------------------------------------
Traceback (most recent call last):
  File "/data/users/bobren/a/pytorch-rs-burner/.burner/worktrees/agent_38d9746a/tests/test_compile_cuda_reshape.py", line 217, in test_tensor_valued_invalid_binding_before_execution
    call_without_python(compiled, {fn.__code__}, x)
  File "/data/users/bobren/a/pytorch-rs-burner/.burner/worktrees/agent_38d9746a/tests/test_compile_cuda_mul_scalar.py", line 72, in call_without_python
    return compiled(*args)
           ^^^^^^^^^^^^^^^
  File "/data/users/bobren/a/pytorch-rs-burner/.burner/worktrees/agent_38d9746a/.venv/lib/python3.12/site-packages/torch_rs/__init__.py", line 442, in compiled_model
    result = implementation(*args, **kwargs)
             ^^^^^^^^^^^^^^^^^^^^^^^^^^^^^^^
  File "/data/users/bobren/a/pytorch-rs-burner/.burner/worktrees/agent_38d9746a/.venv/lib/python3.12/site-packages/torch_rs/__init__.py", line 840, in compiled_model
    graph = _compile_bytecode.lower_one_input_compile_graph(
            ^^^^^^^^^^^^^^^^^^^^^^^^^^^^^^^^^^^^^^^^^^^^^^^^
  File "/data/users/bobren/a/pytorch-rs-burner/.burner/worktrees/agent_38d9746a/.venv/lib/python3.12/site-packages/torch_rs/_compile_bytecode.py", line 1542, in lower_one_input_compile_graph
    return lower_compile_graph(
           ^^^^^^^^^^^^^^^^^^^^
  File "/data/users/bobren/a/pytorch-rs-burner/.burner/worktrees/agent_38d9746a/.venv/lib/python3.12/site-packages/torch_rs/_compile_bytecode.py", line 1522, in lower_compile_graph
    output = _lower_function_body(
             ^^^^^^^^^^^^^^^^^^^^^
  File "/data/users/bobren/a/pytorch-rs-burner/.burner/worktrees/agent_38d9746a/.venv/lib/python3.12/site-packages/torch_rs/_compile_bytecode.py", line 1067, in _lower_function_body
    output = _lower_instruction(
             ^^^^^^^^^^^^^^^^^^^
  File "/data/users/bobren/a/pytorch-rs-burner/.burner/worktrees/agent_38d9746a/.venv/lib/python3.12/site-packages/torch_rs/_compile_bytecode.py", line 1468, in _lower_instruction
    return _OPCODE_HANDLERS[kind](
           ^^^^^^^^^^^^^^^^^^^^^^^
  File "/data/users/bobren/a/pytorch-rs-burner/.burner/worktrees/agent_38d9746a/.venv/lib/python3.12/site-packages/torch_rs/_compile_bytecode.py", line 1228, in _handle_call
    _record_method_call(
  File "/data/users/bobren/a/pytorch-rs-burner/.burner/worktrees/agent_38d9746a/.venv/lib/python3.12/site-packages/torch_rs/_compile_bytecode.py", line 1087, in _record_method_call
    _unsupported_bytecode(program, instruction, "Tensor.reshape requires constant dimensions")
  File "/data/users/bobren/a/pytorch-rs-burner/.burner/worktrees/agent_38d9746a/.venv/lib/python3.12/site-packages/torch_rs/_compile_bytecode.py", line 317, in _unsupported_bytecode
    raise _trace.CompileTraceUnsupportedError(
torch_rs._compile_trace.CompileTraceUnsupportedError: torch.compile trace bytecode lowering does not support Tensor.reshape requires constant dimensions in 'program': CALL

======================================================================
ERROR: test_tensor_valued_invalid_binding_before_execution (tests.test_compile_cuda_reshape.CompileCudaReshapeTests.test_tensor_valued_invalid_binding_before_execution) (policy=(True, None), attempt=0, expression='(foo=x)', prefix='a = -x')
----------------------------------------------------------------------
Traceback (most recent call last):
  File "/data/users/bobren/a/pytorch-rs-burner/.burner/worktrees/agent_38d9746a/tests/test_compile_cuda_reshape.py", line 217, in test_tensor_valued_invalid_binding_before_execution
    call_without_python(compiled, {fn.__code__}, x)
  File "/data/users/bobren/a/pytorch-rs-burner/.burner/worktrees/agent_38d9746a/tests/test_compile_cuda_mul_scalar.py", line 72, in call_without_python
    return compiled(*args)
           ^^^^^^^^^^^^^^^
  File "/data/users/bobren/a/pytorch-rs-burner/.burner/worktrees/agent_38d9746a/.venv/lib/python3.12/site-packages/torch_rs/__init__.py", line 442, in compiled_model
    result = implementation(*args, **kwargs)
             ^^^^^^^^^^^^^^^^^^^^^^^^^^^^^^^
  File "/data/users/bobren/a/pytorch-rs-burner/.burner/worktrees/agent_38d9746a/.venv/lib/python3.12/site-packages/torch_rs/__init__.py", line 840, in compiled_model
    graph = _compile_bytecode.lower_one_input_compile_graph(
            ^^^^^^^^^^^^^^^^^^^^^^^^^^^^^^^^^^^^^^^^^^^^^^^^
  File "/data/users/bobren/a/pytorch-rs-burner/.burner/worktrees/agent_38d9746a/.venv/lib/python3.12/site-packages/torch_rs/_compile_bytecode.py", line 1542, in lower_one_input_compile_graph
    return lower_compile_graph(
           ^^^^^^^^^^^^^^^^^^^^
  File "/data/users/bobren/a/pytorch-rs-burner/.burner/worktrees/agent_38d9746a/.venv/lib/python3.12/site-packages/torch_rs/_compile_bytecode.py", line 1522, in lower_compile_graph
    output = _lower_function_body(
             ^^^^^^^^^^^^^^^^^^^^^
  File "/data/users/bobren/a/pytorch-rs-burner/.burner/worktrees/agent_38d9746a/.venv/lib/python3.12/site-packages/torch_rs/_compile_bytecode.py", line 1067, in _lower_function_body
    output = _lower_instruction(
             ^^^^^^^^^^^^^^^^^^^
  File "/data/users/bobren/a/pytorch-rs-burner/.burner/worktrees/agent_38d9746a/.venv/lib/python3.12/site-packages/torch_rs/_compile_bytecode.py", line 1468, in _lower_instruction
    return _OPCODE_HANDLERS[kind](
           ^^^^^^^^^^^^^^^^^^^^^^^
  File "/data/users/bobren/a/pytorch-rs-burner/.burner/worktrees/agent_38d9746a/.venv/lib/python3.12/site-packages/torch_rs/_compile_bytecode.py", line 1228, in _handle_call
    _record_method_call(
  File "/data/users/bobren/a/pytorch-rs-burner/.burner/worktrees/agent_38d9746a/.venv/lib/python3.12/site-packages/torch_rs/_compile_bytecode.py", line 1087, in _record_method_call
    _unsupported_bytecode(program, instruction, "Tensor.reshape requires constant dimensions")
  File "/data/users/bobren/a/pytorch-rs-burner/.burner/worktrees/agent_38d9746a/.venv/lib/python3.12/site-packages/torch_rs/_compile_bytecode.py", line 317, in _unsupported_bytecode
    raise _trace.CompileTraceUnsupportedError(
torch_rs._compile_trace.CompileTraceUnsupportedError: torch.compile trace bytecode lowering does not support Tensor.reshape requires constant dimensions in 'program': CALL

======================================================================
ERROR: test_tensor_valued_invalid_binding_before_execution (tests.test_compile_cuda_reshape.CompileCudaReshapeTests.test_tensor_valued_invalid_binding_before_execution) (policy=(True, None), attempt=1, expression='(foo=x)', prefix='a = -x')
----------------------------------------------------------------------
Traceback (most recent call last):
  File "/data/users/bobren/a/pytorch-rs-burner/.burner/worktrees/agent_38d9746a/tests/test_compile_cuda_reshape.py", line 217, in test_tensor_valued_invalid_binding_before_execution
    call_without_python(compiled, {fn.__code__}, x)
  File "/data/users/bobren/a/pytorch-rs-burner/.burner/worktrees/agent_38d9746a/tests/test_compile_cuda_mul_scalar.py", line 72, in call_without_python
    return compiled(*args)
           ^^^^^^^^^^^^^^^
  File "/data/users/bobren/a/pytorch-rs-burner/.burner/worktrees/agent_38d9746a/.venv/lib/python3.12/site-packages/torch_rs/__init__.py", line 442, in compiled_model
    result = implementation(*args, **kwargs)
             ^^^^^^^^^^^^^^^^^^^^^^^^^^^^^^^
  File "/data/users/bobren/a/pytorch-rs-burner/.burner/worktrees/agent_38d9746a/.venv/lib/python3.12/site-packages/torch_rs/__init__.py", line 840, in compiled_model
    graph = _compile_bytecode.lower_one_input_compile_graph(
            ^^^^^^^^^^^^^^^^^^^^^^^^^^^^^^^^^^^^^^^^^^^^^^^^
  File "/data/users/bobren/a/pytorch-rs-burner/.burner/worktrees/agent_38d9746a/.venv/lib/python3.12/site-packages/torch_rs/_compile_bytecode.py", line 1542, in lower_one_input_compile_graph
    return lower_compile_graph(
           ^^^^^^^^^^^^^^^^^^^^
  File "/data/users/bobren/a/pytorch-rs-burner/.burner/worktrees/agent_38d9746a/.venv/lib/python3.12/site-packages/torch_rs/_compile_bytecode.py", line 1522, in lower_compile_graph
    output = _lower_function_body(
             ^^^^^^^^^^^^^^^^^^^^^
  File "/data/users/bobren/a/pytorch-rs-burner/.burner/worktrees/agent_38d9746a/.venv/lib/python3.12/site-packages/torch_rs/_compile_bytecode.py", line 1067, in _lower_function_body
    output = _lower_instruction(
             ^^^^^^^^^^^^^^^^^^^
  File "/data/users/bobren/a/pytorch-rs-burner/.burner/worktrees/agent_38d9746a/.venv/lib/python3.12/site-packages/torch_rs/_compile_bytecode.py", line 1468, in _lower_instruction
    return _OPCODE_HANDLERS[kind](
           ^^^^^^^^^^^^^^^^^^^^^^^
  File "/data/users/bobren/a/pytorch-rs-burner/.burner/worktrees/agent_38d9746a/.venv/lib/python3.12/site-packages/torch_rs/_compile_bytecode.py", line 1228, in _handle_call
    _record_method_call(
  File "/data/users/bobren/a/pytorch-rs-burner/.burner/worktrees/agent_38d9746a/.venv/lib/python3.12/site-packages/torch_rs/_compile_bytecode.py", line 1087, in _record_method_call
    _unsupported_bytecode(program, instruction, "Tensor.reshape requires constant dimensions")
  File "/data/users/bobren/a/pytorch-rs-burner/.burner/worktrees/agent_38d9746a/.venv/lib/python3.12/site-packages/torch_rs/_compile_bytecode.py", line 317, in _unsupported_bytecode
    raise _trace.CompileTraceUnsupportedError(
torch_rs._compile_trace.CompileTraceUnsupportedError: torch.compile trace bytecode lowering does not support Tensor.reshape requires constant dimensions in 'program': CALL

======================================================================
ERROR: test_tensor_valued_invalid_binding_before_execution (tests.test_compile_cuda_reshape.CompileCudaReshapeTests.test_tensor_valued_invalid_binding_before_execution) (policy=(True, False), attempt=0, expression='(foo=x)', prefix='a = -x')
----------------------------------------------------------------------
Traceback (most recent call last):
  File "/data/users/bobren/a/pytorch-rs-burner/.burner/worktrees/agent_38d9746a/tests/test_compile_cuda_reshape.py", line 217, in test_tensor_valued_invalid_binding_before_execution
    call_without_python(compiled, {fn.__code__}, x)
  File "/data/users/bobren/a/pytorch-rs-burner/.burner/worktrees/agent_38d9746a/tests/test_compile_cuda_mul_scalar.py", line 72, in call_without_python
    return compiled(*args)
           ^^^^^^^^^^^^^^^
  File "/data/users/bobren/a/pytorch-rs-burner/.burner/worktrees/agent_38d9746a/.venv/lib/python3.12/site-packages/torch_rs/__init__.py", line 442, in compiled_model
    result = implementation(*args, **kwargs)
             ^^^^^^^^^^^^^^^^^^^^^^^^^^^^^^^
  File "/data/users/bobren/a/pytorch-rs-burner/.burner/worktrees/agent_38d9746a/.venv/lib/python3.12/site-packages/torch_rs/__init__.py", line 840, in compiled_model
    graph = _compile_bytecode.lower_one_input_compile_graph(
            ^^^^^^^^^^^^^^^^^^^^^^^^^^^^^^^^^^^^^^^^^^^^^^^^
  File "/data/users/bobren/a/pytorch-rs-burner/.burner/worktrees/agent_38d9746a/.venv/lib/python3.12/site-packages/torch_rs/_compile_bytecode.py", line 1542, in lower_one_input_compile_graph
    return lower_compile_graph(
           ^^^^^^^^^^^^^^^^^^^^
  File "/data/users/bobren/a/pytorch-rs-burner/.burner/worktrees/agent_38d9746a/.venv/lib/python3.12/site-packages/torch_rs/_compile_bytecode.py", line 1522, in lower_compile_graph
    output = _lower_function_body(
             ^^^^^^^^^^^^^^^^^^^^^
  File "/data/users/bobren/a/pytorch-rs-burner/.burner/worktrees/agent_38d9746a/.venv/lib/python3.12/site-packages/torch_rs/_compile_bytecode.py", line 1067, in _lower_function_body
    output = _lower_instruction(
             ^^^^^^^^^^^^^^^^^^^
  File "/data/users/bobren/a/pytorch-rs-burner/.burner/worktrees/agent_38d9746a/.venv/lib/python3.12/site-packages/torch_rs/_compile_bytecode.py", line 1468, in _lower_instruction
    return _OPCODE_HANDLERS[kind](
           ^^^^^^^^^^^^^^^^^^^^^^^
  File "/data/users/bobren/a/pytorch-rs-burner/.burner/worktrees/agent_38d9746a/.venv/lib/python3.12/site-packages/torch_rs/_compile_bytecode.py", line 1228, in _handle_call
    _record_method_call(
  File "/data/users/bobren/a/pytorch-rs-burner/.burner/worktrees/agent_38d9746a/.venv/lib/python3.12/site-packages/torch_rs/_compile_bytecode.py", line 1087, in _record_method_call
    _unsupported_bytecode(program, instruction, "Tensor.reshape requires constant dimensions")
  File "/data/users/bobren/a/pytorch-rs-burner/.burner/worktrees/agent_38d9746a/.venv/lib/python3.12/site-packages/torch_rs/_compile_bytecode.py", line 317, in _unsupported_bytecode
    raise _trace.CompileTraceUnsupportedError(
torch_rs._compile_trace.CompileTraceUnsupportedError: torch.compile trace bytecode lowering does not support Tensor.reshape requires constant dimensions in 'program': CALL

======================================================================
ERROR: test_tensor_valued_invalid_binding_before_execution (tests.test_compile_cuda_reshape.CompileCudaReshapeTests.test_tensor_valued_invalid_binding_before_execution) (policy=(True, False), attempt=1, expression='(foo=x)', prefix='a = -x')
----------------------------------------------------------------------
Traceback (most recent call last):
  File "/data/users/bobren/a/pytorch-rs-burner/.burner/worktrees/agent_38d9746a/tests/test_compile_cuda_reshape.py", line 217, in test_tensor_valued_invalid_binding_before_execution
    call_without_python(compiled, {fn.__code__}, x)
  File "/data/users/bobren/a/pytorch-rs-burner/.burner/worktrees/agent_38d9746a/tests/test_compile_cuda_mul_scalar.py", line 72, in call_without_python
    return compiled(*args)
           ^^^^^^^^^^^^^^^
  File "/data/users/bobren/a/pytorch-rs-burner/.burner/worktrees/agent_38d9746a/.venv/lib/python3.12/site-packages/torch_rs/__init__.py", line 442, in compiled_model
    result = implementation(*args, **kwargs)
             ^^^^^^^^^^^^^^^^^^^^^^^^^^^^^^^
  File "/data/users/bobren/a/pytorch-rs-burner/.burner/worktrees/agent_38d9746a/.venv/lib/python3.12/site-packages/torch_rs/__init__.py", line 840, in compiled_model
    graph = _compile_bytecode.lower_one_input_compile_graph(
            ^^^^^^^^^^^^^^^^^^^^^^^^^^^^^^^^^^^^^^^^^^^^^^^^
  File "/data/users/bobren/a/pytorch-rs-burner/.burner/worktrees/agent_38d9746a/.venv/lib/python3.12/site-packages/torch_rs/_compile_bytecode.py", line 1542, in lower_one_input_compile_graph
    return lower_compile_graph(
           ^^^^^^^^^^^^^^^^^^^^
  File "/data/users/bobren/a/pytorch-rs-burner/.burner/worktrees/agent_38d9746a/.venv/lib/python3.12/site-packages/torch_rs/_compile_bytecode.py", line 1522, in lower_compile_graph
    output = _lower_function_body(
             ^^^^^^^^^^^^^^^^^^^^^
  File "/data/users/bobren/a/pytorch-rs-burner/.burner/worktrees/agent_38d9746a/.venv/lib/python3.12/site-packages/torch_rs/_compile_bytecode.py", line 1067, in _lower_function_body
    output = _lower_instruction(
             ^^^^^^^^^^^^^^^^^^^
  File "/data/users/bobren/a/pytorch-rs-burner/.burner/worktrees/agent_38d9746a/.venv/lib/python3.12/site-packages/torch_rs/_compile_bytecode.py", line 1468, in _lower_instruction
    return _OPCODE_HANDLERS[kind](
           ^^^^^^^^^^^^^^^^^^^^^^^
  File "/data/users/bobren/a/pytorch-rs-burner/.burner/worktrees/agent_38d9746a/.venv/lib/python3.12/site-packages/torch_rs/_compile_bytecode.py", line 1228, in _handle_call
    _record_method_call(
  File "/data/users/bobren/a/pytorch-rs-burner/.burner/worktrees/agent_38d9746a/.venv/lib/python3.12/site-packages/torch_rs/_compile_bytecode.py", line 1087, in _record_method_call
    _unsupported_bytecode(program, instruction, "Tensor.reshape requires constant dimensions")
  File "/data/users/bobren/a/pytorch-rs-burner/.burner/worktrees/agent_38d9746a/.venv/lib/python3.12/site-packages/torch_rs/_compile_bytecode.py", line 317, in _unsupported_bytecode
    raise _trace.CompileTraceUnsupportedError(
torch_rs._compile_trace.CompileTraceUnsupportedError: torch.compile trace bytecode lowering does not support Tensor.reshape requires constant dimensions in 'program': CALL

======================================================================
ERROR: test_tensor_valued_invalid_binding_before_execution (tests.test_compile_cuda_reshape.CompileCudaReshapeTests.test_tensor_valued_invalid_binding_before_execution) (policy=(True, True), attempt=0, expression='(foo=x)', prefix='a = -x')
----------------------------------------------------------------------
Traceback (most recent call last):
  File "/data/users/bobren/a/pytorch-rs-burner/.burner/worktrees/agent_38d9746a/tests/test_compile_cuda_reshape.py", line 217, in test_tensor_valued_invalid_binding_before_execution
    call_without_python(compiled, {fn.__code__}, x)
  File "/data/users/bobren/a/pytorch-rs-burner/.burner/worktrees/agent_38d9746a/tests/test_compile_cuda_mul_scalar.py", line 72, in call_without_python
    return compiled(*args)
           ^^^^^^^^^^^^^^^
  File "/data/users/bobren/a/pytorch-rs-burner/.burner/worktrees/agent_38d9746a/.venv/lib/python3.12/site-packages/torch_rs/__init__.py", line 442, in compiled_model
    result = implementation(*args, **kwargs)
             ^^^^^^^^^^^^^^^^^^^^^^^^^^^^^^^
  File "/data/users/bobren/a/pytorch-rs-burner/.burner/worktrees/agent_38d9746a/.venv/lib/python3.12/site-packages/torch_rs/__init__.py", line 840, in compiled_model
    graph = _compile_bytecode.lower_one_input_compile_graph(
            ^^^^^^^^^^^^^^^^^^^^^^^^^^^^^^^^^^^^^^^^^^^^^^^^
  File "/data/users/bobren/a/pytorch-rs-burner/.burner/worktrees/agent_38d9746a/.venv/lib/python3.12/site-packages/torch_rs/_compile_bytecode.py", line 1542, in lower_one_input_compile_graph
    return lower_compile_graph(
           ^^^^^^^^^^^^^^^^^^^^
  File "/data/users/bobren/a/pytorch-rs-burner/.burner/worktrees/agent_38d9746a/.venv/lib/python3.12/site-packages/torch_rs/_compile_bytecode.py", line 1522, in lower_compile_graph
    output = _lower_function_body(
             ^^^^^^^^^^^^^^^^^^^^^
  File "/data/users/bobren/a/pytorch-rs-burner/.burner/worktrees/agent_38d9746a/.venv/lib/python3.12/site-packages/torch_rs/_compile_bytecode.py", line 1067, in _lower_function_body
    output = _lower_instruction(
             ^^^^^^^^^^^^^^^^^^^
  File "/data/users/bobren/a/pytorch-rs-burner/.burner/worktrees/agent_38d9746a/.venv/lib/python3.12/site-packages/torch_rs/_compile_bytecode.py", line 1468, in _lower_instruction
    return _OPCODE_HANDLERS[kind](
           ^^^^^^^^^^^^^^^^^^^^^^^
  File "/data/users/bobren/a/pytorch-rs-burner/.burner/worktrees/agent_38d9746a/.venv/lib/python3.12/site-packages/torch_rs/_compile_bytecode.py", line 1228, in _handle_call
    _record_method_call(
  File "/data/users/bobren/a/pytorch-rs-burner/.burner/worktrees/agent_38d9746a/.venv/lib/python3.12/site-packages/torch_rs/_compile_bytecode.py", line 1087, in _record_method_call
    _unsupported_bytecode(program, instruction, "Tensor.reshape requires constant dimensions")
  File "/data/users/bobren/a/pytorch-rs-burner/.burner/worktrees/agent_38d9746a/.venv/lib/python3.12/site-packages/torch_rs/_compile_bytecode.py", line 317, in _unsupported_bytecode
    raise _trace.CompileTraceUnsupportedError(
torch_rs._compile_trace.CompileTraceUnsupportedError: torch.compile trace bytecode lowering does not support Tensor.reshape requires constant dimensions in 'program': CALL

======================================================================
ERROR: test_tensor_valued_invalid_binding_before_execution (tests.test_compile_cuda_reshape.CompileCudaReshapeTests.test_tensor_valued_invalid_binding_before_execution) (policy=(True, True), attempt=1, expression='(foo=x)', prefix='a = -x')
----------------------------------------------------------------------
Traceback (most recent call last):
  File "/data/users/bobren/a/pytorch-rs-burner/.burner/worktrees/agent_38d9746a/tests/test_compile_cuda_reshape.py", line 217, in test_tensor_valued_invalid_binding_before_execution
    call_without_python(compiled, {fn.__code__}, x)
  File "/data/users/bobren/a/pytorch-rs-burner/.burner/worktrees/agent_38d9746a/tests/test_compile_cuda_mul_scalar.py", line 72, in call_without_python
    return compiled(*args)
           ^^^^^^^^^^^^^^^
  File "/data/users/bobren/a/pytorch-rs-burner/.burner/worktrees/agent_38d9746a/.venv/lib/python3.12/site-packages/torch_rs/__init__.py", line 442, in compiled_model
    result = implementation(*args, **kwargs)
             ^^^^^^^^^^^^^^^^^^^^^^^^^^^^^^^
  File "/data/users/bobren/a/pytorch-rs-burner/.burner/worktrees/agent_38d9746a/.venv/lib/python3.12/site-packages/torch_rs/__init__.py", line 840, in compiled_model
    graph = _compile_bytecode.lower_one_input_compile_graph(
            ^^^^^^^^^^^^^^^^^^^^^^^^^^^^^^^^^^^^^^^^^^^^^^^^
  File "/data/users/bobren/a/pytorch-rs-burner/.burner/worktrees/agent_38d9746a/.venv/lib/python3.12/site-packages/torch_rs/_compile_bytecode.py", line 1542, in lower_one_input_compile_graph
    return lower_compile_graph(
           ^^^^^^^^^^^^^^^^^^^^
  File "/data/users/bobren/a/pytorch-rs-burner/.burner/worktrees/agent_38d9746a/.venv/lib/python3.12/site-packages/torch_rs/_compile_bytecode.py", line 1522, in lower_compile_graph
    output = _lower_function_body(
             ^^^^^^^^^^^^^^^^^^^^^
  File "/data/users/bobren/a/pytorch-rs-burner/.burner/worktrees/agent_38d9746a/.venv/lib/python3.12/site-packages/torch_rs/_compile_bytecode.py", line 1067, in _lower_function_body
    output = _lower_instruction(
             ^^^^^^^^^^^^^^^^^^^
  File "/data/users/bobren/a/pytorch-rs-burner/.burner/worktrees/agent_38d9746a/.venv/lib/python3.12/site-packages/torch_rs/_compile_bytecode.py", line 1468, in _lower_instruction
    return _OPCODE_HANDLERS[kind](
           ^^^^^^^^^^^^^^^^^^^^^^^
  File "/data/users/bobren/a/pytorch-rs-burner/.burner/worktrees/agent_38d9746a/.venv/lib/python3.12/site-packages/torch_rs/_compile_bytecode.py", line 1228, in _handle_call
    _record_method_call(
  File "/data/users/bobren/a/pytorch-rs-burner/.burner/worktrees/agent_38d9746a/.venv/lib/python3.12/site-packages/torch_rs/_compile_bytecode.py", line 1087, in _record_method_call
    _unsupported_bytecode(program, instruction, "Tensor.reshape requires constant dimensions")
  File "/data/users/bobren/a/pytorch-rs-burner/.burner/worktrees/agent_38d9746a/.venv/lib/python3.12/site-packages/torch_rs/_compile_bytecode.py", line 317, in _unsupported_bytecode
    raise _trace.CompileTraceUnsupportedError(
torch_rs._compile_trace.CompileTraceUnsupportedError: torch.compile trace bytecode lowering does not support Tensor.reshape requires constant dimensions in 'program': CALL

======================================================================
ERROR: test_tensor_valued_invalid_binding_before_execution (tests.test_compile_cuda_reshape.CompileCudaReshapeTests.test_tensor_valued_invalid_binding_before_execution) (policy=(False, None), attempt=0, expression='(foo=x)', prefix='a = -x')
----------------------------------------------------------------------
Traceback (most recent call last):
  File "/data/users/bobren/a/pytorch-rs-burner/.burner/worktrees/agent_38d9746a/tests/test_compile_cuda_reshape.py", line 217, in test_tensor_valued_invalid_binding_before_execution
    call_without_python(compiled, {fn.__code__}, x)
  File "/data/users/bobren/a/pytorch-rs-burner/.burner/worktrees/agent_38d9746a/tests/test_compile_cuda_mul_scalar.py", line 72, in call_without_python
    return compiled(*args)
           ^^^^^^^^^^^^^^^
  File "/data/users/bobren/a/pytorch-rs-burner/.burner/worktrees/agent_38d9746a/.venv/lib/python3.12/site-packages/torch_rs/__init__.py", line 442, in compiled_model
    result = implementation(*args, **kwargs)
             ^^^^^^^^^^^^^^^^^^^^^^^^^^^^^^^
  File "/data/users/bobren/a/pytorch-rs-burner/.burner/worktrees/agent_38d9746a/.venv/lib/python3.12/site-packages/torch_rs/__init__.py", line 840, in compiled_model
    graph = _compile_bytecode.lower_one_input_compile_graph(
            ^^^^^^^^^^^^^^^^^^^^^^^^^^^^^^^^^^^^^^^^^^^^^^^^
  File "/data/users/bobren/a/pytorch-rs-burner/.burner/worktrees/agent_38d9746a/.venv/lib/python3.12/site-packages/torch_rs/_compile_bytecode.py", line 1542, in lower_one_input_compile_graph
    return lower_compile_graph(
           ^^^^^^^^^^^^^^^^^^^^
  File "/data/users/bobren/a/pytorch-rs-burner/.burner/worktrees/agent_38d9746a/.venv/lib/python3.12/site-packages/torch_rs/_compile_bytecode.py", line 1522, in lower_compile_graph
    output = _lower_function_body(
             ^^^^^^^^^^^^^^^^^^^^^
  File "/data/users/bobren/a/pytorch-rs-burner/.burner/worktrees/agent_38d9746a/.venv/lib/python3.12/site-packages/torch_rs/_compile_bytecode.py", line 1067, in _lower_function_body
    output = _lower_instruction(
             ^^^^^^^^^^^^^^^^^^^
  File "/data/users/bobren/a/pytorch-rs-burner/.burner/worktrees/agent_38d9746a/.venv/lib/python3.12/site-packages/torch_rs/_compile_bytecode.py", line 1468, in _lower_instruction
    return _OPCODE_HANDLERS[kind](
           ^^^^^^^^^^^^^^^^^^^^^^^
  File "/data/users/bobren/a/pytorch-rs-burner/.burner/worktrees/agent_38d9746a/.venv/lib/python3.12/site-packages/torch_rs/_compile_bytecode.py", line 1228, in _handle_call
    _record_method_call(
  File "/data/users/bobren/a/pytorch-rs-burner/.burner/worktrees/agent_38d9746a/.venv/lib/python3.12/site-packages/torch_rs/_compile_bytecode.py", line 1087, in _record_method_call
    _unsupported_bytecode(program, instruction, "Tensor.reshape requires constant dimensions")
  File "/data/users/bobren/a/pytorch-rs-burner/.burner/worktrees/agent_38d9746a/.venv/lib/python3.12/site-packages/torch_rs/_compile_bytecode.py", line 317, in _unsupported_bytecode
    raise _trace.CompileTraceUnsupportedError(
torch_rs._compile_trace.CompileTraceUnsupportedError: torch.compile trace bytecode lowering does not support Tensor.reshape requires constant dimensions in 'program': CALL

======================================================================
ERROR: test_tensor_valued_invalid_binding_before_execution (tests.test_compile_cuda_reshape.CompileCudaReshapeTests.test_tensor_valued_invalid_binding_before_execution) (policy=(False, None), attempt=1, expression='(foo=x)', prefix='a = -x')
----------------------------------------------------------------------
Traceback (most recent call last):
  File "/data/users/bobren/a/pytorch-rs-burner/.burner/worktrees/agent_38d9746a/tests/test_compile_cuda_reshape.py", line 217, in test_tensor_valued_invalid_binding_before_execution
    call_without_python(compiled, {fn.__code__}, x)
  File "/data/users/bobren/a/pytorch-rs-burner/.burner/worktrees/agent_38d9746a/tests/test_compile_cuda_mul_scalar.py", line 72, in call_without_python
    return compiled(*args)
           ^^^^^^^^^^^^^^^
  File "/data/users/bobren/a/pytorch-rs-burner/.burner/worktrees/agent_38d9746a/.venv/lib/python3.12/site-packages/torch_rs/__init__.py", line 442, in compiled_model
    result = implementation(*args, **kwargs)
             ^^^^^^^^^^^^^^^^^^^^^^^^^^^^^^^
  File "/data/users/bobren/a/pytorch-rs-burner/.burner/worktrees/agent_38d9746a/.venv/lib/python3.12/site-packages/torch_rs/__init__.py", line 840, in compiled_model
    graph = _compile_bytecode.lower_one_input_compile_graph(
            ^^^^^^^^^^^^^^^^^^^^^^^^^^^^^^^^^^^^^^^^^^^^^^^^
  File "/data/users/bobren/a/pytorch-rs-burner/.burner/worktrees/agent_38d9746a/.venv/lib/python3.12/site-packages/torch_rs/_compile_bytecode.py", line 1542, in lower_one_input_compile_graph
    return lower_compile_graph(
           ^^^^^^^^^^^^^^^^^^^^
  File "/data/users/bobren/a/pytorch-rs-burner/.burner/worktrees/agent_38d9746a/.venv/lib/python3.12/site-packages/torch_rs/_compile_bytecode.py", line 1522, in lower_compile_graph
    output = _lower_function_body(
             ^^^^^^^^^^^^^^^^^^^^^
  File "/data/users/bobren/a/pytorch-rs-burner/.burner/worktrees/agent_38d9746a/.venv/lib/python3.12/site-packages/torch_rs/_compile_bytecode.py", line 1067, in _lower_function_body
    output = _lower_instruction(
             ^^^^^^^^^^^^^^^^^^^
  File "/data/users/bobren/a/pytorch-rs-burner/.burner/worktrees/agent_38d9746a/.venv/lib/python3.12/site-packages/torch_rs/_compile_bytecode.py", line 1468, in _lower_instruction
    return _OPCODE_HANDLERS[kind](
           ^^^^^^^^^^^^^^^^^^^^^^^
  File "/data/users/bobren/a/pytorch-rs-burner/.burner/worktrees/agent_38d9746a/.venv/lib/python3.12/site-packages/torch_rs/_compile_bytecode.py", line 1228, in _handle_call
    _record_method_call(
  File "/data/users/bobren/a/pytorch-rs-burner/.burner/worktrees/agent_38d9746a/.venv/lib/python3.12/site-packages/torch_rs/_compile_bytecode.py", line 1087, in _record_method_call
    _unsupported_bytecode(program, instruction, "Tensor.reshape requires constant dimensions")
  File "/data/users/bobren/a/pytorch-rs-burner/.burner/worktrees/agent_38d9746a/.venv/lib/python3.12/site-packages/torch_rs/_compile_bytecode.py", line 317, in _unsupported_bytecode
    raise _trace.CompileTraceUnsupportedError(
torch_rs._compile_trace.CompileTraceUnsupportedError: torch.compile trace bytecode lowering does not support Tensor.reshape requires constant dimensions in 'program': CALL

----------------------------------------------------------------------
Ran 1 test in 0.694s

FAILED (errors=112)
