test_abs_backward_sign_zero_edges_accumulation_and_higher_order_boundary (test_abs.TensorAbsTests.test_abs_backward_sign_zero_edges_accumulation_and_higher_order_boundary) ... ok
test_active_autograd_records_abs_backward_through_full_sum (test_abs.TensorAbsTests.test_active_autograd_records_abs_backward_through_full_sum) ... ok
test_descriptor_copying_and_pickling_preserve_alias_identities (test_abs.TensorAbsTests.test_descriptor_copying_and_pickling_preserve_alias_identities) ... ok
test_detached_and_no_grad_inputs_use_the_inference_path (test_abs.TensorAbsTests.test_detached_and_no_grad_inputs_use_the_inference_path) ... ok
test_tensorbase_descriptor_metadata_and_no_argument_errors (test_abs.TensorAbsTests.test_tensorbase_descriptor_metadata_and_no_argument_errors) ... ok
test_top_level_and_inplace_forms_boundaries (test_abs.TensorAbsTests.test_top_level_and_inplace_forms_boundaries) ... ok
test_top_level_and_operator_autograd_reuse_method_path (test_abs.TensorAbsTests.test_top_level_and_operator_autograd_reuse_method_path) ... ok
test_top_level_binding_type_and_unsupported_extension_errors (test_abs.TensorAbsTests.test_top_level_binding_type_and_unsupported_extension_errors) ... ok
test_top_level_callable_metadata_documentation_pickling_and_exports (test_abs.TensorAbsTests.test_top_level_callable_metadata_documentation_pickling_and_exports) ... ok
test_top_level_concrete_out_tensor_is_rejected_without_mutation (test_abs.TensorAbsTests.test_top_level_concrete_out_tensor_is_rejected_without_mutation) ... ok
test_top_level_torch_function_modes_and_overrides (test_abs.TensorAbsTests.test_top_level_torch_function_modes_and_overrides) ... ok
test_torch_function_modes_receive_descriptor_and_forward (test_abs.TensorAbsTests.test_torch_function_modes_receive_descriptor_and_forward) ... ok
test_values_layouts_offsets_empty_tensors_and_fresh_storage (test_abs.TensorAbsTests.test_values_layouts_offsets_empty_tensors_and_fresh_storage) ... ok
test_abs_backward_signed_zero_nan_and_infinity_bits_match_pytorch_2_13 (test_abs_reference.TensorAbsReferenceTests.test_abs_backward_signed_zero_nan_and_infinity_bits_match_pytorch_2_13) ... ok
test_alias_identity_copying_and_pickling_match_pytorch_2_13 (test_abs_reference.TensorAbsReferenceTests.test_alias_identity_copying_and_pickling_match_pytorch_2_13) ... ok
test_autograd_no_grad_detach_and_unsupported_surface_match_pytorch_2_13 (test_abs_reference.TensorAbsReferenceTests.test_autograd_no_grad_detach_and_unsupported_surface_match_pytorch_2_13) ... ok
test_autograd_scalar_empty_offset_and_noncontiguous_match_pytorch_2_13 (test_abs_reference.TensorAbsReferenceTests.test_autograd_scalar_empty_offset_and_noncontiguous_match_pytorch_2_13) ... ok
test_callable_contract_matches_pytorch_2_13 (test_abs_reference.TensorAbsReferenceTests.test_callable_contract_matches_pytorch_2_13) ... ok
test_top_level_binding_and_type_errors_match_pytorch_2_13 (test_abs_reference.TensorAbsReferenceTests.test_top_level_binding_and_type_errors_match_pytorch_2_13) ... ok
test_top_level_callable_contract_matches_pytorch_2_13 (test_abs_reference.TensorAbsReferenceTests.test_top_level_callable_contract_matches_pytorch_2_13) ... ok
test_top_level_declining_override_diagnostics_match_pytorch_2_13 (test_abs_reference.TensorAbsReferenceTests.test_top_level_declining_override_diagnostics_match_pytorch_2_13) ... ok
test_top_level_torch_function_dispatch_matches_pytorch_2_13 (test_abs_reference.TensorAbsReferenceTests.test_top_level_torch_function_dispatch_matches_pytorch_2_13) ... ok
test_top_level_values_layouts_and_fresh_storage_match_pytorch_2_13 (test_abs_reference.TensorAbsReferenceTests.test_top_level_values_layouts_and_fresh_storage_match_pytorch_2_13) ... ok
test_torch_function_mode_dispatch_matches_pytorch_2_13 (test_abs_reference.TensorAbsReferenceTests.test_torch_function_mode_dispatch_matches_pytorch_2_13) ... ok
test_values_layouts_and_fresh_storage_match_pytorch_2_13 (test_abs_reference.TensorAbsReferenceTests.test_values_layouts_and_fresh_storage_match_pytorch_2_13) ... ok
test_argument_errors_match_python_3_binding_used_by_pytorch_2_13 (test_accelerator.AcceleratorTests.test_argument_errors_match_python_3_binding_used_by_pytorch_2_13) ... ok
test_cpu_only_results_come_from_one_probe_without_hardware_discovery (test_accelerator.AcceleratorTests.test_cpu_only_results_come_from_one_probe_without_hardware_discovery) ... ok
test_current_device_idx_warns_before_delegating_and_binding_errors (test_accelerator.AcceleratorTests.test_current_device_idx_warns_before_delegating_and_binding_errors) ... ok
test_current_device_index_repeated_calls_raise_fresh_exact_errors (test_accelerator.AcceleratorTests.test_current_device_index_repeated_calls_raise_fresh_exact_errors) ... ok
test_empty_cache_is_a_repeatable_probe_free_no_op (test_accelerator.AcceleratorTests.test_empty_cache_is_a_repeatable_probe_free_no_op) ... ok
test_importing_and_calling_does_not_import_external_python_runtimes (test_accelerator.AcceleratorTests.test_importing_and_calling_does_not_import_external_python_runtimes) ... ok
test_imports_exports_copy_and_pickle_use_the_canonical_module (test_accelerator.AcceleratorTests.test_imports_exports_copy_and_pickle_use_the_canonical_module) ... ok
test_memory_queries_are_probe_free_and_ignore_device_tokens (test_accelerator.AcceleratorTests.test_memory_queries_are_probe_free_and_ignore_device_tokens) ... ok
test_memory_reload_keeps_old_and_new_cpu_build_functions_usable (test_accelerator.AcceleratorTests.test_memory_reload_keeps_old_and_new_cpu_build_functions_usable) ... ok
test_memory_stat_resets_are_probe_free_and_preserve_zero_counters (test_accelerator.AcceleratorTests.test_memory_stat_resets_are_probe_free_and_preserve_zero_counters) ... ok
test_reload_replaces_functions_but_preserves_the_canonical_module (test_accelerator.AcceleratorTests.test_reload_replaces_functions_but_preserves_the_canonical_module) ... ok
test_results_are_thread_safe_and_preserve_grad_mode (test_accelerator.AcceleratorTests.test_results_are_thread_safe_and_preserve_grad_mode) ... ok
test_selection_stream_memory_graph_and_execution_apis_stay_unsupported (test_accelerator.AcceleratorTests.test_selection_stream_memory_graph_and_execution_apis_stay_unsupported) ... ok
test_signature_annotations_documentation_and_module_identity (test_accelerator.AcceleratorTests.test_signature_annotations_documentation_and_module_identity) ... ok
test_every_supported_cpu_tensor_reports_exact_false (test_accelerator_location_flags.TensorAcceleratorLocationFlagsTests.test_every_supported_cpu_tensor_reports_exact_false) ... ok
test_ipu_mtia_and_maia_backends_remain_unsupported (test_accelerator_location_flags.TensorAcceleratorLocationFlagsTests.test_ipu_mtia_and_maia_backends_remain_unsupported) ... ok
test_properties_are_read_only_with_pytorch_assignment_errors (test_accelerator_location_flags.TensorAcceleratorLocationFlagsTests.test_properties_are_read_only_with_pytorch_assignment_errors) ... ok
test_tensorbase_descriptor_documentation_and_receiver_behavior (test_accelerator_location_flags.TensorAcceleratorLocationFlagsTests.test_tensorbase_descriptor_documentation_and_receiver_behavior) ... ok
test_torch_function_modes_receive_descriptor_get_and_forward (test_accelerator_location_flags.TensorAcceleratorLocationFlagsTests.test_torch_function_modes_receive_descriptor_get_and_forward) ... ok
test_descriptor_documentation_and_errors_match_pytorch_2_13 (test_accelerator_location_flags_reference.TensorAcceleratorLocationFlagsReferenceTests.test_descriptor_documentation_and_errors_match_pytorch_2_13) ... ok
test_ipu_mtia_and_maia_backends_remain_intentionally_unsupported (test_accelerator_location_flags_reference.TensorAcceleratorLocationFlagsReferenceTests.test_ipu_mtia_and_maia_backends_remain_intentionally_unsupported) ... ok
test_reference_pytorch_real_cuda_tensors_report_false (test_accelerator_location_flags_reference.TensorAcceleratorLocationFlagsReferenceTests.test_reference_pytorch_real_cuda_tensors_report_false) ... ok
test_supported_cpu_tensor_results_match_pytorch_2_13 (test_accelerator_location_flags_reference.TensorAcceleratorLocationFlagsReferenceTests.test_supported_cpu_tensor_results_match_pytorch_2_13) ... ok
test_torch_function_mode_dispatch_matches_pytorch_2_13 (test_accelerator_location_flags_reference.TensorAcceleratorLocationFlagsReferenceTests.test_torch_function_mode_dispatch_matches_pytorch_2_13) ... ok
test_argument_errors_match_pytorch_2_13 (test_accelerator_reference.AcceleratorReferenceTests.test_argument_errors_match_pytorch_2_13) ... ok
test_cpu_only_values_bound_the_cuda_enabled_reference (test_accelerator_reference.AcceleratorReferenceTests.test_cpu_only_values_bound_the_cuda_enabled_reference) ... ok
test_current_device_idx_warning_and_delegation_match (test_accelerator_reference.AcceleratorReferenceTests.test_current_device_idx_warning_and_delegation_match) ... ok
test_empty_cache_cuda_differential_preserves_cpu_build_behavior (test_accelerator_reference.AcceleratorReferenceTests.test_empty_cache_cuda_differential_preserves_cpu_build_behavior) ... ok
test_imports_exports_copy_and_pickle_match_the_supported_scope (test_accelerator_reference.AcceleratorReferenceTests.test_imports_exports_copy_and_pickle_match_the_supported_scope) ... ok
test_memory_queries_before_allocator_initialization_match (test_accelerator_reference.AcceleratorReferenceTests.test_memory_queries_before_allocator_initialization_match) ... ok
test_memory_queries_h100_allocation_differential (test_accelerator_reference.AcceleratorReferenceTests.test_memory_queries_h100_allocation_differential) ... ok
test_queries_are_stable_across_threads_and_grad_modes (test_accelerator_reference.AcceleratorReferenceTests.test_queries_are_stable_across_threads_and_grad_modes) ... ok
test_reload_behavior_matches_pytorch_2_13 (test_accelerator_reference.AcceleratorReferenceTests.test_reload_behavior_matches_pytorch_2_13) ... ok
test_reset_accumulated_memory_stats_h100_allocation_differential (test_accelerator_reference.AcceleratorReferenceTests.test_reset_accumulated_memory_stats_h100_allocation_differential) ... ok
test_reset_peak_memory_stats_h100_allocation_differential (test_accelerator_reference.AcceleratorReferenceTests.test_reset_peak_memory_stats_h100_allocation_differential) ... ok
test_selection_stream_memory_graph_and_execution_remain_unsupported (test_accelerator_reference.AcceleratorReferenceTests.test_selection_stream_memory_graph_and_execution_remain_unsupported) ... ok
test_signature_annotations_documentation_and_identity_match (test_accelerator_reference.AcceleratorReferenceTests.test_signature_annotations_documentation_and_identity_match) ... ok
test_aliases_callable_metadata_and_no_isclose_bool_tensor_surface (test_allclose.TensorAllCloseTests.test_aliases_callable_metadata_and_no_isclose_bool_tensor_surface) ... ok
test_binding_tolerance_and_unsupported_errors (test_allclose.TensorAllCloseTests.test_binding_tolerance_and_unsupported_errors) ... ok
test_default_custom_and_float32_tolerance_behavior (test_allclose.TensorAllCloseTests.test_default_custom_and_float32_tolerance_behavior) ... ok
test_special_values_empty_views_and_rank_zero_broadcast (test_allclose.TensorAllCloseTests.test_special_values_empty_views_and_rank_zero_broadcast) ... ok
test_binding_tolerance_and_shape_errors_match_pytorch_2_13 (test_allclose_reference.TensorAllCloseReferenceTests.test_binding_tolerance_and_shape_errors_match_pytorch_2_13) ... ok
test_callable_metadata_and_aliases_match_pytorch_2_13 (test_allclose_reference.TensorAllCloseReferenceTests.test_callable_metadata_and_aliases_match_pytorch_2_13) ... ok
test_isclose_dtype_promotion_cuda_subclasses_and_broadcasting_stay_fail_closed (test_allclose_reference.TensorAllCloseReferenceTests.test_isclose_dtype_promotion_cuda_subclasses_and_broadcasting_stay_fail_closed) ... ok
test_numpy_and_python_tolerance_scalars_match_pytorch_2_13 (test_allclose_reference.TensorAllCloseReferenceTests.test_numpy_and_python_tolerance_scalars_match_pytorch_2_13) ... ok
test_supported_value_layout_and_scalar_broadcast_cases_match_pytorch_2_13 (test_allclose_reference.TensorAllCloseReferenceTests.test_supported_value_layout_and_scalar_broadcast_cases_match_pytorch_2_13) ... ok
test_callable_metadata_exports_and_pickling_match_generated_builtins (test_arange.ArangeTests.test_callable_metadata_exports_and_pickling_match_generated_builtins) ... ok
test_default_equivalent_metadata_is_accepted (test_arange.ArangeTests.test_default_equivalent_metadata_is_accepted) ... ok
test_each_result_owns_fresh_storage (test_arange.ArangeTests.test_each_result_owns_fresh_storage) ... ok
test_exact_float_endpoint_supports_positional_and_keyword_forms (test_arange.ArangeTests.test_exact_float_endpoint_supports_positional_and_keyword_forms) ... ok
test_exact_integer_endpoint_requires_explicit_float32_dtype (test_arange.ArangeTests.test_exact_integer_endpoint_requires_explicit_float32_dtype) ... ok
test_explicit_float32_integer_boundaries_fail_before_allocation (test_arange.ArangeTests.test_explicit_float32_integer_boundaries_fail_before_allocation) ... ok
test_explicit_float32_integer_requires_grad_creates_leaves_under_no_grad (test_arange.ArangeTests.test_explicit_float32_integer_requires_grad_creates_leaves_under_no_grad) ... ok
test_explicit_float32_integer_results_own_fresh_storage (test_arange.ArangeTests.test_explicit_float32_integer_results_own_fresh_storage) ... ok
test_negative_and_nonfinite_endpoints_match_pytorch_errors (test_arange.ArangeTests.test_negative_and_nonfinite_endpoints_match_pytorch_errors) ... ok
test_numpy_floating_endpoints_support_all_one_bound_float32_forms (test_arange.ArangeTests.test_numpy_floating_endpoints_support_all_one_bound_float32_forms) ... ok
test_numpy_floating_negative_and_nonfinite_errors (test_arange.ArangeTests.test_numpy_floating_negative_and_nonfinite_errors) ... ok
test_numpy_floating_oversized_endpoints_fail_before_allocation (test_arange.ArangeTests.test_numpy_floating_oversized_endpoints_fail_before_allocation) ... ok
test_numpy_floating_requires_grad_creates_leaves_under_no_grad (test_arange.ArangeTests.test_numpy_floating_requires_grad_creates_leaves_under_no_grad) ... ok
test_numpy_floating_results_own_fresh_storage (test_arange.ArangeTests.test_numpy_floating_results_own_fresh_storage) ... ok
test_numpy_integer_default_equivalent_metadata_is_accepted (test_arange.ArangeTests.test_numpy_integer_default_equivalent_metadata_is_accepted) ... ok
test_numpy_integer_endpoint_requires_explicit_float32_dtype (test_arange.ArangeTests.test_numpy_integer_endpoint_requires_explicit_float32_dtype) ... ok
test_numpy_integer_one_bound_boundaries_fail_before_allocation (test_arange.ArangeTests.test_numpy_integer_one_bound_boundaries_fail_before_allocation) ... ok
test_numpy_integer_requires_grad_creates_leaves_under_no_grad (test_arange.ArangeTests.test_numpy_integer_requires_grad_creates_leaves_under_no_grad) ... ok
test_numpy_integer_results_own_fresh_storage (test_arange.ArangeTests.test_numpy_integer_results_own_fresh_storage) ... ok
test_other_endpoint_types_remain_unsupported (test_arange.ArangeTests.test_other_endpoint_types_remain_unsupported) ... ok
test_overloads_outputs_and_nondefault_options_remain_unsupported (test_arange.ArangeTests.test_overloads_outputs_and_nondefault_options_remain_unsupported) ... ok
test_oversized_endpoints_fail_before_allocation (test_arange.ArangeTests.test_oversized_endpoints_fail_before_allocation) ... ok
test_requires_grad_creates_leaves_inside_and_outside_no_grad (test_arange.ArangeTests.test_requires_grad_creates_leaves_inside_and_outside_no_grad) ... ok
test_requires_grad_true_preserves_existing_error_precedence (test_arange.ArangeTests.test_requires_grad_true_preserves_existing_error_precedence) ... ok
test_spoofed_numpy_floating_type_is_rejected_without_conversion (test_arange.ArangeTests.test_spoofed_numpy_floating_type_is_rejected_without_conversion) ... ok
test_torch_function_mode_forwards_nested_calls_and_restores_the_stack (test_arange.ArangeTests.test_torch_function_mode_forwards_nested_calls_and_restores_the_stack) ... ok
test_torch_function_mode_intercepts_raw_calls_before_native_validation (test_arange.ArangeTests.test_torch_function_mode_intercepts_raw_calls_before_native_validation) ... ok
test_two_bound_exact_integer_endpoints_support_implicit_step (test_arange.ArangeTests.test_two_bound_exact_integer_endpoints_support_implicit_step) ... ok
test_two_bound_integer_default_equivalent_metadata_is_accepted (test_arange.ArangeTests.test_two_bound_integer_default_equivalent_metadata_is_accepted) ... ok
test_two_bound_integer_empty_and_boundary_errors (test_arange.ArangeTests.test_two_bound_integer_empty_and_boundary_errors) ... ok
test_two_bound_integer_requires_grad_creates_leaves_under_no_grad (test_arange.ArangeTests.test_two_bound_integer_requires_grad_creates_leaves_under_no_grad) ... ok
test_two_bound_integer_results_own_fresh_storage (test_arange.ArangeTests.test_two_bound_integer_results_own_fresh_storage) ... ok
test_two_bound_numpy_integer_endpoints_support_implicit_step (test_arange.ArangeTests.test_two_bound_numpy_integer_endpoints_support_implicit_step) ... ok
test_callable_metadata_and_exports_match_pytorch_2_13 (test_arange_reference.ArangeReferenceTests.test_callable_metadata_and_exports_match_pytorch_2_13) ... ok
test_default_equivalent_options_match_pytorch_2_13 (test_arange_reference.ArangeReferenceTests.test_default_equivalent_options_match_pytorch_2_13) ... ok
test_explicit_float32_integer_boundary_errors_match_pytorch_2_13 (test_arange_reference.ArangeReferenceTests.test_explicit_float32_integer_boundary_errors_match_pytorch_2_13) ... ok
test_explicit_float32_integer_endpoints_match_pytorch_2_13 (test_arange_reference.ArangeReferenceTests.test_explicit_float32_integer_endpoints_match_pytorch_2_13) ... ok
test_explicit_float32_integer_leaf_semantics_match_pytorch_2_13 (test_arange_reference.ArangeReferenceTests.test_explicit_float32_integer_leaf_semantics_match_pytorch_2_13) ... ok
test_explicit_float32_integer_storage_matches_pytorch_2_13 (test_arange_reference.ArangeReferenceTests.test_explicit_float32_integer_storage_matches_pytorch_2_13) ... ok
test_fresh_storage_matches_pytorch_2_13 (test_arange_reference.ArangeReferenceTests.test_fresh_storage_matches_pytorch_2_13) ... ok
test_negative_and_nonfinite_errors_match_pytorch_2_13 (test_arange_reference.ArangeReferenceTests.test_negative_and_nonfinite_errors_match_pytorch_2_13) ... ok
test_numpy_floating_fresh_storage_matches_pytorch_2_13 (test_arange_reference.ArangeReferenceTests.test_numpy_floating_fresh_storage_matches_pytorch_2_13) ... ok
test_numpy_floating_leaf_semantics_match_pytorch_2_13 (test_arange_reference.ArangeReferenceTests.test_numpy_floating_leaf_semantics_match_pytorch_2_13) ... ok
test_numpy_floating_negative_and_nonfinite_errors_match_pytorch_2_13 (test_arange_reference.ArangeReferenceTests.test_numpy_floating_negative_and_nonfinite_errors_match_pytorch_2_13) ... ok
test_numpy_floating_one_bound_forms_match_pytorch_2_13 (test_arange_reference.ArangeReferenceTests.test_numpy_floating_one_bound_forms_match_pytorch_2_13) ... ok
test_numpy_floating_oversized_errors_match_pytorch_2_13 (test_arange_reference.ArangeReferenceTests.test_numpy_floating_oversized_errors_match_pytorch_2_13) ... ok
test_numpy_integer_default_equivalent_options_match_pytorch_2_13 (test_arange_reference.ArangeReferenceTests.test_numpy_integer_default_equivalent_options_match_pytorch_2_13) ... ok
test_numpy_integer_leaf_semantics_match_pytorch_2_13 (test_arange_reference.ArangeReferenceTests.test_numpy_integer_leaf_semantics_match_pytorch_2_13) ... ok
test_numpy_integer_one_bound_boundary_errors_match_pytorch_2_13 (test_arange_reference.ArangeReferenceTests.test_numpy_integer_one_bound_boundary_errors_match_pytorch_2_13) ... ok
test_numpy_integer_one_bound_endpoints_match_pytorch_2_13 (test_arange_reference.ArangeReferenceTests.test_numpy_integer_one_bound_endpoints_match_pytorch_2_13) ... ok
test_numpy_integer_storage_matches_pytorch_2_13 (test_arange_reference.ArangeReferenceTests.test_numpy_integer_storage_matches_pytorch_2_13) ... ok
test_oversized_endpoint_errors_match_pytorch_2_13 (test_arange_reference.ArangeReferenceTests.test_oversized_endpoint_errors_match_pytorch_2_13) ... ok
test_requires_grad_leaves_and_accumulation_match_pytorch_2_13 (test_arange_reference.ArangeReferenceTests.test_requires_grad_leaves_and_accumulation_match_pytorch_2_13) ... ok
test_spoofed_numpy_floating_type_rejection_matches_pytorch_2_13 (test_arange_reference.ArangeReferenceTests.test_spoofed_numpy_floating_type_rejection_matches_pytorch_2_13) ... ok
test_torch_function_mode_dispatch_matches_pytorch_2_13 (test_arange_reference.ArangeReferenceTests.test_torch_function_mode_dispatch_matches_pytorch_2_13) ... ok
test_two_bound_exact_integer_endpoints_match_pytorch_2_13 (test_arange_reference.ArangeReferenceTests.test_two_bound_exact_integer_endpoints_match_pytorch_2_13) ... ok
test_two_bound_integer_boundary_errors_match_pytorch_2_13 (test_arange_reference.ArangeReferenceTests.test_two_bound_integer_boundary_errors_match_pytorch_2_13) ... ok
test_two_bound_integer_leaf_semantics_match_pytorch_2_13 (test_arange_reference.ArangeReferenceTests.test_two_bound_integer_leaf_semantics_match_pytorch_2_13) ... ok
test_two_bound_integer_storage_matches_pytorch_2_13 (test_arange_reference.ArangeReferenceTests.test_two_bound_integer_storage_matches_pytorch_2_13) ... ok
test_two_bound_numpy_integer_endpoints_match_pytorch_2_13 (test_arange_reference.ArangeReferenceTests.test_two_bound_numpy_integer_endpoints_match_pytorch_2_13) ... ok
test_values_shapes_and_default_metadata_match_pytorch_2_13 (test_arange_reference.ArangeReferenceTests.test_values_shapes_and_default_metadata_match_pytorch_2_13) ... ok
test_default_false_is_exact_and_preserves_grad_mode (test_are_deterministic_algorithms_enabled.AreDeterministicAlgorithmsEnabledTests.test_default_false_is_exact_and_preserves_grad_mode) ... ok
test_default_false_is_stable_across_threads_and_grad_modes (test_are_deterministic_algorithms_enabled.AreDeterministicAlgorithmsEnabledTests.test_default_false_is_stable_across_threads_and_grad_modes) ... ok
test_default_only_deterministic_algorithm_apis_are_exposed (test_are_deterministic_algorithms_enabled.AreDeterministicAlgorithmsEnabledTests.test_default_only_deterministic_algorithm_apis_are_exposed) ... ok
test_exports_copy_and_pickle_use_the_canonical_module (test_are_deterministic_algorithms_enabled.AreDeterministicAlgorithmsEnabledTests.test_exports_copy_and_pickle_use_the_canonical_module) ... ok
test_importing_the_package_does_not_import_pytorch (test_are_deterministic_algorithms_enabled.AreDeterministicAlgorithmsEnabledTests.test_importing_the_package_does_not_import_pytorch) ... ok
test_rejects_arguments_with_pytorch_2_13_errors (test_are_deterministic_algorithms_enabled.AreDeterministicAlgorithmsEnabledTests.test_rejects_arguments_with_pytorch_2_13_errors) ... ok
test_signature_annotations_documentation_and_module_identity (test_are_deterministic_algorithms_enabled.AreDeterministicAlgorithmsEnabledTests.test_signature_annotations_documentation_and_module_identity) ... ok
test_argument_errors_match_pytorch_2_13 (test_are_deterministic_algorithms_enabled_reference.AreDeterministicAlgorithmsEnabledReferenceTests.test_argument_errors_match_pytorch_2_13) ... ok
test_default_only_deterministic_algorithm_api_support_boundary (test_are_deterministic_algorithms_enabled_reference.AreDeterministicAlgorithmsEnabledReferenceTests.test_default_only_deterministic_algorithm_api_support_boundary) ... ok
test_exports_copy_and_pickle_match_pytorch_2_13 (test_are_deterministic_algorithms_enabled_reference.AreDeterministicAlgorithmsEnabledReferenceTests.test_exports_copy_and_pickle_match_pytorch_2_13) ... ok
test_reference_only_mutation_bounds_the_unsupported_true_state (test_are_deterministic_algorithms_enabled_reference.AreDeterministicAlgorithmsEnabledReferenceTests.test_reference_only_mutation_bounds_the_unsupported_true_state) ... ok
test_signature_annotations_documentation_and_identity_match (test_are_deterministic_algorithms_enabled_reference.AreDeterministicAlgorithmsEnabledReferenceTests.test_signature_annotations_documentation_and_identity_match) ... ok
test_supported_default_threaded_and_grad_states_match_pytorch_2_13 (test_are_deterministic_algorithms_enabled_reference.AreDeterministicAlgorithmsEnabledReferenceTests.test_supported_default_threaded_and_grad_states_match_pytorch_2_13) ... ok
test_binding_errors_and_unsupported_scope_are_explicit (test_as_tensor.AsTensorTests.test_binding_errors_and_unsupported_scope_are_explicit) ... ok
test_callable_metadata_exports_copy_pickle_and_reload (test_as_tensor.AsTensorTests.test_callable_metadata_exports_copy_pickle_and_reload) ... ok
test_error_ordering_still_validates_schema_before_sequence_conversion (test_as_tensor.AsTensorTests.test_error_ordering_still_validates_schema_before_sequence_conversion) ... ok
test_exact_native_cpu_float32_tensors_return_identical_object (test_as_tensor.AsTensorTests.test_exact_native_cpu_float32_tensors_return_identical_object) ... ok
test_explicit_float32_integer_scalars_create_fresh_cpu_float32_leaves (test_as_tensor.AsTensorTests.test_explicit_float32_integer_scalars_create_fresh_cpu_float32_leaves) ... ok
test_explicit_float32_integer_sequences_create_fresh_cpu_float32_leaves (test_as_tensor.AsTensorTests.test_explicit_float32_integer_sequences_create_fresh_cpu_float32_leaves) ... ok
test_identity_preserves_autograd_graph_and_gradient_object (test_as_tensor.AsTensorTests.test_identity_preserves_autograd_graph_and_gradient_object) ... ok
test_numpy_float32_scalar_construction_ignores_no_grad (test_as_tensor.AsTensorTests.test_numpy_float32_scalar_construction_ignores_no_grad) ... ok
test_numpy_float32_scalar_detection_ignores_mutable_numpy_global (test_as_tensor.AsTensorTests.test_numpy_float32_scalar_detection_ignores_mutable_numpy_global) ... ok
test_numpy_float32_scalar_detection_rejects_impostor_type (test_as_tensor.AsTensorTests.test_numpy_float32_scalar_detection_rejects_impostor_type) ... ok
test_numpy_float32_scalars_create_fresh_cpu_float32_leaves (test_as_tensor.AsTensorTests.test_numpy_float32_scalars_create_fresh_cpu_float32_leaves) ... ok
test_python_float_scalars_create_fresh_cpu_float32_leaves (test_as_tensor.AsTensorTests.test_python_float_scalars_create_fresh_cpu_float32_leaves) ... ok
test_python_float_sequence_construction_ignores_no_grad (test_as_tensor.AsTensorTests.test_python_float_sequence_construction_ignores_no_grad) ... ok
test_python_float_sequences_create_fresh_cpu_float32_leaves (test_as_tensor.AsTensorTests.test_python_float_sequences_create_fresh_cpu_float32_leaves) ... ok
test_recursive_and_overdeep_float_sequences_raise_value_error (test_as_tensor.AsTensorTests.test_recursive_and_overdeep_float_sequences_raise_value_error) ... ok
test_torch_function_mode_dispatches_before_native_conversion (test_as_tensor.AsTensorTests.test_torch_function_mode_dispatches_before_native_conversion) ... ok
test_autograd_identity_aliasing_matches_pytorch_2_13 (test_as_tensor_reference.AsTensorReferenceTests.test_autograd_identity_aliasing_matches_pytorch_2_13) ... ok
test_binding_errors_match_pytorch_2_13_for_exposed_schema (test_as_tensor_reference.AsTensorReferenceTests.test_binding_errors_match_pytorch_2_13_for_exposed_schema) ... ok
test_callable_metadata_imports_copy_pickle_and_reload_match_pytorch_2_13 (test_as_tensor_reference.AsTensorReferenceTests.test_callable_metadata_imports_copy_pickle_and_reload_match_pytorch_2_13) ... ok
test_explicit_float32_integer_ragged_errors_match_pytorch_2_13 (test_as_tensor_reference.AsTensorReferenceTests.test_explicit_float32_integer_ragged_errors_match_pytorch_2_13) ... ok
test_explicit_float32_integer_scalar_creation_matches_pytorch_2_13 (test_as_tensor_reference.AsTensorReferenceTests.test_explicit_float32_integer_scalar_creation_matches_pytorch_2_13) ... ok
test_explicit_float32_integer_sequence_creation_matches_pytorch_2_13 (test_as_tensor_reference.AsTensorReferenceTests.test_explicit_float32_integer_sequence_creation_matches_pytorch_2_13) ... ok
test_identity_aliasing_and_metadata_match_pytorch_2_13 (test_as_tensor_reference.AsTensorReferenceTests.test_identity_aliasing_and_metadata_match_pytorch_2_13) ... ok
test_numpy_float32_scalar_creation_matches_pytorch_2_13 (test_as_tensor_reference.AsTensorReferenceTests.test_numpy_float32_scalar_creation_matches_pytorch_2_13) ... ok
test_python_float_scalar_creation_matches_pytorch_2_13 (test_as_tensor_reference.AsTensorReferenceTests.test_python_float_scalar_creation_matches_pytorch_2_13) ... ok
test_python_float_sequence_creation_matches_pytorch_2_13 (test_as_tensor_reference.AsTensorReferenceTests.test_python_float_sequence_creation_matches_pytorch_2_13) ... ok
test_python_float_sequence_no_grad_matches_pytorch_2_13 (test_as_tensor_reference.AsTensorReferenceTests.test_python_float_sequence_no_grad_matches_pytorch_2_13) ... ok
test_recursive_and_overdeep_sequence_errors_match_pytorch_2_13 (test_as_tensor_reference.AsTensorReferenceTests.test_recursive_and_overdeep_sequence_errors_match_pytorch_2_13) ... ok
test_torch_function_mode_dispatch_matches_pytorch_2_13 (test_as_tensor_reference.AsTensorReferenceTests.test_torch_function_mode_dispatch_matches_pytorch_2_13) ... ok
test_binding_errors_and_unsupported_scope_are_explicit (test_asarray.AsArrayTests.test_binding_errors_and_unsupported_scope_are_explicit) ... ok
test_callable_metadata_exports_copy_pickle_and_reload (test_asarray.AsArrayTests.test_callable_metadata_exports_copy_pickle_and_reload) ... ok
test_copy_false_rejects_exact_sequences_before_conversion (test_asarray.AsArrayTests.test_copy_false_rejects_exact_sequences_before_conversion) ... ok
test_copy_true_exact_native_cpu_float32_tensors_use_clone_path (test_asarray.AsArrayTests.test_copy_true_exact_native_cpu_float32_tensors_use_clone_path) ... ok
test_copy_true_preserves_autograd_and_honors_no_grad (test_asarray.AsArrayTests.test_copy_true_preserves_autograd_and_honors_no_grad) ... ok
test_error_ordering_still_validates_schema_before_sequence_conversion (test_asarray.AsArrayTests.test_error_ordering_still_validates_schema_before_sequence_conversion) ... ok
test_exact_native_cpu_float32_tensors_return_identical_object (test_asarray.AsArrayTests.test_exact_native_cpu_float32_tensors_return_identical_object) ... ok
test_explicit_float32_integer_scalars_create_fresh_cpu_float32_leaves (test_asarray.AsArrayTests.test_explicit_float32_integer_scalars_create_fresh_cpu_float32_leaves) ... ok
test_explicit_float32_integer_sequences_create_fresh_cpu_float32_leaves (test_asarray.AsArrayTests.test_explicit_float32_integer_sequences_create_fresh_cpu_float32_leaves) ... ok
test_explicit_float32_numpy_integer_scalar_copy_true_matches_pytorch_error (test_asarray.AsArrayTests.test_explicit_float32_numpy_integer_scalar_copy_true_matches_pytorch_error) ... ok
test_identity_preserves_autograd_graph_and_gradient_object (test_asarray.AsArrayTests.test_identity_preserves_autograd_graph_and_gradient_object) ... ok
test_malformed_float_sequences_with_copy_true_raise_conversion_errors (test_asarray.AsArrayTests.test_malformed_float_sequences_with_copy_true_raise_conversion_errors) ... ok
test_python_float_literal_construction_ignores_no_grad (test_asarray.AsArrayTests.test_python_float_literal_construction_ignores_no_grad) ... ok
test_python_float_scalars_create_fresh_cpu_float32_leaves (test_asarray.AsArrayTests.test_python_float_scalars_create_fresh_cpu_float32_leaves) ... ok
test_python_float_sequences_create_fresh_cpu_float32_leaves (test_asarray.AsArrayTests.test_python_float_sequences_create_fresh_cpu_float32_leaves) ... ok
test_recursive_and_overdeep_float_sequences_raise_value_error (test_asarray.AsArrayTests.test_recursive_and_overdeep_float_sequences_raise_value_error) ... ok
test_requires_grad_identity_warning_matches_pytorch_message (test_asarray.AsArrayTests.test_requires_grad_identity_warning_matches_pytorch_message) ... ok
test_torch_function_mode_dispatches_before_native_conversion (test_asarray.AsArrayTests.test_torch_function_mode_dispatches_before_native_conversion) ... ok
test_autograd_identity_aliasing_matches_pytorch_2_13 (test_asarray_reference.AsArrayReferenceTests.test_autograd_identity_aliasing_matches_pytorch_2_13) ... ok
test_binding_errors_match_pytorch_2_13_for_exposed_schema (test_asarray_reference.AsArrayReferenceTests.test_binding_errors_match_pytorch_2_13_for_exposed_schema) ... ok
test_callable_metadata_imports_copy_pickle_and_reload_match_pytorch_2_13 (test_asarray_reference.AsArrayReferenceTests.test_callable_metadata_imports_copy_pickle_and_reload_match_pytorch_2_13) ... ok
test_copy_false_sequence_errors_match_pytorch_2_13 (test_asarray_reference.AsArrayReferenceTests.test_copy_false_sequence_errors_match_pytorch_2_13) ... ok
test_copy_true_autograd_and_no_grad_match_pytorch_2_13 (test_asarray_reference.AsArrayReferenceTests.test_copy_true_autograd_and_no_grad_match_pytorch_2_13) ... ok
test_copy_true_tensor_clone_matches_pytorch_2_13 (test_asarray_reference.AsArrayReferenceTests.test_copy_true_tensor_clone_matches_pytorch_2_13) ... ok
test_explicit_float32_integer_ragged_errors_match_pytorch_2_13 (test_asarray_reference.AsArrayReferenceTests.test_explicit_float32_integer_ragged_errors_match_pytorch_2_13) ... ok
test_explicit_float32_integer_scalar_creation_matches_pytorch_2_13 (test_asarray_reference.AsArrayReferenceTests.test_explicit_float32_integer_scalar_creation_matches_pytorch_2_13) ... ok
test_explicit_float32_integer_sequence_creation_matches_pytorch_2_13 (test_asarray_reference.AsArrayReferenceTests.test_explicit_float32_integer_sequence_creation_matches_pytorch_2_13) ... ok
test_explicit_float32_numpy_integer_scalar_copy_true_errors_match_pytorch_2_13 (test_asarray_reference.AsArrayReferenceTests.test_explicit_float32_numpy_integer_scalar_copy_true_errors_match_pytorch_2_13) ... ok
test_identity_aliasing_and_metadata_match_pytorch_2_13 (test_asarray_reference.AsArrayReferenceTests.test_identity_aliasing_and_metadata_match_pytorch_2_13) ... ok
test_malformed_rectangular_sequence_error_type_matches_pytorch_2_13 (test_asarray_reference.AsArrayReferenceTests.test_malformed_rectangular_sequence_error_type_matches_pytorch_2_13) ... ok
test_python_float_literal_no_grad_matches_pytorch_2_13 (test_asarray_reference.AsArrayReferenceTests.test_python_float_literal_no_grad_matches_pytorch_2_13) ... ok
test_python_float_scalar_creation_matches_pytorch_2_13 (test_asarray_reference.AsArrayReferenceTests.test_python_float_scalar_creation_matches_pytorch_2_13) ... ok
test_python_float_sequence_creation_matches_pytorch_2_13 (test_asarray_reference.AsArrayReferenceTests.test_python_float_sequence_creation_matches_pytorch_2_13) ... ok
test_recursive_and_overdeep_sequence_errors_match_pytorch_2_13 (test_asarray_reference.AsArrayReferenceTests.test_recursive_and_overdeep_sequence_errors_match_pytorch_2_13) ... ok
test_torch_function_mode_dispatch_matches_pytorch_2_13 (test_asarray_reference.AsArrayReferenceTests.test_torch_function_mode_dispatch_matches_pytorch_2_13) ... ok
test_autograd_repeated_backward_and_no_grad (test_atleast_1d.Atleast1dTests.test_autograd_repeated_backward_and_no_grad) ... ok
test_function_metadata_exports_and_pickle (test_atleast_1d.Atleast1dTests.test_function_metadata_exports_and_pickle) ... ok
test_inner_sequence_override_dispatch_is_explicitly_unsupported (test_atleast_1d.Atleast1dTests.test_inner_sequence_override_dispatch_is_explicitly_unsupported) ... ok
test_modes_and_overrides_receive_the_public_function (test_atleast_1d.Atleast1dTests.test_modes_and_overrides_receive_the_public_function) ... ok
test_outer_sequence_overrides_and_modes_precede_the_fast_path (test_atleast_1d.Atleast1dTests.test_outer_sequence_overrides_and_modes_precede_the_fast_path) ... ok
test_ranked_tensors_are_returned_exactly (test_atleast_1d.Atleast1dTests.test_ranked_tensors_are_returned_exactly) ... ok
test_scalars_become_shared_storage_reshape_views (test_atleast_1d.Atleast1dTests.test_scalars_become_shared_storage_reshape_views) ... ok
test_sequence_autograd_repeated_backward_and_no_grad (test_atleast_1d.Atleast1dTests.test_sequence_autograd_repeated_backward_and_no_grad) ... ok
test_single_input_errors_and_unsupported_forms (test_atleast_1d.Atleast1dTests.test_single_input_errors_and_unsupported_forms) ... ok
test_tuple_and_list_sequences_use_native_views (test_atleast_1d.Atleast1dTests.test_tuple_and_list_sequences_use_native_views) ... ok
test_variadic_autograd_repeated_backward_and_no_grad (test_atleast_1d.Atleast1dTests.test_variadic_autograd_repeated_backward_and_no_grad) ... ok
test_variadic_foreign_inputs_remain_unsupported_under_modes (test_atleast_1d.Atleast1dTests.test_variadic_foreign_inputs_remain_unsupported_under_modes) ... ok
test_variadic_modes_intercept_and_delegate_original_arguments (test_atleast_1d.Atleast1dTests.test_variadic_modes_intercept_and_delegate_original_arguments) ... ok
test_variadic_tensors_use_native_views_in_order (test_atleast_1d.Atleast1dTests.test_variadic_tensors_use_native_views_in_order) ... ok
test_autograd_repeated_backward_and_no_grad_match_pytorch_2_13 (test_atleast_1d_reference.Atleast1dReferenceTests.test_autograd_repeated_backward_and_no_grad_match_pytorch_2_13) ... ok
test_foreign_cuda_variadic_inputs_remain_rejected_before_modes (test_atleast_1d_reference.Atleast1dReferenceTests.test_foreign_cuda_variadic_inputs_remain_rejected_before_modes) ... ok
test_inner_overrides_remain_unsupported_and_outer_dispatch_matches (test_atleast_1d_reference.Atleast1dReferenceTests.test_inner_overrides_remain_unsupported_and_outer_dispatch_matches) ... ok
test_metadata_signature_documentation_exports_and_pickle_match (test_atleast_1d_reference.Atleast1dReferenceTests.test_metadata_signature_documentation_exports_and_pickle_match) ... ok
test_mixed_variadic_and_sequence_forms_remain_unsupported (test_atleast_1d_reference.Atleast1dReferenceTests.test_mixed_variadic_and_sequence_forms_remain_unsupported) ... ok
test_operand_overrides_match_pytorch_2_13 (test_atleast_1d_reference.Atleast1dReferenceTests.test_operand_overrides_match_pytorch_2_13) ... ok
test_sequence_autograd_and_no_grad_match_pytorch_2_13 (test_atleast_1d_reference.Atleast1dReferenceTests.test_sequence_autograd_and_no_grad_match_pytorch_2_13) ... ok
test_sequence_values_layouts_aliasing_and_empties_match_pytorch_2_13 (test_atleast_1d_reference.Atleast1dReferenceTests.test_sequence_values_layouts_aliasing_and_empties_match_pytorch_2_13) ... ok
test_single_input_errors_match_pytorch_2_13 (test_atleast_1d_reference.Atleast1dReferenceTests.test_single_input_errors_match_pytorch_2_13) ... ok
test_torch_function_modes_match_pytorch_2_13 (test_atleast_1d_reference.Atleast1dReferenceTests.test_torch_function_modes_match_pytorch_2_13) ... ok
test_values_strides_offsets_aliasing_and_metadata_match_pytorch_2_13 (test_atleast_1d_reference.Atleast1dReferenceTests.test_values_strides_offsets_aliasing_and_metadata_match_pytorch_2_13) ... ok
test_variadic_autograd_and_no_grad_match_pytorch_2_13 (test_atleast_1d_reference.Atleast1dReferenceTests.test_variadic_autograd_and_no_grad_match_pytorch_2_13) ... ok
test_variadic_torch_function_modes_match_pytorch_2_13 (test_atleast_1d_reference.Atleast1dReferenceTests.test_variadic_torch_function_modes_match_pytorch_2_13) ... ok
test_variadic_values_layouts_and_aliasing_match_pytorch_2_13 (test_atleast_1d_reference.Atleast1dReferenceTests.test_variadic_values_layouts_and_aliasing_match_pytorch_2_13) ... ok
test_autograd_repeated_backward_and_no_grad (test_atleast_2d.Atleast2dTests.test_autograd_repeated_backward_and_no_grad) ... ok
test_function_metadata_exports_and_pickle (test_atleast_2d.Atleast2dTests.test_function_metadata_exports_and_pickle) ... ok
test_inner_sequence_override_dispatch_is_explicitly_unsupported (test_atleast_2d.Atleast2dTests.test_inner_sequence_override_dispatch_is_explicitly_unsupported) ... ok
test_modes_and_overrides_receive_the_public_function (test_atleast_2d.Atleast2dTests.test_modes_and_overrides_receive_the_public_function) ... ok
test_outer_sequence_overrides_and_modes_precede_the_fast_path (test_atleast_2d.Atleast2dTests.test_outer_sequence_overrides_and_modes_precede_the_fast_path) ... ok
test_rank_two_and_higher_tensors_are_returned_exactly (test_atleast_2d.Atleast2dTests.test_rank_two_and_higher_tensors_are_returned_exactly) ... ok
test_scalars_become_one_by_one_shared_storage_reshape_views (test_atleast_2d.Atleast2dTests.test_scalars_become_one_by_one_shared_storage_reshape_views) ... ok
test_sequence_autograd_repeated_backward_and_no_grad (test_atleast_2d.Atleast2dTests.test_sequence_autograd_repeated_backward_and_no_grad) ... ok
test_single_input_errors_and_unsupported_forms (test_atleast_2d.Atleast2dTests.test_single_input_errors_and_unsupported_forms) ... ok
test_tuple_and_list_sequences_use_native_views (test_atleast_2d.Atleast2dTests.test_tuple_and_list_sequences_use_native_views) ... ok
test_variadic_autograd_repeated_backward_and_no_grad (test_atleast_2d.Atleast2dTests.test_variadic_autograd_repeated_backward_and_no_grad) ... ok
test_variadic_declining_and_raising_modes_restore_the_stack (test_atleast_2d.Atleast2dTests.test_variadic_declining_and_raising_modes_restore_the_stack) ... ok
test_variadic_exact_tensors_dispatch_through_nested_modes (test_atleast_2d.Atleast2dTests.test_variadic_exact_tensors_dispatch_through_nested_modes) ... ok
test_variadic_operand_overrides_remain_explicitly_unsupported (test_atleast_2d.Atleast2dTests.test_variadic_operand_overrides_remain_explicitly_unsupported) ... ok
test_variadic_tensors_use_native_views_in_order (test_atleast_2d.Atleast2dTests.test_variadic_tensors_use_native_views_in_order) ... ok
test_vectors_become_leading_singleton_shared_storage_views (test_atleast_2d.Atleast2dTests.test_vectors_become_leading_singleton_shared_storage_views) ... ok
test_autograd_repeated_backward_and_no_grad_match_pytorch_2_13 (test_atleast_2d_reference.Atleast2dReferenceTests.test_autograd_repeated_backward_and_no_grad_match_pytorch_2_13) ... ok
test_inner_overrides_remain_unsupported_and_outer_dispatch_matches (test_atleast_2d_reference.Atleast2dReferenceTests.test_inner_overrides_remain_unsupported_and_outer_dispatch_matches) ... ok
test_metadata_signature_documentation_exports_and_pickle_match (test_atleast_2d_reference.Atleast2dReferenceTests.test_metadata_signature_documentation_exports_and_pickle_match) ... ok
test_mixed_variadic_and_sequence_forms_remain_unsupported (test_atleast_2d_reference.Atleast2dReferenceTests.test_mixed_variadic_and_sequence_forms_remain_unsupported) ... ok
test_operand_overrides_match_pytorch_2_13 (test_atleast_2d_reference.Atleast2dReferenceTests.test_operand_overrides_match_pytorch_2_13) ... ok
test_sequence_autograd_and_no_grad_match_pytorch_2_13 (test_atleast_2d_reference.Atleast2dReferenceTests.test_sequence_autograd_and_no_grad_match_pytorch_2_13) ... ok
test_sequence_values_layouts_aliasing_and_empties_match_pytorch_2_13 (test_atleast_2d_reference.Atleast2dReferenceTests.test_sequence_values_layouts_aliasing_and_empties_match_pytorch_2_13) ... ok
test_single_input_errors_match_pytorch_2_13 (test_atleast_2d_reference.Atleast2dReferenceTests.test_single_input_errors_match_pytorch_2_13) ... ok
test_torch_function_modes_match_pytorch_2_13 (test_atleast_2d_reference.Atleast2dReferenceTests.test_torch_function_modes_match_pytorch_2_13) ... ok
test_values_strides_offsets_aliasing_and_metadata_match_pytorch_2_13 (test_atleast_2d_reference.Atleast2dReferenceTests.test_values_strides_offsets_aliasing_and_metadata_match_pytorch_2_13) ... ok
test_variadic_autograd_and_no_grad_match_pytorch_2_13 (test_atleast_2d_reference.Atleast2dReferenceTests.test_variadic_autograd_and_no_grad_match_pytorch_2_13) ... ok
test_variadic_torch_function_modes_match_pytorch_2_13 (test_atleast_2d_reference.Atleast2dReferenceTests.test_variadic_torch_function_modes_match_pytorch_2_13) ... ok
test_variadic_values_layouts_and_aliasing_match_pytorch_2_13 (test_atleast_2d_reference.Atleast2dReferenceTests.test_variadic_values_layouts_and_aliasing_match_pytorch_2_13) ... ok
test_autograd_repeated_backward_empty_views_and_no_grad (test_atleast_3d.Atleast3dTests.test_autograd_repeated_backward_empty_views_and_no_grad) ... ok
test_function_metadata_exports_and_pickle (test_atleast_3d.Atleast3dTests.test_function_metadata_exports_and_pickle) ... ok
test_inner_sequence_override_dispatch_is_explicitly_unsupported (test_atleast_3d.Atleast3dTests.test_inner_sequence_override_dispatch_is_explicitly_unsupported) ... ok
test_matrices_become_trailing_singleton_shared_storage_views (test_atleast_3d.Atleast3dTests.test_matrices_become_trailing_singleton_shared_storage_views) ... ok
test_modes_and_overrides_receive_the_public_function (test_atleast_3d.Atleast3dTests.test_modes_and_overrides_receive_the_public_function) ... ok
test_outer_sequence_overrides_and_modes_precede_the_fast_path (test_atleast_3d.Atleast3dTests.test_outer_sequence_overrides_and_modes_precede_the_fast_path) ... ok
test_rank_three_and_higher_tensors_are_returned_exactly (test_atleast_3d.Atleast3dTests.test_rank_three_and_higher_tensors_are_returned_exactly) ... ok
test_scalars_become_one_by_one_by_one_shared_storage_views (test_atleast_3d.Atleast3dTests.test_scalars_become_one_by_one_by_one_shared_storage_views) ... ok
test_sequence_autograd_repeated_backward_empty_views_and_no_grad (test_atleast_3d.Atleast3dTests.test_sequence_autograd_repeated_backward_empty_views_and_no_grad) ... ok
test_single_input_errors_and_unsupported_forms (test_atleast_3d.Atleast3dTests.test_single_input_errors_and_unsupported_forms) ... ok
test_tuple_and_list_sequences_use_native_views (test_atleast_3d.Atleast3dTests.test_tuple_and_list_sequences_use_native_views) ... ok
test_variadic_autograd_repeated_backward_empty_views_and_no_grad (test_atleast_3d.Atleast3dTests.test_variadic_autograd_repeated_backward_empty_views_and_no_grad) ... ok
test_variadic_declining_and_raising_modes_restore_the_stack (test_atleast_3d.Atleast3dTests.test_variadic_declining_and_raising_modes_restore_the_stack) ... ok
test_variadic_exact_tensors_dispatch_through_nested_modes (test_atleast_3d.Atleast3dTests.test_variadic_exact_tensors_dispatch_through_nested_modes) ... ok
test_variadic_operand_overrides_remain_explicitly_unsupported (test_atleast_3d.Atleast3dTests.test_variadic_operand_overrides_remain_explicitly_unsupported) ... ok
test_variadic_tensors_use_native_views_in_order (test_atleast_3d.Atleast3dTests.test_variadic_tensors_use_native_views_in_order) ... ok
test_vectors_gain_leading_and_trailing_singleton_dimensions (test_atleast_3d.Atleast3dTests.test_vectors_gain_leading_and_trailing_singleton_dimensions) ... ok
test_autograd_repeated_backward_and_no_grad_match_pytorch_2_13 (test_atleast_3d_reference.Atleast3dReferenceTests.test_autograd_repeated_backward_and_no_grad_match_pytorch_2_13) ... ok
test_inner_overrides_remain_unsupported_and_outer_dispatch_matches (test_atleast_3d_reference.Atleast3dReferenceTests.test_inner_overrides_remain_unsupported_and_outer_dispatch_matches) ... ok
test_metadata_signature_documentation_exports_and_pickle_match (test_atleast_3d_reference.Atleast3dReferenceTests.test_metadata_signature_documentation_exports_and_pickle_match) ... ok
test_mixed_variadic_and_sequence_forms_remain_unsupported (test_atleast_3d_reference.Atleast3dReferenceTests.test_mixed_variadic_and_sequence_forms_remain_unsupported) ... ok
test_operand_overrides_match_pytorch_2_13 (test_atleast_3d_reference.Atleast3dReferenceTests.test_operand_overrides_match_pytorch_2_13) ... ok
test_sequence_autograd_and_no_grad_match_pytorch_2_13 (test_atleast_3d_reference.Atleast3dReferenceTests.test_sequence_autograd_and_no_grad_match_pytorch_2_13) ... ok
test_sequence_values_layouts_aliasing_and_empties_match_pytorch_2_13 (test_atleast_3d_reference.Atleast3dReferenceTests.test_sequence_values_layouts_aliasing_and_empties_match_pytorch_2_13) ... ok
test_single_input_errors_match_pytorch_2_13 (test_atleast_3d_reference.Atleast3dReferenceTests.test_single_input_errors_match_pytorch_2_13) ... ok
test_torch_function_modes_match_pytorch_2_13 (test_atleast_3d_reference.Atleast3dReferenceTests.test_torch_function_modes_match_pytorch_2_13) ... ok
test_values_strides_offsets_aliasing_and_metadata_match_pytorch_2_13 (test_atleast_3d_reference.Atleast3dReferenceTests.test_values_strides_offsets_aliasing_and_metadata_match_pytorch_2_13) ... ok
test_variadic_autograd_and_no_grad_match_pytorch_2_13 (test_atleast_3d_reference.Atleast3dReferenceTests.test_variadic_autograd_and_no_grad_match_pytorch_2_13) ... ok
test_variadic_torch_function_modes_match_pytorch_2_13 (test_atleast_3d_reference.Atleast3dReferenceTests.test_variadic_torch_function_modes_match_pytorch_2_13) ... ok
test_variadic_values_layouts_and_aliasing_match_pytorch_2_13 (test_atleast_3d_reference.Atleast3dReferenceTests.test_variadic_values_layouts_and_aliasing_match_pytorch_2_13) ... ok
test_zero_input_contract_matches_pytorch_2_13 (test_atleast_zero_input.AtleastZeroInputTests.test_zero_input_contract_matches_pytorch_2_13) ... ok
test_zero_input_results_and_mode_dispatch (test_atleast_zero_input.AtleastZeroInputTests.test_zero_input_results_and_mode_dispatch) ... ok
test_backward_errors_repeated_policy_and_graph_lifetime (test_autograd.AutogradApiTests.test_backward_errors_repeated_policy_and_graph_lifetime) ... ok
test_deep_graph_transformations_and_negative_zero (test_autograd.AutogradApiTests.test_deep_graph_transformations_and_negative_zero) ... ok
test_detach_and_no_grad_context_decorator_are_boundaries (test_autograd.AutogradApiTests.test_detach_and_no_grad_context_decorator_are_boundaries) ... ok
test_enable_grad_reenables_recording_and_restores_state (test_autograd.AutogradApiTests.test_enable_grad_reenables_recording_and_restores_state) ... torch_rs/_grad_mode.py:25: DeprecationWarning: the (type, exc, tb) signature of throw() is deprecated, use the single-arg signature instead.
ok
test_eye_creates_square_rectangular_and_empty_leaves (test_autograd.AutogradApiTests.test_eye_creates_square_rectangular_and_empty_leaves) ... ok
test_eye_requires_keyword_only_builtin_bool_or_none (test_autograd.AutogradApiTests.test_eye_requires_keyword_only_builtin_bool_or_none) ... ok
test_full_creates_scalar_ordinary_and_empty_leaves (test_autograd.AutogradApiTests.test_full_creates_scalar_ordinary_and_empty_leaves) ... ok
test_full_requires_keyword_only_builtin_bool_or_none (test_autograd.AutogradApiTests.test_full_requires_keyword_only_builtin_bool_or_none) ... ok
test_is_grad_enabled_public_contract_and_argument_errors (test_autograd.AutogradApiTests.test_is_grad_enabled_public_contract_and_argument_errors) ... ok
test_is_grad_enabled_state_restoration_and_thread_isolation (test_autograd.AutogradApiTests.test_is_grad_enabled_state_restoration_and_thread_isolation) ... ok
test_named_neg_matches_operator_autograd_and_no_grad (test_autograd.AutogradApiTests.test_named_neg_matches_operator_autograd_and_no_grad) ... ok
test_negative_alias_matches_neg_autograd_reuse_and_no_grad (test_autograd.AutogradApiTests.test_negative_alias_matches_neg_autograd_reuse_and_no_grad) ... ok
test_no_grad_decorator_binds_methods_and_is_cross_thread_callable (test_autograd.AutogradApiTests.test_no_grad_decorator_binds_methods_and_is_cross_thread_callable) ... ok
test_no_grad_decorator_guards_every_generator_resume (test_autograd.AutogradApiTests.test_no_grad_decorator_guards_every_generator_resume) ... ok
test_no_grad_public_contract_and_callable_cycles (test_autograd.AutogradApiTests.test_no_grad_public_contract_and_callable_cycles) ... ok
test_real_scalar_addition_retains_gradient_history (test_autograd.AutogradApiTests.test_real_scalar_addition_retains_gradient_history) ... ok
test_real_scalar_subtraction_retains_gradient_history (test_autograd.AutogradApiTests.test_real_scalar_subtraction_retains_gradient_history) ... ok
test_requires_grad_leaf_grad_accumulation_and_nonleaf_grad (test_autograd.AutogradApiTests.test_requires_grad_leaf_grad_accumulation_and_nonleaf_grad) ... ok
test_requires_grad_requires_a_builtin_bool (test_autograd.AutogradApiTests.test_requires_grad_requires_a_builtin_bool) ... ok
test_saved_live_gradient_values_are_frozen_at_forward (test_autograd.AutogradApiTests.test_saved_live_gradient_values_are_frozen_at_forward) ... ok
test_set_grad_enabled_copy_and_pickle_do_not_mutate_grad_mode (test_autograd.AutogradApiTests.test_set_grad_enabled_copy_and_pickle_do_not_mutate_grad_mode) ... ok
test_set_grad_enabled_rejects_non_bool_modes_without_changing_state (test_autograd.AutogradApiTests.test_set_grad_enabled_rejects_non_bool_modes_without_changing_state) ... ok
test_set_grad_enabled_sets_recording_immediately_and_restores_state (test_autograd.AutogradApiTests.test_set_grad_enabled_sets_recording_immediately_and_restores_state) ... ok
test_unary_negation_gradient_is_reusable_shared_and_bitwise (test_autograd.AutogradApiTests.test_unary_negation_gradient_is_reusable_shared_and_bitwise) ... ok
test_unary_negation_records_gradients_and_obeys_no_grad (test_autograd.AutogradApiTests.test_unary_negation_records_gradients_and_obeys_no_grad) ... ok
test_unconsumed_deep_graph_drop_and_detach_are_stack_safe (test_autograd.AutogradApiTests.test_unconsumed_deep_graph_drop_and_detach_are_stack_safe) ... ok
test_zeros_and_ones_create_scalar_ordinary_and_empty_leaves (test_autograd.AutogradApiTests.test_zeros_and_ones_create_scalar_ordinary_and_empty_leaves) ... ok
test_zeros_and_ones_require_keyword_only_builtin_bool_or_none (test_autograd.AutogradApiTests.test_zeros_and_ones_require_keyword_only_builtin_bool_or_none) ... ok
test_boundaries_scalar_empty_and_errors_match_pytorch_2_13 (test_autograd.AutogradReferenceTests.test_boundaries_scalar_empty_and_errors_match_pytorch_2_13) ... ok
test_enable_grad_contexts_match_pytorch_2_13 (test_autograd.AutogradReferenceTests.test_enable_grad_contexts_match_pytorch_2_13) ... /data/users/bobren/a/pytorch-rs-burner/.burner/worktrees/composite_17c2e82f/target/python314-checkout/.venv/lib/python3.14/site-packages/torch/utils/_contextlib.py:56: DeprecationWarning: the (type, exc, tb) signature of throw() is deprecated, use the single-arg signature instead.
  response = gen.throw(*sys.exc_info())
ok
test_eye_leaf_gradients_match_pytorch_2_13 (test_autograd.AutogradReferenceTests.test_eye_leaf_gradients_match_pytorch_2_13) ... ok
test_eye_requires_grad_arguments_match_pytorch_2_13 (test_autograd.AutogradReferenceTests.test_eye_requires_grad_arguments_match_pytorch_2_13) ... ok
test_full_leaf_gradients_match_pytorch_2_13 (test_autograd.AutogradReferenceTests.test_full_leaf_gradients_match_pytorch_2_13) ... ok
test_full_requires_grad_arguments_match_pytorch_2_13 (test_autograd.AutogradReferenceTests.test_full_requires_grad_arguments_match_pytorch_2_13) ... ok
test_is_grad_enabled_matches_pytorch_2_13 (test_autograd.AutogradReferenceTests.test_is_grad_enabled_matches_pytorch_2_13) ... ok
test_leaf_grad_identity_and_live_accumulation_match_pytorch_2_13 (test_autograd.AutogradReferenceTests.test_leaf_grad_identity_and_live_accumulation_match_pytorch_2_13) ... ok
test_no_grad_generator_protocol_matches_pytorch_2_13 (test_autograd.AutogradReferenceTests.test_no_grad_generator_protocol_matches_pytorch_2_13) ... ok
test_no_grad_views_and_public_contract_match_pytorch_2_13 (test_autograd.AutogradReferenceTests.test_no_grad_views_and_public_contract_match_pytorch_2_13) ... ok
test_real_scalar_addition_gradients_match_pytorch_2_13 (test_autograd.AutogradReferenceTests.test_real_scalar_addition_gradients_match_pytorch_2_13) ... ok
test_real_scalar_subtraction_gradients_match_pytorch_2_13 (test_autograd.AutogradReferenceTests.test_real_scalar_subtraction_gradients_match_pytorch_2_13) ... ok
test_requires_grad_argument_types_match_pytorch_2_13 (test_autograd.AutogradReferenceTests.test_requires_grad_argument_types_match_pytorch_2_13) ... ok
test_reusable_metadata_only_graphs_match_pytorch_2_13 (test_autograd.AutogradReferenceTests.test_reusable_metadata_only_graphs_match_pytorch_2_13) ... ok
test_seeded_square_sum_and_broadcast_gradients_match_pytorch_2_13 (test_autograd.AutogradReferenceTests.test_seeded_square_sum_and_broadcast_gradients_match_pytorch_2_13) ... ok
test_set_grad_enabled_contexts_match_pytorch_2_13 (test_autograd.AutogradReferenceTests.test_set_grad_enabled_contexts_match_pytorch_2_13) ... ok
test_square_sum_backward_performance_smoke_is_equivalent_work (test_autograd.AutogradReferenceTests.test_square_sum_backward_performance_smoke_is_equivalent_work) ... ok
test_transform_and_signed_zero_gradients_match_pytorch_2_13 (test_autograd.AutogradReferenceTests.test_transform_and_signed_zero_gradients_match_pytorch_2_13) ... ok
test_zeros_and_ones_leaf_gradients_match_pytorch_2_13 (test_autograd.AutogradReferenceTests.test_zeros_and_ones_leaf_gradients_match_pytorch_2_13) ... ok
test_zeros_and_ones_requires_grad_arguments_match_pytorch_2_13 (test_autograd.AutogradReferenceTests.test_zeros_and_ones_requires_grad_arguments_match_pytorch_2_13) ... ok
test_custom_grad_sequence_is_materialized_once_per_call (test_autograd_backward.AutogradBackwardTests.test_custom_grad_sequence_is_materialized_once_per_call) ... ok
test_custom_grad_sequences_accept_all_none_for_zero_through_ten_roots (test_autograd_backward.AutogradBackwardTests.test_custom_grad_sequences_accept_all_none_for_zero_through_ten_roots) ... ok
test_custom_grad_sequences_reject_length_mismatches_before_mutation (test_autograd_backward.AutogradBackwardTests.test_custom_grad_sequences_reject_length_mismatches_before_mutation) ... ok
test_custom_root_sequence_is_materialized_once_per_call (test_autograd_backward.AutogradBackwardTests.test_custom_root_sequence_is_materialized_once_per_call) ... ok
test_custom_root_sequences_accept_zero_through_ten_leaf_roots (test_autograd_backward.AutogradBackwardTests.test_custom_root_sequences_accept_zero_through_ten_leaf_roots) ... ok
test_custom_root_sequences_preserve_duplicate_accumulation_identity (test_autograd_backward.AutogradBackwardTests.test_custom_root_sequences_preserve_duplicate_accumulation_identity) ... ok
test_custom_root_sequences_validate_before_mutation (test_autograd_backward.AutogradBackwardTests.test_custom_root_sequences_validate_before_mutation) ... ok
test_custom_roots_reject_concrete_gradients_before_mutation (test_autograd_backward.AutogradBackwardTests.test_custom_roots_reject_concrete_gradients_before_mutation) ... ok
test_duplicate_roots_aggregate_before_existing_leaf_gradient (test_autograd_backward.AutogradBackwardTests.test_duplicate_roots_aggregate_before_existing_leaf_gradient) ... ok
test_duplicate_two_leaf_roots_are_repeatable_and_accumulate_twice (test_autograd_backward.AutogradBackwardTests.test_duplicate_two_leaf_roots_are_repeatable_and_accumulate_twice) ... ok
test_eight_leaf_roots_are_repeatable_with_all_none_gradients (test_autograd_backward.AutogradBackwardTests.test_eight_leaf_roots_are_repeatable_with_all_none_gradients) ... ok
test_eight_leaf_roots_reject_concrete_gradients_before_mutation (test_autograd_backward.AutogradBackwardTests.test_eight_leaf_roots_reject_concrete_gradients_before_mutation) ... ok
test_eight_root_eligibility_is_prevalidated_for_every_root (test_autograd_backward.AutogradBackwardTests.test_eight_root_eligibility_is_prevalidated_for_every_root) ... ok
test_eight_roots_aggregate_duplicates_before_existing_gradients (test_autograd_backward.AutogradBackwardTests.test_eight_roots_aggregate_duplicates_before_existing_gradients) ... ok
test_empty_root_calls_are_non_mutating_noops (test_autograd_backward.AutogradBackwardTests.test_empty_root_calls_are_non_mutating_noops) ... ok
test_empty_roots_reject_non_default_grad_tensors (test_autograd_backward.AutogradBackwardTests.test_empty_roots_reject_non_default_grad_tensors) ... ok
test_empty_roots_reject_non_default_options (test_autograd_backward.AutogradBackwardTests.test_empty_roots_reject_non_default_options) ... ok
test_five_leaf_roots_reject_nonmatching_or_concrete_gradients (test_autograd_backward.AutogradBackwardTests.test_five_leaf_roots_reject_nonmatching_or_concrete_gradients) ... ok
test_five_leaf_roots_return_none_and_accumulate_unit_gradients (test_autograd_backward.AutogradBackwardTests.test_five_leaf_roots_return_none_and_accumulate_unit_gradients) ... ok
test_five_leaf_roots_validate_all_options_before_backward (test_autograd_backward.AutogradBackwardTests.test_five_leaf_roots_validate_all_options_before_backward) ... ok
test_five_root_eligibility_is_prevalidated_for_every_root (test_autograd_backward.AutogradBackwardTests.test_five_root_eligibility_is_prevalidated_for_every_root) ... ok
test_five_roots_aggregate_duplicates_before_existing_gradients (test_autograd_backward.AutogradBackwardTests.test_five_roots_aggregate_duplicates_before_existing_gradients) ... ok
test_four_leaf_roots_reject_nonmatching_or_concrete_gradients (test_autograd_backward.AutogradBackwardTests.test_four_leaf_roots_reject_nonmatching_or_concrete_gradients) ... ok
test_four_leaf_roots_return_none_and_accumulate_unit_gradients (test_autograd_backward.AutogradBackwardTests.test_four_leaf_roots_return_none_and_accumulate_unit_gradients) ... ok
test_four_leaf_roots_validate_all_options_before_backward (test_autograd_backward.AutogradBackwardTests.test_four_leaf_roots_validate_all_options_before_backward) ... ok
test_four_root_eligibility_is_prevalidated_for_every_root (test_autograd_backward.AutogradBackwardTests.test_four_root_eligibility_is_prevalidated_for_every_root) ... ok
test_four_roots_aggregate_duplicates_before_existing_gradients (test_autograd_backward.AutogradBackwardTests.test_four_roots_aggregate_duplicates_before_existing_gradients) ... ok
test_generator_grad_tensors_are_rejected_without_consumption (test_autograd_backward.AutogradBackwardTests.test_generator_grad_tensors_are_rejected_without_consumption) ... ok
test_generator_roots_are_rejected_without_consumption (test_autograd_backward.AutogradBackwardTests.test_generator_roots_are_rejected_without_consumption) ... ok
test_graph_option_conversion_errors_are_non_mutating (test_autograd_backward.AutogradBackwardTests.test_graph_option_conversion_errors_are_non_mutating) ... ok
test_graph_reuse_freeing_and_accumulation_follow_tensor_backward (test_autograd_backward.AutogradBackwardTests.test_graph_reuse_freeing_and_accumulation_follow_tensor_backward) ... ok
test_importing_and_calling_does_not_import_pytorch (test_autograd_backward.AutogradBackwardTests.test_importing_and_calling_does_not_import_pytorch) ... ok
test_metadata_imports_copying_pickling_and_exports (test_autograd_backward.AutogradBackwardTests.test_metadata_imports_copying_pickling_and_exports) ... ok
test_nine_leaf_roots_are_repeatable_with_all_none_gradients (test_autograd_backward.AutogradBackwardTests.test_nine_leaf_roots_are_repeatable_with_all_none_gradients) ... ok
test_nine_leaf_roots_reject_concrete_gradients_before_mutation (test_autograd_backward.AutogradBackwardTests.test_nine_leaf_roots_reject_concrete_gradients_before_mutation) ... ok
test_nine_root_eligibility_is_prevalidated_for_every_root (test_autograd_backward.AutogradBackwardTests.test_nine_root_eligibility_is_prevalidated_for_every_root) ... ok
test_nine_roots_aggregate_duplicates_before_existing_gradients (test_autograd_backward.AutogradBackwardTests.test_nine_roots_aggregate_duplicates_before_existing_gradients) ... ok
test_no_grad_view_eighth_root_is_rejected_before_any_root_mutates (test_autograd_backward.AutogradBackwardTests.test_no_grad_view_eighth_root_is_rejected_before_any_root_mutates) ... ok
test_no_grad_view_fifth_root_is_rejected_before_any_root_mutates (test_autograd_backward.AutogradBackwardTests.test_no_grad_view_fifth_root_is_rejected_before_any_root_mutates) ... ok
test_no_grad_view_fourth_root_is_rejected_before_any_root_mutates (test_autograd_backward.AutogradBackwardTests.test_no_grad_view_fourth_root_is_rejected_before_any_root_mutates) ... ok
test_no_grad_view_ninth_root_is_rejected_before_any_root_mutates (test_autograd_backward.AutogradBackwardTests.test_no_grad_view_ninth_root_is_rejected_before_any_root_mutates) ... ok
test_no_grad_view_second_root_is_rejected_before_first_mutates (test_autograd_backward.AutogradBackwardTests.test_no_grad_view_second_root_is_rejected_before_first_mutates) ... ok
test_no_grad_view_seventh_root_is_rejected_before_any_root_mutates (test_autograd_backward.AutogradBackwardTests.test_no_grad_view_seventh_root_is_rejected_before_any_root_mutates) ... ok
test_no_grad_view_sixth_root_is_rejected_before_any_root_mutates (test_autograd_backward.AutogradBackwardTests.test_no_grad_view_sixth_root_is_rejected_before_any_root_mutates) ... ok
test_no_grad_view_tenth_root_is_rejected_before_any_root_mutates (test_autograd_backward.AutogradBackwardTests.test_no_grad_view_tenth_root_is_rejected_before_any_root_mutates) ... ok
test_no_grad_view_third_root_is_rejected_before_any_root_mutates (test_autograd_backward.AutogradBackwardTests.test_no_grad_view_third_root_is_rejected_before_any_root_mutates) ... ok
test_non_default_grad_tensors_forms_are_rejected_before_backward (test_autograd_backward.AutogradBackwardTests.test_non_default_grad_tensors_forms_are_rejected_before_backward) ... ok
test_oversized_custom_grad_sequence_consumption_is_bounded (test_autograd_backward.AutogradBackwardTests.test_oversized_custom_grad_sequence_consumption_is_bounded) ... ok
test_oversized_custom_root_sequence_consumption_is_bounded (test_autograd_backward.AutogradBackwardTests.test_oversized_custom_root_sequence_consumption_is_bounded) ... ok
test_private_sequence_bridge_enforces_its_bound_before_mutation (test_autograd_backward.AutogradBackwardTests.test_private_sequence_bridge_enforces_its_bound_before_mutation) ... ok
test_root_and_gradient_validation_precede_graph_options (test_autograd_backward.AutogradBackwardTests.test_root_and_gradient_validation_precede_graph_options) ... ok
test_seven_leaf_roots_are_repeatable_with_all_none_gradients (test_autograd_backward.AutogradBackwardTests.test_seven_leaf_roots_are_repeatable_with_all_none_gradients) ... ok
test_seven_leaf_roots_reject_concrete_gradients_before_mutation (test_autograd_backward.AutogradBackwardTests.test_seven_leaf_roots_reject_concrete_gradients_before_mutation) ... ok
test_seven_root_eligibility_is_prevalidated_for_every_root (test_autograd_backward.AutogradBackwardTests.test_seven_root_eligibility_is_prevalidated_for_every_root) ... ok
test_seven_roots_aggregate_duplicates_before_existing_gradients (test_autograd_backward.AutogradBackwardTests.test_seven_roots_aggregate_duplicates_before_existing_gradients) ... ok
test_signature_binding_errors_are_non_mutating (test_autograd_backward.AutogradBackwardTests.test_signature_binding_errors_are_non_mutating) ... ok
test_single_root_calls_return_none_and_accumulate_gradients (test_autograd_backward.AutogradBackwardTests.test_single_root_calls_return_none_and_accumulate_gradients) ... ok
test_singleton_none_grad_tensors_preserve_backward_semantics (test_autograd_backward.AutogradBackwardTests.test_singleton_none_grad_tensors_preserve_backward_semantics) ... ok
test_singleton_none_grad_tensors_reach_later_option_validation (test_autograd_backward.AutogradBackwardTests.test_singleton_none_grad_tensors_reach_later_option_validation) ... ok
test_six_leaf_roots_reject_nonmatching_or_concrete_gradients (test_autograd_backward.AutogradBackwardTests.test_six_leaf_roots_reject_nonmatching_or_concrete_gradients) ... ok
test_six_leaf_roots_return_none_and_accumulate_unit_gradients (test_autograd_backward.AutogradBackwardTests.test_six_leaf_roots_return_none_and_accumulate_unit_gradients) ... ok
test_six_leaf_roots_validate_all_options_before_backward (test_autograd_backward.AutogradBackwardTests.test_six_leaf_roots_validate_all_options_before_backward) ... ok
test_six_root_eligibility_is_prevalidated_for_every_root (test_autograd_backward.AutogradBackwardTests.test_six_root_eligibility_is_prevalidated_for_every_root) ... ok
test_six_roots_aggregate_duplicates_before_existing_gradients (test_autograd_backward.AutogradBackwardTests.test_six_roots_aggregate_duplicates_before_existing_gradients) ... ok
test_ten_leaf_roots_are_repeatable_with_all_none_gradients (test_autograd_backward.AutogradBackwardTests.test_ten_leaf_roots_are_repeatable_with_all_none_gradients) ... ok
test_ten_leaf_roots_reject_concrete_gradients_before_mutation (test_autograd_backward.AutogradBackwardTests.test_ten_leaf_roots_reject_concrete_gradients_before_mutation) ... ok
test_ten_root_eligibility_is_prevalidated_for_every_root (test_autograd_backward.AutogradBackwardTests.test_ten_root_eligibility_is_prevalidated_for_every_root) ... ok
test_ten_roots_aggregate_duplicates_before_existing_gradients (test_autograd_backward.AutogradBackwardTests.test_ten_roots_aggregate_duplicates_before_existing_gradients) ... ok
test_tensor_backward_errors_are_preserved (test_autograd_backward.AutogradBackwardTests.test_tensor_backward_errors_are_preserved) ... ok
test_three_leaf_roots_reject_nonmatching_or_concrete_gradients (test_autograd_backward.AutogradBackwardTests.test_three_leaf_roots_reject_nonmatching_or_concrete_gradients) ... ok
test_three_leaf_roots_return_none_and_accumulate_unit_gradients (test_autograd_backward.AutogradBackwardTests.test_three_leaf_roots_return_none_and_accumulate_unit_gradients) ... ok
test_three_root_eligibility_is_prevalidated_for_every_root (test_autograd_backward.AutogradBackwardTests.test_three_root_eligibility_is_prevalidated_for_every_root) ... ok
test_three_roots_aggregate_duplicates_before_existing_gradients (test_autograd_backward.AutogradBackwardTests.test_three_roots_aggregate_duplicates_before_existing_gradients) ... ok
test_two_leaf_roots_reject_nonmatching_or_concrete_gradients (test_autograd_backward.AutogradBackwardTests.test_two_leaf_roots_reject_nonmatching_or_concrete_gradients) ... ok
test_two_leaf_roots_return_none_and_accumulate_unit_gradients (test_autograd_backward.AutogradBackwardTests.test_two_leaf_roots_return_none_and_accumulate_unit_gradients) ... ok
test_two_leaf_roots_validate_all_options_before_backward (test_autograd_backward.AutogradBackwardTests.test_two_leaf_roots_validate_all_options_before_backward) ... ok
test_two_root_eligibility_is_prevalidated_for_both_roots (test_autograd_backward.AutogradBackwardTests.test_two_root_eligibility_is_prevalidated_for_both_roots) ... ok
test_unsupported_forms_fail_before_gradients_or_graph_state_change (test_autograd_backward.AutogradBackwardTests.test_unsupported_forms_fail_before_gradients_or_graph_state_change) ... ok
test_accumulation_graph_reuse_and_freeing_match_pytorch_2_13 (test_autograd_backward_reference.AutogradBackwardReferenceTests.test_accumulation_graph_reuse_and_freeing_match_pytorch_2_13) ... ok
test_custom_grad_materialization_matches_pytorch_2_13 (test_autograd_backward_reference.AutogradBackwardReferenceTests.test_custom_grad_materialization_matches_pytorch_2_13) ... ok
test_custom_grad_sequences_match_pytorch_2_13 (test_autograd_backward_reference.AutogradBackwardReferenceTests.test_custom_grad_sequences_match_pytorch_2_13) ... ok
test_custom_root_sequences_match_pytorch_2_13 (test_autograd_backward_reference.AutogradBackwardReferenceTests.test_custom_root_sequences_match_pytorch_2_13) ... ok
test_custom_sequence_duplicate_accumulation_matches_pytorch_2_13 (test_autograd_backward_reference.AutogradBackwardReferenceTests.test_custom_sequence_duplicate_accumulation_matches_pytorch_2_13) ... ok
test_custom_sequence_materialization_matches_pytorch_2_13 (test_autograd_backward_reference.AutogradBackwardReferenceTests.test_custom_sequence_materialization_matches_pytorch_2_13) ... ok
test_duplicate_root_precision_boundary_matches_pytorch_2_13 (test_autograd_backward_reference.AutogradBackwardReferenceTests.test_duplicate_root_precision_boundary_matches_pytorch_2_13) ... ok
test_duplicate_two_leaf_roots_match_pytorch_2_13 (test_autograd_backward_reference.AutogradBackwardReferenceTests.test_duplicate_two_leaf_roots_match_pytorch_2_13) ... ok
test_eight_leaf_roots_match_pytorch_2_13 (test_autograd_backward_reference.AutogradBackwardReferenceTests.test_eight_leaf_roots_match_pytorch_2_13) ... ok
test_eight_roots_with_duplicates_match_pytorch_2_13 (test_autograd_backward_reference.AutogradBackwardReferenceTests.test_eight_roots_with_duplicates_match_pytorch_2_13) ... ok
test_empty_root_noops_match_pytorch_2_13 (test_autograd_backward_reference.AutogradBackwardReferenceTests.test_empty_root_noops_match_pytorch_2_13) ... ok
test_five_leaf_roots_match_pytorch_2_13 (test_autograd_backward_reference.AutogradBackwardReferenceTests.test_five_leaf_roots_match_pytorch_2_13) ... ok
test_five_roots_with_duplicates_match_pytorch_2_13 (test_autograd_backward_reference.AutogradBackwardReferenceTests.test_five_roots_with_duplicates_match_pytorch_2_13) ... ok
test_four_leaf_roots_match_pytorch_2_13 (test_autograd_backward_reference.AutogradBackwardReferenceTests.test_four_leaf_roots_match_pytorch_2_13) ... ok
test_four_roots_with_duplicates_match_pytorch_2_13 (test_autograd_backward_reference.AutogradBackwardReferenceTests.test_four_roots_with_duplicates_match_pytorch_2_13) ... ok
test_graph_option_conversion_errors_match_and_do_not_mutate (test_autograd_backward_reference.AutogradBackwardReferenceTests.test_graph_option_conversion_errors_match_and_do_not_mutate) ... ok
test_metadata_documentation_annotations_imports_and_pickle_match (test_autograd_backward_reference.AutogradBackwardReferenceTests.test_metadata_documentation_annotations_imports_and_pickle_match) ... ok
test_native_engine_errors_match_pytorch_2_13 (test_autograd_backward_reference.AutogradBackwardReferenceTests.test_native_engine_errors_match_pytorch_2_13) ... ok
test_nine_leaf_roots_match_pytorch_2_13 (test_autograd_backward_reference.AutogradBackwardReferenceTests.test_nine_leaf_roots_match_pytorch_2_13) ... ok
test_nine_roots_with_duplicates_match_pytorch_2_13 (test_autograd_backward_reference.AutogradBackwardReferenceTests.test_nine_roots_with_duplicates_match_pytorch_2_13) ... ok
test_no_grad_view_eighth_root_failure_matches_pytorch_2_13 (test_autograd_backward_reference.AutogradBackwardReferenceTests.test_no_grad_view_eighth_root_failure_matches_pytorch_2_13) ... ok
test_no_grad_view_fifth_root_failure_matches_pytorch_2_13 (test_autograd_backward_reference.AutogradBackwardReferenceTests.test_no_grad_view_fifth_root_failure_matches_pytorch_2_13) ... ok
test_no_grad_view_fourth_root_failure_matches_pytorch_2_13 (test_autograd_backward_reference.AutogradBackwardReferenceTests.test_no_grad_view_fourth_root_failure_matches_pytorch_2_13) ... ok
test_no_grad_view_ninth_root_failure_matches_pytorch_2_13 (test_autograd_backward_reference.AutogradBackwardReferenceTests.test_no_grad_view_ninth_root_failure_matches_pytorch_2_13) ... ok
test_no_grad_view_second_root_failure_matches_pytorch_2_13 (test_autograd_backward_reference.AutogradBackwardReferenceTests.test_no_grad_view_second_root_failure_matches_pytorch_2_13) ... ok
test_no_grad_view_seventh_root_failure_matches_pytorch_2_13 (test_autograd_backward_reference.AutogradBackwardReferenceTests.test_no_grad_view_seventh_root_failure_matches_pytorch_2_13) ... ok
test_no_grad_view_sixth_root_failure_matches_pytorch_2_13 (test_autograd_backward_reference.AutogradBackwardReferenceTests.test_no_grad_view_sixth_root_failure_matches_pytorch_2_13) ... ok
test_no_grad_view_tenth_root_failure_matches_pytorch_2_13 (test_autograd_backward_reference.AutogradBackwardReferenceTests.test_no_grad_view_tenth_root_failure_matches_pytorch_2_13) ... ok
test_no_grad_view_third_root_failure_matches_pytorch_2_13 (test_autograd_backward_reference.AutogradBackwardReferenceTests.test_no_grad_view_third_root_failure_matches_pytorch_2_13) ... ok
test_seven_leaf_roots_match_pytorch_2_13 (test_autograd_backward_reference.AutogradBackwardReferenceTests.test_seven_leaf_roots_match_pytorch_2_13) ... ok
test_seven_roots_with_duplicates_match_pytorch_2_13 (test_autograd_backward_reference.AutogradBackwardReferenceTests.test_seven_roots_with_duplicates_match_pytorch_2_13) ... ok
test_signature_binding_errors_match_and_do_not_mutate (test_autograd_backward_reference.AutogradBackwardReferenceTests.test_signature_binding_errors_match_and_do_not_mutate) ... ok
test_single_root_default_calls_match_pytorch_2_13 (test_autograd_backward_reference.AutogradBackwardReferenceTests.test_single_root_default_calls_match_pytorch_2_13) ... ok
test_six_leaf_roots_match_pytorch_2_13 (test_autograd_backward_reference.AutogradBackwardReferenceTests.test_six_leaf_roots_match_pytorch_2_13) ... ok
test_six_roots_with_duplicates_match_pytorch_2_13 (test_autograd_backward_reference.AutogradBackwardReferenceTests.test_six_roots_with_duplicates_match_pytorch_2_13) ... ok
test_ten_leaf_roots_match_pytorch_2_13 (test_autograd_backward_reference.AutogradBackwardReferenceTests.test_ten_leaf_roots_match_pytorch_2_13) ... ok
test_ten_roots_with_duplicates_match_pytorch_2_13 (test_autograd_backward_reference.AutogradBackwardReferenceTests.test_ten_roots_with_duplicates_match_pytorch_2_13) ... ok
test_three_leaf_roots_match_pytorch_2_13 (test_autograd_backward_reference.AutogradBackwardReferenceTests.test_three_leaf_roots_match_pytorch_2_13) ... ok
test_three_roots_with_duplicates_match_pytorch_2_13 (test_autograd_backward_reference.AutogradBackwardReferenceTests.test_three_roots_with_duplicates_match_pytorch_2_13) ... ok
test_two_leaf_roots_match_pytorch_2_13 (test_autograd_backward_reference.AutogradBackwardReferenceTests.test_two_leaf_roots_match_pytorch_2_13) ... ok
test_importing_and_calling_does_not_probe_host_features (test_backends_cpu_capability.CpuCapabilityTests.test_importing_and_calling_does_not_probe_host_features) ... ok
test_imports_wildcards_copying_and_pickling_are_canonical (test_backends_cpu_capability.CpuCapabilityTests.test_imports_wildcards_copying_and_pickling_are_canonical) ... ok
test_rejects_arguments_with_pytorch_2_13_errors (test_backends_cpu_capability.CpuCapabilityTests.test_rejects_arguments_with_pytorch_2_13_errors) ... ok
test_reload_replaces_function_and_preserves_canonical_module (test_backends_cpu_capability.CpuCapabilityTests.test_reload_replaces_function_and_preserves_canonical_module) ... ok
test_returns_exact_default_native_dispatch_without_runtime_probes (test_backends_cpu_capability.CpuCapabilityTests.test_returns_exact_default_native_dispatch_without_runtime_probes) ... ok
test_signature_documentation_and_module_identity_match_pytorch_2_13 (test_backends_cpu_capability.CpuCapabilityTests.test_signature_documentation_and_module_identity_match_pytorch_2_13) ... ok
test_value_and_identity_are_stable_across_threads (test_backends_cpu_capability.CpuCapabilityTests.test_value_and_identity_are_stable_across_threads) ... ok
test_argument_errors_match_pytorch_2_13 (test_backends_cpu_capability_reference.CpuCapabilityReferenceTests.test_argument_errors_match_pytorch_2_13) ... ok
test_imports_copying_and_pickling_match_pytorch_2_13 (test_backends_cpu_capability_reference.CpuCapabilityReferenceTests.test_imports_copying_and_pickling_match_pytorch_2_13) ... ok
test_reload_behavior_matches_pytorch_2_13 (test_backends_cpu_capability_reference.CpuCapabilityReferenceTests.test_reload_behavior_matches_pytorch_2_13) ... ok
test_signature_documentation_and_identity_match_pytorch_2_13 (test_backends_cpu_capability_reference.CpuCapabilityReferenceTests.test_signature_documentation_and_identity_match_pytorch_2_13) ... ok
test_thread_behavior_matches_pytorch_2_13 (test_backends_cpu_capability_reference.CpuCapabilityReferenceTests.test_thread_behavior_matches_pytorch_2_13) ... ok
test_value_and_invariance_use_each_engines_native_dispatch_level (test_backends_cpu_capability_reference.CpuCapabilityReferenceTests.test_value_and_invariance_use_each_engines_native_dispatch_level) ... ok
test_importing_and_calling_does_not_import_external_python_runtimes (test_backends_cuda_ck_sdpa.CudaCkSdpaAvailabilityTests.test_importing_and_calling_does_not_import_external_python_runtimes) ... ok
test_imports_wildcards_copying_and_pickling_are_canonical (test_backends_cuda_ck_sdpa.CudaCkSdpaAvailabilityTests.test_imports_wildcards_copying_and_pickling_are_canonical) ... ok
test_rejects_arguments_with_pytorch_2_13_errors (test_backends_cuda_ck_sdpa.CudaCkSdpaAvailabilityTests.test_rejects_arguments_with_pytorch_2_13_errors) ... ok
test_reload_replaces_function_and_preserves_canonical_module (test_backends_cuda_ck_sdpa.CudaCkSdpaAvailabilityTests.test_reload_replaces_function_and_preserves_canonical_module) ... ok
test_returns_exact_false_native_build_metadata_without_runtime_probes (test_backends_cuda_ck_sdpa.CudaCkSdpaAvailabilityTests.test_returns_exact_false_native_build_metadata_without_runtime_probes) ... ok
test_signature_documentation_and_module_identity_match_pytorch_2_13 (test_backends_cuda_ck_sdpa.CudaCkSdpaAvailabilityTests.test_signature_documentation_and_module_identity_match_pytorch_2_13) ... ok
test_value_and_identity_are_stable_across_threads (test_backends_cuda_ck_sdpa.CudaCkSdpaAvailabilityTests.test_value_and_identity_are_stable_across_threads) ... ok
test_argument_errors_match_pytorch_2_13 (test_backends_cuda_ck_sdpa_reference.CudaCkSdpaAvailabilityReferenceTests.test_argument_errors_match_pytorch_2_13) ... ok
test_cuda_enabled_h100_reports_ck_unavailable_and_execution_boundary (test_backends_cuda_ck_sdpa_reference.CudaCkSdpaAvailabilityReferenceTests.test_cuda_enabled_h100_reports_ck_unavailable_and_execution_boundary) ... ok
test_imports_copying_and_pickling_match_pytorch_2_13 (test_backends_cuda_ck_sdpa_reference.CudaCkSdpaAvailabilityReferenceTests.test_imports_copying_and_pickling_match_pytorch_2_13) ... ok
test_reload_behavior_matches_pytorch_2_13 (test_backends_cuda_ck_sdpa_reference.CudaCkSdpaAvailabilityReferenceTests.test_reload_behavior_matches_pytorch_2_13) ... ok
test_signature_documentation_and_identity_match_pytorch_2_13 (test_backends_cuda_ck_sdpa_reference.CudaCkSdpaAvailabilityReferenceTests.test_signature_documentation_and_identity_match_pytorch_2_13) ... ok
test_values_and_thread_behavior_match_pytorch_2_13 (test_backends_cuda_ck_sdpa_reference.CudaCkSdpaAvailabilityReferenceTests.test_values_and_thread_behavior_match_pytorch_2_13) ... ok
test_binding_errors_leave_state_unchanged (test_backends_cuda_cudnn_sdp.CudaCudnnSdpTests.test_binding_errors_leave_state_unchanged) ... ok
test_fresh_process_defaults_to_exact_true_with_runtime_cuda_probe (test_backends_cuda_cudnn_sdp.CudaCudnnSdpTests.test_fresh_process_defaults_to_exact_true_with_runtime_cuda_probe) ... ok
test_metadata_exports_copying_and_pickling_match_public_contract (test_backends_cuda_cudnn_sdp.CudaCudnnSdpTests.test_metadata_exports_copying_and_pickling_match_public_contract) ... ok
test_non_bool_values_are_rejected_without_state_change (test_backends_cuda_cudnn_sdp.CudaCudnnSdpTests.test_non_bool_values_are_rejected_without_state_change) ... ok
test_private_accessors_and_execution_boundary (test_backends_cuda_cudnn_sdp.CudaCudnnSdpTests.test_private_accessors_and_execution_boundary) ... ok
test_reload_preserves_state_and_replaces_public_functions (test_backends_cuda_cudnn_sdp.CudaCudnnSdpTests.test_reload_preserves_state_and_replaces_public_functions) ... ok
test_repeated_exact_bool_updates_are_independent_preferences (test_backends_cuda_cudnn_sdp.CudaCudnnSdpTests.test_repeated_exact_bool_updates_are_independent_preferences) ... ok
test_state_is_process_global_across_threads_and_aliases (test_backends_cuda_cudnn_sdp.CudaCudnnSdpTests.test_state_is_process_global_across_threads_and_aliases) ... ok
test_invalid_values_and_binding_errors_match_pytorch_2_13 (test_backends_cuda_cudnn_sdp_reference.CudaCudnnSdpReferenceTests.test_invalid_values_and_binding_errors_match_pytorch_2_13) ... ok
test_metadata_exports_copying_and_pickling_match_pytorch_2_13 (test_backends_cuda_cudnn_sdp_reference.CudaCudnnSdpReferenceTests.test_metadata_exports_copying_and_pickling_match_pytorch_2_13) ... ok
test_preference_is_independent_from_other_flags_and_execution_support (test_backends_cuda_cudnn_sdp_reference.CudaCudnnSdpReferenceTests.test_preference_is_independent_from_other_flags_and_execution_support) ... ok
test_state_transitions_threads_and_reload_match_pytorch_2_13 (test_backends_cuda_cudnn_sdp_reference.CudaCudnnSdpReferenceTests.test_state_transitions_threads_and_reload_match_pytorch_2_13) ... ok
test_importing_and_calling_does_not_import_external_python_runtimes (test_backends_cuda_flash_attention.CudaFlashAttentionAvailabilityTests.test_importing_and_calling_does_not_import_external_python_runtimes) ... ok
test_imports_wildcards_copying_and_pickling_are_canonical (test_backends_cuda_flash_attention.CudaFlashAttentionAvailabilityTests.test_imports_wildcards_copying_and_pickling_are_canonical) ... ok
test_rejects_arguments_with_pytorch_2_13_errors (test_backends_cuda_flash_attention.CudaFlashAttentionAvailabilityTests.test_rejects_arguments_with_pytorch_2_13_errors) ... ok
test_reload_replaces_function_and_preserves_canonical_module (test_backends_cuda_flash_attention.CudaFlashAttentionAvailabilityTests.test_reload_replaces_function_and_preserves_canonical_module) ... ok
test_returns_exact_false_native_build_metadata_without_runtime_probes (test_backends_cuda_flash_attention.CudaFlashAttentionAvailabilityTests.test_returns_exact_false_native_build_metadata_without_runtime_probes) ... ok
test_signature_documentation_and_module_identity_match_pytorch_2_13 (test_backends_cuda_flash_attention.CudaFlashAttentionAvailabilityTests.test_signature_documentation_and_module_identity_match_pytorch_2_13) ... ok
test_argument_errors_match_pytorch_2_13 (test_backends_cuda_flash_attention_reference.CudaFlashAttentionAvailabilityReferenceTests.test_argument_errors_match_pytorch_2_13) ... ok
test_cuda_enabled_h100_reports_reference_flash_attention_build (test_backends_cuda_flash_attention_reference.CudaFlashAttentionAvailabilityReferenceTests.test_cuda_enabled_h100_reports_reference_flash_attention_build) ... ok
test_imports_copying_and_pickling_match_pytorch_2_13 (test_backends_cuda_flash_attention_reference.CudaFlashAttentionAvailabilityReferenceTests.test_imports_copying_and_pickling_match_pytorch_2_13) ... ok
test_reload_behavior_matches_pytorch_2_13 (test_backends_cuda_flash_attention_reference.CudaFlashAttentionAvailabilityReferenceTests.test_reload_behavior_matches_pytorch_2_13) ... ok
test_signature_documentation_and_identity_match_pytorch_2_13 (test_backends_cuda_flash_attention_reference.CudaFlashAttentionAvailabilityReferenceTests.test_signature_documentation_and_identity_match_pytorch_2_13) ... ok
test_binding_errors_leave_state_unchanged (test_backends_cuda_flash_sdp.CudaFlashSdpTests.test_binding_errors_leave_state_unchanged) ... ok
test_fresh_process_defaults_to_exact_true_without_sdpa_execution (test_backends_cuda_flash_sdp.CudaFlashSdpTests.test_fresh_process_defaults_to_exact_true_without_sdpa_execution) ... ok
test_metadata_exports_copying_and_pickling_match_public_contract (test_backends_cuda_flash_sdp.CudaFlashSdpTests.test_metadata_exports_copying_and_pickling_match_public_contract) ... ok
test_non_bool_values_are_rejected_without_state_change (test_backends_cuda_flash_sdp.CudaFlashSdpTests.test_non_bool_values_are_rejected_without_state_change) ... ok
test_private_accessors_and_sdp_execution_boundary (test_backends_cuda_flash_sdp.CudaFlashSdpTests.test_private_accessors_and_sdp_execution_boundary) ... ok
test_reload_preserves_state_and_replaces_public_functions (test_backends_cuda_flash_sdp.CudaFlashSdpTests.test_reload_preserves_state_and_replaces_public_functions) ... ok
test_repeated_exact_bool_updates_are_independent_preferences (test_backends_cuda_flash_sdp.CudaFlashSdpTests.test_repeated_exact_bool_updates_are_independent_preferences) ... ok
test_state_is_process_global_across_threads_and_aliases (test_backends_cuda_flash_sdp.CudaFlashSdpTests.test_state_is_process_global_across_threads_and_aliases) ... ok
test_invalid_values_and_binding_errors_match_pytorch_2_13 (test_backends_cuda_flash_sdp_reference.CudaFlashSdpReferenceTests.test_invalid_values_and_binding_errors_match_pytorch_2_13) ... ok
test_metadata_exports_copying_and_pickling_match_pytorch_2_13 (test_backends_cuda_flash_sdp_reference.CudaFlashSdpReferenceTests.test_metadata_exports_copying_and_pickling_match_pytorch_2_13) ... ok
test_preference_is_independent_from_other_flags_and_execution_support (test_backends_cuda_flash_sdp_reference.CudaFlashSdpReferenceTests.test_preference_is_independent_from_other_flags_and_execution_support) ... ok
test_state_transitions_threads_and_reload_match_pytorch_2_13 (test_backends_cuda_flash_sdp_reference.CudaFlashSdpReferenceTests.test_state_transitions_threads_and_reload_match_pytorch_2_13) ... ok
test_broader_cuda_execution_surface_remains_unsupported (test_backends_cuda_is_built.CudaIsBuiltTests.test_broader_cuda_execution_surface_remains_unsupported) ... ok
test_importing_and_calling_does_not_import_external_python_runtimes (test_backends_cuda_is_built.CudaIsBuiltTests.test_importing_and_calling_does_not_import_external_python_runtimes) ... ok
test_imports_wildcards_copying_and_pickling_are_canonical (test_backends_cuda_is_built.CudaIsBuiltTests.test_imports_wildcards_copying_and_pickling_are_canonical) ... ok
test_rejects_arguments_with_pytorch_2_13_errors (test_backends_cuda_is_built.CudaIsBuiltTests.test_rejects_arguments_with_pytorch_2_13_errors) ... ok
test_reload_replaces_function_and_preserves_canonical_module (test_backends_cuda_is_built.CudaIsBuiltTests.test_reload_replaces_function_and_preserves_canonical_module) ... ok
test_returns_exact_false_native_build_metadata_without_runtime_probes (test_backends_cuda_is_built.CudaIsBuiltTests.test_returns_exact_false_native_build_metadata_without_runtime_probes) ... ok
test_signature_documentation_and_module_identity_match_pytorch_2_13 (test_backends_cuda_is_built.CudaIsBuiltTests.test_signature_documentation_and_module_identity_match_pytorch_2_13) ... ok
test_argument_errors_match_pytorch_2_13 (test_backends_cuda_is_built_reference.CudaIsBuiltReferenceTests.test_argument_errors_match_pytorch_2_13) ... ok
test_cuda_enabled_h100_exposes_build_runtime_and_execution_boundary (test_backends_cuda_is_built_reference.CudaIsBuiltReferenceTests.test_cuda_enabled_h100_exposes_build_runtime_and_execution_boundary) ... ok
test_imports_copying_and_pickling_match_the_supported_scope (test_backends_cuda_is_built_reference.CudaIsBuiltReferenceTests.test_imports_copying_and_pickling_match_the_supported_scope) ... ok
test_only_the_supported_cuda_build_queries_are_exposed (test_backends_cuda_is_built_reference.CudaIsBuiltReferenceTests.test_only_the_supported_cuda_build_queries_are_exposed) ... ok
test_reload_behavior_matches_pytorch_2_13 (test_backends_cuda_is_built_reference.CudaIsBuiltReferenceTests.test_reload_behavior_matches_pytorch_2_13) ... ok
test_signature_documentation_and_identity_match_pytorch_2_13 (test_backends_cuda_is_built_reference.CudaIsBuiltReferenceTests.test_signature_documentation_and_identity_match_pytorch_2_13) ... ok
test_binding_errors_leave_state_unchanged (test_backends_cuda_math_sdp.CudaMathSdpTests.test_binding_errors_leave_state_unchanged) ... ok
test_fresh_process_defaults_to_exact_true_without_sdpa_execution (test_backends_cuda_math_sdp.CudaMathSdpTests.test_fresh_process_defaults_to_exact_true_without_sdpa_execution) ... ok
test_metadata_exports_copying_and_pickling_match_public_contract (test_backends_cuda_math_sdp.CudaMathSdpTests.test_metadata_exports_copying_and_pickling_match_public_contract) ... ok
test_non_bool_values_are_rejected_without_state_change (test_backends_cuda_math_sdp.CudaMathSdpTests.test_non_bool_values_are_rejected_without_state_change) ... ok
test_private_accessors_and_sdp_execution_boundary (test_backends_cuda_math_sdp.CudaMathSdpTests.test_private_accessors_and_sdp_execution_boundary) ... ok
test_reload_preserves_state_and_replaces_public_functions (test_backends_cuda_math_sdp.CudaMathSdpTests.test_reload_preserves_state_and_replaces_public_functions) ... ok
test_repeated_exact_bool_updates_are_preference_only (test_backends_cuda_math_sdp.CudaMathSdpTests.test_repeated_exact_bool_updates_are_preference_only) ... ok
test_state_is_process_global_across_threads_and_aliases (test_backends_cuda_math_sdp.CudaMathSdpTests.test_state_is_process_global_across_threads_and_aliases) ... ok
test_invalid_values_and_binding_errors_match_pytorch_2_13 (test_backends_cuda_math_sdp_reference.CudaMathSdpReferenceTests.test_invalid_values_and_binding_errors_match_pytorch_2_13) ... ok
test_metadata_exports_copying_and_pickling_match_pytorch_2_13 (test_backends_cuda_math_sdp_reference.CudaMathSdpReferenceTests.test_metadata_exports_copying_and_pickling_match_pytorch_2_13) ... ok
test_preference_is_independent_from_other_flags_and_execution_support (test_backends_cuda_math_sdp_reference.CudaMathSdpReferenceTests.test_preference_is_independent_from_other_flags_and_execution_support) ... ok
test_state_transitions_threads_and_reload_match_pytorch_2_13 (test_backends_cuda_math_sdp_reference.CudaMathSdpReferenceTests.test_state_transitions_threads_and_reload_match_pytorch_2_13) ... ok
test_exact_bool_assignments_are_process_global_and_independent (test_backends_cuda_matmul.CudaMatmulPreferenceTests.test_exact_bool_assignments_are_process_global_and_independent) ... ok
test_fresh_process_defaults_without_external_runtime_imports (test_backends_cuda_matmul.CudaMatmulPreferenceTests.test_fresh_process_defaults_without_external_runtime_imports) ... ok
test_invalid_assignments_preserve_state (test_backends_cuda_matmul.CudaMatmulPreferenceTests.test_invalid_assignments_preserve_state) ... ok
test_metadata_exports_copying_and_private_accessors (test_backends_cuda_matmul.CudaMatmulPreferenceTests.test_metadata_exports_copying_and_private_accessors) ... ok
test_private_accessor_binding_errors_preserve_state (test_backends_cuda_matmul.CudaMatmulPreferenceTests.test_private_accessor_binding_errors_preserve_state) ... ok
test_reduction_tuple_assignments_match_pytorch_splitk_compatibility (test_backends_cuda_matmul.CudaMatmulPreferenceTests.test_reduction_tuple_assignments_match_pytorch_splitk_compatibility) ... ok
test_reload_replaces_proxy_class_and_preserves_native_state (test_backends_cuda_matmul.CudaMatmulPreferenceTests.test_reload_replaces_proxy_class_and_preserves_native_state) ... ok
test_state_is_shared_across_threads_imports_copies_and_pickles (test_backends_cuda_matmul.CudaMatmulPreferenceTests.test_state_is_shared_across_threads_imports_copies_and_pickles) ... ok
test_unknown_attribute_assignment_and_deletion_do_not_mutate_state (test_backends_cuda_matmul.CudaMatmulPreferenceTests.test_unknown_attribute_assignment_and_deletion_do_not_mutate_state) ... ok
test_unsupported_cuda_execution_surface_remains_absent (test_backends_cuda_matmul.CudaMatmulPreferenceTests.test_unsupported_cuda_execution_surface_remains_absent) ... ok
test_defaults_and_transitions_match_pytorch_2_13 (test_backends_cuda_matmul_reference.CudaMatmulPreferenceReferenceTests.test_defaults_and_transitions_match_pytorch_2_13) ... ok
test_invalid_assignments_match_pytorch_2_13 (test_backends_cuda_matmul_reference.CudaMatmulPreferenceReferenceTests.test_invalid_assignments_match_pytorch_2_13) ... ok
test_metadata_imports_copying_and_pickling_match_pytorch_2_13 (test_backends_cuda_matmul_reference.CudaMatmulPreferenceReferenceTests.test_metadata_imports_copying_and_pickling_match_pytorch_2_13) ... ok
test_private_accessor_binding_errors_match_pytorch_2_13 (test_backends_cuda_matmul_reference.CudaMatmulPreferenceReferenceTests.test_private_accessor_binding_errors_match_pytorch_2_13) ... ok
test_reduction_tuple_assignments_match_pytorch_2_13 (test_backends_cuda_matmul_reference.CudaMatmulPreferenceReferenceTests.test_reduction_tuple_assignments_match_pytorch_2_13) ... ok
test_reload_behavior_matches_pytorch_2_13 (test_backends_cuda_matmul_reference.CudaMatmulPreferenceReferenceTests.test_reload_behavior_matches_pytorch_2_13) ... ok
test_thread_visibility_matches_pytorch_2_13 (test_backends_cuda_matmul_reference.CudaMatmulPreferenceReferenceTests.test_thread_visibility_matches_pytorch_2_13) ... ok
test_binding_errors_leave_state_unchanged (test_backends_cuda_mem_efficient_sdp.CudaMemEfficientSdpTests.test_binding_errors_leave_state_unchanged) ... ok
test_fresh_process_defaults_to_exact_true_without_sdpa_execution (test_backends_cuda_mem_efficient_sdp.CudaMemEfficientSdpTests.test_fresh_process_defaults_to_exact_true_without_sdpa_execution) ... ok
test_metadata_exports_copying_and_pickling_match_public_contract (test_backends_cuda_mem_efficient_sdp.CudaMemEfficientSdpTests.test_metadata_exports_copying_and_pickling_match_public_contract) ... ok
test_non_bool_values_are_rejected_without_state_change (test_backends_cuda_mem_efficient_sdp.CudaMemEfficientSdpTests.test_non_bool_values_are_rejected_without_state_change) ... ok
test_private_accessors_and_sdp_execution_boundary (test_backends_cuda_mem_efficient_sdp.CudaMemEfficientSdpTests.test_private_accessors_and_sdp_execution_boundary) ... ok
test_reload_preserves_state_and_replaces_public_functions (test_backends_cuda_mem_efficient_sdp.CudaMemEfficientSdpTests.test_reload_preserves_state_and_replaces_public_functions) ... ok
test_repeated_exact_bool_updates_are_preference_only (test_backends_cuda_mem_efficient_sdp.CudaMemEfficientSdpTests.test_repeated_exact_bool_updates_are_preference_only) ... ok
test_state_is_process_global_across_threads_and_aliases (test_backends_cuda_mem_efficient_sdp.CudaMemEfficientSdpTests.test_state_is_process_global_across_threads_and_aliases) ... ok
test_invalid_values_and_binding_errors_match_pytorch_2_13 (test_backends_cuda_mem_efficient_sdp_reference.CudaMemEfficientSdpReferenceTests.test_invalid_values_and_binding_errors_match_pytorch_2_13) ... ok
test_metadata_exports_copying_and_pickling_match_pytorch_2_13 (test_backends_cuda_mem_efficient_sdp_reference.CudaMemEfficientSdpReferenceTests.test_metadata_exports_copying_and_pickling_match_pytorch_2_13) ... ok
test_preference_is_independent_from_other_flags_and_execution_support (test_backends_cuda_mem_efficient_sdp_reference.CudaMemEfficientSdpReferenceTests.test_preference_is_independent_from_other_flags_and_execution_support) ... ok
test_state_transitions_threads_and_reload_match_pytorch_2_13 (test_backends_cuda_mem_efficient_sdp_reference.CudaMemEfficientSdpReferenceTests.test_state_transitions_threads_and_reload_match_pytorch_2_13) ... ok
test_binding_errors_and_private_accessors_are_atomic (test_backends_cuda_reduced_precision_math_sdp.CudaReducedPrecisionMathSdpTests.test_binding_errors_and_private_accessors_are_atomic) ... ok
test_exact_bool_updates_are_independent_preferences (test_backends_cuda_reduced_precision_math_sdp.CudaReducedPrecisionMathSdpTests.test_exact_bool_updates_are_independent_preferences) ... ok
test_fresh_process_defaults_to_exact_false_without_execution_support (test_backends_cuda_reduced_precision_math_sdp.CudaReducedPrecisionMathSdpTests.test_fresh_process_defaults_to_exact_false_without_execution_support) ... ok
test_metadata_exports_copying_and_pickling_match_public_contract (test_backends_cuda_reduced_precision_math_sdp.CudaReducedPrecisionMathSdpTests.test_metadata_exports_copying_and_pickling_match_public_contract) ... ok
test_non_bool_values_are_rejected_without_state_change (test_backends_cuda_reduced_precision_math_sdp.CudaReducedPrecisionMathSdpTests.test_non_bool_values_are_rejected_without_state_change) ... ok
test_reload_preserves_state_and_replaces_public_functions (test_backends_cuda_reduced_precision_math_sdp.CudaReducedPrecisionMathSdpTests.test_reload_preserves_state_and_replaces_public_functions) ... ok
test_state_is_process_global_across_threads_and_aliases (test_backends_cuda_reduced_precision_math_sdp.CudaReducedPrecisionMathSdpTests.test_state_is_process_global_across_threads_and_aliases) ... ok
test_invalid_values_and_binding_errors_match_pytorch_2_13 (test_backends_cuda_reduced_precision_math_sdp_reference.CudaReducedPrecisionMathSdpReferenceTests.test_invalid_values_and_binding_errors_match_pytorch_2_13) ... ok
test_metadata_exports_copying_and_pickling_match_pytorch_2_13 (test_backends_cuda_reduced_precision_math_sdp_reference.CudaReducedPrecisionMathSdpReferenceTests.test_metadata_exports_copying_and_pickling_match_pytorch_2_13) ... ok
test_preference_is_independent_from_other_flags_and_execution_support (test_backends_cuda_reduced_precision_math_sdp_reference.CudaReducedPrecisionMathSdpReferenceTests.test_preference_is_independent_from_other_flags_and_execution_support) ... ok
test_state_transitions_threads_and_reload_match_pytorch_2_13 (test_backends_cuda_reduced_precision_math_sdp_reference.CudaReducedPrecisionMathSdpReferenceTests.test_state_transitions_threads_and_reload_match_pytorch_2_13) ... ok
test_binding_errors_leave_state_unchanged (test_backends_cuda_sdp_kernel.CudaSdpKernelTests.test_binding_errors_leave_state_unchanged) ... ok
test_context_is_a_reusable_decorator_factory (test_backends_cuda_sdp_kernel.CudaSdpKernelTests.test_context_is_a_reusable_decorator_factory) ... ok
test_context_management_does_not_add_sdpa_or_cuda_execution (test_backends_cuda_sdp_kernel.CudaSdpKernelTests.test_context_management_does_not_add_sdpa_or_cuda_execution) ... ok
test_explicit_boolean_combinations_restore_original_state (test_backends_cuda_sdp_kernel.CudaSdpKernelTests.test_explicit_boolean_combinations_restore_original_state) ... ok
test_fresh_process_defaults_to_all_enabled_without_sdpa_execution (test_backends_cuda_sdp_kernel.CudaSdpKernelTests.test_fresh_process_defaults_to_all_enabled_without_sdpa_execution) ... ok
test_metadata_imports_copying_pickling_and_reload (test_backends_cuda_sdp_kernel.CudaSdpKernelTests.test_metadata_imports_copying_pickling_and_reload) ... ok
test_nested_exceptional_and_mutated_body_restoration (test_backends_cuda_sdp_kernel.CudaSdpKernelTests.test_nested_exceptional_and_mutated_body_restoration) ... ok
test_state_changes_are_process_global_across_threads (test_backends_cuda_sdp_kernel.CudaSdpKernelTests.test_state_changes_are_process_global_across_threads) ... ok
test_truthy_values_are_accepted_and_truthiness_errors_preserve_state (test_backends_cuda_sdp_kernel.CudaSdpKernelTests.test_truthy_values_are_accepted_and_truthiness_errors_preserve_state) ... ok
test_decorator_and_thread_visible_state_match_pytorch_2_13 (test_backends_cuda_sdp_kernel_reference.CudaSdpKernelReferenceTests.test_decorator_and_thread_visible_state_match_pytorch_2_13) ... ok
test_defaults_and_explicit_boolean_combinations_match_pytorch_2_13 (test_backends_cuda_sdp_kernel_reference.CudaSdpKernelReferenceTests.test_defaults_and_explicit_boolean_combinations_match_pytorch_2_13) ... ok
test_metadata_imports_copying_and_pickling_match_pytorch_2_13 (test_backends_cuda_sdp_kernel_reference.CudaSdpKernelReferenceTests.test_metadata_imports_copying_and_pickling_match_pytorch_2_13) ... ok
test_reload_preserves_active_contexts_and_matches_pytorch_2_13 (test_backends_cuda_sdp_kernel_reference.CudaSdpKernelReferenceTests.test_reload_preserves_active_contexts_and_matches_pytorch_2_13) ... ok
test_truthy_values_invalid_truthiness_and_binding_errors_match (test_backends_cuda_sdp_kernel_reference.CudaSdpKernelReferenceTests.test_truthy_values_invalid_truthiness_and_binding_errors_match) ... ok
test_unsupported_execution_boundary_stays_narrow (test_backends_cuda_sdp_kernel_reference.CudaSdpKernelReferenceTests.test_unsupported_execution_boundary_stays_narrow) ... ok
test_fresh_process_defaults_to_exact_true_without_cudnn_support (test_backends_cudnn_allow_tf32.CudnnAllowTf32Tests.test_fresh_process_defaults_to_exact_true_without_cudnn_support) ... ok
test_non_bool_values_are_rejected_without_state_change (test_backends_cudnn_allow_tf32.CudnnAllowTf32Tests.test_non_bool_values_are_rejected_without_state_change) ... ok
test_private_accessor_binding_errors_preserve_state (test_backends_cudnn_allow_tf32.CudnnAllowTf32Tests.test_private_accessor_binding_errors_preserve_state) ... ok
test_proxy_deletion_and_private_accessor_contract (test_backends_cudnn_allow_tf32.CudnnAllowTf32Tests.test_proxy_deletion_and_private_accessor_contract) ... ok
test_reload_and_fresh_import_preserve_shared_state (test_backends_cudnn_allow_tf32.CudnnAllowTf32Tests.test_reload_and_fresh_import_preserve_shared_state) ... ok
test_repeated_exact_bool_assignments_are_independent_preferences (test_backends_cudnn_allow_tf32.CudnnAllowTf32Tests.test_repeated_exact_bool_assignments_are_independent_preferences) ... ok
test_state_is_process_global_across_threads_and_module_aliases (test_backends_cudnn_allow_tf32.CudnnAllowTf32Tests.test_state_is_process_global_across_threads_and_module_aliases) ... ok
test_exact_bool_updates_errors_and_independence_match_pytorch_2_13 (test_backends_cudnn_allow_tf32_reference.CudnnAllowTf32ReferenceTests.test_exact_bool_updates_errors_and_independence_match_pytorch_2_13) ... ok
test_process_global_thread_visibility_matches_pytorch_2_13 (test_backends_cudnn_allow_tf32_reference.CudnnAllowTf32ReferenceTests.test_process_global_thread_visibility_matches_pytorch_2_13) ... ok
test_proxy_and_private_accessor_contract_match_pytorch_2_13 (test_backends_cudnn_allow_tf32_reference.CudnnAllowTf32ReferenceTests.test_proxy_and_private_accessor_contract_match_pytorch_2_13) ... ok
test_reload_and_fresh_import_state_match_pytorch_2_13 (test_backends_cudnn_allow_tf32_reference.CudnnAllowTf32ReferenceTests.test_reload_and_fresh_import_state_match_pytorch_2_13) ... ok
test_fresh_process_defaults_to_exact_false_without_cudnn_support (test_backends_cudnn_benchmark.CudnnBenchmarkTests.test_fresh_process_defaults_to_exact_false_without_cudnn_support) ... ok
test_non_bool_values_are_rejected_without_coercion_or_state_change (test_backends_cudnn_benchmark.CudnnBenchmarkTests.test_non_bool_values_are_rejected_without_coercion_or_state_change) ... ok
test_proxy_property_imports_deletion_and_private_accessors (test_backends_cudnn_benchmark.CudnnBenchmarkTests.test_proxy_property_imports_deletion_and_private_accessors) ... ok
test_reload_and_fresh_import_preserve_shared_state (test_backends_cudnn_benchmark.CudnnBenchmarkTests.test_reload_and_fresh_import_preserve_shared_state) ... ok
test_repeated_exact_bool_assignments_are_independent_preferences (test_backends_cudnn_benchmark.CudnnBenchmarkTests.test_repeated_exact_bool_assignments_are_independent_preferences) ... ok
test_state_is_process_global_across_threads_and_module_aliases (test_backends_cudnn_benchmark.CudnnBenchmarkTests.test_state_is_process_global_across_threads_and_module_aliases) ... ok
test_bool_non_integer_and_overflow_inputs_preserve_all_state (test_backends_cudnn_benchmark_limit.CudnnBenchmarkLimitTests.test_bool_non_integer_and_overflow_inputs_preserve_all_state) ... ok
test_fresh_process_defaults_to_exact_ten_without_cudnn_execution (test_backends_cudnn_benchmark_limit.CudnnBenchmarkLimitTests.test_fresh_process_defaults_to_exact_ten_without_cudnn_execution) ... ok
test_integer_inputs_use_pytorch_int64_to_int32_narrowing (test_backends_cudnn_benchmark_limit.CudnnBenchmarkLimitTests.test_integer_inputs_use_pytorch_int64_to_int32_narrowing) ... ok
test_private_accessor_binding_errors_preserve_state (test_backends_cudnn_benchmark_limit.CudnnBenchmarkLimitTests.test_private_accessor_binding_errors_preserve_state) ... ok
test_proxy_deletion_imports_and_private_accessors (test_backends_cudnn_benchmark_limit.CudnnBenchmarkLimitTests.test_proxy_deletion_imports_and_private_accessors) ... ok
test_reload_and_fresh_import_preserve_shared_state (test_backends_cudnn_benchmark_limit.CudnnBenchmarkLimitTests.test_reload_and_fresh_import_preserve_shared_state) ... ok
test_state_is_process_global_across_threads_and_module_aliases (test_backends_cudnn_benchmark_limit.CudnnBenchmarkLimitTests.test_state_is_process_global_across_threads_and_module_aliases) ... ok
test_integer_narrowing_and_independence_match_pytorch_2_13 (test_backends_cudnn_benchmark_limit_reference.CudnnBenchmarkLimitReferenceTests.test_integer_narrowing_and_independence_match_pytorch_2_13) ... ok
test_process_global_thread_visibility_matches_pytorch_2_13 (test_backends_cudnn_benchmark_limit_reference.CudnnBenchmarkLimitReferenceTests.test_process_global_thread_visibility_matches_pytorch_2_13) ... ok
test_proxy_deletion_and_accessor_contract_match_pytorch_2_13 (test_backends_cudnn_benchmark_limit_reference.CudnnBenchmarkLimitReferenceTests.test_proxy_deletion_and_accessor_contract_match_pytorch_2_13) ... ok
test_rejection_overflow_and_state_preservation_match_pytorch_2_13 (test_backends_cudnn_benchmark_limit_reference.CudnnBenchmarkLimitReferenceTests.test_rejection_overflow_and_state_preservation_match_pytorch_2_13) ... ok
test_reload_and_fresh_import_state_match_pytorch_2_13 (test_backends_cudnn_benchmark_limit_reference.CudnnBenchmarkLimitReferenceTests.test_reload_and_fresh_import_state_match_pytorch_2_13) ... ok
test_exact_bool_updates_errors_and_independence_match_pytorch_2_13 (test_backends_cudnn_benchmark_reference.CudnnBenchmarkReferenceTests.test_exact_bool_updates_errors_and_independence_match_pytorch_2_13) ... ok
test_process_global_thread_visibility_matches_pytorch_2_13 (test_backends_cudnn_benchmark_reference.CudnnBenchmarkReferenceTests.test_process_global_thread_visibility_matches_pytorch_2_13) ... ok
test_proxy_import_deletion_and_accessor_visibility_match_pytorch_2_13 (test_backends_cudnn_benchmark_reference.CudnnBenchmarkReferenceTests.test_proxy_import_deletion_and_accessor_visibility_match_pytorch_2_13) ... ok
test_reload_and_fresh_import_state_match_pytorch_2_13 (test_backends_cudnn_benchmark_reference.CudnnBenchmarkReferenceTests.test_reload_and_fresh_import_state_match_pytorch_2_13) ... ok
test_fresh_process_defaults_to_exact_false_without_cudnn_support (test_backends_cudnn_deterministic.CudnnDeterministicTests.test_fresh_process_defaults_to_exact_false_without_cudnn_support) ... ok
test_non_bool_values_are_rejected_without_coercion_or_state_change (test_backends_cudnn_deterministic.CudnnDeterministicTests.test_non_bool_values_are_rejected_without_coercion_or_state_change) ... ok
test_private_accessor_binding_errors_preserve_state (test_backends_cudnn_deterministic.CudnnDeterministicTests.test_private_accessor_binding_errors_preserve_state) ... ok
test_private_accessor_metadata_exports_copying_and_pickling (test_backends_cudnn_deterministic.CudnnDeterministicTests.test_private_accessor_metadata_exports_copying_and_pickling) ... ok
test_proxy_metadata_imports_deletion_copying_and_pickling (test_backends_cudnn_deterministic.CudnnDeterministicTests.test_proxy_metadata_imports_deletion_copying_and_pickling) ... ok
test_reload_and_fresh_import_preserve_shared_state (test_backends_cudnn_deterministic.CudnnDeterministicTests.test_reload_and_fresh_import_preserve_shared_state) ... ok
test_repeated_exact_bool_assignments_are_independent_preferences (test_backends_cudnn_deterministic.CudnnDeterministicTests.test_repeated_exact_bool_assignments_are_independent_preferences) ... ok
test_state_is_process_global_across_threads_and_module_aliases (test_backends_cudnn_deterministic.CudnnDeterministicTests.test_state_is_process_global_across_threads_and_module_aliases) ... ok
test_exact_bool_updates_errors_and_independence_match_pytorch_2_13 (test_backends_cudnn_deterministic_reference.CudnnDeterministicReferenceTests.test_exact_bool_updates_errors_and_independence_match_pytorch_2_13) ... ok
test_private_accessor_metadata_exports_errors_and_pickle_match (test_backends_cudnn_deterministic_reference.CudnnDeterministicReferenceTests.test_private_accessor_metadata_exports_errors_and_pickle_match) ... ok
test_process_global_thread_visibility_matches_pytorch_2_13 (test_backends_cudnn_deterministic_reference.CudnnDeterministicReferenceTests.test_process_global_thread_visibility_matches_pytorch_2_13) ... ok
test_proxy_metadata_imports_deletion_copying_and_pickling_match (test_backends_cudnn_deterministic_reference.CudnnDeterministicReferenceTests.test_proxy_metadata_imports_deletion_copying_and_pickling_match) ... ok
test_reload_and_fresh_import_state_match_pytorch_2_13 (test_backends_cudnn_deterministic_reference.CudnnDeterministicReferenceTests.test_reload_and_fresh_import_state_match_pytorch_2_13) ... ok
test_fresh_process_defaults_to_exact_true_without_cudnn_support (test_backends_cudnn_enabled.CudnnEnabledTests.test_fresh_process_defaults_to_exact_true_without_cudnn_support) ... ok
test_non_bool_values_are_rejected_without_coercion_or_state_change (test_backends_cudnn_enabled.CudnnEnabledTests.test_non_bool_values_are_rejected_without_coercion_or_state_change) ... ok
test_proxy_property_imports_and_private_accessors (test_backends_cudnn_enabled.CudnnEnabledTests.test_proxy_property_imports_and_private_accessors) ... ok
test_reload_and_fresh_import_preserve_shared_state (test_backends_cudnn_enabled.CudnnEnabledTests.test_reload_and_fresh_import_preserve_shared_state) ... ok
test_repeated_exact_bool_assignments_are_global_preferences_only (test_backends_cudnn_enabled.CudnnEnabledTests.test_repeated_exact_bool_assignments_are_global_preferences_only) ... ok
test_state_is_process_global_across_threads_and_module_aliases (test_backends_cudnn_enabled.CudnnEnabledTests.test_state_is_process_global_across_threads_and_module_aliases) ... ok
test_exact_bool_updates_and_errors_match_pytorch_2_13 (test_backends_cudnn_enabled_reference.CudnnEnabledReferenceTests.test_exact_bool_updates_and_errors_match_pytorch_2_13) ... ok
test_process_global_thread_visibility_matches_pytorch_2_13 (test_backends_cudnn_enabled_reference.CudnnEnabledReferenceTests.test_process_global_thread_visibility_matches_pytorch_2_13) ... ok
test_proxy_access_and_import_match_pytorch_2_13 (test_backends_cudnn_enabled_reference.CudnnEnabledReferenceTests.test_proxy_access_and_import_match_pytorch_2_13) ... ok
test_reload_and_fresh_import_state_match_pytorch_2_13 (test_backends_cudnn_enabled_reference.CudnnEnabledReferenceTests.test_reload_and_fresh_import_state_match_pytorch_2_13) ... ok
test_context_is_a_reusable_decorator_factory (test_backends_cudnn_flags.CudnnFlagsTests.test_context_is_a_reusable_decorator_factory) ... ok
test_context_management_does_not_add_cudnn_execution (test_backends_cudnn_flags.CudnnFlagsTests.test_context_management_does_not_add_cudnn_execution) ... ok
test_default_explicit_none_nested_and_exceptional_restoration (test_backends_cudnn_flags.CudnnFlagsTests.test_default_explicit_none_nested_and_exceptional_restoration) ... ok
test_failed_entry_mutates_left_to_right_without_rollback (test_backends_cudnn_flags.CudnnFlagsTests.test_failed_entry_mutates_left_to_right_without_rollback) ... ok
test_metadata_imports_copying_and_pickling (test_backends_cudnn_flags.CudnnFlagsTests.test_metadata_imports_copying_and_pickling) ... ok
test_reload_preserves_state_and_existing_contexts (test_backends_cudnn_flags.CudnnFlagsTests.test_reload_preserves_state_and_existing_contexts) ... ok
test_trailing_modes_accept_defaults_and_reject_nondefaults_last (test_backends_cudnn_flags.CudnnFlagsTests.test_trailing_modes_accept_defaults_and_reject_nondefaults_last) ... ok
test_argument_binding_errors_match_pytorch_2_13 (test_backends_cudnn_flags_reference.CudnnFlagsReferenceTests.test_argument_binding_errors_match_pytorch_2_13) ... ok
test_callable_metadata_imports_copying_and_pickling_match (test_backends_cudnn_flags_reference.CudnnFlagsReferenceTests.test_callable_metadata_imports_copying_and_pickling_match) ... ok
test_depthwise_bytearray_rejection_matches_pytorch_2_13 (test_backends_cudnn_flags_reference.CudnnFlagsReferenceTests.test_depthwise_bytearray_rejection_matches_pytorch_2_13) ... ok
test_failed_entry_order_and_partial_mutation_match_pytorch_2_13 (test_backends_cudnn_flags_reference.CudnnFlagsReferenceTests.test_failed_entry_order_and_partial_mutation_match_pytorch_2_13) ... ok
test_fp32_bytearray_defaults_restore_like_pytorch_2_13 (test_backends_cudnn_flags_reference.CudnnFlagsReferenceTests.test_fp32_bytearray_defaults_restore_like_pytorch_2_13) ... ok
test_supported_behavior_matches_pytorch_2_13 (test_backends_cudnn_flags_reference.CudnnFlagsReferenceTests.test_supported_behavior_matches_pytorch_2_13) ... ok
test_unsupported_mode_boundary_is_explicit (test_backends_cudnn_flags_reference.CudnnFlagsReferenceTests.test_unsupported_mode_boundary_is_explicit) ... ok
test_configuration_and_broader_cuda_execution_remain_unsupported (test_backends_cudnn_is_available.CudnnIsAvailableTests.test_configuration_and_broader_cuda_execution_remain_unsupported) ... ok
test_importing_and_calling_does_not_import_external_python_runtimes (test_backends_cudnn_is_available.CudnnIsAvailableTests.test_importing_and_calling_does_not_import_external_python_runtimes) ... ok
test_imports_wildcards_copying_and_pickling_are_canonical (test_backends_cudnn_is_available.CudnnIsAvailableTests.test_imports_wildcards_copying_and_pickling_are_canonical) ... ok
test_rejects_arguments_with_pytorch_2_13_errors (test_backends_cudnn_is_available.CudnnIsAvailableTests.test_rejects_arguments_with_pytorch_2_13_errors) ... ok
test_reload_matches_pytorch_module_replacement_behavior (test_backends_cudnn_is_available.CudnnIsAvailableTests.test_reload_matches_pytorch_module_replacement_behavior) ... ok
test_returns_cpu_build_metadata_without_runtime_probes (test_backends_cudnn_is_available.CudnnIsAvailableTests.test_returns_cpu_build_metadata_without_runtime_probes) ... ok
test_signature_documentation_and_module_identity_match_pytorch_2_13 (test_backends_cudnn_is_available.CudnnIsAvailableTests.test_signature_documentation_and_module_identity_match_pytorch_2_13) ... ok
test_argument_errors_match_pytorch_2_13 (test_backends_cudnn_is_available_reference.CudnnIsAvailableReferenceTests.test_argument_errors_match_pytorch_2_13) ... ok
test_configuration_and_execution_surface_remains_unsupported (test_backends_cudnn_is_available_reference.CudnnIsAvailableReferenceTests.test_configuration_and_execution_surface_remains_unsupported) ... ok
test_cudnn_enabled_h100_exposes_version_build_and_execution_boundary (test_backends_cudnn_is_available_reference.CudnnIsAvailableReferenceTests.test_cudnn_enabled_h100_exposes_version_build_and_execution_boundary) ... ok
test_imports_wildcards_copying_and_pickling_match_pytorch_2_13 (test_backends_cudnn_is_available_reference.CudnnIsAvailableReferenceTests.test_imports_wildcards_copying_and_pickling_match_pytorch_2_13) ... ok
test_reload_behavior_matches_pytorch_2_13 (test_backends_cudnn_is_available_reference.CudnnIsAvailableReferenceTests.test_reload_behavior_matches_pytorch_2_13) ... ok
test_signature_documentation_and_identity_match_pytorch_2_13 (test_backends_cudnn_is_available_reference.CudnnIsAvailableReferenceTests.test_signature_documentation_and_identity_match_pytorch_2_13) ... ok
test_call_binding_errors_leave_state_unchanged (test_backends_cudnn_set_flags.CudnnSetFlagsTests.test_call_binding_errors_leave_state_unchanged) ... ok
test_failed_updates_mutate_left_to_right_without_rollback (test_backends_cudnn_set_flags.CudnnSetFlagsTests.test_failed_updates_mutate_left_to_right_without_rollback) ... ok
test_fresh_process_returns_seven_previous_values_without_cudnn (test_backends_cudnn_set_flags.CudnnSetFlagsTests.test_fresh_process_returns_seven_previous_values_without_cudnn) ... ok
test_metadata_imports_copying_and_pickling (test_backends_cudnn_set_flags.CudnnSetFlagsTests.test_metadata_imports_copying_and_pickling) ... ok
test_only_representable_trailing_modes_are_accepted (test_backends_cudnn_set_flags.CudnnSetFlagsTests.test_only_representable_trailing_modes_are_accepted) ... ok
test_public_setter_does_not_add_cudnn_execution (test_backends_cudnn_set_flags.CudnnSetFlagsTests.test_public_setter_does_not_add_cudnn_execution) ... ok
test_reload_preserves_state_and_replaces_the_public_setter (test_backends_cudnn_set_flags.CudnnSetFlagsTests.test_reload_preserves_state_and_replaces_the_public_setter) ... ok
test_state_is_process_global_across_threads (test_backends_cudnn_set_flags.CudnnSetFlagsTests.test_state_is_process_global_across_threads) ... ok
test_updates_return_exact_previous_state_and_none_skips_fields (test_backends_cudnn_set_flags.CudnnSetFlagsTests.test_updates_return_exact_previous_state_and_none_skips_fields) ... ok
test_callable_metadata_imports_copying_and_pickling_match (test_backends_cudnn_set_flags_reference.CudnnSetFlagsReferenceTests.test_callable_metadata_imports_copying_and_pickling_match) ... ok
test_failed_update_order_matches_pytorch_2_13 (test_backends_cudnn_set_flags_reference.CudnnSetFlagsReferenceTests.test_failed_update_order_matches_pytorch_2_13) ... ok
test_nonrepresentable_modes_fail_after_the_five_preferences (test_backends_cudnn_set_flags_reference.CudnnSetFlagsReferenceTests.test_nonrepresentable_modes_fail_after_the_five_preferences) ... ok
test_reload_stability_matches_pytorch_2_13 (test_backends_cudnn_set_flags_reference.CudnnSetFlagsReferenceTests.test_reload_stability_matches_pytorch_2_13) ... ok
test_state_transitions_match_pytorch_2_13 (test_backends_cudnn_set_flags_reference.CudnnSetFlagsReferenceTests.test_state_transitions_match_pytorch_2_13) ... ok
test_supported_trailing_modes_match_pytorch_2_13 (test_backends_cudnn_set_flags_reference.CudnnSetFlagsReferenceTests.test_supported_trailing_modes_match_pytorch_2_13) ... ok
test_import_and_call_do_not_import_external_python_runtimes (test_backends_cusparselt.CuSparseLtAvailabilityTests.test_import_and_call_do_not_import_external_python_runtimes) ... ok
test_imports_wildcards_copying_and_pickling_are_canonical (test_backends_cusparselt.CuSparseLtAvailabilityTests.test_imports_wildcards_copying_and_pickling_are_canonical) ... ok
test_rejects_arguments_with_pytorch_2_13_errors (test_backends_cusparselt.CuSparseLtAvailabilityTests.test_rejects_arguments_with_pytorch_2_13_errors) ... ok
test_reload_replaces_function_and_preserves_native_flag (test_backends_cusparselt.CuSparseLtAvailabilityTests.test_reload_replaces_function_and_preserves_native_flag) ... ok
test_returns_exact_false_private_native_build_flag_without_probes (test_backends_cusparselt.CuSparseLtAvailabilityTests.test_returns_exact_false_private_native_build_flag_without_probes) ... ok
test_signature_documentation_and_module_identity_match_pytorch_2_13 (test_backends_cusparselt.CuSparseLtAvailabilityTests.test_signature_documentation_and_module_identity_match_pytorch_2_13) ... ok
test_value_and_identity_are_stable_across_threads (test_backends_cusparselt.CuSparseLtAvailabilityTests.test_value_and_identity_are_stable_across_threads) ... ok
test_version_execution_and_algorithm_surface_remain_unsupported (test_backends_cusparselt.CuSparseLtAvailabilityTests.test_version_execution_and_algorithm_surface_remain_unsupported) ... ok
test_argument_errors_match_pytorch_2_13 (test_backends_cusparselt_reference.CuSparseLtAvailabilityReferenceTests.test_argument_errors_match_pytorch_2_13) ... ok
test_cuda_visible_h100_preserves_torch_rs_cpu_build_boundary (test_backends_cusparselt_reference.CuSparseLtAvailabilityReferenceTests.test_cuda_visible_h100_preserves_torch_rs_cpu_build_boundary) ... ok
test_environment_invariance_matches_build_flag_shape (test_backends_cusparselt_reference.CuSparseLtAvailabilityReferenceTests.test_environment_invariance_matches_build_flag_shape) ... ok
test_execution_version_and_algorithm_apis_remain_unsupported (test_backends_cusparselt_reference.CuSparseLtAvailabilityReferenceTests.test_execution_version_and_algorithm_apis_remain_unsupported) ... ok
test_imports_copying_and_pickling_match_pytorch_2_13_for_supported_api (test_backends_cusparselt_reference.CuSparseLtAvailabilityReferenceTests.test_imports_copying_and_pickling_match_pytorch_2_13_for_supported_api) ... ok
test_reload_behavior_matches_pytorch_2_13 (test_backends_cusparselt_reference.CuSparseLtAvailabilityReferenceTests.test_reload_behavior_matches_pytorch_2_13) ... ok
test_signature_documentation_and_identity_match_pytorch_2_13 (test_backends_cusparselt_reference.CuSparseLtAvailabilityReferenceTests.test_signature_documentation_and_identity_match_pytorch_2_13) ... ok
test_thread_behavior_matches_pytorch_2_13 (test_backends_cusparselt_reference.CuSparseLtAvailabilityReferenceTests.test_thread_behavior_matches_pytorch_2_13) ... ok
test_value_and_private_native_placement_match_pytorch_2_13_shape (test_backends_cusparselt_reference.CuSparseLtAvailabilityReferenceTests.test_value_and_private_native_placement_match_pytorch_2_13_shape) ... ok
test_argument_errors_match_python_function_binding (test_backends_global_flags.BackendsGlobalFlagsTests.test_argument_errors_match_python_function_binding) ... ok
test_callable_and_proxy_metadata_imports_copying_and_pickling (test_backends_global_flags.BackendsGlobalFlagsTests.test_callable_and_proxy_metadata_imports_copying_and_pickling) ... ok
test_frozen_cudnn_assignments_fail_without_mutation (test_backends_global_flags.BackendsGlobalFlagsTests.test_frozen_cudnn_assignments_fail_without_mutation) ... ok
test_initial_state_one_way_transition_and_thread_visibility (test_backends_global_flags.BackendsGlobalFlagsTests.test_initial_state_one_way_transition_and_thread_visibility) ... ok
test_reload_matches_pytorch_module_replacement_behavior (test_backends_global_flags.BackendsGlobalFlagsTests.test_reload_matches_pytorch_module_replacement_behavior) ... ok
test_set_flags_and_flags_keep_their_frozen_behavior (test_backends_global_flags.BackendsGlobalFlagsTests.test_set_flags_and_flags_keep_their_frozen_behavior) ... ok
test_argument_errors_match (test_backends_global_flags_reference.BackendsGlobalFlagsReferenceTests.test_argument_errors_match) ... ok
test_metadata_imports_wildcards_copying_and_pickling_match (test_backends_global_flags_reference.BackendsGlobalFlagsReferenceTests.test_metadata_imports_wildcards_copying_and_pickling_match) ... ok
test_state_assignment_context_thread_and_reload_behavior_match (test_backends_global_flags_reference.BackendsGlobalFlagsReferenceTests.test_state_assignment_context_thread_and_reload_behavior_match) ... ok
test_import_and_call_are_probe_free_without_execution_claims (test_backends_kleidiai.KleidiAIAvailabilityTests.test_import_and_call_are_probe_free_without_execution_claims) ... ok
test_imports_wildcards_copying_and_pickling_are_canonical (test_backends_kleidiai.KleidiAIAvailabilityTests.test_imports_wildcards_copying_and_pickling_are_canonical) ... ok
test_rejects_arguments_with_pytorch_2_13_errors (test_backends_kleidiai.KleidiAIAvailabilityTests.test_rejects_arguments_with_pytorch_2_13_errors) ... ok
test_reload_replaces_function_and_preserves_native_flag (test_backends_kleidiai.KleidiAIAvailabilityTests.test_reload_replaces_function_and_preserves_native_flag) ... ok
test_returns_exact_false_private_native_build_flag_without_probes (test_backends_kleidiai.KleidiAIAvailabilityTests.test_returns_exact_false_private_native_build_flag_without_probes) ... ok
test_signature_documentation_and_module_identity_match_pytorch_2_13 (test_backends_kleidiai.KleidiAIAvailabilityTests.test_signature_documentation_and_module_identity_match_pytorch_2_13) ... ok
test_value_and_identity_are_stable_across_threads (test_backends_kleidiai.KleidiAIAvailabilityTests.test_value_and_identity_are_stable_across_threads) ... ok
test_argument_errors_match_pytorch_2_13 (test_backends_kleidiai_reference.KleidiAIAvailabilityReferenceTests.test_argument_errors_match_pytorch_2_13) ... ok
test_imports_copying_and_pickling_match_pytorch_2_13 (test_backends_kleidiai_reference.KleidiAIAvailabilityReferenceTests.test_imports_copying_and_pickling_match_pytorch_2_13) ... ok
test_reload_behavior_matches_pytorch_2_13 (test_backends_kleidiai_reference.KleidiAIAvailabilityReferenceTests.test_reload_behavior_matches_pytorch_2_13) ... ok
test_signature_documentation_and_identity_match_pytorch_2_13 (test_backends_kleidiai_reference.KleidiAIAvailabilityReferenceTests.test_signature_documentation_and_identity_match_pytorch_2_13) ... ok
test_supported_surface_does_not_claim_kernels_or_cpu_dispatch (test_backends_kleidiai_reference.KleidiAIAvailabilityReferenceTests.test_supported_surface_does_not_claim_kernels_or_cpu_dispatch) ... ok
test_thread_behavior_matches_pytorch_2_13 (test_backends_kleidiai_reference.KleidiAIAvailabilityReferenceTests.test_thread_behavior_matches_pytorch_2_13) ... ok
test_value_and_private_native_placement_match_pytorch_2_13 (test_backends_kleidiai_reference.KleidiAIAvailabilityReferenceTests.test_value_and_private_native_placement_match_pytorch_2_13) ... ok
test_argument_forms_and_errors_match_pytorch_2_13 (test_backends_mha.MhaFastpathTests.test_argument_forms_and_errors_match_pytorch_2_13) ... ok
test_attention_kernels_and_transformer_modules_remain_unsupported (test_backends_mha.MhaFastpathTests.test_attention_kernels_and_transformer_modules_remain_unsupported) ... ok
test_default_setter_identity_and_scripting_override (test_backends_mha.MhaFastpathTests.test_default_setter_identity_and_scripting_override) ... ok
test_imports_wildcards_copying_and_pickling_are_canonical (test_backends_mha.MhaFastpathTests.test_imports_wildcards_copying_and_pickling_are_canonical) ... ok
test_reload_resets_state_and_replaces_functions (test_backends_mha.MhaFastpathTests.test_reload_resets_state_and_replaces_functions) ... ok
test_signature_documentation_and_module_identity_match_pytorch_2_13 (test_backends_mha.MhaFastpathTests.test_signature_documentation_and_module_identity_match_pytorch_2_13) ... ok
test_state_is_shared_and_visible_across_threads (test_backends_mha.MhaFastpathTests.test_state_is_shared_and_visible_across_threads) ... ok
test_argument_forms_and_errors_match_pytorch_2_13 (test_backends_mha_reference.MhaFastpathReferenceTests.test_argument_forms_and_errors_match_pytorch_2_13) ... ok
test_attention_execution_surface_remains_explicitly_unsupported (test_backends_mha_reference.MhaFastpathReferenceTests.test_attention_execution_surface_remains_explicitly_unsupported) ... ok
test_default_identity_setter_scripting_and_threads_match_pytorch_2_13 (test_backends_mha_reference.MhaFastpathReferenceTests.test_default_identity_setter_scripting_and_threads_match_pytorch_2_13) ... ok
test_imports_wildcards_copying_and_pickling_match_pytorch_2_13 (test_backends_mha_reference.MhaFastpathReferenceTests.test_imports_wildcards_copying_and_pickling_match_pytorch_2_13) ... ok
test_reload_reset_matches_pytorch_2_13 (test_backends_mha_reference.MhaFastpathReferenceTests.test_reload_reset_matches_pytorch_2_13) ... ok
test_signature_documentation_and_module_identity_match_pytorch_2_13 (test_backends_mha_reference.MhaFastpathReferenceTests.test_signature_documentation_and_module_identity_match_pytorch_2_13) ... ok
test_context_is_a_reusable_decorator_factory (test_backends_nnpack_flags.NnpackFlagsTests.test_context_is_a_reusable_decorator_factory) ... ok
test_context_management_does_not_add_nnpack_execution (test_backends_nnpack_flags.NnpackFlagsTests.test_context_management_does_not_add_nnpack_execution) ... ok
test_default_explicit_nested_and_exceptional_restoration (test_backends_nnpack_flags.NnpackFlagsTests.test_default_explicit_nested_and_exceptional_restoration) ... ok
test_metadata_imports_copying_and_pickling (test_backends_nnpack_flags.NnpackFlagsTests.test_metadata_imports_copying_and_pickling) ... ok
test_reload_preserves_state_and_existing_contexts (test_backends_nnpack_flags.NnpackFlagsTests.test_reload_preserves_state_and_existing_contexts) ... ok
test_state_changes_are_process_global_across_threads (test_backends_nnpack_flags.NnpackFlagsTests.test_state_changes_are_process_global_across_threads) ... ok
test_strict_boolean_validation_is_deferred_until_entry (test_backends_nnpack_flags.NnpackFlagsTests.test_strict_boolean_validation_is_deferred_until_entry) ... ok
test_context_behavior_matches_pytorch_2_13 (test_backends_nnpack_flags_reference.NnpackFlagsReferenceTests.test_context_behavior_matches_pytorch_2_13) ... ok
test_deferred_validation_and_binding_match_pytorch_2_13 (test_backends_nnpack_flags_reference.NnpackFlagsReferenceTests.test_deferred_validation_and_binding_match_pytorch_2_13) ... ok
test_execution_remains_outside_the_supported_scope (test_backends_nnpack_flags_reference.NnpackFlagsReferenceTests.test_execution_remains_outside_the_supported_scope) ... ok
test_metadata_imports_copying_and_pickling_match_pytorch_2_13 (test_backends_nnpack_flags_reference.NnpackFlagsReferenceTests.test_metadata_imports_copying_and_pickling_match_pytorch_2_13) ... ok
test_reload_behavior_matches_pytorch_2_13 (test_backends_nnpack_flags_reference.NnpackFlagsReferenceTests.test_reload_behavior_matches_pytorch_2_13) ... ok
test_thread_visibility_matches_pytorch_2_13 (test_backends_nnpack_flags_reference.NnpackFlagsReferenceTests.test_thread_visibility_matches_pytorch_2_13) ... ok
test_call_binding_errors_leave_state_unchanged (test_backends_nnpack_set_flags.NnpackSetFlagsTests.test_call_binding_errors_leave_state_unchanged) ... ok
test_fresh_process_defaults_to_enabled_while_build_is_unavailable (test_backends_nnpack_set_flags.NnpackSetFlagsTests.test_fresh_process_defaults_to_enabled_while_build_is_unavailable) ... ok
test_metadata_imports_copying_and_pickling_match_public_contract (test_backends_nnpack_set_flags.NnpackSetFlagsTests.test_metadata_imports_copying_and_pickling_match_public_contract) ... ok
test_non_bool_values_are_rejected_without_coercion_or_state_change (test_backends_nnpack_set_flags.NnpackSetFlagsTests.test_non_bool_values_are_rejected_without_coercion_or_state_change) ... ok
test_private_state_accessors_are_not_public_backend_capabilities (test_backends_nnpack_set_flags.NnpackSetFlagsTests.test_private_state_accessors_are_not_public_backend_capabilities) ... ok
test_reload_preserves_state_for_old_and_new_setters (test_backends_nnpack_set_flags.NnpackSetFlagsTests.test_reload_preserves_state_for_old_and_new_setters) ... ok
test_repeated_exact_bool_updates_return_previous_exact_bool (test_backends_nnpack_set_flags.NnpackSetFlagsTests.test_repeated_exact_bool_updates_return_previous_exact_bool) ... ok
test_state_is_process_global_across_threads (test_backends_nnpack_set_flags.NnpackSetFlagsTests.test_state_is_process_global_across_threads) ... ok
test_invalid_values_and_call_errors_match_pytorch_2_13 (test_backends_nnpack_set_flags_reference.NnpackSetFlagsReferenceTests.test_invalid_values_and_call_errors_match_pytorch_2_13) ... ok
test_metadata_imports_copying_and_pickling_match_pytorch_2_13 (test_backends_nnpack_set_flags_reference.NnpackSetFlagsReferenceTests.test_metadata_imports_copying_and_pickling_match_pytorch_2_13) ... ok
test_reload_stability_matches_pytorch_2_13 (test_backends_nnpack_set_flags_reference.NnpackSetFlagsReferenceTests.test_reload_stability_matches_pytorch_2_13) ... ok
test_state_transitions_and_threads_match_pytorch_2_13 (test_backends_nnpack_set_flags_reference.NnpackSetFlagsReferenceTests.test_state_transitions_and_threads_match_pytorch_2_13) ... ok
test_supported_scope_keeps_availability_flags_and_execution_separate (test_backends_nnpack_set_flags_reference.NnpackSetFlagsReferenceTests.test_supported_scope_keeps_availability_flags_and_execution_separate) ... ok
test_broader_and_reentrant_dispatch_helpers_remain_unsupported (test_base_torch_function_mode.BaseTorchFunctionModeTests.test_broader_and_reentrant_dispatch_helpers_remain_unsupported) ... ok
test_class_is_public_but_not_wildcard_exported (test_base_torch_function_mode.BaseTorchFunctionModeTests.test_class_is_public_but_not_wildcard_exported) ... ok
test_copy_deepcopy_and_pickle_preserve_instance_state (test_base_torch_function_mode.BaseTorchFunctionModeTests.test_copy_deepcopy_and_pickle_preserve_instance_state) ... ok
test_direct_handler_transparently_calls_the_supplied_function (test_base_torch_function_mode.BaseTorchFunctionModeTests.test_direct_handler_transparently_calls_the_supplied_function) ... ok
test_dispatch_exceptions_restore_every_active_mode (test_base_torch_function_mode.BaseTorchFunctionModeTests.test_dispatch_exceptions_restore_every_active_mode) ... ok
test_function_method_and_property_calls_forward_through_nested_modes (test_base_torch_function_mode.BaseTorchFunctionModeTests.test_function_method_and_property_calls_forward_through_nested_modes) ... ok
test_construction_metadata_and_exports_match_pytorch_2_13 (test_base_torch_function_mode_reference.BaseTorchFunctionModeReferenceTests.test_construction_metadata_and_exports_match_pytorch_2_13) ... ok
test_copying_and_pickling_match_pytorch_2_13 (test_base_torch_function_mode_reference.BaseTorchFunctionModeReferenceTests.test_copying_and_pickling_match_pytorch_2_13) ... ok
test_direct_forwarding_matches_pytorch_2_13 (test_base_torch_function_mode_reference.BaseTorchFunctionModeReferenceTests.test_direct_forwarding_matches_pytorch_2_13) ... ok
test_exception_propagation_and_stack_restoration_match (test_base_torch_function_mode_reference.BaseTorchFunctionModeReferenceTests.test_exception_propagation_and_stack_restoration_match) ... ok
test_nested_function_method_and_property_forwarding_matches (test_base_torch_function_mode_reference.BaseTorchFunctionModeReferenceTests.test_nested_function_method_and_property_forwarding_matches) ... ok
test_batches_finite_iterables_with_and_without_remainders (test_batch_sampler.BatchSamplerTests.test_batches_finite_iterables_with_and_without_remainders) ... ok
test_construction_validation_and_attributes (test_batch_sampler.BatchSamplerTests.test_construction_validation_and_attributes) ... ok
test_imports_and_exports (test_batch_sampler.BatchSamplerTests.test_imports_and_exports) ... ok
test_length_delegates_to_sized_sampler (test_batch_sampler.BatchSamplerTests.test_length_delegates_to_sized_sampler) ... ok
test_signature_annotations_inheritance_and_metadata (test_batch_sampler.BatchSamplerTests.test_signature_annotations_inheritance_and_metadata) ... ok
test_arbitrary_finite_iterables_and_remainders_match (test_batch_sampler_reference.BatchSamplerReferenceTests.test_arbitrary_finite_iterables_and_remainders_match) ... ok
test_construction_validation_and_call_forms_match (test_batch_sampler_reference.BatchSamplerReferenceTests.test_construction_validation_and_call_forms_match) ... ok
test_imports_exports_and_unsupported_neighbors_match (test_batch_sampler_reference.BatchSamplerReferenceTests.test_imports_exports_and_unsupported_neighbors_match) ... ok
test_length_and_unsized_failures_match (test_batch_sampler_reference.BatchSamplerReferenceTests.test_length_and_unsized_failures_match) ... ok
test_signature_annotations_documentation_and_metadata_match (test_batch_sampler_reference.BatchSamplerReferenceTests.test_signature_annotations_documentation_and_metadata_match) ... ok
test_checked_in_disclosure_and_all_report_references (test_benchmark_setup_evidence.BenchmarkSetupEvidenceTests.test_checked_in_disclosure_and_all_report_references) ... ok
test_rejects_incomplete_or_misattributed_setup (test_benchmark_setup_evidence.BenchmarkSetupEvidenceTests.test_rejects_incomplete_or_misattributed_setup) ... ok
test_rejects_invalid_durations_and_timestamps (test_benchmark_setup_evidence.BenchmarkSetupEvidenceTests.test_rejects_invalid_durations_and_timestamps) ... ok
test_report_links_and_historical_measurements_are_checked (test_benchmark_setup_evidence.BenchmarkSetupEvidenceTests.test_report_links_and_historical_measurements_are_checked) ... ok
test_rerun_cannot_be_backdated_to_original_capture (test_benchmark_setup_evidence.BenchmarkSetupEvidenceTests.test_rerun_cannot_be_backdated_to_original_capture) ... ok
test_source_commit_must_match_historical_artifacts (test_benchmark_setup_evidence.BenchmarkSetupEvidenceTests.test_source_commit_must_match_historical_artifacts) ... ok
test_complete_historical_matrix_and_build_identity (test_boolean_buffer_evidence.BooleanBufferEvidenceTests.test_complete_historical_matrix_and_build_identity) ... ok
test_original_payload_checksums_and_membership (test_boolean_buffer_evidence.BooleanBufferEvidenceTests.test_original_payload_checksums_and_membership) ... ok
test_empty_integer_sequence_size_and_zero_dimension_inputs (test_broadcast_shapes.BroadcastShapesTests.test_empty_integer_sequence_size_and_zero_dimension_inputs) ... ok
test_functional_ownership_signature_documentation_exports_and_pickle (test_broadcast_shapes.BroadcastShapesTests.test_functional_ownership_signature_documentation_exports_and_pickle) ... ok
test_incompatible_negative_and_invalid_elements_match_public_errors (test_broadcast_shapes.BroadcastShapesTests.test_incompatible_negative_and_invalid_elements_match_public_errors) ... ok
test_large_python_dimensions_and_ranks_do_not_allocate_tensors (test_broadcast_shapes.BroadcastShapesTests.test_large_python_dimensions_and_ranks_do_not_allocate_tensors) ... ok
test_both_implementations_avoid_tensor_factories (test_broadcast_shapes_reference.BroadcastShapesReferenceTests.test_both_implementations_avoid_tensor_factories) ... ok
test_empty_integer_tuple_list_size_zero_and_large_shapes_match (test_broadcast_shapes_reference.BroadcastShapesReferenceTests.test_empty_integer_tuple_list_size_zero_and_large_shapes_match) ... ok
test_functional_alias_metadata_signature_docs_exports_and_pickle_match (test_broadcast_shapes_reference.BroadcastShapesReferenceTests.test_functional_alias_metadata_signature_docs_exports_and_pickle_match) ... ok
test_incompatibility_negative_invalid_element_and_binding_errors_match (test_broadcast_shapes_reference.BroadcastShapesReferenceTests.test_incompatibility_negative_invalid_element_and_binding_errors_match) ... ok
test_autograd_history_and_no_grad_state_are_unchanged (test_broadcast_tensors.BroadcastTensorsTests.test_autograd_history_and_no_grad_state_are_unchanged) ... ok
test_declining_and_raising_modes_restore_the_stack (test_broadcast_tensors.BroadcastTensorsTests.test_declining_and_raising_modes_restore_the_stack) ... ok
test_empty_and_strided_inputs_preserve_all_metadata (test_broadcast_tensors.BroadcastTensorsTests.test_empty_and_strided_inputs_preserve_all_metadata) ... ok
test_exact_tensors_dispatch_through_nested_modes (test_broadcast_tensors.BroadcastTensorsTests.test_exact_tensors_dispatch_through_nested_modes) ... ok
test_function_metadata_exports_and_pickle (test_broadcast_tensors.BroadcastTensorsTests.test_function_metadata_exports_and_pickle) ... ok
test_unsupported_inputs_fail_before_dispatch_or_tensor_allocation (test_broadcast_tensors.BroadcastTensorsTests.test_unsupported_inputs_fail_before_dispatch_or_tensor_allocation) ... ok
test_zero_inputs_dispatch_through_the_native_variable_function (test_broadcast_tensors.BroadcastTensorsTests.test_zero_inputs_dispatch_through_the_native_variable_function) ... ok
test_zero_one_and_many_inputs_return_exact_objects (test_broadcast_tensors.BroadcastTensorsTests.test_zero_one_and_many_inputs_return_exact_objects) ... ok
test_autograd_and_no_grad_identity_match_pytorch_2_13 (test_broadcast_tensors_reference.BroadcastTensorsReferenceTests.test_autograd_and_no_grad_identity_match_pytorch_2_13) ... ok
test_namespace_metadata_and_documentation_match_pytorch_2_13 (test_broadcast_tensors_reference.BroadcastTensorsReferenceTests.test_namespace_metadata_and_documentation_match_pytorch_2_13) ... ok
test_nonempty_torch_function_modes_match_pytorch_2_13 (test_broadcast_tensors_reference.BroadcastTensorsReferenceTests.test_nonempty_torch_function_modes_match_pytorch_2_13) ... ok
test_zero_input_mode_dispatch_matches_pytorch_2_13 (test_broadcast_tensors_reference.BroadcastTensorsReferenceTests.test_zero_input_mode_dispatch_matches_pytorch_2_13) ... ok
test_zero_scalar_empty_offset_and_strided_values_match_pytorch_2_13 (test_broadcast_tensors_reference.BroadcastTensorsReferenceTests.test_zero_scalar_empty_offset_and_strided_values_match_pytorch_2_13) ... ok
test_binding_type_and_error_precedence_matches_pytorch_2_13 (test_can_cast.CanCastTests.test_binding_type_and_error_precedence_matches_pytorch_2_13) ... ok
test_callable_metadata_exports_and_pickling_match_pytorch (test_can_cast.CanCastTests.test_callable_metadata_exports_and_pickling_match_pytorch) ... ok
test_dtype_validation_uses_a_one_shot_torch_function_probe (test_can_cast.CanCastTests.test_dtype_validation_uses_a_one_shot_torch_function_probe) ... ok
test_float32_aliases_and_canonical_call_forms_return_bool (test_can_cast.CanCastTests.test_float32_aliases_and_canonical_call_forms_return_bool) ... ok
test_invalid_calls_do_not_dispatch_and_mode_failures_match_pytorch (test_can_cast.CanCastTests.test_invalid_calls_do_not_dispatch_and_mode_failures_match_pytorch) ... ok
test_operand_overrides_share_generated_variable_function_dispatch (test_can_cast.CanCastTests.test_operand_overrides_share_generated_variable_function_dispatch) ... ok
test_operand_validation_precedes_later_keyword_lookup (test_can_cast.CanCastTests.test_operand_validation_precedes_later_keyword_lookup) ... ok
test_torch_function_modes_receive_original_calls_and_can_forward (test_can_cast.CanCastTests.test_torch_function_modes_receive_original_calls_and_can_forward) ... ok
test_callable_metadata_exports_and_pickling_match_pytorch_2_13 (test_can_cast_reference.CanCastReferenceTests.test_callable_metadata_exports_and_pickling_match_pytorch_2_13) ... ok
test_float32_aliases_and_all_canonical_calls_match_pytorch_2_13 (test_can_cast_reference.CanCastReferenceTests.test_float32_aliases_and_all_canonical_calls_match_pytorch_2_13) ... ok
test_invalid_argument_errors_match_pytorch_2_13 (test_can_cast_reference.CanCastReferenceTests.test_invalid_argument_errors_match_pytorch_2_13) ... ok
test_torch_function_mode_dispatch_matches_pytorch_2_13 (test_can_cast_reference.CanCastReferenceTests.test_torch_function_mode_dispatch_matches_pytorch_2_13) ... ok
test_validation_order_matches_pytorch_2_13 (test_can_cast_reference.CanCastReferenceTests.test_validation_order_matches_pytorch_2_13) ... ok
test_active_autograd_records_reusable_ceil_backward_zero_vjp (test_ceil.TensorCeilTests.test_active_autograd_records_reusable_ceil_backward_zero_vjp) ... ok
test_detached_and_no_grad_inputs_use_the_inference_path (test_ceil.TensorCeilTests.test_detached_and_no_grad_inputs_use_the_inference_path) ... ok
test_inplace_forms_remain_unsupported (test_ceil.TensorCeilTests.test_inplace_forms_remain_unsupported) ... ok
test_tensorbase_descriptor_metadata_and_no_argument_errors (test_ceil.TensorCeilTests.test_tensorbase_descriptor_metadata_and_no_argument_errors) ... ok
test_top_level_autograd_and_no_grad_reuse_method_path (test_ceil.TensorCeilTests.test_top_level_autograd_and_no_grad_reuse_method_path) ... ok
test_top_level_binding_and_type_error_precedence (test_ceil.TensorCeilTests.test_top_level_binding_and_type_error_precedence) ... ok
test_top_level_builtin_metadata_exports_copying_and_pickling (test_ceil.TensorCeilTests.test_top_level_builtin_metadata_exports_copying_and_pickling) ... ok
test_top_level_calls_reuse_tensor_ceil_bits_layouts_and_storage (test_ceil.TensorCeilTests.test_top_level_calls_reuse_tensor_ceil_bits_layouts_and_storage) ... ok
test_top_level_concrete_out_is_rejected_without_mutation (test_ceil.TensorCeilTests.test_top_level_concrete_out_is_rejected_without_mutation) ... ok
test_top_level_modes_and_overrides_observe_original_call (test_ceil.TensorCeilTests.test_top_level_modes_and_overrides_observe_original_call) ... ok
test_torch_function_modes_dispatch_before_native_execution (test_ceil.TensorCeilTests.test_torch_function_modes_dispatch_before_native_execution) ... ok
test_values_layouts_offsets_empty_tensors_and_fresh_storage (test_ceil.TensorCeilTests.test_values_layouts_offsets_empty_tensors_and_fresh_storage) ... ok
test_zero_vjp_ignores_upstream_values_composes_and_accumulates (test_ceil.TensorCeilTests.test_zero_vjp_ignores_upstream_values_composes_and_accumulates) ... ok
test_autograd_scalar_empty_offset_and_strided_match_pytorch_2_13 (test_ceil_reference.TensorCeilReferenceTests.test_autograd_scalar_empty_offset_and_strided_match_pytorch_2_13) ... ok
test_callable_contract_matches_pytorch_2_13 (test_ceil_reference.TensorCeilReferenceTests.test_callable_contract_matches_pytorch_2_13) ... ok
test_concrete_out_and_inplace_boundaries_remain_explicit (test_ceil_reference.TensorCeilReferenceTests.test_concrete_out_and_inplace_boundaries_remain_explicit) ... ok
test_requires_grad_inputs_match_inside_no_grad_and_detached (test_ceil_reference.TensorCeilReferenceTests.test_requires_grad_inputs_match_inside_no_grad_and_detached) ... ok
test_seeded_float32_values_match_pytorch_2_13_exactly (test_ceil_reference.TensorCeilReferenceTests.test_seeded_float32_values_match_pytorch_2_13_exactly) ... ok
test_top_level_binding_errors_match_pytorch_2_13 (test_ceil_reference.TensorCeilReferenceTests.test_top_level_binding_errors_match_pytorch_2_13) ... ok
test_top_level_callable_contract_matches_pytorch_2_13 (test_ceil_reference.TensorCeilReferenceTests.test_top_level_callable_contract_matches_pytorch_2_13) ... ok
test_top_level_declining_override_diagnostics_match_pytorch_2_13 (test_ceil_reference.TensorCeilReferenceTests.test_top_level_declining_override_diagnostics_match_pytorch_2_13) ... ok
test_top_level_modes_and_subclass_dispatch_match_pytorch_2_13 (test_ceil_reference.TensorCeilReferenceTests.test_top_level_modes_and_subclass_dispatch_match_pytorch_2_13) ... ok
test_top_level_values_layouts_bits_and_storage_match_pytorch_2_13 (test_ceil_reference.TensorCeilReferenceTests.test_top_level_values_layouts_bits_and_storage_match_pytorch_2_13) ... ok
test_torch_function_mode_dispatch_matches_pytorch_2_13 (test_ceil_reference.TensorCeilReferenceTests.test_torch_function_mode_dispatch_matches_pytorch_2_13) ... ok
test_values_layouts_offsets_empty_tensors_and_storage_match_pytorch (test_ceil_reference.TensorCeilReferenceTests.test_values_layouts_offsets_empty_tensors_and_storage_match_pytorch) ... ok
test_zero_vjp_special_upstreams_accumulation_and_composition_match (test_ceil_reference.TensorCeilReferenceTests.test_zero_vjp_special_upstreams_accumulation_and_composition_match) ... ok
test_child_type_validation_is_incremental_for_iteration_and_length (test_chain_dataset.ChainDatasetTests.test_child_type_validation_is_incremental_for_iteration_and_length) ... ok
test_concat_dataset_rejects_iterable_dataset_children (test_chain_dataset.ChainDatasetTests.test_concat_dataset_rejects_iterable_dataset_children) ... ok
test_construction_call_forms_and_exports (test_chain_dataset.ChainDatasetTests.test_construction_call_forms_and_exports) ... ok
test_explicit_construction_is_lazy_and_chains_empty_finite_streams (test_chain_dataset.ChainDatasetTests.test_explicit_construction_is_lazy_and_chains_empty_finite_streams) ... ok
test_iterable_dataset_addition_is_lazy_and_preserves_nested_chains (test_chain_dataset.ChainDatasetTests.test_iterable_dataset_addition_is_lazy_and_preserves_nested_chains) ... ok
test_length_delegates_without_caching_and_preserves_child_errors (test_chain_dataset.ChainDatasetTests.test_length_delegates_without_caching_and_preserves_child_errors) ... ok
test_signature_inheritance_documentation_and_metadata (test_chain_dataset.ChainDatasetTests.test_signature_inheritance_documentation_and_metadata) ... ok
test_addition_nested_chains_and_deferred_validation_match (test_chain_dataset_reference.ChainDatasetReferenceTests.test_addition_nested_chains_and_deferred_validation_match) ... ok
test_construction_signatures_docs_and_metadata_match (test_chain_dataset_reference.ChainDatasetReferenceTests.test_construction_signatures_docs_and_metadata_match) ... ok
test_imports_and_exports_match (test_chain_dataset_reference.ChainDatasetReferenceTests.test_imports_and_exports_match) ... ok
test_incremental_type_validation_and_concat_guard_match (test_chain_dataset_reference.ChainDatasetReferenceTests.test_incremental_type_validation_and_concat_guard_match) ... ok
test_lazy_empty_and_finite_stream_concatenation_matches (test_chain_dataset_reference.ChainDatasetReferenceTests.test_lazy_empty_and_finite_stream_concatenation_matches) ... ok
test_length_delegation_and_child_errors_match (test_chain_dataset_reference.ChainDatasetReferenceTests.test_length_delegation_and_child_errors_match) ... ok
test_backward_through_sum_no_grad_and_empty_dimensions (test_chunk.TensorChunkTests.test_backward_through_sum_no_grad_and_empty_dimensions) ... ok
test_call_forms_input_aliases_and_integer_arguments (test_chunk.TensorChunkTests.test_call_forms_input_aliases_and_integer_arguments) ... ok
test_callable_metadata_exports_pickle_and_torch_function_modes (test_chunk.TensorChunkTests.test_callable_metadata_exports_pickle_and_torch_function_modes) ... ok
test_errors_and_surface_limits (test_chunk.TensorChunkTests.test_errors_and_surface_limits) ... ok
test_method_and_top_level_chunk_return_shared_narrow_views (test_chunk.TensorChunkTests.test_method_and_top_level_chunk_return_shared_narrow_views) ... ok
test_backward_through_sum_no_grad_and_empty_match_pytorch_2_13 (test_chunk_reference.TensorChunkReferenceTests.test_backward_through_sum_no_grad_and_empty_match_pytorch_2_13) ... ok
test_descriptor_and_doc_metadata_match_pytorch_2_13 (test_chunk_reference.TensorChunkReferenceTests.test_descriptor_and_doc_metadata_match_pytorch_2_13) ... ok
test_errors_and_integer_arguments_match_pytorch_2_13 (test_chunk_reference.TensorChunkReferenceTests.test_errors_and_integer_arguments_match_pytorch_2_13) ... ok
test_top_level_backward_through_sum_no_grad_and_empty_match_pytorch_2_13 (test_chunk_reference.TensorChunkReferenceTests.test_top_level_backward_through_sum_no_grad_and_empty_match_pytorch_2_13) ... ok
test_values_layout_offsets_aliasing_and_counts_match_pytorch_2_13 (test_chunk_reference.TensorChunkReferenceTests.test_values_layout_offsets_aliasing_and_counts_match_pytorch_2_13) ... ok
test_argument_errors_are_exact_and_preserve_state (test_clear_autocast_cache.ClearAutocastCacheTests.test_argument_errors_are_exact_and_preserve_state) ... ok
test_autocast_contexts_and_mixed_precision_remain_unsupported (test_clear_autocast_cache.ClearAutocastCacheTests.test_autocast_contexts_and_mixed_precision_remain_unsupported) ... ok
test_builtin_metadata_exports_copying_and_pickling (test_clear_autocast_cache.ClearAutocastCacheTests.test_builtin_metadata_exports_copying_and_pickling) ... ok
test_native_and_package_reload_preserve_identity_and_state (test_clear_autocast_cache.ClearAutocastCacheTests.test_native_and_package_reload_preserve_identity_and_state) ... ok
test_returns_none_and_preserves_cache_grad_and_execution (test_clear_autocast_cache.ClearAutocastCacheTests.test_returns_none_and_preserves_cache_grad_and_execution) ... ok
test_subprocess_has_independent_default_states (test_clear_autocast_cache.ClearAutocastCacheTests.test_subprocess_has_independent_default_states) ... ok
test_thread_local_states_remain_isolated_while_clearing (test_clear_autocast_cache.ClearAutocastCacheTests.test_thread_local_states_remain_isolated_while_clearing) ... ok
test_argument_errors_match_and_preserve_state (test_clear_autocast_cache_reference.ClearAutocastCacheReferenceTests.test_argument_errors_match_and_preserve_state) ... ok
test_autocast_execution_remains_outside_the_supported_surface (test_clear_autocast_cache_reference.ClearAutocastCacheReferenceTests.test_autocast_execution_remains_outside_the_supported_surface) ... ok
test_builtin_metadata_exports_copying_and_pickling_match (test_clear_autocast_cache_reference.ClearAutocastCacheReferenceTests.test_builtin_metadata_exports_copying_and_pickling_match) ... ok
test_native_reload_behavior_matches_pytorch_2_13 (test_clear_autocast_cache_reference.ClearAutocastCacheReferenceTests.test_native_reload_behavior_matches_pytorch_2_13) ... ok
test_return_value_state_and_execution_match_pytorch_2_13 (test_clear_autocast_cache_reference.ClearAutocastCacheReferenceTests.test_return_value_state_and_execution_match_pytorch_2_13) ... ok
test_subprocess_defaults_and_isolation_match_pytorch_2_13 (test_clear_autocast_cache_reference.ClearAutocastCacheReferenceTests.test_subprocess_defaults_and_isolation_match_pytorch_2_13) ... ok
test_thread_isolation_matches_pytorch_2_13 (test_clear_autocast_cache_reference.ClearAutocastCacheReferenceTests.test_thread_isolation_matches_pytorch_2_13) ... ok
test_autograd_no_grad_and_source_lifetime (test_clone_channels_last.CloneChannelsLastTests.test_autograd_no_grad_and_source_lifetime) ... ok
test_method_and_function_materialize_canonical_independent_copies (test_clone_channels_last.CloneChannelsLastTests.test_method_and_function_materialize_canonical_independent_copies) ... ok
test_rank_errors (test_clone_channels_last.CloneChannelsLastTests.test_rank_errors) ... ok
test_stride_overflow_precedes_channels_last_3d_rank_error (test_clone_channels_last.CloneChannelsLastTests.test_stride_overflow_precedes_channels_last_3d_rank_error) ... ok
test_autograd_no_grad_and_source_lifetime_match_pytorch_2_13 (test_clone_channels_last_reference.CloneChannelsLastReferenceTests.test_autograd_no_grad_and_source_lifetime_match_pytorch_2_13) ... ok
test_layout_values_and_independence_match_pytorch_2_13 (test_clone_channels_last_reference.CloneChannelsLastReferenceTests.test_layout_values_and_independence_match_pytorch_2_13) ... ok
test_rank_errors_match_pytorch_2_13 (test_clone_channels_last_reference.CloneChannelsLastReferenceTests.test_rank_errors_match_pytorch_2_13) ... ok
test_stride_overflow_precedes_rank_error_like_pytorch_2_13 (test_clone_channels_last_reference.CloneChannelsLastReferenceTests.test_stride_overflow_precedes_rank_error_like_pytorch_2_13) ... ok
test_backward_through_sum_check_rejects_gradient_mismatch (test_compile_benchmark_artifact.CompileBenchmarkArtifactTests.test_backward_through_sum_check_rejects_gradient_mismatch) ... ok
test_backward_through_sum_check_rejects_input_mutation (test_compile_benchmark_artifact.CompileBenchmarkArtifactTests.test_backward_through_sum_check_rejects_input_mutation) ... ok
test_checked_in_raw_artifact_matches_markdown_summary (test_compile_benchmark_artifact.CompileBenchmarkArtifactTests.test_checked_in_raw_artifact_matches_markdown_summary) ... ok
test_default_benchmark_cases_include_dynamic_and_fullgraph_false_cases (test_compile_benchmark_artifact.CompileBenchmarkArtifactTests.test_default_benchmark_cases_include_dynamic_and_fullgraph_false_cases) ... ok
test_output_pytree_payloads_include_tensor_observables (test_compile_benchmark_artifact.CompileBenchmarkArtifactTests.test_output_pytree_payloads_include_tensor_observables) ... ok
test_raw_artifact_records_backward_validation_cases (test_compile_benchmark_artifact.CompileBenchmarkArtifactTests.test_raw_artifact_records_backward_validation_cases) ... ok
test_rendered_summary_counts_supported_categories (test_compile_benchmark_artifact.CompileBenchmarkArtifactTests.test_rendered_summary_counts_supported_categories) ... ok
test_validator_rejects_previous_corpus_version_artifact (test_compile_benchmark_artifact.CompileBenchmarkArtifactTests.test_validator_rejects_previous_corpus_version_artifact) ... ok
test_validator_rejects_stale_pre_inference_artifact_shape (test_compile_benchmark_artifact.CompileBenchmarkArtifactTests.test_validator_rejects_stale_pre_inference_artifact_shape) ... ok
test_validator_rejects_training_artifact_without_grad_enabled_cell (test_compile_benchmark_artifact.CompileBenchmarkArtifactTests.test_validator_rejects_training_artifact_without_grad_enabled_cell) ... ok
test_variant_inputs_refresh_case_global_tensor_state (test_compile_benchmark_artifact.CompileBenchmarkArtifactTests.test_variant_inputs_refresh_case_global_tensor_state) ... ok
test_corpus_has_versioned_weighted_skeleton (test_compile_corpus.CompileCorpusMetadataTests.test_corpus_has_versioned_weighted_skeleton) ... ok
test_corpus_inputs_are_exact_native_cpu_float32_tensors (test_compile_corpus.CompileCorpusMetadataTests.test_corpus_inputs_are_exact_native_cpu_float32_tensors) ... ok
test_dynamic_shape_symbolics_cases_cover_shape_and_stride_variants (test_compile_corpus.CompileCorpusMetadataTests.test_dynamic_shape_symbolics_cases_cover_shape_and_stride_variants) ... ok
test_recompilation_guard_scenarios_cover_required_metadata (test_compile_corpus.CompileCorpusMetadataTests.test_recompilation_guard_scenarios_cover_required_metadata) ... ok
test_augmented_self_add_aliasing_rejects_instead_of_recording_add (test_compile_corpus.CompileCorpusTraceTests.test_augmented_self_add_aliasing_rejects_instead_of_recording_add) ... ok
test_binary_private_executor_bypasses_active_torch_function_mode (test_compile_corpus.CompileCorpusTraceTests.test_binary_private_executor_bypasses_active_torch_function_mode) ... ok
test_binary_proxy_rejects_non_tensor_or_mixed_recorder_operands_clearly (test_compile_corpus.CompileCorpusTraceTests.test_binary_proxy_rejects_non_tensor_or_mixed_recorder_operands_clearly) ... ok
test_binary_self_add_executes_private_native_graph_for_key_layouts (test_compile_corpus.CompileCorpusTraceTests.test_binary_self_add_executes_private_native_graph_for_key_layouts) ... ok
test_binary_self_add_executor_matches_no_grad_requires_grad_outputs (test_compile_corpus.CompileCorpusTraceTests.test_binary_self_add_executor_matches_no_grad_requires_grad_outputs) ... ok
test_binary_self_add_records_private_immutable_graph (test_compile_corpus.CompileCorpusTraceTests.test_binary_self_add_records_private_immutable_graph) ... ok
test_bytecode_lowerer_accepts_combined_distinct_local_loads (test_compile_corpus.CompileCorpusTraceTests.test_bytecode_lowerer_accepts_combined_distinct_local_loads) ... ok
test_bytecode_lowerer_accepts_combined_local_load_opcodes (test_compile_corpus.CompileCorpusTraceTests.test_bytecode_lowerer_accepts_combined_local_load_opcodes) ... ok
test_bytecode_lowerer_accepts_combined_store_then_load_opcode (test_compile_corpus.CompileCorpusTraceTests.test_bytecode_lowerer_accepts_combined_store_then_load_opcode) ... ok
test_bytecode_lowerer_accepts_cpython_314_markers_and_borrowed_loads (test_compile_corpus.CompileCorpusTraceTests.test_bytecode_lowerer_accepts_cpython_314_markers_and_borrowed_loads) ... ok
test_bytecode_lowerer_captures_module_global_tensor_constants (test_compile_corpus.CompileCorpusTraceTests.test_bytecode_lowerer_captures_module_global_tensor_constants) ... ok
test_bytecode_lowerer_inlines_custom_function_helpers_without_calls (test_compile_corpus.CompileCorpusTraceTests.test_bytecode_lowerer_inlines_custom_function_helpers_without_calls) ... ok
test_bytecode_lowerer_records_general_tensor_arithmetic_graphs (test_compile_corpus.CompileCorpusTraceTests.test_bytecode_lowerer_records_general_tensor_arithmetic_graphs) ... ok
test_bytecode_lowerer_rejects_cpython_310_exception_jump_as_exception (test_compile_corpus.CompileCorpusTraceTests.test_bytecode_lowerer_rejects_cpython_310_exception_jump_as_exception) ... ok
test_bytecode_lowerer_rejects_cpython_310_keyword_method_call (test_compile_corpus.CompileCorpusTraceTests.test_bytecode_lowerer_rejects_cpython_310_keyword_method_call) ... ok
test_bytecode_lowerer_rejects_cpython_313_keyword_method_call (test_compile_corpus.CompileCorpusTraceTests.test_bytecode_lowerer_rejects_cpython_313_keyword_method_call) ... ok
test_bytecode_lowerer_rejects_cpython_313_to_bool_as_control_flow (test_compile_corpus.CompileCorpusTraceTests.test_bytecode_lowerer_rejects_cpython_313_to_bool_as_control_flow) ... ok
test_bytecode_lowerer_rejects_cpython_314_small_int_output_leaf (test_compile_corpus.CompileCorpusTraceTests.test_bytecode_lowerer_rejects_cpython_314_small_int_output_leaf) ... ok
test_bytecode_lowerer_rejects_float_conversion_forms (test_compile_corpus.CompileCorpusTraceTests.test_bytecode_lowerer_rejects_float_conversion_forms) ... ok
test_bytecode_lowerer_rejects_non_requires_grad_control_flow (test_compile_corpus.CompileCorpusTraceTests.test_bytecode_lowerer_rejects_non_requires_grad_control_flow) ... ok
test_bytecode_lowerer_rejects_python_scalar_add_operands (test_compile_corpus.CompileCorpusTraceTests.test_bytecode_lowerer_rejects_python_scalar_add_operands) ... ok
test_bytecode_lowerer_rejects_unsupported_input_counts (test_compile_corpus.CompileCorpusTraceTests.test_bytecode_lowerer_rejects_unsupported_input_counts) ... ok
test_bytecode_lowerer_selects_requires_grad_branch_graphlets (test_compile_corpus.CompileCorpusTraceTests.test_bytecode_lowerer_selects_requires_grad_branch_graphlets) ... ok
test_detach_alias_cases_execute_without_mutating_inputs_or_gradients (test_compile_corpus.CompileCorpusTraceTests.test_detach_alias_cases_execute_without_mutating_inputs_or_gradients) ... ok
test_dynamic_compile_cache_key_ignores_shapes_but_guards_strides (test_compile_corpus.CompileCorpusTraceTests.test_dynamic_compile_cache_key_ignores_shapes_but_guards_strides) ... ok
test_dynamic_private_executor_accepts_shapes_but_guards_strides (test_compile_corpus.CompileCorpusTraceTests.test_dynamic_private_executor_accepts_shapes_but_guards_strides) ... ok
test_empty_inner_dimension_strides_match_native_tensor_constructor (test_compile_corpus.CompileCorpusTraceTests.test_empty_inner_dimension_strides_match_native_tensor_constructor) ... ok
test_float_identity_cases_preserve_input_metadata_and_grad_state (test_compile_corpus.CompileCorpusTraceTests.test_float_identity_cases_preserve_input_metadata_and_grad_state) ... ok
test_float_proxy_rejects_compile_conversion_forms (test_compile_corpus.CompileCorpusTraceTests.test_float_proxy_rejects_compile_conversion_forms) ... ok
test_inference_relu_cases_run_under_no_grad_and_preserve_gradients (test_compile_corpus.CompileCorpusTraceTests.test_inference_relu_cases_run_under_no_grad_and_preserve_gradients) ... ok
test_operation_names_skip_existing_input_names (test_compile_corpus.CompileCorpusTraceTests.test_operation_names_skip_existing_input_names) ... ok
test_private_cpu_and_cuda_metadata_use_distinct_cache_keys (test_compile_corpus.CompileCorpusTraceTests.test_private_cpu_and_cuda_metadata_use_distinct_cache_keys) ... ok
test_private_cuda_float_trace_rejects_cpu_tensor_before_execution (test_compile_corpus.CompileCorpusTraceTests.test_private_cuda_float_trace_rejects_cpu_tensor_before_execution) ... ok
test_private_cuda_trace_rejects_cpu_tensor_before_execution (test_compile_corpus.CompileCorpusTraceTests.test_private_cuda_trace_rejects_cpu_tensor_before_execution) ... ok
test_private_device_metadata_parses_cpu_and_cuda_targets (test_compile_corpus.CompileCorpusTraceTests.test_private_device_metadata_parses_cpu_and_cuda_targets) ... ok
test_private_executor_bypasses_active_torch_function_mode (test_compile_corpus.CompileCorpusTraceTests.test_private_executor_bypasses_active_torch_function_mode) ... ok
test_private_executor_rejects_runtime_metadata_mismatch_clearly (test_compile_corpus.CompileCorpusTraceTests.test_private_executor_rejects_runtime_metadata_mismatch_clearly) ... ok
test_private_executor_rejects_two_input_runtime_metadata_mismatch (test_compile_corpus.CompileCorpusTraceTests.test_private_executor_rejects_two_input_runtime_metadata_mismatch) ... ok
test_private_recorder_rejects_more_than_two_inputs (test_compile_corpus.CompileCorpusTraceTests.test_private_recorder_rejects_more_than_two_inputs) ... ok
test_private_trace_does_not_import_pytorch_or_invoke_backend (test_compile_corpus.CompileCorpusTraceTests.test_private_trace_does_not_import_pytorch_or_invoke_backend) ... ok
test_proxy_unsupported_operations_fail_clearly (test_compile_corpus.CompileCorpusTraceTests.test_proxy_unsupported_operations_fail_clearly) ... ok
test_square_decomposition_cases_cover_scalar_empty_and_noncontiguous_inputs (test_compile_corpus.CompileCorpusTraceTests.test_square_decomposition_cases_cover_scalar_empty_and_noncontiguous_inputs) ... ok
test_tuple_list_outputs_preserve_container_aliasing (test_compile_corpus.CompileCorpusTraceTests.test_tuple_list_outputs_preserve_container_aliasing) ... ok
test_tuple_list_outputs_record_private_graph_structure (test_compile_corpus.CompileCorpusTraceTests.test_tuple_list_outputs_record_private_graph_structure) ... ok
test_tuple_list_outputs_reject_non_tensor_leaves_and_dicts (test_compile_corpus.CompileCorpusTraceTests.test_tuple_list_outputs_reject_non_tensor_leaves_and_dicts) ... ok
test_two_input_binary_executor_matches_empty_and_strided_broadcasts (test_compile_corpus.CompileCorpusTraceTests.test_two_input_binary_executor_matches_empty_and_strided_broadcasts) ... ok
test_two_input_binary_executor_matches_no_grad_requires_grad_outputs (test_compile_corpus.CompileCorpusTraceTests.test_two_input_binary_executor_matches_no_grad_requires_grad_outputs) ... ok
test_two_input_broadcast_executes_private_native_graph_for_key_layouts (test_compile_corpus.CompileCorpusTraceTests.test_two_input_broadcast_executes_private_native_graph_for_key_layouts) ... ok
test_two_input_broadcast_records_private_immutable_graph (test_compile_corpus.CompileCorpusTraceTests.test_two_input_broadcast_records_private_immutable_graph) ... ok
test_unary_abs_neg_executes_private_native_graph (test_compile_corpus.CompileCorpusTraceTests.test_unary_abs_neg_executes_private_native_graph) ... ok
test_unary_abs_neg_executor_matches_no_grad_requires_grad_outputs (test_compile_corpus.CompileCorpusTraceTests.test_unary_abs_neg_executor_matches_no_grad_requires_grad_outputs) ... ok
test_unary_abs_neg_records_private_immutable_graph (test_compile_corpus.CompileCorpusTraceTests.test_unary_abs_neg_records_private_immutable_graph) ... ok
test_unary_output_metadata_matches_native_stride_planning (test_compile_corpus.CompileCorpusTraceTests.test_unary_output_metadata_matches_native_stride_planning) ... ok
test_dynamic_shape_symbolics_cases_run_variants_without_user_code (test_compile_corpus.CompileRecompilationGuardCorpusTests.test_dynamic_shape_symbolics_cases_run_variants_without_user_code) ... ok
test_torch_rs_guard_scenarios_recompile_on_metadata_changes (test_compile_corpus.CompileRecompilationGuardCorpusTests.test_torch_rs_guard_scenarios_recompile_on_metadata_changes) ... ok
test_reference_pytorch_2_13_accepts_all_eligible_cases (test_compile_corpus.TorchCompileCorpusReferenceTests.test_reference_pytorch_2_13_accepts_all_eligible_cases) ... /data/users/bobren/a/pytorch-rs-burner/.burner/worktrees/composite_17c2e82f/target/python314-checkout/.venv/lib/python3.14/site-packages/torch/jit/_script.py:359: DeprecationWarning: `torch.jit.script_method` is not supported in Python 3.14+ and may break. Please switch to `torch.compile` or `torch.export`.
  warnings.warn(
ok
test_reference_pytorch_2_13_accepts_recompilation_guard_sequences (test_compile_corpus.TorchCompileCorpusReferenceTests.test_reference_pytorch_2_13_accepts_recompilation_guard_sequences) ... W0910 04:36:46.522000 2218989 .venv/lib/python3.14/site-packages/torch/_dynamo/convert_frame.py:1994] [0/2] torch._dynamo hit config.recompile_limit (2)
W0910 04:36:46.522000 2218989 .venv/lib/python3.14/site-packages/torch/_dynamo/convert_frame.py:1994] [0/2]    function: 'cpu_float32_recompile_limit_reset' (/data/users/bobren/a/pytorch-rs-burner/.burner/worktrees/composite_17c2e82f/target/python314-checkout/tests/test_compile_corpus.py:278)
W0910 04:36:46.522000 2218989 .venv/lib/python3.14/site-packages/torch/_dynamo/convert_frame.py:1994] [0/2]    last reason: 0/1: tensor 'x' rank mismatch. expected 1, actual 2
W0910 04:36:46.522000 2218989 .venv/lib/python3.14/site-packages/torch/_dynamo/convert_frame.py:1994] [0/2] To log all recompilation reasons, use TORCH_LOGS="recompiles".
W0910 04:36:46.522000 2218989 .venv/lib/python3.14/site-packages/torch/_dynamo/convert_frame.py:1994] [0/2] To diagnose recompilation issues, see https://docs.pytorch.org/docs/main/user_guide/torch_compiler/compile/programming_model.recompilation.html
ok
test_torch_rs_compile_runs_eligible_eager_cases_natively (test_compile_corpus.TorchCompileCorpusReferenceTests.test_torch_rs_compile_runs_eligible_eager_cases_natively) ... ok
test_checked_in_cuda_prepared_executor_artifact_records_reuse (test_compile_cuda_benchmark.CompileCudaBenchmarkTests.test_checked_in_cuda_prepared_executor_artifact_records_reuse) ... ok
test_compiler_reset_closes_registered_cuda_executors (test_compile_cuda_benchmark.CompileCudaBenchmarkTests.test_compiler_reset_closes_registered_cuda_executors) ... ok
test_cpu_eager_compile_execution_is_not_eligible_cuda_evidence (test_compile_cuda_benchmark.CompileCudaBenchmarkTests.test_cpu_eager_compile_execution_is_not_eligible_cuda_evidence) ... ok
test_cuda_compile_aggregate_keeps_zero_credit_cells_in_denominator (test_compile_cuda_benchmark.CompileCudaBenchmarkTests.test_cuda_compile_aggregate_keeps_zero_credit_cells_in_denominator) ... ok
test_cuda_compile_benchmark_empty_override_honors_visible_mask_on_h100 (test_compile_cuda_benchmark.CompileCudaBenchmarkTests.test_cuda_compile_benchmark_empty_override_honors_visible_mask_on_h100) ... ok
test_cuda_compile_classifier_rejects_contradictory_compile_settings (test_compile_cuda_benchmark.CompileCudaBenchmarkTests.test_cuda_compile_classifier_rejects_contradictory_compile_settings) ... ok
test_cuda_compile_shape_matrix_is_fixed_and_weighted (test_compile_cuda_benchmark.CompileCudaBenchmarkTests.test_cuda_compile_shape_matrix_is_fixed_and_weighted) ... ok
test_cuda_reference_benchmark_smoke (test_compile_cuda_benchmark.CompileCudaBenchmarkTests.test_cuda_reference_benchmark_smoke) ... ok
test_one_shot_executor_release_records_executor_close_free (test_compile_cuda_benchmark.CompileCudaBenchmarkTests.test_one_shot_executor_release_records_executor_close_free) ... ok
test_prepared_executor_close_defers_live_output_free (test_compile_cuda_benchmark.CompileCudaBenchmarkTests.test_prepared_executor_close_defers_live_output_free) ... ok
test_prepared_executor_derives_metadata_pool_and_launch_from_shape (test_compile_cuda_benchmark.CompileCudaBenchmarkTests.test_prepared_executor_derives_metadata_pool_and_launch_from_shape) ... ok
test_prepared_executor_hoists_device_selection_out_of_launch (test_compile_cuda_benchmark.CompileCudaBenchmarkTests.test_prepared_executor_hoists_device_selection_out_of_launch) ... ok
test_prepared_executor_launch_dimensions_are_shape_derived (test_compile_cuda_benchmark.CompileCudaBenchmarkTests.test_prepared_executor_launch_dimensions_are_shape_derived) ... ok
test_prepared_executor_lazy_readback_rejects_device_change (test_compile_cuda_benchmark.CompileCudaBenchmarkTests.test_prepared_executor_lazy_readback_rejects_device_change) ... ok
test_prepared_executor_lazy_readback_rejects_visibility_mask_change (test_compile_cuda_benchmark.CompileCudaBenchmarkTests.test_prepared_executor_lazy_readback_rejects_visibility_mask_change) ... ok
test_prepared_executor_materializes_full_evidence_lazily (test_compile_cuda_benchmark.CompileCudaBenchmarkTests.test_prepared_executor_materializes_full_evidence_lazily) ... ok
test_prepared_executor_output_pool_does_not_reuse_live_outputs (test_compile_cuda_benchmark.CompileCudaBenchmarkTests.test_prepared_executor_output_pool_does_not_reuse_live_outputs) ... ok
test_prepared_executor_output_pool_reuses_released_buffers (test_compile_cuda_benchmark.CompileCudaBenchmarkTests.test_prepared_executor_output_pool_reuses_released_buffers) ... ok
test_prepared_executor_rejects_mismatched_shape_family_inputs (test_compile_cuda_benchmark.CompileCudaBenchmarkTests.test_prepared_executor_rejects_mismatched_shape_family_inputs) ... ok
test_prepared_executor_uses_thread_local_launch_parameters (test_compile_cuda_benchmark.CompileCudaBenchmarkTests.test_prepared_executor_uses_thread_local_launch_parameters) ... ok
test_private_cuda_buffer_pool_keeps_acquisition_and_release_compact (test_compile_cuda_benchmark.CompileCudaBenchmarkTests.test_private_cuda_buffer_pool_keeps_acquisition_and_release_compact) ... ok
test_private_cuda_buffer_pool_reuses_released_buffer_once (test_compile_cuda_benchmark.CompileCudaBenchmarkTests.test_private_cuda_buffer_pool_reuses_released_buffer_once) ... ok
test_private_cuda_buffer_pool_serializes_close_during_allocation (test_compile_cuda_benchmark.CompileCudaBenchmarkTests.test_private_cuda_buffer_pool_serializes_close_during_allocation) ... ok
test_private_cuda_driver_probe_is_not_public_cuda_support (test_compile_cuda_benchmark.CompileCudaBenchmarkTests.test_private_cuda_driver_probe_is_not_public_cuda_support) ... ok
test_private_cuda_float32_buffer_is_not_public_cuda_support (test_compile_cuda_benchmark.CompileCudaBenchmarkTests.test_private_cuda_float32_buffer_is_not_public_cuda_support) ... ok
test_private_cuda_pointwise_build_directory_rejects_symlinked_parent (test_compile_cuda_benchmark.CompileCudaBenchmarkTests.test_private_cuda_pointwise_build_directory_rejects_symlinked_parent) ... ok
test_private_cuda_pointwise_build_rejects_symlinked_artifact_path (test_compile_cuda_benchmark.CompileCudaBenchmarkTests.test_private_cuda_pointwise_build_rejects_symlinked_artifact_path) ... ok
test_private_cuda_pointwise_kernel_empty_override_skips_env_string_check (test_compile_cuda_benchmark.CompileCudaBenchmarkTests.test_private_cuda_pointwise_kernel_empty_override_skips_env_string_check) ... ok
test_private_cuda_pointwise_kernel_honors_caller_visibility_mask (test_compile_cuda_benchmark.CompileCudaBenchmarkTests.test_private_cuda_pointwise_kernel_honors_caller_visibility_mask) ... ok
test_private_cuda_pointwise_kernel_is_not_public_cuda_support (test_compile_cuda_benchmark.CompileCudaBenchmarkTests.test_private_cuda_pointwise_kernel_is_not_public_cuda_support) ... ok
test_private_cuda_pointwise_kernel_launches_and_syncs_on_h100 (test_compile_cuda_benchmark.CompileCudaBenchmarkTests.test_private_cuda_pointwise_kernel_launches_and_syncs_on_h100) ... ok
test_private_cuda_pointwise_kernel_reports_no_visible_cuda_cleanly (test_compile_cuda_benchmark.CompileCudaBenchmarkTests.test_private_cuda_pointwise_kernel_reports_no_visible_cuda_cleanly) ... ok
test_private_cuda_pointwise_kernel_validator_rejects_cpu_fallback (test_compile_cuda_benchmark.CompileCudaBenchmarkTests.test_private_cuda_pointwise_kernel_validator_rejects_cpu_fallback) ... ok
test_private_cuda_pointwise_reduce_matches_pytorch_compile_on_h100 (test_compile_cuda_benchmark.CompileCudaBenchmarkTests.test_private_cuda_pointwise_reduce_matches_pytorch_compile_on_h100) ... ok
test_private_cuda_pointwise_reduce_reports_no_visible_cuda_cleanly (test_compile_cuda_benchmark.CompileCudaBenchmarkTests.test_private_cuda_pointwise_reduce_reports_no_visible_cuda_cleanly) ... ok
test_private_cuda_pointwise_reduce_validator_rejects_cpu_fallback (test_compile_cuda_benchmark.CompileCudaBenchmarkTests.test_private_cuda_pointwise_reduce_validator_rejects_cpu_fallback) ... ok
test_private_cuda_pointwise_reduce_workload_is_not_public_cuda_support (test_compile_cuda_benchmark.CompileCudaBenchmarkTests.test_private_cuda_pointwise_reduce_workload_is_not_public_cuda_support) ... ok
test_private_cuda_runtime_roundtrip_allocates_copies_and_syncs_on_h100 (test_compile_cuda_benchmark.CompileCudaBenchmarkTests.test_private_cuda_runtime_roundtrip_allocates_copies_and_syncs_on_h100) ... ok
test_private_cuda_runtime_roundtrip_is_not_public_cuda_support (test_compile_cuda_benchmark.CompileCudaBenchmarkTests.test_private_cuda_runtime_roundtrip_is_not_public_cuda_support) ... ok
test_private_cuda_runtime_roundtrip_rejects_wrong_visible_mask_early (test_compile_cuda_benchmark.CompileCudaBenchmarkTests.test_private_cuda_runtime_roundtrip_rejects_wrong_visible_mask_early) ... ok
test_private_cuda_runtime_roundtrip_reports_no_visible_cuda_cleanly (test_compile_cuda_benchmark.CompileCudaBenchmarkTests.test_private_cuda_runtime_roundtrip_reports_no_visible_cuda_cleanly) ... ok
test_private_cuda_runtime_roundtrip_validator_rejects_cpu_fallback (test_compile_cuda_benchmark.CompileCudaBenchmarkTests.test_private_cuda_runtime_roundtrip_validator_rejects_cpu_fallback) ... ok
test_public_cuda_benchmark_tensor_exposes_metadata_snapshot (test_compile_cuda_benchmark.CompileCudaBenchmarkTests.test_public_cuda_benchmark_tensor_exposes_metadata_snapshot) ... ok
test_public_cuda_benchmark_tensor_rejects_cpu_wrong_device_and_wrong_dtype (test_compile_cuda_benchmark.CompileCudaBenchmarkTests.test_public_cuda_benchmark_tensor_rejects_cpu_wrong_device_and_wrong_dtype) ... ok
test_public_cuda_benchmark_tensor_rejects_metadata_update_collisions (test_compile_cuda_benchmark.CompileCudaBenchmarkTests.test_public_cuda_benchmark_tensor_rejects_metadata_update_collisions) ... ok
test_public_cuda_benchmark_tensor_rejects_non_private_buffers (test_compile_cuda_benchmark.CompileCudaBenchmarkTests.test_public_cuda_benchmark_tensor_rejects_non_private_buffers) ... ok
test_public_cuda_benchmark_tensor_validator_rejects_fallback_device_and_dtype (test_compile_cuda_benchmark.CompileCudaBenchmarkTests.test_public_cuda_benchmark_tensor_validator_rejects_fallback_device_and_dtype) ... ok
test_public_cuda_benchmark_tensor_wrapper_is_narrow (test_compile_cuda_benchmark.CompileCudaBenchmarkTests.test_public_cuda_benchmark_tensor_wrapper_is_narrow) ... ok
test_pytorch_reference_timing_excludes_checksum_materialization (test_compile_cuda_benchmark.CompileCudaBenchmarkTests.test_pytorch_reference_timing_excludes_checksum_materialization) ... ok
test_torch_compile_inductor_pointwise_reduce_accepts_fixed_shape_family (test_compile_cuda_benchmark.CompileCudaBenchmarkTests.test_torch_compile_inductor_pointwise_reduce_accepts_fixed_shape_family) ... ok
test_torch_compile_inductor_pointwise_reduce_hoists_device_selection_on_h100 (test_compile_cuda_benchmark.CompileCudaBenchmarkTests.test_torch_compile_inductor_pointwise_reduce_hoists_device_selection_on_h100) ... ok
test_torch_compile_inductor_pointwise_reduce_normalizes_python314_bytecode (test_compile_cuda_benchmark.CompileCudaBenchmarkTests.test_torch_compile_inductor_pointwise_reduce_normalizes_python314_bytecode) ... ok
test_torch_compile_inductor_pointwise_reduce_prepares_executor_once (test_compile_cuda_benchmark.CompileCudaBenchmarkTests.test_torch_compile_inductor_pointwise_reduce_prepares_executor_once) ... ok
test_torch_compile_inductor_pointwise_reduce_rejects_cpu_inputs_on_h100 (test_compile_cuda_benchmark.CompileCudaBenchmarkTests.test_torch_compile_inductor_pointwise_reduce_rejects_cpu_inputs_on_h100) ... ok
test_torch_compile_inductor_pointwise_reduce_rejects_invalid_recompile_limit (test_compile_cuda_benchmark.CompileCudaBenchmarkTests.test_torch_compile_inductor_pointwise_reduce_rejects_invalid_recompile_limit) ... ok
test_torch_compile_inductor_pointwise_reduce_rejects_spoofed_body (test_compile_cuda_benchmark.CompileCudaBenchmarkTests.test_torch_compile_inductor_pointwise_reduce_rejects_spoofed_body) ... ok
test_torch_compile_inductor_pointwise_reduce_rejects_unsupported_markers (test_compile_cuda_benchmark.CompileCudaBenchmarkTests.test_torch_compile_inductor_pointwise_reduce_rejects_unsupported_markers) ... ok
test_torch_compile_inductor_pointwise_reduce_rejects_wrong_backend_on_h100 (test_compile_cuda_benchmark.CompileCudaBenchmarkTests.test_torch_compile_inductor_pointwise_reduce_rejects_wrong_backend_on_h100) ... ok
test_torch_compile_inductor_pointwise_reduce_rejects_wrong_shape_on_h100 (test_compile_cuda_benchmark.CompileCudaBenchmarkTests.test_torch_compile_inductor_pointwise_reduce_rejects_wrong_shape_on_h100) ... ok
test_torch_compile_inductor_pointwise_reduce_reprepares_after_reset (test_compile_cuda_benchmark.CompileCudaBenchmarkTests.test_torch_compile_inductor_pointwise_reduce_reprepares_after_reset) ... ok
test_torch_compile_inductor_pointwise_reduce_reprepares_after_reset_on_h100 (test_compile_cuda_benchmark.CompileCudaBenchmarkTests.test_torch_compile_inductor_pointwise_reduce_reprepares_after_reset_on_h100) ... ok
test_torch_compile_inductor_pointwise_reduce_reprepares_same_marker_shape_after_reset (test_compile_cuda_benchmark.CompileCudaBenchmarkTests.test_torch_compile_inductor_pointwise_reduce_reprepares_same_marker_shape_after_reset) ... ok
test_torch_compile_inductor_pointwise_reduce_reuses_executor_on_h100 (test_compile_cuda_benchmark.CompileCudaBenchmarkTests.test_torch_compile_inductor_pointwise_reduce_reuses_executor_on_h100) ... ok
test_torch_compile_inductor_pointwise_reduce_runs_native_cuda_on_h100 (test_compile_cuda_benchmark.CompileCudaBenchmarkTests.test_torch_compile_inductor_pointwise_reduce_runs_native_cuda_on_h100) ... ok
test_torch_compile_inductor_pointwise_reduce_shape_family_on_h100 (test_compile_cuda_benchmark.CompileCudaBenchmarkTests.test_torch_compile_inductor_pointwise_reduce_shape_family_on_h100) ... ok
test_torch_compile_inductor_pointwise_reduce_signature_matches_bytecode (test_compile_cuda_benchmark.CompileCudaBenchmarkTests.test_torch_compile_inductor_pointwise_reduce_signature_matches_bytecode) ... ok
test_torch_compile_inductor_wrong_mask_rejects_before_cuda_probe (test_compile_cuda_benchmark.CompileCudaBenchmarkTests.test_torch_compile_inductor_wrong_mask_rejects_before_cuda_probe) ... ok
test_torch_rs_cuda_compile_repeated_closes_temporary_outputs (test_compile_cuda_benchmark.CompileCudaBenchmarkTests.test_torch_rs_cuda_compile_repeated_closes_temporary_outputs) ... ok
test_torch_rs_cuda_zero_credit_row_is_explicit (test_compile_cuda_benchmark.CompileCudaBenchmarkTests.test_torch_rs_cuda_zero_credit_row_is_explicit) ... ok
test_cpu_cuda_cache_separation_and_original_bypass (test_compile_cuda_boundary.CompileCudaBoundaryTests.test_cpu_cuda_cache_separation_and_original_bypass) ... ok
test_dynamic_cache_hit_preflights_late_shape_mismatch (test_compile_cuda_boundary.CompileCudaBoundaryTests.test_dynamic_cache_hit_preflights_late_shape_mismatch) ... ok
test_global_capture_transitions_and_recompile_limit (test_compile_cuda_boundary.CompileCudaBoundaryTests.test_global_capture_transitions_and_recompile_limit) ... ok
test_ieee_edges_and_dynamic_offset_guards (test_compile_cuda_boundary.CompileCudaBoundaryTests.test_ieee_edges_and_dynamic_offset_guards) ... ok
test_native_failure_does_not_publish_cache (test_compile_cuda_boundary.CompileCudaBoundaryTests.test_native_failure_does_not_publish_cache) ... ok
test_no_pytorch_import_or_original_execution (test_compile_cuda_boundary.CompileCudaBoundaryTests.test_no_pytorch_import_or_original_execution) ... ok
test_offset_layout_metadata_and_cache_guards (test_compile_cuda_boundary.CompileCudaBoundaryTests.test_offset_layout_metadata_and_cache_guards) ... ok
test_private_trace_entrypoints_keep_unsupported_guards (test_compile_cuda_boundary.CompileCudaBoundaryTests.test_private_trace_entrypoints_keep_unsupported_guards) ... ok
test_seeded_shapes_structures_and_changed_data_against_reference (test_compile_cuda_boundary.CompileCudaBoundaryTests.test_seeded_shapes_structures_and_changed_data_against_reference) ... ok
test_unsupported_fresh_and_cpu_warmed_leave_cache_unchanged (test_compile_cuda_boundary.CompileCudaBoundaryTests.test_unsupported_fresh_and_cpu_warmed_leave_cache_unchanged) ... ok
test_ordinals_captures_and_current_device_restoration (test_compile_cuda_boundary.CompileCudaDeviceTests.test_ordinals_captures_and_current_device_restoration) ... skipped 'requires real CUDA with CUDA_VISIBLE_DEVICES=0,1'
test_ownership_restoration_and_cache_separation (test_compile_cuda_mul_scalar.CompileCudaMulScalarDeviceTests.test_ownership_restoration_and_cache_separation) ... skipped 'requires real CUDA with CUDA_VISIBLE_DEVICES=0,1'
test_binding_guards_and_code_replacement (test_compile_cuda_mul_scalar.CompileCudaMulScalarTests.test_binding_guards_and_code_replacement) ... ok
test_dynamic_scalar_node_metadata_rejects_before_execution (test_compile_cuda_mul_scalar.CompileCudaMulScalarTests.test_dynamic_scalar_node_metadata_rejects_before_execution) ... ok
test_dynamic_static_guards_cpu_separation_and_nested_aliases (test_compile_cuda_mul_scalar.CompileCudaMulScalarTests.test_dynamic_static_guards_cpu_separation_and_nested_aliases) ... ok
test_generated_graphlets_and_operator_method_top_level_forms (test_compile_cuda_mul_scalar.CompileCudaMulScalarTests.test_generated_graphlets_and_operator_method_top_level_forms) ... ok
test_guarded_globals_helper_rebinding_and_limit (test_compile_cuda_mul_scalar.CompileCudaMulScalarTests.test_guarded_globals_helper_rebinding_and_limit) ... ok
test_ieee_scalar_conversion_singleton_strides_offsets_and_empty_views (test_compile_cuda_mul_scalar.CompileCudaMulScalarTests.test_ieee_scalar_conversion_singleton_strides_offsets_and_empty_views) ... ok
test_large_complete_data_and_no_pytorch_import (test_compile_cuda_mul_scalar.CompileCudaMulScalarTests.test_large_complete_data_and_no_pytorch_import) ... ok
test_malformed_late_nodes_and_execution_failure (test_compile_cuda_mul_scalar.CompileCudaMulScalarTests.test_malformed_late_nodes_and_execution_failure) ... ok
test_reject_before_execution_cache_and_native_hooks (test_compile_cuda_mul_scalar.CompileCudaMulScalarTests.test_reject_before_execution_cache_and_native_hooks) ... ok
test_tensor_capture_and_stride_changes (test_compile_cuda_mul_scalar.CompileCudaMulScalarTests.test_tensor_capture_and_stride_changes) ... ok
test_recorder_scalar_nodes_reject_cpu_and_unsupported_metadata (test_compile_cuda_mul_scalar.CompileScalarMetadataTests.test_recorder_scalar_nodes_reject_cpu_and_unsupported_metadata) ... ok
test_scalar_conversion_and_native_fail_closed_without_gpu (test_compile_cuda_mul_scalar.CompileScalarMetadataTests.test_scalar_conversion_and_native_fail_closed_without_gpu) ... ok
test_failed_reference_wrong_data_and_unsupported_results_are_retained (test_compile_cuda_mul_scalar_diagnostic.ScalarDiagnosticAccountingTests.test_failed_reference_wrong_data_and_unsupported_results_are_retained) ... ok
test_setup_failure_is_written_and_returns_nonzero (test_compile_cuda_mul_scalar_diagnostic.ScalarDiagnosticAccountingTests.test_setup_failure_is_written_and_returns_nonzero) ... ok
test_ownership_captures_and_device_restoration (test_compile_cuda_neg.CompileCudaNegDeviceTests.test_ownership_captures_and_device_restoration) ... skipped 'requires real CUDA with CUDA_VISIBLE_DEVICES=0,1'
test_captures_nested_outputs_and_repeated_inputs (test_compile_cuda_neg.CompileCudaNegTests.test_captures_nested_outputs_and_repeated_inputs) ... ok
test_cold_cpu_warmed_and_device_guards (test_compile_cuda_neg.CompileCudaNegTests.test_cold_cpu_warmed_and_device_guards) ... ok
test_generated_shapes_lengths_and_forms (test_compile_cuda_neg.CompileCudaNegTests.test_generated_shapes_lengths_and_forms) ... ok
test_global_offset_shape_and_layout_guards (test_compile_cuda_neg.CompileCudaNegTests.test_global_offset_shape_and_layout_guards) ... ok
test_offsets_ieee_metadata_dynamic_and_stride_guards (test_compile_cuda_neg.CompileCudaNegTests.test_offsets_ieee_metadata_dynamic_and_stride_guards) ... ok
test_reject_before_execution_and_cache_insertion (test_compile_cuda_neg.CompileCudaNegTests.test_reject_before_execution_and_cache_insertion) ... ok
test_stream_completion_and_independent_storage (test_compile_cuda_neg.CompileCudaNegTests.test_stream_completion_and_independent_storage) ... ok
test_documented_command_on_real_cuda (test_compile_cuda_neg_add_diagnostic.DiagnosticAccountingTests.test_documented_command_on_real_cuda) ... ok
test_documented_commands_preserve_raw_results_and_exit_status (test_compile_cuda_neg_add_diagnostic.DiagnosticAccountingTests.test_documented_commands_preserve_raw_results_and_exit_status) ... ok
test_empty_matrix_and_provenance_errors_cannot_succeed (test_compile_cuda_neg_add_diagnostic.DiagnosticAccountingTests.test_empty_matrix_and_provenance_errors_cannot_succeed) ... ok
test_versioned_matrix_retains_addition_and_unsupported_guards (test_compile_cuda_neg_add_diagnostic.DiagnosticAccountingTests.test_versioned_matrix_retains_addition_and_unsupported_guards) ... ok
test_troubleshooting_supported_boundary_and_report_navigation (test_compile_cuda_neg_add_diagnostic.DiagnosticDocumentationTests.test_troubleshooting_supported_boundary_and_report_navigation) ... ok
test_ordinals_and_restoration (test_compile_cuda_trailing_vector.CompileCudaTrailingVectorDeviceTests.test_ordinals_and_restoration) ... skipped 'requires real CUDA with CUDA_VISIBLE_DEVICES=0,1'
test_all_add_forms_and_compositions_held_out (test_compile_cuda_trailing_vector.CompileCudaTrailingVectorTests.test_all_add_forms_and_compositions_held_out) ... ok
test_dynamic_guards_invalidated_cache_and_forged_metadata (test_compile_cuda_trailing_vector.CompileCudaTrailingVectorTests.test_dynamic_guards_invalidated_cache_and_forged_metadata) ... ok
test_fail_closed_public_and_private (test_compile_cuda_trailing_vector.CompileCudaTrailingVectorTests.test_fail_closed_public_and_private) ... ok
test_globals_helpers_callable_guards_and_lifetimes (test_compile_cuda_trailing_vector.CompileCudaTrailingVectorTests.test_globals_helpers_callable_guards_and_lifetimes) ... ok
test_large_empty_dynamic_cache_replans_wrapped_strides (test_compile_cuda_trailing_vector.CompileCudaTrailingVectorTests.test_large_empty_dynamic_cache_replans_wrapped_strides) ... ok
test_large_empty_signed_byte_strides_all_policies (test_compile_cuda_trailing_vector.CompileCudaTrailingVectorTests.test_large_empty_signed_byte_strides_all_policies) ... ok
test_no_installed_torch_python_body_or_public_eager_dispatch (test_compile_cuda_trailing_vector.CompileCudaTrailingVectorTests.test_no_installed_torch_python_body_or_public_eager_dispatch) ... ok
test_noncanonical_singleton_empty_and_offset_metadata (test_compile_cuda_trailing_vector.CompileCudaTrailingVectorTests.test_noncanonical_singleton_empty_and_offset_metadata) ... ok
test_exact_shape_relation_and_cpu_broadcasting (test_compile_cuda_trailing_vector.TrailingVectorMetadataTests.test_exact_shape_relation_and_cpu_broadcasting) ... ok
test_failures_and_interruptions_are_retained (test_compile_cuda_trailing_vector_diagnostic.TrailingVectorDiagnosticTests.test_failures_and_interruptions_are_retained) ... ok
test_unsupported_and_ineligible_cases_never_earn_credit (test_compile_cuda_trailing_vector_diagnostic.TrailingVectorDiagnosticTests.test_unsupported_and_ineligible_cases_never_earn_credit) ... ok
test_copying_and_pickling_are_canonical (test_compiled_with_cxx11_abi.CompiledWithCxx11AbiTests.test_copying_and_pickling_are_canonical) ... ok
test_direct_imports_and_private_native_placement (test_compiled_with_cxx11_abi.CompiledWithCxx11AbiTests.test_direct_imports_and_private_native_placement) ... ok
test_import_is_probe_free_and_does_not_import_pytorch (test_compiled_with_cxx11_abi.CompiledWithCxx11AbiTests.test_import_is_probe_free_and_does_not_import_pytorch) ... ok
test_package_and_native_reloads_preserve_the_contract (test_compiled_with_cxx11_abi.CompiledWithCxx11AbiTests.test_package_and_native_reloads_preserve_the_contract) ... ok
test_public_query_ignores_native_flag_mutation_and_deletion (test_compiled_with_cxx11_abi.CompiledWithCxx11AbiTests.test_public_query_ignores_native_flag_mutation_and_deletion) ... ok
test_rejects_arguments_with_pytorch_2_13_errors (test_compiled_with_cxx11_abi.CompiledWithCxx11AbiTests.test_rejects_arguments_with_pytorch_2_13_errors) ... ok
test_reports_exact_false_native_build_capability_without_probes (test_compiled_with_cxx11_abi.CompiledWithCxx11AbiTests.test_reports_exact_false_native_build_capability_without_probes) ... ok
test_signature_documentation_and_identity_match_pytorch_shape (test_compiled_with_cxx11_abi.CompiledWithCxx11AbiTests.test_signature_documentation_and_identity_match_pytorch_shape) ... ok
test_value_and_identity_are_stable_across_threads (test_compiled_with_cxx11_abi.CompiledWithCxx11AbiTests.test_value_and_identity_are_stable_across_threads) ... ok
test_argument_errors_match_pytorch_2_13 (test_compiled_with_cxx11_abi_reference.CompiledWithCxx11AbiReferenceTests.test_argument_errors_match_pytorch_2_13) ... ok
test_copying_and_pickling_match_pytorch_2_13 (test_compiled_with_cxx11_abi_reference.CompiledWithCxx11AbiReferenceTests.test_copying_and_pickling_match_pytorch_2_13) ... ok
test_direct_import_and_wildcard_placement_match_pytorch_2_13 (test_compiled_with_cxx11_abi_reference.CompiledWithCxx11AbiReferenceTests.test_direct_import_and_wildcard_placement_match_pytorch_2_13) ... ok
test_metadata_matches_pytorch_2_13 (test_compiled_with_cxx11_abi_reference.CompiledWithCxx11AbiReferenceTests.test_metadata_matches_pytorch_2_13) ... ok
test_native_flag_mutation_and_deletion_match_pytorch_2_13 (test_compiled_with_cxx11_abi_reference.CompiledWithCxx11AbiReferenceTests.test_native_flag_mutation_and_deletion_match_pytorch_2_13) ... ok
test_thread_behavior_matches_pytorch_2_13 (test_compiled_with_cxx11_abi_reference.CompiledWithCxx11AbiReferenceTests.test_thread_behavior_matches_pytorch_2_13) ... ok
test_values_are_build_specific_exact_booleans (test_compiled_with_cxx11_abi_reference.CompiledWithCxx11AbiReferenceTests.test_values_are_build_specific_exact_booleans) ... ok
test_call_shape_errors_match_pytorch_2_13 (test_compiler_assume_constant_result.CompilerAssumeConstantResultTests.test_call_shape_errors_match_pytorch_2_13) ... ok
test_decorator_marks_the_original_function_without_changing_eager_calls (test_compiler_assume_constant_result.CompilerAssumeConstantResultTests.test_decorator_marks_the_original_function_without_changing_eager_calls) ... ok
test_decorator_preserves_method_binding_and_per_instance_state (test_compiler_assume_constant_result.CompilerAssumeConstantResultTests.test_decorator_preserves_method_binding_and_per_instance_state) ... ok
test_direct_positional_and_keyword_calls_return_the_exact_target (test_compiler_assume_constant_result.CompilerAssumeConstantResultTests.test_direct_positional_and_keyword_calls_return_the_exact_target) ... ok
test_exports_copy_and_pickle_use_canonical_objects (test_compiler_assume_constant_result.CompilerAssumeConstantResultTests.test_exports_copy_and_pickle_use_canonical_objects) ... ok
test_import_and_marking_do_not_import_pytorch (test_compiler_assume_constant_result.CompilerAssumeConstantResultTests.test_import_and_marking_do_not_import_pytorch) ... ok
test_invalid_targets_raise_attribute_assignment_errors (test_compiler_assume_constant_result.CompilerAssumeConstantResultTests.test_invalid_targets_raise_attribute_assignment_errors) ... ok
test_marking_does_not_enable_compilation_or_change_state_queries (test_compiler_assume_constant_result.CompilerAssumeConstantResultTests.test_marking_does_not_enable_compilation_or_change_state_queries) ... ok
test_repeated_marking_is_idempotent_and_overwrites_the_marker_with_true (test_compiler_assume_constant_result.CompilerAssumeConstantResultTests.test_repeated_marking_is_idempotent_and_overwrites_the_marker_with_true) ... ok
test_signature_annotations_documentation_and_module_identity (test_compiler_assume_constant_result.CompilerAssumeConstantResultTests.test_signature_annotations_documentation_and_module_identity) ... ok
test_call_shape_errors_match_pytorch_2_13 (test_compiler_assume_constant_result_reference.CompilerAssumeConstantResultReferenceTests.test_call_shape_errors_match_pytorch_2_13) ... ok
test_decorator_use_and_eager_behavior_match_pytorch_2_13 (test_compiler_assume_constant_result_reference.CompilerAssumeConstantResultReferenceTests.test_decorator_use_and_eager_behavior_match_pytorch_2_13) ... ok
test_direct_calls_and_noncallable_targets_match_pytorch_2_13 (test_compiler_assume_constant_result_reference.CompilerAssumeConstantResultReferenceTests.test_direct_calls_and_noncallable_targets_match_pytorch_2_13) ... ok
test_exports_copying_and_pickling_match_pytorch_2_13 (test_compiler_assume_constant_result_reference.CompilerAssumeConstantResultReferenceTests.test_exports_copying_and_pickling_match_pytorch_2_13) ... ok
test_invalid_target_errors_match_pytorch_2_13 (test_compiler_assume_constant_result_reference.CompilerAssumeConstantResultReferenceTests.test_invalid_target_errors_match_pytorch_2_13) ... ok
test_repeated_marking_matches_pytorch_2_13 (test_compiler_assume_constant_result_reference.CompilerAssumeConstantResultReferenceTests.test_repeated_marking_matches_pytorch_2_13) ... ok
test_signature_documentation_and_ownership_match_pytorch_2_13 (test_compiler_assume_constant_result_reference.CompilerAssumeConstantResultReferenceTests.test_signature_documentation_and_ownership_match_pytorch_2_13) ... ok
test_state_queries_stay_eager_and_graph_execution_stays_unsupported (test_compiler_assume_constant_result_reference.CompilerAssumeConstantResultReferenceTests.test_state_queries_stay_eager_and_graph_execution_stays_unsupported) ... ok
test_decorated_methods_keep_descriptor_binding (test_compiler_disable.CompilerDisableTests.test_decorated_methods_keep_descriptor_binding) ... ok
test_direct_bound_method_and_repeated_wrapping_match_function_behavior (test_compiler_disable.CompilerDisableTests.test_direct_bound_method_and_repeated_wrapping_match_function_behavior) ... ok
test_direct_calls_wrap_functions_and_preserve_eager_execution (test_compiler_disable.CompilerDisableTests.test_direct_calls_wrap_functions_and_preserve_eager_execution) ... ok
test_exports_copying_and_pickling_use_canonical_objects (test_compiler_disable.CompilerDisableTests.test_exports_copying_and_pickling_use_canonical_objects) ... ok
test_factories_are_callable_but_not_context_managers (test_compiler_disable.CompilerDisableTests.test_factories_are_callable_but_not_context_managers) ... ok
test_factory_decorated_methods_keep_descriptor_binding (test_compiler_disable.CompilerDisableTests.test_factory_decorated_methods_keep_descriptor_binding) ... ok
test_factory_forms_wrap_functions_and_preserve_configuration (test_compiler_disable.CompilerDisableTests.test_factory_forms_wrap_functions_and_preserve_configuration) ... ok
test_factory_rejects_none_as_a_decorator_target (test_compiler_disable.CompilerDisableTests.test_factory_rejects_none_as_a_decorator_target) ... ok
test_factory_snapshots_recursive_truthiness_and_is_reusable (test_compiler_disable.CompilerDisableTests.test_factory_snapshots_recursive_truthiness_and_is_reusable) ... ok
test_recursive_uses_truthiness_and_reason_is_preserved_by_identity (test_compiler_disable.CompilerDisableTests.test_recursive_uses_truthiness_and_reason_is_preserved_by_identity) ... ok
test_signature_documentation_and_module_identity (test_compiler_disable.CompilerDisableTests.test_signature_documentation_and_module_identity) ... ok
test_supported_call_shape_errors_match_pytorch_2_13 (test_compiler_disable.CompilerDisableTests.test_supported_call_shape_errors_match_pytorch_2_13) ... ok
test_unsupported_targets_fail_without_mutation_through_both_forms (test_compiler_disable.CompilerDisableTests.test_unsupported_targets_fail_without_mutation_through_both_forms) ... ok
test_wrapped_errors_and_return_values_are_transparent (test_compiler_disable.CompilerDisableTests.test_wrapped_errors_and_return_values_are_transparent) ... ok
test_wrapping_does_not_enable_compilation_or_import_pytorch (test_compiler_disable.CompilerDisableTests.test_wrapping_does_not_enable_compilation_or_import_pytorch) ... ok
test_compilation_stays_unsupported_and_eager_state_stays_false (test_compiler_disable_reference.CompilerDisableReferenceTests.test_compilation_stays_unsupported_and_eager_state_stays_false) ... ok
test_direct_bound_methods_and_repeated_wrapping_match_pytorch_2_13 (test_compiler_disable_reference.CompilerDisableReferenceTests.test_direct_bound_methods_and_repeated_wrapping_match_pytorch_2_13) ... ok
test_direct_wrapping_and_eager_calls_match_pytorch_2_13 (test_compiler_disable_reference.CompilerDisableReferenceTests.test_direct_wrapping_and_eager_calls_match_pytorch_2_13) ... ok
test_exports_copying_and_pickling_match_pytorch_2_13 (test_compiler_disable_reference.CompilerDisableReferenceTests.test_exports_copying_and_pickling_match_pytorch_2_13) ... ok
test_factory_forms_and_method_binding_match_pytorch_2_13 (test_compiler_disable_reference.CompilerDisableReferenceTests.test_factory_forms_and_method_binding_match_pytorch_2_13) ... ok
test_factory_none_rejection_matches_pytorch_2_13 (test_compiler_disable_reference.CompilerDisableReferenceTests.test_factory_none_rejection_matches_pytorch_2_13) ... ok
test_factory_recursive_snapshot_and_reuse_match_pytorch_2_13 (test_compiler_disable_reference.CompilerDisableReferenceTests.test_factory_recursive_snapshot_and_reuse_match_pytorch_2_13) ... ok
test_factory_repeated_wrapping_matches_pytorch_2_13 (test_compiler_disable_reference.CompilerDisableReferenceTests.test_factory_repeated_wrapping_matches_pytorch_2_13) ... ok
test_method_binding_matches_pytorch_2_13 (test_compiler_disable_reference.CompilerDisableReferenceTests.test_method_binding_matches_pytorch_2_13) ... ok
test_signature_documentation_and_ownership_match_pytorch_2_13 (test_compiler_disable_reference.CompilerDisableReferenceTests.test_signature_documentation_and_ownership_match_pytorch_2_13) ... ok
test_supported_errors_match_pytorch_2_13 (test_compiler_disable_reference.CompilerDisableReferenceTests.test_supported_errors_match_pytorch_2_13) ... ok
test_truthiness_and_reason_metadata_match_pytorch_2_13 (test_compiler_disable_reference.CompilerDisableReferenceTests.test_truthiness_and_reason_metadata_match_pytorch_2_13) ... ok
test_exports_copy_and_pickle_use_the_canonical_module (test_compiler_get_default_backend.CompilerGetDefaultBackendTests.test_exports_copy_and_pickle_use_the_canonical_module) ... ok
test_importing_and_calling_does_not_import_pytorch_or_a_registry (test_compiler_get_default_backend.CompilerGetDefaultBackendTests.test_importing_and_calling_does_not_import_pytorch_or_a_registry) ... ok
test_inductor_is_stable_across_threads_and_grad_modes (test_compiler_get_default_backend.CompilerGetDefaultBackendTests.test_inductor_is_stable_across_threads_and_grad_modes) ... ok
test_query_preserves_grad_mode (test_compiler_get_default_backend.CompilerGetDefaultBackendTests.test_query_preserves_grad_mode) ... ok
test_rejects_arguments_with_pytorch_2_13_errors (test_compiler_get_default_backend.CompilerGetDefaultBackendTests.test_rejects_arguments_with_pytorch_2_13_errors) ... ok
test_returns_exact_inductor_without_registry_lookups (test_compiler_get_default_backend.CompilerGetDefaultBackendTests.test_returns_exact_inductor_without_registry_lookups) ... ok
test_setter_and_reset_are_available_without_compilation (test_compiler_get_default_backend.CompilerGetDefaultBackendTests.test_setter_and_reset_are_available_without_compilation) ... ok
test_signature_annotations_documentation_and_module_identity (test_compiler_get_default_backend.CompilerGetDefaultBackendTests.test_signature_annotations_documentation_and_module_identity) ... ok
test_argument_errors_match_pytorch_2_13 (test_compiler_get_default_backend_reference.CompilerGetDefaultBackendReferenceTests.test_argument_errors_match_pytorch_2_13) ... ok
test_compilation_remains_deliberately_unsupported (test_compiler_get_default_backend_reference.CompilerGetDefaultBackendReferenceTests.test_compilation_remains_deliberately_unsupported) ... ok
test_exports_copy_and_pickle_match_pytorch_2_13 (test_compiler_get_default_backend_reference.CompilerGetDefaultBackendReferenceTests.test_exports_copy_and_pickle_match_pytorch_2_13) ... ok
test_setter_states_and_reset_match_pytorch_2_13 (test_compiler_get_default_backend_reference.CompilerGetDefaultBackendReferenceTests.test_setter_states_and_reset_match_pytorch_2_13) ... ok
test_signature_annotations_documentation_and_identity_match (test_compiler_get_default_backend_reference.CompilerGetDefaultBackendReferenceTests.test_signature_annotations_documentation_and_identity_match) ... ok
test_supported_default_threaded_and_grad_states_match_pytorch_2_13 (test_compiler_get_default_backend_reference.CompilerGetDefaultBackendReferenceTests.test_supported_default_threaded_and_grad_states_match_pytorch_2_13) ... ok
test_compile_export_and_other_compiler_apis_remain_unsupported (test_compiler_is_compiling.CompilerIsCompilingTests.test_compile_export_and_other_compiler_apis_remain_unsupported) ... ok
test_eager_false_is_exact_and_preserves_grad_mode (test_compiler_is_compiling.CompilerIsCompilingTests.test_eager_false_is_exact_and_preserves_grad_mode) ... ok
test_eager_false_is_stable_across_threads_and_grad_modes (test_compiler_is_compiling.CompilerIsCompilingTests.test_eager_false_is_stable_across_threads_and_grad_modes) ... ok
test_exports_copy_and_pickle_use_the_canonical_module (test_compiler_is_compiling.CompilerIsCompilingTests.test_exports_copy_and_pickle_use_the_canonical_module) ... ok
test_importing_the_package_does_not_import_pytorch (test_compiler_is_compiling.CompilerIsCompilingTests.test_importing_the_package_does_not_import_pytorch) ... ok
test_rejects_arguments_with_pytorch_2_13_errors (test_compiler_is_compiling.CompilerIsCompilingTests.test_rejects_arguments_with_pytorch_2_13_errors) ... ok
test_signature_annotations_documentation_and_module_identity (test_compiler_is_compiling.CompilerIsCompilingTests.test_signature_annotations_documentation_and_module_identity) ... ok
test_argument_errors_match_pytorch_2_13 (test_compiler_is_compiling_reference.CompilerIsCompilingReferenceTests.test_argument_errors_match_pytorch_2_13) ... ok
test_compile_export_and_other_compiler_apis_remain_unsupported (test_compiler_is_compiling_reference.CompilerIsCompilingReferenceTests.test_compile_export_and_other_compiler_apis_remain_unsupported) ... ok
test_exports_copy_and_pickle_match_the_supported_scope (test_compiler_is_compiling_reference.CompilerIsCompilingReferenceTests.test_exports_copy_and_pickle_match_the_supported_scope) ... ok
test_reference_eager_backend_compile_bounds_the_true_state (test_compiler_is_compiling_reference.CompilerIsCompilingReferenceTests.test_reference_eager_backend_compile_bounds_the_true_state) ... ok
test_signature_annotations_documentation_and_identity_match (test_compiler_is_compiling_reference.CompilerIsCompilingReferenceTests.test_signature_annotations_documentation_and_identity_match) ... ok
test_supported_eager_threaded_and_grad_states_match_pytorch_2_13 (test_compiler_is_compiling_reference.CompilerIsCompilingReferenceTests.test_supported_eager_threaded_and_grad_states_match_pytorch_2_13) ... ok
test_compilation_remains_unsupported (test_compiler_is_dynamo_compiling.CompilerIsDynamoCompilingTests.test_compilation_remains_unsupported) ... ok
test_eager_false_is_exact_and_preserves_grad_mode (test_compiler_is_dynamo_compiling.CompilerIsDynamoCompilingTests.test_eager_false_is_exact_and_preserves_grad_mode) ... ok
test_eager_false_is_stable_across_threads_and_grad_modes (test_compiler_is_dynamo_compiling.CompilerIsDynamoCompilingTests.test_eager_false_is_stable_across_threads_and_grad_modes) ... ok
test_exports_copy_and_pickle_use_the_canonical_module (test_compiler_is_dynamo_compiling.CompilerIsDynamoCompilingTests.test_exports_copy_and_pickle_use_the_canonical_module) ... ok
test_importing_the_package_does_not_import_pytorch (test_compiler_is_dynamo_compiling.CompilerIsDynamoCompilingTests.test_importing_the_package_does_not_import_pytorch) ... ok
test_rejects_arguments_with_pytorch_2_13_errors (test_compiler_is_dynamo_compiling.CompilerIsDynamoCompilingTests.test_rejects_arguments_with_pytorch_2_13_errors) ... ok
test_signature_annotations_documentation_and_module_identity (test_compiler_is_dynamo_compiling.CompilerIsDynamoCompilingTests.test_signature_annotations_documentation_and_module_identity) ... ok
test_argument_errors_match_pytorch_2_13 (test_compiler_is_dynamo_compiling_reference.CompilerIsDynamoCompilingReferenceTests.test_argument_errors_match_pytorch_2_13) ... ok
test_compilation_remains_unsupported (test_compiler_is_dynamo_compiling_reference.CompilerIsDynamoCompilingReferenceTests.test_compilation_remains_unsupported) ... ok
test_exports_copy_and_pickle_match_the_supported_scope (test_compiler_is_dynamo_compiling_reference.CompilerIsDynamoCompilingReferenceTests.test_exports_copy_and_pickle_match_the_supported_scope) ... ok
test_reference_eager_backend_compile_bounds_the_true_state (test_compiler_is_dynamo_compiling_reference.CompilerIsDynamoCompilingReferenceTests.test_reference_eager_backend_compile_bounds_the_true_state) ... ok
test_signature_annotations_documentation_and_identity_match (test_compiler_is_dynamo_compiling_reference.CompilerIsDynamoCompilingReferenceTests.test_signature_annotations_documentation_and_identity_match) ... ok
test_supported_eager_threaded_and_grad_states_match_pytorch_2_13 (test_compiler_is_dynamo_compiling_reference.CompilerIsDynamoCompilingReferenceTests.test_supported_eager_threaded_and_grad_states_match_pytorch_2_13) ... ok
test_eager_false_is_exact_and_preserves_grad_mode (test_compiler_is_exporting.CompilerIsExportingTests.test_eager_false_is_exact_and_preserves_grad_mode) ... ok
test_eager_false_is_stable_across_threads_and_grad_modes (test_compiler_is_exporting.CompilerIsExportingTests.test_eager_false_is_stable_across_threads_and_grad_modes) ... ok
test_export_remains_unsupported (test_compiler_is_exporting.CompilerIsExportingTests.test_export_remains_unsupported) ... ok
test_exports_copy_and_pickle_use_the_canonical_module (test_compiler_is_exporting.CompilerIsExportingTests.test_exports_copy_and_pickle_use_the_canonical_module) ... ok
test_importing_the_package_does_not_import_pytorch (test_compiler_is_exporting.CompilerIsExportingTests.test_importing_the_package_does_not_import_pytorch) ... ok
test_rejects_arguments_with_pytorch_2_13_errors (test_compiler_is_exporting.CompilerIsExportingTests.test_rejects_arguments_with_pytorch_2_13_errors) ... ok
test_signature_annotations_documentation_and_module_identity (test_compiler_is_exporting.CompilerIsExportingTests.test_signature_annotations_documentation_and_module_identity) ... ok
test_argument_errors_match_pytorch_2_13 (test_compiler_is_exporting_reference.CompilerIsExportingReferenceTests.test_argument_errors_match_pytorch_2_13) ... ok
test_export_and_other_compiler_apis_remain_unsupported (test_compiler_is_exporting_reference.CompilerIsExportingReferenceTests.test_export_and_other_compiler_apis_remain_unsupported) ... ok
test_exports_copy_and_pickle_match_the_supported_scope (test_compiler_is_exporting_reference.CompilerIsExportingReferenceTests.test_exports_copy_and_pickle_match_the_supported_scope) ... ok
test_reference_export_bounds_the_true_state (test_compiler_is_exporting_reference.CompilerIsExportingReferenceTests.test_reference_export_bounds_the_true_state) ... ok
test_signature_annotations_documentation_and_identity_match (test_compiler_is_exporting_reference.CompilerIsExportingReferenceTests.test_signature_annotations_documentation_and_identity_match) ... ok
test_supported_eager_threaded_and_grad_states_match_pytorch_2_13 (test_compiler_is_exporting_reference.CompilerIsExportingReferenceTests.test_supported_eager_threaded_and_grad_states_match_pytorch_2_13) ... ok
test_arbitrary_iterables_are_consumed_once_in_order (test_compiler_keep_portable_guards_unsafe.CompilerKeepPortableGuardsUnsafeTests.test_arbitrary_iterables_are_consumed_once_in_order) ... ok
test_argument_errors_match_pytorch_2_13 (test_compiler_keep_portable_guards_unsafe.CompilerKeepPortableGuardsUnsafeTests.test_argument_errors_match_pytorch_2_13) ... ok
test_calls_and_reload_preserve_compiler_and_grad_state (test_compiler_keep_portable_guards_unsafe.CompilerKeepPortableGuardsUnsafeTests.test_calls_and_reload_preserve_compiler_and_grad_state) ... ok
test_exports_copying_and_pickling_use_the_canonical_function (test_compiler_keep_portable_guards_unsafe.CompilerKeepPortableGuardsUnsafeTests.test_exports_copying_and_pickling_use_the_canonical_function) ... ok
test_importing_and_calling_does_not_import_pytorch (test_compiler_keep_portable_guards_unsafe.CompilerKeepPortableGuardsUnsafeTests.test_importing_and_calling_does_not_import_pytorch) ... ok
test_iteration_attribute_comparison_and_truth_errors_propagate (test_compiler_keep_portable_guards_unsafe.CompilerKeepPortableGuardsUnsafeTests.test_iteration_attribute_comparison_and_truth_errors_propagate) ... ok
test_portable_predicate_returns_exact_booleans_and_short_circuits (test_compiler_keep_portable_guards_unsafe.CompilerKeepPortableGuardsUnsafeTests.test_portable_predicate_returns_exact_booleans_and_short_circuits) ... ok
test_repeated_attribute_access_and_comparison_truth_match_expression (test_compiler_keep_portable_guards_unsafe.CompilerKeepPortableGuardsUnsafeTests.test_repeated_attribute_access_and_comparison_truth_match_expression) ... ok
test_signature_documentation_and_function_metadata (test_compiler_keep_portable_guards_unsafe.CompilerKeepPortableGuardsUnsafeTests.test_signature_documentation_and_function_metadata) ... ok
test_calls_preserve_compiler_and_grad_state_like_pytorch_2_13 (test_compiler_keep_portable_guards_unsafe_reference.CompilerKeepPortableGuardsUnsafeReferenceTests.test_calls_preserve_compiler_and_grad_state_like_pytorch_2_13) ... ok
test_exceptions_and_argument_errors_match_pytorch_2_13 (test_compiler_keep_portable_guards_unsafe_reference.CompilerKeepPortableGuardsUnsafeReferenceTests.test_exceptions_and_argument_errors_match_pytorch_2_13) ... ok
test_exports_copying_and_pickling_match_pytorch_2_13 (test_compiler_keep_portable_guards_unsafe_reference.CompilerKeepPortableGuardsUnsafeReferenceTests.test_exports_copying_and_pickling_match_pytorch_2_13) ... ok
test_reload_behavior_matches_pytorch_2_13 (test_compiler_keep_portable_guards_unsafe_reference.CompilerKeepPortableGuardsUnsafeReferenceTests.test_reload_behavior_matches_pytorch_2_13) ... ok
test_signature_documentation_and_metadata_match_pytorch_2_13 (test_compiler_keep_portable_guards_unsafe_reference.CompilerKeepPortableGuardsUnsafeReferenceTests.test_signature_documentation_and_metadata_match_pytorch_2_13) ... ok
test_values_iteration_and_access_order_match_pytorch_2_13 (test_compiler_keep_portable_guards_unsafe_reference.CompilerKeepPortableGuardsUnsafeReferenceTests.test_values_iteration_and_access_order_match_pytorch_2_13) ... ok
test_arbitrary_iterables_are_consumed_once_in_order (test_compiler_keep_tensor_guards_unsafe.CompilerKeepTensorGuardsUnsafeTests.test_arbitrary_iterables_are_consumed_once_in_order) ... ok
test_argument_errors_match_pytorch_2_13 (test_compiler_keep_tensor_guards_unsafe.CompilerKeepTensorGuardsUnsafeTests.test_argument_errors_match_pytorch_2_13) ... ok
test_calls_and_reload_preserve_compiler_and_grad_state (test_compiler_keep_tensor_guards_unsafe.CompilerKeepTensorGuardsUnsafeTests.test_calls_and_reload_preserve_compiler_and_grad_state) ... ok
test_exports_copying_and_pickling_use_the_canonical_function (test_compiler_keep_tensor_guards_unsafe.CompilerKeepTensorGuardsUnsafeTests.test_exports_copying_and_pickling_use_the_canonical_function) ... ok
test_importing_and_calling_does_not_import_pytorch (test_compiler_keep_tensor_guards_unsafe.CompilerKeepTensorGuardsUnsafeTests.test_importing_and_calling_does_not_import_pytorch) ... ok
test_iteration_attribute_comparison_and_truth_errors_propagate (test_compiler_keep_tensor_guards_unsafe.CompilerKeepTensorGuardsUnsafeTests.test_iteration_attribute_comparison_and_truth_errors_propagate) ... ok
test_left_to_right_access_and_keep_parameter_truthiness (test_compiler_keep_tensor_guards_unsafe.CompilerKeepTensorGuardsUnsafeTests.test_left_to_right_access_and_keep_parameter_truthiness) ... ok
test_parameter_api_remains_unsupported (test_compiler_keep_tensor_guards_unsafe.CompilerKeepTensorGuardsUnsafeTests.test_parameter_api_remains_unsupported) ... ok
test_signature_documentation_and_function_metadata (test_compiler_keep_tensor_guards_unsafe.CompilerKeepTensorGuardsUnsafeTests.test_signature_documentation_and_function_metadata) ... ok
test_tensor_predicate_and_parameter_option_return_exact_booleans (test_compiler_keep_tensor_guards_unsafe.CompilerKeepTensorGuardsUnsafeTests.test_tensor_predicate_and_parameter_option_return_exact_booleans) ... ok
test_calls_preserve_compiler_and_grad_state_like_pytorch_2_13 (test_compiler_keep_tensor_guards_unsafe_reference.CompilerKeepTensorGuardsUnsafeReferenceTests.test_calls_preserve_compiler_and_grad_state_like_pytorch_2_13) ... ok
test_exceptions_and_argument_errors_match_pytorch_2_13 (test_compiler_keep_tensor_guards_unsafe_reference.CompilerKeepTensorGuardsUnsafeReferenceTests.test_exceptions_and_argument_errors_match_pytorch_2_13) ... ok
test_exports_copying_and_pickling_match_pytorch_2_13 (test_compiler_keep_tensor_guards_unsafe_reference.CompilerKeepTensorGuardsUnsafeReferenceTests.test_exports_copying_and_pickling_match_pytorch_2_13) ... ok
test_reload_behavior_matches_pytorch_2_13 (test_compiler_keep_tensor_guards_unsafe_reference.CompilerKeepTensorGuardsUnsafeReferenceTests.test_reload_behavior_matches_pytorch_2_13) ... ok
test_signature_documentation_and_metadata_match_pytorch_2_13 (test_compiler_keep_tensor_guards_unsafe_reference.CompilerKeepTensorGuardsUnsafeReferenceTests.test_signature_documentation_and_metadata_match_pytorch_2_13) ... ok
test_values_iteration_and_access_order_match_pytorch_2_13 (test_compiler_keep_tensor_guards_unsafe_reference.CompilerKeepTensorGuardsUnsafeReferenceTests.test_values_iteration_and_access_order_match_pytorch_2_13) ... ok
test_argument_errors_match_pytorch_2_13 (test_compiler_list_backends.CompilerListBackendsTests.test_argument_errors_match_pytorch_2_13) ... ok
test_compile_registration_and_execution_paths_remain_unsupported (test_compiler_list_backends.CompilerListBackendsTests.test_compile_registration_and_execution_paths_remain_unsupported) ... ok
test_direct_wildcard_copy_pickle_and_reload_use_canonical_function (test_compiler_list_backends.CompilerListBackendsTests.test_direct_wildcard_copy_pickle_and_reload_use_canonical_function) ... ok
test_empty_registry_returns_fresh_empty_lists_for_supported_argument_forms (test_compiler_list_backends.CompilerListBackendsTests.test_empty_registry_returns_fresh_empty_lists_for_supported_argument_forms) ... ok
test_importing_and_calling_does_not_import_pytorch_or_a_registry (test_compiler_list_backends.CompilerListBackendsTests.test_importing_and_calling_does_not_import_pytorch_or_a_registry) ... ok
test_query_preserves_grad_and_compiler_state (test_compiler_list_backends.CompilerListBackendsTests.test_query_preserves_grad_and_compiler_state) ... ok
test_signature_documentation_and_function_metadata (test_compiler_list_backends.CompilerListBackendsTests.test_signature_documentation_and_function_metadata) ... ok
test_argument_errors_match_pytorch_2_13 (test_compiler_list_backends_reference.CompilerListBackendsReferenceTests.test_argument_errors_match_pytorch_2_13) ... ok
test_compile_registration_and_execution_paths_remain_unsupported (test_compiler_list_backends_reference.CompilerListBackendsReferenceTests.test_compile_registration_and_execution_paths_remain_unsupported) ... ok
test_empty_registry_behavior_is_a_valid_pytorch_2_13_list_backends_shape (test_compiler_list_backends_reference.CompilerListBackendsReferenceTests.test_empty_registry_behavior_is_a_valid_pytorch_2_13_list_backends_shape) ... ok
test_exports_direct_import_wildcard_copy_and_pickle_match_pytorch_2_13 (test_compiler_list_backends_reference.CompilerListBackendsReferenceTests.test_exports_direct_import_wildcard_copy_and_pickle_match_pytorch_2_13) ... ok
test_reload_behavior_matches_pytorch_2_13 (test_compiler_list_backends_reference.CompilerListBackendsReferenceTests.test_reload_behavior_matches_pytorch_2_13) ... ok
test_signature_documentation_and_metadata_match_pytorch_2_13 (test_compiler_list_backends_reference.CompilerListBackendsReferenceTests.test_signature_documentation_and_metadata_match_pytorch_2_13) ... ok
test_compile_graph_capture_and_execution_paths_remain_unsupported (test_compiler_register_backend.CompilerRegisterBackendTests.test_compile_graph_capture_and_execution_paths_remain_unsupported) ... ok
test_direct_decorator_and_factory_forms_register_without_invocation (test_compiler_register_backend.CompilerRegisterBackendTests.test_direct_decorator_and_factory_forms_register_without_invocation) ... ok
test_duplicate_non_callable_and_invalid_name_errors_preserve_registry (test_compiler_register_backend.CompilerRegisterBackendTests.test_duplicate_non_callable_and_invalid_name_errors_preserve_registry) ... ok
test_exports_copy_pickle_and_reload_use_canonical_objects (test_compiler_register_backend.CompilerRegisterBackendTests.test_exports_copy_pickle_and_reload_use_canonical_objects) ... ok
test_list_backends_filters_tags_and_returns_fresh_sorted_lists (test_compiler_register_backend.CompilerRegisterBackendTests.test_list_backends_filters_tags_and_returns_fresh_sorted_lists) ... ok
test_registration_and_listing_preserve_eager_helper_state (test_compiler_register_backend.CompilerRegisterBackendTests.test_registration_and_listing_preserve_eager_helper_state) ... ok
test_signature_documentation_and_function_metadata (test_compiler_register_backend.CompilerRegisterBackendTests.test_signature_documentation_and_function_metadata) ... ok
test_string_subclass_names_are_preserved_and_empty_names_use_function_name (test_compiler_register_backend.CompilerRegisterBackendTests.test_string_subclass_names_are_preserved_and_empty_names_use_function_name) ... ok
test_subprocess_registry_is_isolated_and_does_not_import_pytorch (test_compiler_register_backend.CompilerRegisterBackendTests.test_subprocess_registry_is_isolated_and_does_not_import_pytorch) ... ok
test_copy_pickle_and_unsupported_execution_boundaries_match_supported_scope (test_compiler_register_backend_reference.CompilerRegisterBackendReferenceTests.test_copy_pickle_and_unsupported_execution_boundaries_match_supported_scope) ... ok
test_direct_decorator_duplicate_and_non_callable_forms_match_pytorch_2_13 (test_compiler_register_backend_reference.CompilerRegisterBackendReferenceTests.test_direct_decorator_duplicate_and_non_callable_forms_match_pytorch_2_13) ... ok
test_tag_filtering_matches_pytorch_2_13_for_registered_names (test_compiler_register_backend_reference.CompilerRegisterBackendReferenceTests.test_tag_filtering_matches_pytorch_2_13_for_registered_names) ... ok
test_accepts_strings_callables_and_none_without_coercion (test_compiler_set_default_backend.CompilerSetDefaultBackendTests.test_accepts_strings_callables_and_none_without_coercion) ... ok
test_call_shape_errors_preserve_backend (test_compiler_set_default_backend.CompilerSetDefaultBackendTests.test_call_shape_errors_preserve_backend) ... ok
test_exports_copy_and_pickle_use_the_canonical_module (test_compiler_set_default_backend.CompilerSetDefaultBackendTests.test_exports_copy_and_pickle_use_the_canonical_module) ... ok
test_importing_reloading_and_calling_does_not_import_compilers (test_compiler_set_default_backend.CompilerSetDefaultBackendTests.test_importing_reloading_and_calling_does_not_import_compilers) ... ok
test_keyword_call_and_invalid_values_match_pytorch_errors (test_compiler_set_default_backend.CompilerSetDefaultBackendTests.test_keyword_call_and_invalid_values_match_pytorch_errors) ... ok
test_reload_and_reimport_share_process_state_with_old_functions (test_compiler_set_default_backend.CompilerSetDefaultBackendTests.test_reload_and_reimport_share_process_state_with_old_functions) ... ok
test_reset_preserves_backend_and_grad_mode (test_compiler_set_default_backend.CompilerSetDefaultBackendTests.test_reset_preserves_backend_and_grad_mode) ... ok
test_signature_annotations_documentation_and_module_identity (test_compiler_set_default_backend.CompilerSetDefaultBackendTests.test_signature_annotations_documentation_and_module_identity) ... ok
test_updates_are_process_global_across_threads (test_compiler_set_default_backend.CompilerSetDefaultBackendTests.test_updates_are_process_global_across_threads) ... ok
test_accepted_values_identity_reset_and_threads_match_pytorch_2_13 (test_compiler_set_default_backend_reference.CompilerSetDefaultBackendReferenceTests.test_accepted_values_identity_reset_and_threads_match_pytorch_2_13) ... ok
test_compilation_and_backend_registration_remain_unsupported (test_compiler_set_default_backend_reference.CompilerSetDefaultBackendReferenceTests.test_compilation_and_backend_registration_remain_unsupported) ... ok
test_exports_copy_and_pickle_match_pytorch_2_13 (test_compiler_set_default_backend_reference.CompilerSetDefaultBackendReferenceTests.test_exports_copy_and_pickle_match_pytorch_2_13) ... ok
test_invalid_values_and_call_shape_errors_match_pytorch_2_13 (test_compiler_set_default_backend_reference.CompilerSetDefaultBackendReferenceTests.test_invalid_values_and_call_shape_errors_match_pytorch_2_13) ... ok
test_reload_and_reimport_semantics_match_pytorch_2_13 (test_compiler_set_default_backend_reference.CompilerSetDefaultBackendReferenceTests.test_reload_and_reimport_semantics_match_pytorch_2_13) ... ok
test_signature_annotations_documentation_and_identity_match (test_compiler_set_default_backend_reference.CompilerSetDefaultBackendReferenceTests.test_signature_annotations_documentation_and_identity_match) ... ok
test_binding_errors_preserve_state (test_compiler_set_enable_guard_collectives.CompilerSetEnableGuardCollectivesTests.test_binding_errors_preserve_state) ... ok
test_calls_do_not_initialize_compilation_or_distributed_execution (test_compiler_set_enable_guard_collectives.CompilerSetEnableGuardCollectivesTests.test_calls_do_not_initialize_compilation_or_distributed_execution) ... ok
test_forked_child_can_exchange_state_without_inherited_lock_deadlock (test_compiler_set_enable_guard_collectives.CompilerSetEnableGuardCollectivesTests.test_forked_child_can_exchange_state_without_inherited_lock_deadlock) ... ok
test_overlapping_calls_exchange_state_atomically (test_compiler_set_enable_guard_collectives.CompilerSetEnableGuardCollectivesTests.test_overlapping_calls_exchange_state_atomically) ... ok
test_reload_and_reimport_share_state_with_old_functions (test_compiler_set_enable_guard_collectives.CompilerSetEnableGuardCollectivesTests.test_reload_and_reimport_share_state_with_old_functions) ... ok
test_reset_preserves_state_and_grad_mode (test_compiler_set_enable_guard_collectives.CompilerSetEnableGuardCollectivesTests.test_reset_preserves_state_and_grad_mode) ... ok
test_signal_handler_can_reenter_an_exchange_without_deadlock (test_compiler_set_enable_guard_collectives.CompilerSetEnableGuardCollectivesTests.test_signal_handler_can_reenter_an_exchange_without_deadlock) ... ok
test_signature_metadata_exports_copy_and_pickle (test_compiler_set_enable_guard_collectives.CompilerSetEnableGuardCollectivesTests.test_signature_metadata_exports_copy_and_pickle) ... ok
test_state_is_process_global_across_threads (test_compiler_set_enable_guard_collectives.CompilerSetEnableGuardCollectivesTests.test_state_is_process_global_across_threads) ... ok
test_truthiness_errors_preserve_the_previous_state (test_compiler_set_enable_guard_collectives.CompilerSetEnableGuardCollectivesTests.test_truthiness_errors_preserve_the_previous_state) ... ok
test_truthiness_is_evaluated_once_before_state_changes (test_compiler_set_enable_guard_collectives.CompilerSetEnableGuardCollectivesTests.test_truthiness_is_evaluated_once_before_state_changes) ... ok
test_truthy_and_falsy_values_return_previous_exact_bool (test_compiler_set_enable_guard_collectives.CompilerSetEnableGuardCollectivesTests.test_truthy_and_falsy_values_return_previous_exact_bool) ... ok
test_binding_and_keyword_behavior_match_pytorch_2_13 (test_compiler_set_enable_guard_collectives_reference.CompilerSetEnableGuardCollectivesReferenceTests.test_binding_and_keyword_behavior_match_pytorch_2_13) ... ok
test_exports_copy_and_pickle_match_pytorch_2_13 (test_compiler_set_enable_guard_collectives_reference.CompilerSetEnableGuardCollectivesReferenceTests.test_exports_copy_and_pickle_match_pytorch_2_13) ... ok
test_overlapping_exchange_matches_pytorch_2_13 (test_compiler_set_enable_guard_collectives_reference.CompilerSetEnableGuardCollectivesReferenceTests.test_overlapping_exchange_matches_pytorch_2_13) ... ok
test_process_global_thread_state_matches_pytorch_2_13 (test_compiler_set_enable_guard_collectives_reference.CompilerSetEnableGuardCollectivesReferenceTests.test_process_global_thread_state_matches_pytorch_2_13) ... ok
test_reset_reload_and_reimport_match_pytorch_2_13 (test_compiler_set_enable_guard_collectives_reference.CompilerSetEnableGuardCollectivesReferenceTests.test_reset_reload_and_reimport_match_pytorch_2_13) ... ok
test_signal_handler_reentry_matches_pytorch_2_13 (test_compiler_set_enable_guard_collectives_reference.CompilerSetEnableGuardCollectivesReferenceTests.test_signal_handler_reentry_matches_pytorch_2_13) ... ok
test_signature_annotations_documentation_and_identity_match (test_compiler_set_enable_guard_collectives_reference.CompilerSetEnableGuardCollectivesReferenceTests.test_signature_annotations_documentation_and_identity_match) ... ok
test_truthiness_errors_and_state_preservation_match_pytorch_2_13 (test_compiler_set_enable_guard_collectives_reference.CompilerSetEnableGuardCollectivesReferenceTests.test_truthiness_errors_and_state_preservation_match_pytorch_2_13) ... ok
test_values_previous_results_and_truthiness_match_pytorch_2_13 (test_compiler_set_enable_guard_collectives_reference.CompilerSetEnableGuardCollectivesReferenceTests.test_values_previous_results_and_truthiness_match_pytorch_2_13) ... ok
test_argument_errors_match_pytorch_2_13 (test_compiler_skip_all_guards_unsafe.CompilerSkipAllGuardsUnsafeTests.test_argument_errors_match_pytorch_2_13) ... ok
test_calls_and_reload_preserve_compiler_and_grad_state (test_compiler_skip_all_guards_unsafe.CompilerSkipAllGuardsUnsafeTests.test_calls_and_reload_preserve_compiler_and_grad_state) ... ok
test_custom_iterable_is_consumed_once_without_length_or_indexing (test_compiler_skip_all_guards_unsafe.CompilerSkipAllGuardsUnsafeTests.test_custom_iterable_is_consumed_once_without_length_or_indexing) ... ok
test_exports_copying_and_pickling_use_the_canonical_function (test_compiler_skip_all_guards_unsafe.CompilerSkipAllGuardsUnsafeTests.test_exports_copying_and_pickling_use_the_canonical_function) ... ok
test_generator_is_fully_consumed_once_without_inspecting_entries (test_compiler_skip_all_guards_unsafe.CompilerSkipAllGuardsUnsafeTests.test_generator_is_fully_consumed_once_without_inspecting_entries) ... ok
test_importing_and_calling_does_not_import_pytorch (test_compiler_skip_all_guards_unsafe.CompilerSkipAllGuardsUnsafeTests.test_importing_and_calling_does_not_import_pytorch) ... ok
test_iteration_exceptions_propagate_unchanged (test_compiler_skip_all_guards_unsafe.CompilerSkipAllGuardsUnsafeTests.test_iteration_exceptions_propagate_unchanged) ... ok
test_lists_and_tuples_produce_fresh_exact_false_lists (test_compiler_skip_all_guards_unsafe.CompilerSkipAllGuardsUnsafeTests.test_lists_and_tuples_produce_fresh_exact_false_lists) ... ok
test_signature_documentation_and_function_metadata (test_compiler_skip_all_guards_unsafe.CompilerSkipAllGuardsUnsafeTests.test_signature_documentation_and_function_metadata) ... ok
test_all_iterable_forms_and_non_inspection_match_pytorch_2_13 (test_compiler_skip_all_guards_unsafe_reference.CompilerSkipAllGuardsUnsafeReferenceTests.test_all_iterable_forms_and_non_inspection_match_pytorch_2_13) ... ok
test_calls_preserve_compiler_state_like_pytorch_2_13 (test_compiler_skip_all_guards_unsafe_reference.CompilerSkipAllGuardsUnsafeReferenceTests.test_calls_preserve_compiler_state_like_pytorch_2_13) ... ok
test_exports_copying_and_pickling_match_pytorch_2_13 (test_compiler_skip_all_guards_unsafe_reference.CompilerSkipAllGuardsUnsafeReferenceTests.test_exports_copying_and_pickling_match_pytorch_2_13) ... ok
test_iteration_and_argument_errors_match_pytorch_2_13 (test_compiler_skip_all_guards_unsafe_reference.CompilerSkipAllGuardsUnsafeReferenceTests.test_iteration_and_argument_errors_match_pytorch_2_13) ... ok
test_reload_behavior_matches_pytorch_2_13 (test_compiler_skip_all_guards_unsafe_reference.CompilerSkipAllGuardsUnsafeReferenceTests.test_reload_behavior_matches_pytorch_2_13) ... ok
test_signature_documentation_and_metadata_match_pytorch_2_13 (test_compiler_skip_all_guards_unsafe_reference.CompilerSkipAllGuardsUnsafeReferenceTests.test_signature_documentation_and_metadata_match_pytorch_2_13) ... ok
test_arbitrary_iterables_are_consumed_once_and_return_fresh_lists (test_compiler_skip_guard_on_all_nn_modules_unsafe.CompilerSkipGuardOnAllNnModulesUnsafeTests.test_arbitrary_iterables_are_consumed_once_and_return_fresh_lists) ... ok
test_argument_errors_match_pytorch_2_13 (test_compiler_skip_guard_on_all_nn_modules_unsafe.CompilerSkipGuardOnAllNnModulesUnsafeTests.test_argument_errors_match_pytorch_2_13) ... ok
test_calls_and_reload_preserve_compiler_and_grad_state (test_compiler_skip_guard_on_all_nn_modules_unsafe.CompilerSkipGuardOnAllNnModulesUnsafeTests.test_calls_and_reload_preserve_compiler_and_grad_state) ... ok
test_exact_booleans_follow_the_full_attribute_and_call_chain (test_compiler_skip_guard_on_all_nn_modules_unsafe.CompilerSkipGuardOnAllNnModulesUnsafeTests.test_exact_booleans_follow_the_full_attribute_and_call_chain) ... ok
test_exports_copying_and_pickling_use_the_canonical_function (test_compiler_skip_guard_on_all_nn_modules_unsafe.CompilerSkipGuardOnAllNnModulesUnsafeTests.test_exports_copying_and_pickling_use_the_canonical_function) ... ok
test_importing_and_calling_does_not_import_pytorch (test_compiler_skip_guard_on_all_nn_modules_unsafe.CompilerSkipGuardOnAllNnModulesUnsafeTests.test_importing_and_calling_does_not_import_pytorch) ... ok
test_iteration_access_call_and_truth_exceptions_propagate_unchanged (test_compiler_skip_guard_on_all_nn_modules_unsafe.CompilerSkipGuardOnAllNnModulesUnsafeTests.test_iteration_access_call_and_truth_exceptions_propagate_unchanged) ... ok
test_missing_noncallable_and_invalid_truth_errors_match_pytorch_2_13 (test_compiler_skip_guard_on_all_nn_modules_unsafe.CompilerSkipGuardOnAllNnModulesUnsafeTests.test_missing_noncallable_and_invalid_truth_errors_match_pytorch_2_13) ... ok
test_signature_documentation_and_function_metadata (test_compiler_skip_guard_on_all_nn_modules_unsafe.CompilerSkipGuardOnAllNnModulesUnsafeTests.test_signature_documentation_and_function_metadata) ... ok
test_calls_and_reload_preserve_state_like_pytorch_2_13 (test_compiler_skip_guard_on_all_nn_modules_unsafe_reference.CompilerSkipGuardOnAllNnModulesUnsafeReferenceTests.test_calls_and_reload_preserve_state_like_pytorch_2_13) ... ok
test_exceptions_and_argument_errors_match_pytorch_2_13 (test_compiler_skip_guard_on_all_nn_modules_unsafe_reference.CompilerSkipGuardOnAllNnModulesUnsafeReferenceTests.test_exceptions_and_argument_errors_match_pytorch_2_13) ... ok
test_exports_copying_and_pickling_match_pytorch_2_13 (test_compiler_skip_guard_on_all_nn_modules_unsafe_reference.CompilerSkipGuardOnAllNnModulesUnsafeReferenceTests.test_exports_copying_and_pickling_match_pytorch_2_13) ... ok
test_signature_documentation_and_metadata_match_pytorch_2_13 (test_compiler_skip_guard_on_all_nn_modules_unsafe_reference.CompilerSkipGuardOnAllNnModulesUnsafeReferenceTests.test_signature_documentation_and_metadata_match_pytorch_2_13) ... ok
test_values_iteration_access_calls_and_truth_match_pytorch_2_13 (test_compiler_skip_guard_on_all_nn_modules_unsafe_reference.CompilerSkipGuardOnAllNnModulesUnsafeReferenceTests.test_values_iteration_access_calls_and_truth_match_pytorch_2_13) ... ok
test_argument_errors_match_pytorch_2_13 (test_compiler_skip_guard_on_globals_unsafe.CompilerSkipGuardOnGlobalsUnsafeTests.test_argument_errors_match_pytorch_2_13) ... ok
test_attribute_and_truth_value_errors_match_pytorch_2_13 (test_compiler_skip_guard_on_globals_unsafe.CompilerSkipGuardOnGlobalsUnsafeTests.test_attribute_and_truth_value_errors_match_pytorch_2_13) ... ok
test_calls_and_reload_preserve_compiler_and_grad_state (test_compiler_skip_guard_on_globals_unsafe.CompilerSkipGuardOnGlobalsUnsafeTests.test_calls_and_reload_preserve_compiler_and_grad_state) ... ok
test_custom_iterable_is_consumed_once_without_length_or_indexing (test_compiler_skip_guard_on_globals_unsafe.CompilerSkipGuardOnGlobalsUnsafeTests.test_custom_iterable_is_consumed_once_without_length_or_indexing) ... ok
test_exact_booleans_come_from_each_is_global_truth_value (test_compiler_skip_guard_on_globals_unsafe.CompilerSkipGuardOnGlobalsUnsafeTests.test_exact_booleans_come_from_each_is_global_truth_value) ... ok
test_exports_copying_and_pickling_use_the_canonical_function (test_compiler_skip_guard_on_globals_unsafe.CompilerSkipGuardOnGlobalsUnsafeTests.test_exports_copying_and_pickling_use_the_canonical_function) ... ok
test_generator_is_fully_consumed_once_in_order (test_compiler_skip_guard_on_globals_unsafe.CompilerSkipGuardOnGlobalsUnsafeTests.test_generator_is_fully_consumed_once_in_order) ... ok
test_importing_and_calling_does_not_import_pytorch (test_compiler_skip_guard_on_globals_unsafe.CompilerSkipGuardOnGlobalsUnsafeTests.test_importing_and_calling_does_not_import_pytorch) ... ok
test_iteration_attribute_and_truth_exceptions_propagate_unchanged (test_compiler_skip_guard_on_globals_unsafe.CompilerSkipGuardOnGlobalsUnsafeTests.test_iteration_attribute_and_truth_exceptions_propagate_unchanged) ... ok
test_lists_tuples_and_empty_inputs_produce_fresh_lists (test_compiler_skip_guard_on_globals_unsafe.CompilerSkipGuardOnGlobalsUnsafeTests.test_lists_tuples_and_empty_inputs_produce_fresh_lists) ... ok
test_signature_documentation_and_function_metadata (test_compiler_skip_guard_on_globals_unsafe.CompilerSkipGuardOnGlobalsUnsafeTests.test_signature_documentation_and_function_metadata) ... ok
test_attribute_truth_and_iteration_errors_match_pytorch_2_13 (test_compiler_skip_guard_on_globals_unsafe_reference.CompilerSkipGuardOnGlobalsUnsafeReferenceTests.test_attribute_truth_and_iteration_errors_match_pytorch_2_13) ... ok
test_calls_preserve_compiler_state_like_pytorch_2_13 (test_compiler_skip_guard_on_globals_unsafe_reference.CompilerSkipGuardOnGlobalsUnsafeReferenceTests.test_calls_preserve_compiler_state_like_pytorch_2_13) ... ok
test_exports_copying_and_pickling_match_pytorch_2_13 (test_compiler_skip_guard_on_globals_unsafe_reference.CompilerSkipGuardOnGlobalsUnsafeReferenceTests.test_exports_copying_and_pickling_match_pytorch_2_13) ... ok
test_reload_behavior_matches_pytorch_2_13 (test_compiler_skip_guard_on_globals_unsafe_reference.CompilerSkipGuardOnGlobalsUnsafeReferenceTests.test_reload_behavior_matches_pytorch_2_13) ... ok
test_signature_documentation_and_metadata_match_pytorch_2_13 (test_compiler_skip_guard_on_globals_unsafe_reference.CompilerSkipGuardOnGlobalsUnsafeReferenceTests.test_signature_documentation_and_metadata_match_pytorch_2_13) ... ok
test_values_iteration_and_object_preservation_match_pytorch_2_13 (test_compiler_skip_guard_on_globals_unsafe_reference.CompilerSkipGuardOnGlobalsUnsafeReferenceTests.test_values_iteration_and_object_preservation_match_pytorch_2_13) ... ok
test_behavior_and_exceptions_match_pytorch_2_13 (test_compiler_skip_guard_on_inbuilt_nn_modules_unsafe.CompilerSkipGuardOnInbuiltNnModulesUnsafeReferenceTests.test_behavior_and_exceptions_match_pytorch_2_13) ... ok
test_metadata_exports_copying_and_pickling_match_pytorch_2_13 (test_compiler_skip_guard_on_inbuilt_nn_modules_unsafe.CompilerSkipGuardOnInbuiltNnModulesUnsafeReferenceTests.test_metadata_exports_copying_and_pickling_match_pytorch_2_13) ... ok
test_state_and_reload_behavior_matches_pytorch_2_13 (test_compiler_skip_guard_on_inbuilt_nn_modules_unsafe.CompilerSkipGuardOnInbuiltNnModulesUnsafeReferenceTests.test_state_and_reload_behavior_matches_pytorch_2_13) ... ok
test_arbitrary_iterables_are_consumed_once_into_fresh_lists (test_compiler_skip_guard_on_inbuilt_nn_modules_unsafe.CompilerSkipGuardOnInbuiltNnModulesUnsafeTests.test_arbitrary_iterables_are_consumed_once_into_fresh_lists) ... ok
test_calls_and_reload_do_not_change_compiler_or_grad_state (test_compiler_skip_guard_on_inbuilt_nn_modules_unsafe.CompilerSkipGuardOnInbuiltNnModulesUnsafeTests.test_calls_and_reload_do_not_change_compiler_or_grad_state) ... ok
test_importing_and_calling_does_not_import_pytorch (test_compiler_skip_guard_on_inbuilt_nn_modules_unsafe.CompilerSkipGuardOnInbuiltNnModulesUnsafeTests.test_importing_and_calling_does_not_import_pytorch) ... ok
test_iteration_access_call_and_truth_exceptions_propagate (test_compiler_skip_guard_on_inbuilt_nn_modules_unsafe.CompilerSkipGuardOnInbuiltNnModulesUnsafeTests.test_iteration_access_call_and_truth_exceptions_propagate) ... ok
test_nested_access_call_order_and_truth_conversion (test_compiler_skip_guard_on_inbuilt_nn_modules_unsafe.CompilerSkipGuardOnInbuiltNnModulesUnsafeTests.test_nested_access_call_order_and_truth_conversion) ... ok
test_signature_documentation_imports_copying_and_pickling (test_compiler_skip_guard_on_inbuilt_nn_modules_unsafe.CompilerSkipGuardOnInbuiltNnModulesUnsafeTests.test_signature_documentation_imports_copying_and_pickling) ... ok
test_empty_and_multi_element_errors_match_pytorch_2_13 (test_complex.TensorComplexTests.test_empty_and_multi_element_errors_match_pytorch_2_13) ... ok
test_mode_dispatches_before_validation_and_forwards (test_complex.TensorComplexTests.test_mode_dispatches_before_validation_and_forwards) ... ok
test_requires_grad_conversion_does_not_mutate_graphs (test_complex.TensorComplexTests.test_requires_grad_conversion_does_not_mutate_graphs) ... ok
test_requires_grad_warning_is_shared_once_only_and_respects_no_grad (test_complex.TensorComplexTests.test_requires_grad_warning_is_shared_once_only_and_respects_no_grad) ... ok
test_scalar_contiguous_offset_and_strided_values_are_bit_exact (test_complex.TensorComplexTests.test_scalar_contiguous_offset_and_strided_values_are_bit_exact) ... ok
test_special_method_descriptor_matches_pytorch_2_13 (test_complex.TensorComplexTests.test_special_method_descriptor_matches_pytorch_2_13) ... ok
test_cardinality_errors_match_pytorch_2_13 (test_complex_reference.TensorComplexReferenceTests.test_cardinality_errors_match_pytorch_2_13) ... ok
test_descriptor_and_call_errors_match_pytorch_2_13 (test_complex_reference.TensorComplexReferenceTests.test_descriptor_and_call_errors_match_pytorch_2_13) ... ok
test_graph_state_and_backward_match_pytorch_2_13 (test_complex_reference.TensorComplexReferenceTests.test_graph_state_and_backward_match_pytorch_2_13) ... ok
test_torch_function_mode_dispatch_matches_pytorch_2_13 (test_complex_reference.TensorComplexReferenceTests.test_torch_function_mode_dispatch_matches_pytorch_2_13) ... ok
test_values_and_layout_metadata_match_pytorch_2_13 (test_complex_reference.TensorComplexReferenceTests.test_values_and_layout_metadata_match_pytorch_2_13) ... ok
test_warning_order_shared_once_behavior_and_no_grad_match (test_complex_reference.TensorComplexReferenceTests.test_warning_order_shared_once_behavior_and_no_grad_match) ... ok
test_cpu_reduction_upload_add_convert_and_readback (test_composite_cuda_mean_convert.CudaMeanConvertTests.test_cpu_reduction_upload_add_convert_and_readback) ... ok
test_mixed_capacity_reuse_across_threads (test_composite_cuda_mean_convert.CudaMeanConvertTests.test_mixed_capacity_reuse_across_threads) ... ok
test_offset_views_retained_across_large_output_chains (test_composite_cuda_mean_convert.CudaMeanConvertTests.test_offset_views_retained_across_large_output_chains) ... ok
test_convert_preserves_mean_autograd_and_python_scalars (test_composite_cuda_mean_convert.MeanConvertTests.test_convert_preserves_mean_autograd_and_python_scalars) ... ok
test_construction_materializes_iterable_and_computes_cumulative_sizes (test_concat_dataset.ConcatDatasetTests.test_construction_materializes_iterable_and_computes_cumulative_sizes) ... ok
test_dataset_addition_creates_and_chains_concat_datasets (test_concat_dataset.ConcatDatasetTests.test_dataset_addition_creates_and_chains_concat_datasets) ... ok
test_imports_metadata_and_deprecated_alias (test_concat_dataset.ConcatDatasetTests.test_imports_metadata_and_deprecated_alias) ... ok
test_index_construction_and_method_errors (test_concat_dataset.ConcatDatasetTests.test_index_construction_and_method_errors) ... ok
test_indexing_across_empty_children_preserves_views_and_autograd (test_concat_dataset.ConcatDatasetTests.test_indexing_across_empty_children_preserves_views_and_autograd) ... ok
test_construction_indexing_views_and_autograd_match_pytorch_2_13 (test_concat_dataset_reference.ConcatDatasetReferenceTests.test_construction_indexing_views_and_autograd_match_pytorch_2_13) ... ok
test_direct_and_chained_dataset_addition_match_pytorch_2_13 (test_concat_dataset_reference.ConcatDatasetReferenceTests.test_direct_and_chained_dataset_addition_match_pytorch_2_13) ... ok
test_imports_metadata_and_deprecated_alias_match_pytorch_2_13 (test_concat_dataset_reference.ConcatDatasetReferenceTests.test_imports_metadata_and_deprecated_alias_match_pytorch_2_13) ... ok
test_validation_and_index_errors_match_pytorch_2_13 (test_concat_dataset_reference.ConcatDatasetReferenceTests.test_validation_and_index_errors_match_pytorch_2_13) ... ok
test_descriptor_documentation_and_signature_match_pytorch_2_13 (test_conj.TensorConjTests.test_descriptor_documentation_and_signature_match_pytorch_2_13) ... ok
test_leaf_non_leaf_no_grad_and_repeated_backward (test_conj.TensorConjTests.test_leaf_non_leaf_no_grad_and_repeated_backward) ... ok
test_method_invalid_calls_match_pytorch_2_13 (test_conj.TensorConjTests.test_method_invalid_calls_match_pytorch_2_13) ... ok
test_method_is_exact_identity_for_supported_real_tensors (test_conj.TensorConjTests.test_method_is_exact_identity_for_supported_real_tensors) ... ok
test_top_level_is_exact_identity_for_supported_real_tensors (test_conj.TensorConjTests.test_top_level_is_exact_identity_for_supported_real_tensors) ... ok
test_torch_function_modes_receive_method_descriptor_and_forward (test_conj.TensorConjTests.test_torch_function_modes_receive_method_descriptor_and_forward) ... ok
test_binding_errors_and_unsupported_extensions (test_conj.TopLevelConjTests.test_binding_errors_and_unsupported_extensions) ... ok
test_callable_metadata_documentation_and_exports_match_pytorch (test_conj.TopLevelConjTests.test_callable_metadata_documentation_and_exports_match_pytorch) ... ok
test_top_level_torch_function_modes_and_overrides (test_conj.TopLevelConjTests.test_top_level_torch_function_modes_and_overrides) ... ok
test_binding_error_precedence_matches_pytorch_2_13 (test_conj_reference.TensorConjReferenceTests.test_binding_error_precedence_matches_pytorch_2_13) ... ok
test_callable_metadata_and_wildcard_import_match_pytorch_2_13 (test_conj_reference.TensorConjReferenceTests.test_callable_metadata_and_wildcard_import_match_pytorch_2_13) ... ok
test_complex_and_physical_conj_paths_remain_outside_native_scope (test_conj_reference.TensorConjReferenceTests.test_complex_and_physical_conj_paths_remain_outside_native_scope) ... ok
test_leaf_non_leaf_no_grad_and_repeated_backward_match_pytorch_2_13 (test_conj_reference.TensorConjReferenceTests.test_leaf_non_leaf_no_grad_and_repeated_backward_match_pytorch_2_13) ... ok
test_method_torch_function_mode_dispatch_matches_pytorch_2_13 (test_conj_reference.TensorConjReferenceTests.test_method_torch_function_mode_dispatch_matches_pytorch_2_13) ... ok
test_real_tensor_identity_contract_matches_pytorch_2_13 (test_conj_reference.TensorConjReferenceTests.test_real_tensor_identity_contract_matches_pytorch_2_13) ... ok
test_top_level_torch_function_dispatch_matches_pytorch_2_13 (test_conj_reference.TensorConjReferenceTests.test_top_level_torch_function_dispatch_matches_pytorch_2_13) ... ok
test_matches_data_ptr_for_all_supported_ordinary_storage (test_const_data_ptr.TensorConstDataPtrTests.test_matches_data_ptr_for_all_supported_ordinary_storage) ... ok
test_no_argument_errors_match_pytorch_2_13 (test_const_data_ptr.TensorConstDataPtrTests.test_no_argument_errors_match_pytorch_2_13) ... ok
test_tensorbase_descriptor_documentation_and_unbound_call (test_const_data_ptr.TensorConstDataPtrTests.test_tensorbase_descriptor_documentation_and_unbound_call) ... ok
test_torch_function_modes_receive_descriptor_and_forward (test_const_data_ptr.TensorConstDataPtrTests.test_torch_function_modes_receive_descriptor_and_forward) ... ok
test_descriptor_documentation_signature_and_errors_match (test_const_data_ptr_reference.TensorConstDataPtrReferenceTests.test_descriptor_documentation_signature_and_errors_match) ... ok
test_handler_recursion_errors_propagate_unchanged (test_const_data_ptr_reference.TensorConstDataPtrReferenceTests.test_handler_recursion_errors_propagate_unchanged) ... ok
test_legacy_descriptor_mode_boundary_matches_pytorch_2_13 (test_const_data_ptr_reference.TensorConstDataPtrReferenceTests.test_legacy_descriptor_mode_boundary_matches_pytorch_2_13) ... skipped 'legacy CPython mode recursion accounting only applies before 3.12'
test_legacy_tight_headroom_redispatch_matches_pytorch_2_13 (test_const_data_ptr_reference.TensorConstDataPtrReferenceTests.test_legacy_tight_headroom_redispatch_matches_pytorch_2_13) ... skipped 'legacy CPython mode recursion accounting only applies before 3.12'
test_ordinary_storage_behavior_matches_pytorch_2_13 (test_const_data_ptr_reference.TensorConstDataPtrReferenceTests.test_ordinary_storage_behavior_matches_pytorch_2_13) ... ok
test_reference_cow_boundary_remains_explicitly_unsupported (test_const_data_ptr_reference.TensorConstDataPtrReferenceTests.test_reference_cow_boundary_remains_explicitly_unsupported) ... ok
test_tensorbase_mode_three_argument_handler_matches_pytorch_2_13 (test_const_data_ptr_reference.TensorConstDataPtrReferenceTests.test_tensorbase_mode_three_argument_handler_matches_pytorch_2_13) ... ok
test_torch_function_mode_dispatch_matches_pytorch_2_13 (test_const_data_ptr_reference.TensorConstDataPtrReferenceTests.test_torch_function_mode_dispatch_matches_pytorch_2_13) ... ok
test_argument_errors_and_unsupported_serialization_scope (test_consume_prefix_in_state_dict_if_present.ConsumePrefixInStateDictTests.test_argument_errors_and_unsupported_serialization_scope) ... ok
test_dict_and_ordered_dict_are_renamed_in_place (test_consume_prefix_in_state_dict_if_present.ConsumePrefixInStateDictTests.test_dict_and_ordered_dict_are_renamed_in_place) ... ok
test_errors_match_python_operations_and_keep_partial_mutations (test_consume_prefix_in_state_dict_if_present.ConsumePrefixInStateDictTests.test_errors_match_python_operations_and_keep_partial_mutations) ... ok
test_metadata_is_renamed_in_place_for_dict_and_ordered_dict (test_consume_prefix_in_state_dict_if_present.ConsumePrefixInStateDictTests.test_metadata_is_renamed_in_place_for_dict_and_ordered_dict) ... ok
test_no_match_and_empty_prefix_preserve_contents (test_consume_prefix_in_state_dict_if_present.ConsumePrefixInStateDictTests.test_no_match_and_empty_prefix_preserve_contents) ... ok
test_signature_documentation_and_import_identity (test_consume_prefix_in_state_dict_if_present.ConsumePrefixInStateDictTests.test_signature_documentation_and_import_identity) ... ok
test_argument_errors_match_and_larger_serialization_scope_stays_absent (test_consume_prefix_in_state_dict_if_present_reference.ConsumePrefixInStateDictReferenceTests.test_argument_errors_match_and_larger_serialization_scope_stays_absent) ... ok
test_errors_and_partial_mutation_match (test_consume_prefix_in_state_dict_if_present_reference.ConsumePrefixInStateDictReferenceTests.test_errors_and_partial_mutation_match) ... ok
test_in_place_renaming_order_collisions_and_identity_match (test_consume_prefix_in_state_dict_if_present_reference.ConsumePrefixInStateDictReferenceTests.test_in_place_renaming_order_collisions_and_identity_match) ... ok
test_metadata_root_and_nested_key_handling_match (test_consume_prefix_in_state_dict_if_present_reference.ConsumePrefixInStateDictReferenceTests.test_metadata_root_and_nested_key_handling_match) ... ok
test_no_op_and_empty_prefix_behavior_match (test_consume_prefix_in_state_dict_if_present_reference.ConsumePrefixInStateDictReferenceTests.test_no_op_and_empty_prefix_behavior_match) ... ok
test_signature_documentation_imports_and_pickle_identity_match (test_consume_prefix_in_state_dict_if_present_reference.ConsumePrefixInStateDictReferenceTests.test_signature_documentation_imports_and_pickle_identity_match) ... ok
test_argument_rank_preserve_and_overflow_errors_match_exactly (test_contiguous_reference.ContiguousReferenceTests.test_argument_rank_preserve_and_overflow_errors_match_exactly) ... ok
test_seeded_views_formats_identity_and_consumers_match_pytorch_2_13 (test_contiguous_reference.ContiguousReferenceTests.test_seeded_views_formats_identity_and_consumers_match_pytorch_2_13) ... ok
test_special_values_zero_sizes_and_canonical_channel_strides (test_contiguous_reference.ContiguousReferenceTests.test_special_values_zero_sizes_and_canonical_channel_strides) ... ok
test_autograd_through_full_sum_uses_negative_sine_vjp (test_cos.CosTests.test_autograd_through_full_sum_uses_negative_sine_vjp) ... ok
test_binding_and_unsupported_scope_are_documented (test_cos.CosTests.test_binding_and_unsupported_scope_are_documented) ... ok
test_callable_metadata_imports_exports_reload_copy_and_pickle (test_cos.CosTests.test_callable_metadata_imports_exports_reload_copy_and_pickle) ... ok
test_graph_boundaries_and_higher_order_gradients_remain_unsupported (test_cos.CosTests.test_graph_boundaries_and_higher_order_gradients_remain_unsupported) ... ok
test_method_and_top_level_preserve_values_layouts_and_fresh_storage (test_cos.CosTests.test_method_and_top_level_preserve_values_layouts_and_fresh_storage) ... ok
test_tensorbase_descriptor_metadata_and_method_unsupported_forms (test_cos.CosTests.test_tensorbase_descriptor_metadata_and_method_unsupported_forms) ... ok
test_top_level_modes_overrides_and_concrete_out_boundaries (test_cos.CosTests.test_top_level_modes_overrides_and_concrete_out_boundaries) ... ok
test_binding_and_type_errors_match_pytorch_2_13 (test_cos_reference.CosReferenceTests.test_binding_and_type_errors_match_pytorch_2_13) ... ok
test_callable_imports_copy_pickle_and_reload_match_pytorch_2_13 (test_cos_reference.CosReferenceTests.test_callable_imports_copy_pickle_and_reload_match_pytorch_2_13) ... ok
test_full_sum_autograd_matches_negative_sine_vjp_pytorch_2_13 (test_cos_reference.CosReferenceTests.test_full_sum_autograd_matches_negative_sine_vjp_pytorch_2_13) ... ok
test_scalar_empty_offset_noncontiguous_and_edge_results_match_pytorch_2_13 (test_cos_reference.CosReferenceTests.test_scalar_empty_offset_noncontiguous_and_edge_results_match_pytorch_2_13) ... ok
test_torch_function_dispatch_matches_pytorch_2_13 (test_cos_reference.CosReferenceTests.test_torch_function_dispatch_matches_pytorch_2_13) ... ok
test_channels_last_requests_materialize_and_preserve_autograd (test_cpu.TensorCpuTests.test_channels_last_requests_materialize_and_preserve_autograd) ... ok
test_channels_last_respects_no_grad (test_cpu.TensorCpuTests.test_channels_last_respects_no_grad) ... ok
test_cpu_preserve_and_contiguous_requests_return_exact_receiver (test_cpu.TensorCpuTests.test_cpu_preserve_and_contiguous_requests_return_exact_receiver) ... ok
test_rank_binding_and_memory_format_errors (test_cpu.TensorCpuTests.test_rank_binding_and_memory_format_errors) ... ok
test_tensorbase_descriptor_metadata_documentation_and_unbound_calls (test_cpu.TensorCpuTests.test_tensorbase_descriptor_metadata_documentation_and_unbound_calls) ... ok
test_cpu_string_is_stable_across_threads_and_grad_modes (test_cpu_current_device.CpuCurrentDeviceTests.test_cpu_string_is_stable_across_threads_and_grad_modes) ... ok
test_importing_and_calling_does_not_import_pytorch (test_cpu_current_device.CpuCurrentDeviceTests.test_importing_and_calling_does_not_import_pytorch) ... ok
test_imports_exports_copy_and_pickle_use_the_canonical_module (test_cpu_current_device.CpuCurrentDeviceTests.test_imports_exports_copy_and_pickle_use_the_canonical_module) ... ok
test_rejects_arguments_with_pytorch_2_13_errors (test_cpu_current_device.CpuCurrentDeviceTests.test_rejects_arguments_with_pytorch_2_13_errors) ... ok
test_remaining_device_mutation_and_other_apis_are_unsupported (test_cpu_current_device.CpuCurrentDeviceTests.test_remaining_device_mutation_and_other_apis_are_unsupported) ... ok
test_returns_exact_cpu_string_without_runtime_probes (test_cpu_current_device.CpuCurrentDeviceTests.test_returns_exact_cpu_string_without_runtime_probes) ... ok
test_signature_annotations_documentation_and_module_identity (test_cpu_current_device.CpuCurrentDeviceTests.test_signature_annotations_documentation_and_module_identity) ... ok
test_argument_errors_match_pytorch_2_13 (test_cpu_current_device_reference.CpuCurrentDeviceReferenceTests.test_argument_errors_match_pytorch_2_13) ... ok
test_cuda_visible_h100_keeps_current_cpu_device_invariant (test_cpu_current_device_reference.CpuCurrentDeviceReferenceTests.test_cuda_visible_h100_keeps_current_cpu_device_invariant) ... ok
test_eager_threaded_and_grad_states_match_pytorch_2_13 (test_cpu_current_device_reference.CpuCurrentDeviceReferenceTests.test_eager_threaded_and_grad_states_match_pytorch_2_13) ... ok
test_imports_exports_copy_and_pickle_match_the_supported_scope (test_cpu_current_device_reference.CpuCurrentDeviceReferenceTests.test_imports_exports_copy_and_pickle_match_the_supported_scope) ... ok
test_remaining_device_mutation_and_other_apis_are_unsupported (test_cpu_current_device_reference.CpuCurrentDeviceReferenceTests.test_remaining_device_mutation_and_other_apis_are_unsupported) ... ok
test_signature_annotations_documentation_and_identity_match (test_cpu_current_device_reference.CpuCurrentDeviceReferenceTests.test_signature_annotations_documentation_and_identity_match) ... ok
test_argument_errors_match_pytorch_2_13 (test_cpu_current_stream.CpuCurrentStreamTests.test_argument_errors_match_pytorch_2_13) ... ok
test_exports_copy_and_pickle_use_canonical_objects (test_cpu_current_stream.CpuCurrentStreamTests.test_exports_copy_and_pickle_use_canonical_objects) ... ok
test_identity_is_shared_across_threads (test_cpu_current_stream.CpuCurrentStreamTests.test_identity_is_shared_across_threads) ... ok
test_importing_and_calling_does_not_import_pytorch (test_cpu_current_stream.CpuCurrentStreamTests.test_importing_and_calling_does_not_import_pytorch) ... ok
test_module_reload_replaces_function_class_and_default_stream (test_cpu_current_stream.CpuCurrentStreamTests.test_module_reload_replaces_function_class_and_default_stream) ... ok
test_returns_one_canonical_stream_without_runtime_probes (test_cpu_current_stream.CpuCurrentStreamTests.test_returns_one_canonical_stream_without_runtime_probes) ... ok
test_signature_annotations_documentation_and_module_identity (test_cpu_current_stream.CpuCurrentStreamTests.test_signature_annotations_documentation_and_module_identity) ... ok
test_stream_context_apis_are_available (test_cpu_current_stream.CpuCurrentStreamTests.test_stream_context_apis_are_available) ... ok
test_tensor_execution_and_autograd_are_unchanged (test_cpu_current_stream.CpuCurrentStreamTests.test_tensor_execution_and_autograd_are_unchanged) ... ok
test_argument_errors_match_pytorch_2_13 (test_cpu_current_stream_reference.CpuCurrentStreamReferenceTests.test_argument_errors_match_pytorch_2_13) ... ok
test_cuda_visible_h100_devices_and_tensors_are_ignored (test_cpu_current_stream_reference.CpuCurrentStreamReferenceTests.test_cuda_visible_h100_devices_and_tensors_are_ignored) ... ok
test_exports_copy_and_pickle_match_pytorch_2_13 (test_cpu_current_stream_reference.CpuCurrentStreamReferenceTests.test_exports_copy_and_pickle_match_pytorch_2_13) ... ok
test_identity_ignored_devices_and_threads_match_pytorch_2_13 (test_cpu_current_stream_reference.CpuCurrentStreamReferenceTests.test_identity_ignored_devices_and_threads_match_pytorch_2_13) ... ok
test_module_reload_behavior_matches_pytorch_2_13 (test_cpu_current_stream_reference.CpuCurrentStreamReferenceTests.test_module_reload_behavior_matches_pytorch_2_13) ... ok
test_signature_annotations_documentation_and_identity_match (test_cpu_current_stream_reference.CpuCurrentStreamReferenceTests.test_signature_annotations_documentation_and_identity_match) ... ok
test_stream_context_apis_are_available (test_cpu_current_stream_reference.CpuCurrentStreamReferenceTests.test_stream_context_apis_are_available) ... ok
test_tensor_execution_behavior_matches_pytorch_2_13 (test_cpu_current_stream_reference.CpuCurrentStreamReferenceTests.test_tensor_execution_behavior_matches_pytorch_2_13) ... ok
test_importing_and_calling_does_not_import_pytorch (test_cpu_device_count.CpuDeviceCountTests.test_importing_and_calling_does_not_import_pytorch) ... ok
test_imports_exports_copy_and_pickle_use_the_canonical_module (test_cpu_device_count.CpuDeviceCountTests.test_imports_exports_copy_and_pickle_use_the_canonical_module) ... ok
test_one_is_stable_across_threads_and_grad_modes (test_cpu_device_count.CpuDeviceCountTests.test_one_is_stable_across_threads_and_grad_modes) ... ok
test_rejects_arguments_with_pytorch_2_13_errors (test_cpu_device_count.CpuDeviceCountTests.test_rejects_arguments_with_pytorch_2_13_errors) ... ok
test_remaining_device_mutation_and_other_apis_are_unsupported (test_cpu_device_count.CpuDeviceCountTests.test_remaining_device_mutation_and_other_apis_are_unsupported) ... ok
test_returns_exact_one_without_runtime_probes (test_cpu_device_count.CpuDeviceCountTests.test_returns_exact_one_without_runtime_probes) ... ok
test_signature_annotations_documentation_and_module_identity (test_cpu_device_count.CpuDeviceCountTests.test_signature_annotations_documentation_and_module_identity) ... ok
test_argument_errors_match_pytorch_2_13 (test_cpu_device_count_reference.CpuDeviceCountReferenceTests.test_argument_errors_match_pytorch_2_13) ... ok
test_cuda_visible_h100_keeps_cpu_device_count_at_one (test_cpu_device_count_reference.CpuDeviceCountReferenceTests.test_cuda_visible_h100_keeps_cpu_device_count_at_one) ... ok
test_eager_threaded_and_grad_states_match_pytorch_2_13 (test_cpu_device_count_reference.CpuDeviceCountReferenceTests.test_eager_threaded_and_grad_states_match_pytorch_2_13) ... ok
test_imports_exports_copy_and_pickle_match_the_supported_scope (test_cpu_device_count_reference.CpuDeviceCountReferenceTests.test_imports_exports_copy_and_pickle_match_the_supported_scope) ... ok
test_remaining_device_mutation_and_other_apis_are_unsupported (test_cpu_device_count_reference.CpuDeviceCountReferenceTests.test_remaining_device_mutation_and_other_apis_are_unsupported) ... ok
test_signature_annotations_documentation_and_identity_match (test_cpu_device_count_reference.CpuDeviceCountReferenceTests.test_signature_annotations_documentation_and_identity_match) ... ok
test_class_and_method_metadata (test_cpu_event.CpuEventTests.test_class_and_method_metadata) ... ok
test_constructor_and_method_argument_errors (test_cpu_event.CpuEventTests.test_constructor_and_method_argument_errors) ... ok
test_cpu_module_reload_replaces_the_canonical_class (test_cpu_event.CpuEventTests.test_cpu_module_reload_replaces_the_canonical_class) ... ok
test_exports_copy_and_pickle_use_the_canonical_class (test_cpu_event.CpuEventTests.test_exports_copy_and_pickle_use_the_canonical_class) ... ok
test_importing_and_using_event_does_not_import_pytorch (test_cpu_event.CpuEventTests.test_importing_and_using_event_does_not_import_pytorch) ... ok
test_shared_event_is_thread_safe (test_cpu_event.CpuEventTests.test_shared_event_is_thread_safe) ... ok
test_stateless_operations_are_probe_free (test_cpu_event.CpuEventTests.test_stateless_operations_are_probe_free) ... ok
test_argument_errors_match_pytorch_2_13 (test_cpu_event_reference.CpuEventReferenceTests.test_argument_errors_match_pytorch_2_13) ... ok
test_class_and_method_metadata_match_pytorch_2_13 (test_cpu_event_reference.CpuEventReferenceTests.test_class_and_method_metadata_match_pytorch_2_13) ... ok
test_copy_and_pickle_match_pytorch_2_13 (test_cpu_event_reference.CpuEventReferenceTests.test_copy_and_pickle_match_pytorch_2_13) ... ok
test_exports_and_canonical_identity_match_the_cpu_scope (test_cpu_event_reference.CpuEventReferenceTests.test_exports_and_canonical_identity_match_the_cpu_scope) ... ok
test_reload_behavior_matches_pytorch_2_13 (test_cpu_event_reference.CpuEventReferenceTests.test_reload_behavior_matches_pytorch_2_13) ... ok
test_stateless_operations_and_threading_match_pytorch_2_13 (test_cpu_event_reference.CpuEventReferenceTests.test_stateless_operations_and_threading_match_pytorch_2_13) ... ok
test_importing_and_calling_does_not_import_pytorch (test_cpu_is_available.CpuIsAvailableTests.test_importing_and_calling_does_not_import_pytorch) ... ok
test_imports_exports_copy_and_pickle_use_the_canonical_module (test_cpu_is_available.CpuIsAvailableTests.test_imports_exports_copy_and_pickle_use_the_canonical_module) ... ok
test_other_cpu_apis_remain_unsupported (test_cpu_is_available.CpuIsAvailableTests.test_other_cpu_apis_remain_unsupported) ... ok
test_rejects_arguments_with_pytorch_2_13_errors (test_cpu_is_available.CpuIsAvailableTests.test_rejects_arguments_with_pytorch_2_13_errors) ... ok
test_returns_exact_true_without_runtime_probes (test_cpu_is_available.CpuIsAvailableTests.test_returns_exact_true_without_runtime_probes) ... ok
test_signature_annotations_documentation_and_module_identity (test_cpu_is_available.CpuIsAvailableTests.test_signature_annotations_documentation_and_module_identity) ... ok
test_true_is_stable_across_threads_and_grad_modes (test_cpu_is_available.CpuIsAvailableTests.test_true_is_stable_across_threads_and_grad_modes) ... ok
test_argument_errors_match_pytorch_2_13 (test_cpu_is_available_reference.CpuIsAvailableReferenceTests.test_argument_errors_match_pytorch_2_13) ... ok
test_cuda_visible_h100_reference_keeps_cpu_available (test_cpu_is_available_reference.CpuIsAvailableReferenceTests.test_cuda_visible_h100_reference_keeps_cpu_available) ... ok
test_eager_threaded_and_grad_states_match_pytorch_2_13 (test_cpu_is_available_reference.CpuIsAvailableReferenceTests.test_eager_threaded_and_grad_states_match_pytorch_2_13) ... ok
test_imports_exports_copy_and_pickle_match_the_supported_scope (test_cpu_is_available_reference.CpuIsAvailableReferenceTests.test_imports_exports_copy_and_pickle_match_the_supported_scope) ... ok
test_remaining_device_mutation_and_other_apis_are_unsupported (test_cpu_is_available_reference.CpuIsAvailableReferenceTests.test_remaining_device_mutation_and_other_apis_are_unsupported) ... ok
test_signature_annotations_documentation_and_identity_match (test_cpu_is_available_reference.CpuIsAvailableReferenceTests.test_signature_annotations_documentation_and_identity_match) ... ok
test_importing_and_calling_does_not_import_pytorch (test_cpu_is_initialized.CpuIsInitializedTests.test_importing_and_calling_does_not_import_pytorch) ... ok
test_imports_exports_copy_and_pickle_use_the_canonical_module (test_cpu_is_initialized.CpuIsInitializedTests.test_imports_exports_copy_and_pickle_use_the_canonical_module) ... ok
test_rejects_arguments_with_pytorch_2_13_errors (test_cpu_is_initialized.CpuIsInitializedTests.test_rejects_arguments_with_pytorch_2_13_errors) ... ok
test_remaining_capabilities_and_device_mutation_are_unsupported (test_cpu_is_initialized.CpuIsInitializedTests.test_remaining_capabilities_and_device_mutation_are_unsupported) ... ok
test_returns_exact_true_without_runtime_probes (test_cpu_is_initialized.CpuIsInitializedTests.test_returns_exact_true_without_runtime_probes) ... ok
test_signature_annotations_documentation_and_module_identity (test_cpu_is_initialized.CpuIsInitializedTests.test_signature_annotations_documentation_and_module_identity) ... ok
test_true_is_stable_across_threads_and_grad_modes (test_cpu_is_initialized.CpuIsInitializedTests.test_true_is_stable_across_threads_and_grad_modes) ... ok
test_argument_errors_match_pytorch_2_13 (test_cpu_is_initialized_reference.CpuIsInitializedReferenceTests.test_argument_errors_match_pytorch_2_13) ... ok
test_cuda_visible_h100_keeps_cpu_initialized (test_cpu_is_initialized_reference.CpuIsInitializedReferenceTests.test_cuda_visible_h100_keeps_cpu_initialized) ... ok
test_eager_threaded_and_grad_states_match_pytorch_2_13 (test_cpu_is_initialized_reference.CpuIsInitializedReferenceTests.test_eager_threaded_and_grad_states_match_pytorch_2_13) ... ok
test_imports_exports_copy_and_pickle_match_the_supported_scope (test_cpu_is_initialized_reference.CpuIsInitializedReferenceTests.test_imports_exports_copy_and_pickle_match_the_supported_scope) ... ok
test_remaining_capabilities_and_device_mutation_are_unsupported (test_cpu_is_initialized_reference.CpuIsInitializedReferenceTests.test_remaining_capabilities_and_device_mutation_are_unsupported) ... ok
test_signature_annotations_documentation_and_identity_match (test_cpu_is_initialized_reference.CpuIsInitializedReferenceTests.test_signature_annotations_documentation_and_identity_match) ... ok
test_channels_last_materialization_and_autograd_match_pytorch_2_13 (test_cpu_reference.TensorCpuReferenceTests.test_channels_last_materialization_and_autograd_match_pytorch_2_13) ... ok
test_cpu_identity_formats_match_pytorch_2_13 (test_cpu_reference.TensorCpuReferenceTests.test_cpu_identity_formats_match_pytorch_2_13) ... ok
test_descriptor_documentation_and_binding_match_pytorch_2_13 (test_cpu_reference.TensorCpuReferenceTests.test_descriptor_documentation_and_binding_match_pytorch_2_13) ... ok
test_extreme_empty_copy_validation_order_matches_pytorch_2_13 (test_cpu_reference.TensorCpuReferenceTests.test_extreme_empty_copy_validation_order_matches_pytorch_2_13) ... ok
test_importing_and_calling_does_not_import_pytorch (test_cpu_set_device.CpuSetDeviceTests.test_importing_and_calling_does_not_import_pytorch) ... ok
test_imports_exports_copy_and_pickle_use_the_canonical_module (test_cpu_set_device.CpuSetDeviceTests.test_imports_exports_copy_and_pickle_use_the_canonical_module) ... ok
test_none_is_stable_across_threads_and_grad_modes (test_cpu_set_device.CpuSetDeviceTests.test_none_is_stable_across_threads_and_grad_modes) ... ok
test_noop_preserves_stream_tensor_and_autograd_state (test_cpu_set_device.CpuSetDeviceTests.test_noop_preserves_stream_tensor_and_autograd_state) ... ok
test_rejects_argument_counts_with_pytorch_2_13_errors (test_cpu_set_device.CpuSetDeviceTests.test_rejects_argument_counts_with_pytorch_2_13_errors) ... ok
test_reload_replaces_function_and_preserves_module_identity (test_cpu_set_device.CpuSetDeviceTests.test_reload_replaces_function_and_preserves_module_identity) ... ok
test_returns_exact_none_for_every_ignored_device_without_runtime_probes (test_cpu_set_device.CpuSetDeviceTests.test_returns_exact_none_for_every_ignored_device_without_runtime_probes) ... ok
test_signature_annotations_documentation_and_module_identity (test_cpu_set_device.CpuSetDeviceTests.test_signature_annotations_documentation_and_module_identity) ... ok
test_argument_errors_match_pytorch_2_13 (test_cpu_set_device_reference.CpuSetDeviceReferenceTests.test_argument_errors_match_pytorch_2_13) ... ok
test_cuda_visible_reference_device_state_is_unchanged (test_cpu_set_device_reference.CpuSetDeviceReferenceTests.test_cuda_visible_reference_device_state_is_unchanged) ... ok
test_ignored_devices_threading_and_grad_states_match_pytorch_2_13 (test_cpu_set_device_reference.CpuSetDeviceReferenceTests.test_ignored_devices_threading_and_grad_states_match_pytorch_2_13) ... ok
test_imports_exports_copy_and_pickle_match_the_supported_scope (test_cpu_set_device_reference.CpuSetDeviceReferenceTests.test_imports_exports_copy_and_pickle_match_the_supported_scope) ... ok
test_reload_replaces_function_and_pickle_error_matches (test_cpu_set_device_reference.CpuSetDeviceReferenceTests.test_reload_replaces_function_and_pickle_error_matches) ... ok
test_signature_annotations_documentation_and_identity_match (test_cpu_set_device_reference.CpuSetDeviceReferenceTests.test_signature_annotations_documentation_and_identity_match) ... ok
test_class_constructor_and_method_metadata (test_cpu_stream.CpuStreamTests.test_class_constructor_and_method_metadata) ... ok
test_constructor_and_method_argument_errors (test_cpu_stream.CpuStreamTests.test_constructor_and_method_argument_errors) ... ok
test_cpu_module_reload_replaces_the_canonical_class (test_cpu_stream.CpuStreamTests.test_cpu_module_reload_replaces_the_canonical_class) ... ok
test_exports_copy_and_pickle_use_the_canonical_class (test_cpu_stream.CpuStreamTests.test_exports_copy_and_pickle_use_the_canonical_class) ... ok
test_importing_and_using_stream_does_not_import_pytorch (test_cpu_stream.CpuStreamTests.test_importing_and_using_stream_does_not_import_pytorch) ... ok
test_shared_stream_is_thread_safe (test_cpu_stream.CpuStreamTests.test_shared_stream_is_thread_safe) ... ok
test_stateless_operations_are_probe_free (test_cpu_stream.CpuStreamTests.test_stateless_operations_are_probe_free) ... ok
test_stream_context_apis_are_available (test_cpu_stream.CpuStreamTests.test_stream_context_apis_are_available) ... ok
test_argument_errors_match_pytorch_2_13 (test_cpu_stream_context.CpuStreamContextTests.test_argument_errors_match_pytorch_2_13) ... ok
test_copy_and_pickle_use_python_object_semantics (test_cpu_stream_context.CpuStreamContextTests.test_copy_and_pickle_use_python_object_semantics) ... ok
test_metadata_signatures_annotations_and_exports (test_cpu_stream_context.CpuStreamContextTests.test_metadata_signatures_annotations_and_exports) ... ok
test_reload_replaces_canonical_objects_and_preserves_old_context_use (test_cpu_stream_context.CpuStreamContextTests.test_reload_replaces_canonical_objects_and_preserves_old_context_use) ... ok
test_selection_is_process_global_across_threads (test_cpu_stream_context.CpuStreamContextTests.test_selection_is_process_global_across_threads) ... ok
test_selects_exact_objects_and_restores_nested_exceptional_state (test_cpu_stream_context.CpuStreamContextTests.test_selects_exact_objects_and_restores_nested_exceptional_state) ... ok
test_tensor_views_and_autograd_are_unchanged (test_cpu_stream_context.CpuStreamContextTests.test_tensor_views_and_autograd_are_unchanged) ... ok
test_argument_errors_match_pytorch_2_13 (test_cpu_stream_context_reference.CpuStreamContextReferenceTests.test_argument_errors_match_pytorch_2_13) ... ok
test_copy_and_pickle_behavior_matches_pytorch_2_13 (test_cpu_stream_context_reference.CpuStreamContextReferenceTests.test_copy_and_pickle_behavior_matches_pytorch_2_13) ... ok
test_metadata_signatures_annotations_and_exports_match (test_cpu_stream_context_reference.CpuStreamContextReferenceTests.test_metadata_signatures_annotations_and_exports_match) ... ok
test_reload_behavior_matches_pytorch_2_13 (test_cpu_stream_context_reference.CpuStreamContextReferenceTests.test_reload_behavior_matches_pytorch_2_13) ... ok
test_selection_nesting_none_exceptions_and_process_global_state_match (test_cpu_stream_context_reference.CpuStreamContextReferenceTests.test_selection_nesting_none_exceptions_and_process_global_state_match) ... ok
test_tensor_view_and_autograd_behavior_matches_pytorch_2_13 (test_cpu_stream_context_reference.CpuStreamContextReferenceTests.test_tensor_view_and_autograd_behavior_matches_pytorch_2_13) ... ok
test_argument_errors_match_pytorch_2_13 (test_cpu_stream_reference.CpuStreamReferenceTests.test_argument_errors_match_pytorch_2_13) ... ok
test_class_constructor_and_method_metadata_match_pytorch_2_13 (test_cpu_stream_reference.CpuStreamReferenceTests.test_class_constructor_and_method_metadata_match_pytorch_2_13) ... ok
test_copy_and_pickle_match_pytorch_2_13 (test_cpu_stream_reference.CpuStreamReferenceTests.test_copy_and_pickle_match_pytorch_2_13) ... ok
test_exports_and_canonical_identity_match_the_cpu_scope (test_cpu_stream_reference.CpuStreamReferenceTests.test_exports_and_canonical_identity_match_the_cpu_scope) ... ok
test_reload_behavior_matches_pytorch_2_13 (test_cpu_stream_reference.CpuStreamReferenceTests.test_reload_behavior_matches_pytorch_2_13) ... ok
test_stateless_probe_free_operations_and_threading_match_pytorch_2_13 (test_cpu_stream_reference.CpuStreamReferenceTests.test_stateless_probe_free_operations_and_threading_match_pytorch_2_13) ... ok
test_stream_context_apis_are_available (test_cpu_stream_reference.CpuStreamReferenceTests.test_stream_context_apis_are_available) ... ok
test_argument_errors_match_pytorch_2_13 (test_cpu_synchronize.CpuSynchronizeTests.test_argument_errors_match_pytorch_2_13) ... ok
test_importing_and_calling_does_not_import_pytorch (test_cpu_synchronize.CpuSynchronizeTests.test_importing_and_calling_does_not_import_pytorch) ... ok
test_imports_exports_copy_and_pickle_use_the_canonical_module (test_cpu_synchronize.CpuSynchronizeTests.test_imports_exports_copy_and_pickle_use_the_canonical_module) ... ok
test_none_is_stable_across_threads_and_grad_modes (test_cpu_synchronize.CpuSynchronizeTests.test_none_is_stable_across_threads_and_grad_modes) ... ok
test_noop_preserves_tensor_and_autograd_state (test_cpu_synchronize.CpuSynchronizeTests.test_noop_preserves_tensor_and_autograd_state) ... ok
test_remaining_device_mutation_apis_are_unsupported (test_cpu_synchronize.CpuSynchronizeTests.test_remaining_device_mutation_apis_are_unsupported) ... ok
test_returns_exact_none_for_every_ignored_device_without_runtime_probes (test_cpu_synchronize.CpuSynchronizeTests.test_returns_exact_none_for_every_ignored_device_without_runtime_probes) ... ok
test_signature_annotations_documentation_and_module_identity (test_cpu_synchronize.CpuSynchronizeTests.test_signature_annotations_documentation_and_module_identity) ... ok
test_argument_errors_match_pytorch_2_13 (test_cpu_synchronize_reference.CpuSynchronizeReferenceTests.test_argument_errors_match_pytorch_2_13) ... ok
test_cuda_visible_h100_devices_and_tensors_are_ignored (test_cpu_synchronize_reference.CpuSynchronizeReferenceTests.test_cuda_visible_h100_devices_and_tensors_are_ignored) ... ok
test_ignored_devices_threading_and_grad_states_match_pytorch_2_13 (test_cpu_synchronize_reference.CpuSynchronizeReferenceTests.test_ignored_devices_threading_and_grad_states_match_pytorch_2_13) ... ok
test_imports_exports_copy_and_pickle_match_the_supported_scope (test_cpu_synchronize_reference.CpuSynchronizeReferenceTests.test_imports_exports_copy_and_pickle_match_the_supported_scope) ... ok
test_remaining_device_mutation_apis_are_unsupported (test_cpu_synchronize_reference.CpuSynchronizeReferenceTests.test_remaining_device_mutation_apis_are_unsupported) ... ok
test_signature_annotations_documentation_and_identity_match (test_cpu_synchronize_reference.CpuSynchronizeReferenceTests.test_signature_annotations_documentation_and_identity_match) ... ok
test_generated_validator_shapes_are_held_out_and_deterministic (test_creation_factory_benchmark.CreationFactoryBenchmarkTests.test_generated_validator_shapes_are_held_out_and_deterministic) ... ok
test_generated_validator_smoke_report_uses_held_out_shapes (test_creation_factory_benchmark.CreationFactoryBenchmarkTests.test_generated_validator_smoke_report_uses_held_out_shapes) ... ok
test_output_path_rejects_burner_managed_artifacts (test_creation_factory_benchmark.CreationFactoryBenchmarkTests.test_output_path_rejects_burner_managed_artifacts) ... ok
test_smoke_report_records_symmetric_metadata_checked_eager_timings (test_creation_factory_benchmark.CreationFactoryBenchmarkTests.test_smoke_report_records_symmetric_metadata_checked_eager_timings) ... ok
test_workload_matrix_covers_requested_factories_and_shapes (test_creation_factory_benchmark.CreationFactoryBenchmarkTests.test_workload_matrix_covers_requested_factories_and_shapes) ... ok
test_numpy_bool_rejection_and_integer_support_across_shape_forms (test_creation_factory_fastpaths.CreationFactoryFastPathTests.test_numpy_bool_rejection_and_integer_support_across_shape_forms) ... ok
test_python_integer_and_bool_paths_do_not_import_numpy (test_creation_factory_fastpaths.CreationFactoryFastPathTests.test_python_integer_and_bool_paths_do_not_import_numpy) ... ok
test_broader_cuda_execution_surface_remains_unsupported (test_cuda.CudaProbeTests.test_broader_cuda_execution_surface_remains_unsupported) ... ok
test_imports_exports_copy_and_pickle_use_the_canonical_module (test_cuda.CudaProbeTests.test_imports_exports_copy_and_pickle_use_the_canonical_module) ... ok
test_probes_preserve_backends_cuda_preference_apis (test_cuda.CudaProbeTests.test_probes_preserve_backends_cuda_preference_apis) ... ok
test_rejects_arguments_with_cpu_build_pytorch_style_errors (test_cuda.CudaProbeTests.test_rejects_arguments_with_cpu_build_pytorch_style_errors) ... ok
test_reload_replaces_functions_and_preserves_canonical_module (test_cuda.CudaProbeTests.test_reload_replaces_functions_and_preserves_canonical_module) ... ok
test_returns_runtime_probe_values (test_cuda.CudaProbeTests.test_returns_runtime_probe_values) ... ok
test_signature_documentation_and_module_identity (test_cuda.CudaProbeTests.test_signature_documentation_and_module_identity) ... ok
test_subprocess_import_and_calls_do_not_import_external_runtimes (test_cuda.CudaProbeTests.test_subprocess_import_and_calls_do_not_import_external_runtimes) ... ok
test_cross_thread_pool_release_on_both_devices (test_cuda_add.CudaAddDeviceTests.test_cross_thread_pool_release_on_both_devices) ... skipped 'requires real CUDA with CUDA_VISIBLE_DEVICES=0,1'
test_device_restoration_success_failure_and_drop (test_cuda_add.CudaAddDeviceTests.test_device_restoration_success_failure_and_drop) ... skipped 'requires real CUDA with CUDA_VISIBLE_DEVICES=0,1'
test_replay_eviction_restores_context_across_devices (test_cuda_add.CudaAddDeviceTests.test_replay_eviction_restores_context_across_devices) ... skipped 'requires real CUDA with CUDA_VISIBLE_DEVICES=0,1'
test_cached_allocation_on_fresh_host_thread (test_cuda_add.CudaAddTests.test_cached_allocation_on_fresh_host_thread) ... ok
test_completion_before_independent_stream_read (test_cuda_add.CudaAddTests.test_completion_before_independent_stream_read) ... ok
test_invalid_and_unsupported_inputs (test_cuda_add.CudaAddTests.test_invalid_and_unsupported_inputs) ... ok
test_numerical_edges (test_cuda_add.CudaAddTests.test_numerical_edges) ... ok
test_offsets_singletons_and_empty_views (test_cuda_add.CudaAddTests.test_offsets_singletons_and_empty_views) ... ok
test_random_held_out_shapes_and_public_forms (test_cuda_add.CudaAddTests.test_random_held_out_shapes_and_public_forms) ... ok
test_repeated_launch_eviction_aliases_and_immediate_drops (test_cuda_add.CudaAddTests.test_repeated_launch_eviction_aliases_and_immediate_drops) ... ok
test_source_output_lifetimes_chaining_and_reuse (test_cuda_add.CudaAddTests.test_source_output_lifetimes_chaining_and_reuse) ... ok
test_without_pytorch_import (test_cuda_add.CudaAddTests.test_without_pytorch_import) ... ok
test_same_device_guard_and_mixed_device_rejection (test_cuda_add_trailing_vector.CudaAddTrailingVectorDeviceTests.test_same_device_guard_and_mixed_device_rejection) ... skipped 'requires real CUDA with CUDA_VISIBLE_DEVICES=0,1'
test_compiler_rejects_broader_broadcast_before_execution (test_cuda_add_trailing_vector.CudaAddTrailingVectorTests.test_compiler_rejects_broader_broadcast_before_execution) ... ok
test_completion_before_independent_stream_read (test_cuda_add_trailing_vector.CudaAddTrailingVectorTests.test_completion_before_independent_stream_read) ... ok
test_generated_rectangles_and_empty_dimensions (test_cuda_add_trailing_vector.CudaAddTrailingVectorTests.test_generated_rectangles_and_empty_dimensions) ... ok
test_ieee_edges (test_cuda_add_trailing_vector.CudaAddTrailingVectorTests.test_ieee_edges) ... ok
test_lifetimes_reuse_and_fresh_thread_context (test_cuda_add_trailing_vector.CudaAddTrailingVectorTests.test_lifetimes_reuse_and_fresh_thread_context) ... ok
test_offset_views_and_overlapping_inputs (test_cuda_add_trailing_vector.CudaAddTrailingVectorTests.test_offset_views_and_overlapping_inputs) ... ok
test_unsupported_shapes_layouts_and_devices (test_cuda_add_trailing_vector.CudaAddTrailingVectorTests.test_unsupported_shapes_layouts_and_devices) ... ok
test_current_device_restored_on_success_failure_and_drop (test_cuda_host_transfer.CudaHostTransferDeviceGuardTests.test_current_device_restored_on_success_failure_and_drop) ... skipped 'requires CUDA_VISIBLE_DEVICES=0,1'
test_device_argument_forms_and_fresh_copies (test_cuda_host_transfer.CudaHostTransferTests.test_device_argument_forms_and_fresh_copies) ... ok
test_gradient_buffer_upload_is_an_independent_snapshot (test_cuda_host_transfer.CudaHostTransferTests.test_gradient_buffer_upload_is_an_independent_snapshot) ... ok
test_no_installed_pytorch_forwarding (test_cuda_host_transfer.CudaHostTransferTests.test_no_installed_pytorch_forwarding) ... ok
test_nonzero_scalars_empty_dense_and_sparse_views (test_cuda_host_transfer.CudaHostTransferTests.test_nonzero_scalars_empty_dense_and_sparse_views) ... ok
test_source_and_view_lifetimes_and_allocation_reuse (test_cuda_host_transfer.CudaHostTransferTests.test_source_and_view_lifetimes_and_allocation_reuse) ... ok
test_sparse_view_upload_has_bounded_host_allocation (test_cuda_host_transfer.CudaHostTransferTests.test_sparse_view_upload_has_bounded_host_allocation) ... ok
test_split_views_upload_with_preserve_format_and_cpu_only_split (test_cuda_host_transfer.CudaHostTransferTests.test_split_views_upload_with_preserve_format_and_cpu_only_split) ... ok
test_unsupported_and_invalid_inputs_preserve_source (test_cuda_host_transfer.CudaHostTransferTests.test_unsupported_and_invalid_inputs_preserve_source) ... ok
test_candidate_worker_rejects_operand_mutation_on_cuda (test_cuda_math_evaluator.CudaReferenceTests.test_candidate_worker_rejects_operand_mutation_on_cuda) ... skipped "requires this checkout's locally built native extension"
test_six_reference_cases_run_in_isolated_processes_on_real_cuda (test_cuda_math_evaluator.CudaReferenceTests.test_six_reference_cases_run_in_isolated_processes_on_real_cuda) ... ok
test_complete_and_partial_credit_use_six (test_cuda_math_evaluator.FixedDenominatorTests.test_complete_and_partial_credit_use_six) ... ok
test_duplicate_and_unknown_rows_cannot_inflate_credit (test_cuda_math_evaluator.FixedDenominatorTests.test_duplicate_and_unknown_rows_cannot_inflate_credit) ... ok
test_fixed_cases_and_unchanged_weights (test_cuda_math_evaluator.FixedDenominatorTests.test_fixed_cases_and_unchanged_weights) ... ok
test_forwarding_cpu_fallback_wrong_device_and_malformed_results_are_zero (test_cuda_math_evaluator.FixedDenominatorTests.test_forwarding_cpu_fallback_wrong_device_and_malformed_results_are_zero) ... ok
test_incorrect_and_nonfinite_outputs_are_zero (test_cuda_math_evaluator.FixedDenominatorTests.test_incorrect_and_nonfinite_outputs_are_zero) ... ok
test_inputs_are_evaluator_selected_and_reproducible (test_cuda_math_evaluator.FixedDenominatorTests.test_inputs_are_evaluator_selected_and_reproducible) ... ok
test_insufficient_seed_trials_cannot_earn_credit (test_cuda_math_evaluator.FixedDenominatorTests.test_insufficient_seed_trials_cannot_earn_credit) ... ok
test_missing_failed_skipped_forwarded_unsupported_are_zero (test_cuda_math_evaluator.FixedDenominatorTests.test_missing_failed_skipped_forwarded_unsupported_are_zero) ... ok
test_missing_or_mutated_post_operation_inputs_cannot_earn_credit (test_cuda_math_evaluator.FixedDenominatorTests.test_missing_or_mutated_post_operation_inputs_cannot_earn_credit) ... ok
test_opposite_signed_seeds_cannot_earn_credit_for_duplicate_workloads (test_cuda_math_evaluator.FixedDenominatorTests.test_opposite_signed_seeds_cannot_earn_credit_for_duplicate_workloads) ... ok
test_reference_failure_never_removes_denominator (test_cuda_math_evaluator.FixedDenominatorTests.test_reference_failure_never_removes_denominator) ... ok
test_stale_or_missing_build_receipt_is_zero (test_cuda_math_evaluator.FixedDenominatorTests.test_stale_or_missing_build_receipt_is_zero) ... ok
test_tolerance_is_not_exact_equality (test_cuda_math_evaluator.FixedDenominatorTests.test_tolerance_is_not_exact_equality) ... ok
test_candidate_worker_rejects_a_forwarding_package (test_cuda_math_evaluator.IsolationTests.test_candidate_worker_rejects_a_forwarding_package) ... ok
test_cli_rejects_negative_and_opposite_signed_seeds (test_cuda_math_evaluator.IsolationTests.test_cli_rejects_negative_and_opposite_signed_seeds) ... ok
test_real_import_blocker_rejects_even_swallowed_forwarding (test_cuda_math_evaluator.IsolationTests.test_real_import_blocker_rejects_even_swallowed_forwarding) ... ok
test_worker_crash_timeout_invalid_json_and_missing_interpreter_fail_closed (test_cuda_math_evaluator.IsolationTests.test_worker_crash_timeout_invalid_json_and_missing_interpreter_fail_closed) ... ok
test_allocation_failure_restores_device_and_recovers (test_cuda_mul_scalar.CudaMulScalarDeviceTests.test_allocation_failure_restores_device_and_recovers) ... skipped 'requires real CUDA with CUDA_VISIBLE_DEVICES=0,1'
test_ownership_restoration_and_mixed_device_rejection (test_cuda_mul_scalar.CudaMulScalarDeviceTests.test_ownership_restoration_and_mixed_device_rejection) ... skipped 'requires real CUDA with CUDA_VISIBLE_DEVICES=0,1'
test_compiler_rejection_does_not_execute_or_cache (test_cuda_mul_scalar.CudaMulScalarTests.test_compiler_rejection_does_not_execute_or_cache) ... ok
test_completion_fresh_storage_and_lifetimes (test_cuda_mul_scalar.CudaMulScalarTests.test_completion_fresh_storage_and_lifetimes) ... ok
test_generated_large_allocation_beyond_front_cache (test_cuda_mul_scalar.CudaMulScalarTests.test_generated_large_allocation_beyond_front_cache) ... ok
test_generated_shapes_and_all_public_forms (test_cuda_mul_scalar.CudaMulScalarTests.test_generated_shapes_and_all_public_forms) ... ok
test_ieee_values_offsets_and_empty_views (test_cuda_mul_scalar.CudaMulScalarTests.test_ieee_values_offsets_and_empty_views) ... ok
test_no_pytorch_forwarding (test_cuda_mul_scalar.CudaMulScalarTests.test_no_pytorch_forwarding) ... ok
test_scalar_conversion_contracts (test_cuda_mul_scalar.CudaMulScalarTests.test_scalar_conversion_contracts) ... ok
test_unsupported_boundaries_and_overrides (test_cuda_mul_scalar.CudaMulScalarTests.test_unsupported_boundaries_and_overrides) ... ok
test_allocation_reuse_and_threaded_lifetimes (test_cuda_native_views.NativeCudaViewTests.test_allocation_reuse_and_threaded_lifetimes) ... ok
test_bounded_staging_crosses_chunks_and_preserves_values (test_cuda_native_views.NativeCudaViewTests.test_bounded_staging_crosses_chunks_and_preserves_values) ... ok
test_nonzero_views_copy_to_cpu_and_keep_storage_alive (test_cuda_native_views.NativeCudaViewTests.test_nonzero_views_copy_to_cpu_and_keep_storage_alive) ... ok
test_unsupported_materialization_fails_at_operation (test_cuda_native_views.NativeCudaViewTests.test_unsupported_materialization_fails_at_operation) ... ok
test_widely_spaced_selection_copies_under_host_memory_limit (test_cuda_native_views.NativeCudaViewTests.test_widely_spaced_selection_copies_under_host_memory_limit) ... ok
test_device_guard_and_context_cache (test_cuda_neg.CudaNegDeviceTests.test_device_guard_and_context_cache) ... skipped 'requires real CUDA with CUDA_VISIBLE_DEVICES=0,1'
test_completion_and_independent_output (test_cuda_neg.CudaNegTests.test_completion_and_independent_output) ... ok
test_generated_shapes_public_forms_and_input_preservation (test_cuda_neg.CudaNegTests.test_generated_shapes_public_forms_and_input_preservation) ... ok
test_ieee_bits_and_offset_views (test_cuda_neg.CudaNegTests.test_ieee_bits_and_offset_views) ... ok
test_large_allocation_lifetime_outside_front_cache (test_cuda_neg.CudaNegTests.test_large_allocation_lifetime_outside_front_cache) ... ok
test_layout_autograd_rejection_and_compiled_negation (test_cuda_neg.CudaNegTests.test_layout_autograd_rejection_and_compiled_negation) ... ok
test_lifetimes_reuse_and_fresh_thread_context (test_cuda_neg.CudaNegTests.test_lifetimes_reuse_and_fresh_thread_context) ... ok
test_no_pytorch_forwarding (test_cuda_neg.CudaNegTests.test_no_pytorch_forwarding) ... ok
test_explicit_missing_runtime_fails_closed_without_python_backend (test_cuda_public_storage.CudaRuntimeDiscoveryTests.test_explicit_missing_runtime_fails_closed_without_python_backend) ... ok
test_missing_runtime_packages_need_no_python_candidates (test_cuda_public_storage.CudaRuntimeDiscoveryTests.test_missing_runtime_packages_need_no_python_candidates) ... ok
test_runtime_wheel_layouts_are_discovered_without_system_libraries (test_cuda_public_storage.CudaRuntimeDiscoveryTests.test_runtime_wheel_layouts_are_discovered_without_system_libraries) ... ok
test_imports_wildcards_copy_pickle_and_reload_match_supported_scope (test_cuda_reference.CudaReferenceTests.test_imports_wildcards_copy_pickle_and_reload_match_supported_scope) ... ok
test_is_initialized_signature_and_errors_match_pytorch_2_13 (test_cuda_reference.CudaReferenceTests.test_is_initialized_signature_and_errors_match_pytorch_2_13) ... ok
test_runtime_probe_values_match_pytorch_visibility (test_cuda_reference.CudaReferenceTests.test_runtime_probe_values_match_pytorch_visibility) ... ok
test_current_device_restored_and_cross_device_rejected (test_cuda_same_device_copy.CopyDeviceGuardTests.test_current_device_restored_and_cross_device_rejected) ... skipped 'requires CUDA_VISIBLE_DEVICES=0,1'
test_argument_forms_and_relaxed_contiguous_strides (test_cuda_same_device_copy.SameDeviceCopyTests.test_argument_forms_and_relaxed_contiguous_strides) ... ok
test_generated_lengths_offsets_and_exact_values (test_cuda_same_device_copy.SameDeviceCopyTests.test_generated_lengths_offsets_and_exact_values) ... ok
test_independence_source_mutation_and_allocation_reuse (test_cuda_same_device_copy.SameDeviceCopyTests.test_independence_source_mutation_and_allocation_reuse) ... ok
test_no_pytorch_forwarding (test_cuda_same_device_copy.SameDeviceCopyTests.test_no_pytorch_forwarding) ... ok
test_rejections_preserve_source (test_cuda_same_device_copy.SameDeviceCopyTests.test_rejections_preserve_source) ... ok
test_device_guard_restores_current_device (test_cuda_sum_rows.CudaSumRowsDeviceTests.test_device_guard_restores_current_device) ... skipped 'requires real CUDA with CUDA_VISIBLE_DEVICES=0,1'
test_cancellation_nonfinite_and_subnormal_values (test_cuda_sum_rows.CudaSumRowsTests.test_cancellation_nonfinite_and_subnormal_values) ... ok
test_completion_fresh_storage_and_thread_lifetimes (test_cuda_sum_rows.CudaSumRowsTests.test_completion_fresh_storage_and_thread_lifetimes) ... ok
test_float32_cancellation_and_intermediate_overflow (test_cuda_sum_rows.CudaSumRowsTests.test_float32_cancellation_and_intermediate_overflow) ... ok
test_generated_rectangles_forms_and_preservation (test_cuda_sum_rows.CudaSumRowsTests.test_generated_rectangles_forms_and_preservation) ... ok
test_no_pytorch_forwarding (test_cuda_sum_rows.CudaSumRowsTests.test_no_pytorch_forwarding) ... ok
test_nonfinite_and_subnormal_values_across_reduction_trees (test_cuda_sum_rows.CudaSumRowsTests.test_nonfinite_and_subnormal_values_across_reduction_trees) ... ok
test_offset_singleton_and_empty_views (test_cuda_sum_rows.CudaSumRowsTests.test_offset_singleton_and_empty_views) ... ok
test_reduction_geometry_vector_alignment_and_dynamic_range (test_cuda_sum_rows.CudaSumRowsTests.test_reduction_geometry_vector_alignment_and_dynamic_range) ... ok
test_unsupported_boundaries_and_compiled_reductions (test_cuda_sum_rows.CudaSumRowsTests.test_unsupported_boundaries_and_compiled_reductions) ... ok
test_wide_same_sign_decimal_rows (test_cuda_sum_rows.CudaSumRowsTests.test_wide_same_sign_decimal_rows) ... ok
test_aliases_fake_cuda_and_unchanged_mutation_are_rejected (test_cuda_transfers_evaluator.AccountingTests.test_aliases_fake_cuda_and_unchanged_mutation_are_rejected) ... ok
test_all_and_partial_credit (test_cuda_transfers_evaluator.AccountingTests.test_all_and_partial_credit) ... ok
test_build_binding_and_seed_rules (test_cuda_transfers_evaluator.AccountingTests.test_build_binding_and_seed_rules) ... ok
test_duplicate_unknown_and_reference_failures_retain_six (test_cuda_transfers_evaluator.AccountingTests.test_duplicate_unknown_and_reference_failures_retain_six) ... ok
test_empty_trial_and_each_copy_are_required (test_cuda_transfers_evaluator.AccountingTests.test_empty_trial_and_each_copy_are_required) ... ok
test_fixed_cases_and_existing_weights (test_cuda_transfers_evaluator.AccountingTests.test_fixed_cases_and_existing_weights) ... ok
test_invalid_results_cannot_receive_credit (test_cuda_transfers_evaluator.AccountingTests.test_invalid_results_cannot_receive_credit) ... ok
test_missing_skipped_unsupported_forwarded_and_incorrect_stay_zero (test_cuda_transfers_evaluator.AccountingTests.test_missing_skipped_unsupported_forwarded_and_incorrect_stay_zero) ... ok
test_reference_eligibility_is_separate_from_candidate_correctness (test_cuda_transfers_evaluator.AccountingTests.test_reference_eligibility_is_separate_from_candidate_correctness) ... ok
test_all_reference_cases_on_real_cuda (test_cuda_transfers_evaluator.HardwareTests.test_all_reference_cases_on_real_cuda) ... ok
test_cli_enforces_device_and_seed_contract (test_cuda_transfers_evaluator.IsolationTests.test_cli_enforces_device_and_seed_contract) ... ok
test_launch_fails_closed (test_cuda_transfers_evaluator.IsolationTests.test_launch_fails_closed) ... ok
test_missing_proc_maps_preserves_failures_and_invalidates_success (test_cuda_transfers_evaluator.IsolationTests.test_missing_proc_maps_preserves_failures_and_invalidates_success) ... ok
test_swallowed_forwarding_is_zero (test_cuda_transfers_evaluator.IsolationTests.test_swallowed_forwarding_is_zero) ... ok
test_allocation_and_cpu_copy_preserve_current_cuda_device (test_cuda_zero_roundtrip.CudaCurrentDeviceGuardTests.test_allocation_and_cpu_copy_preserve_current_cuda_device) ... skipped 'run with CUDA_VISIBLE_DEVICES=0,1'
test_matrix_zeros_on_explicit_device_preserve_current_device (test_cuda_zero_roundtrip.CudaCurrentDeviceGuardTests.test_matrix_zeros_on_explicit_device_preserve_current_device) ... skipped 'run with CUDA_VISIBLE_DEVICES=0,1'
test_matrix_storage_capacity_overflow_precedes_allocation (test_cuda_zero_roundtrip.CudaZeroBoundaryTests.test_matrix_storage_capacity_overflow_precedes_allocation) ... ok
test_matrix_zeros_retain_gradient_and_dtype_restrictions (test_cuda_zero_roundtrip.CudaZeroBoundaryTests.test_matrix_zeros_retain_gradient_and_dtype_restrictions) ... ok
test_unindexed_devices_rejected_for_both_supported_ranks (test_cuda_zero_roundtrip.CudaZeroBoundaryTests.test_unindexed_devices_rejected_for_both_supported_ranks) ... ok
test_as_tensor_cpu_target_copies_cuda_tensor_to_host (test_cuda_zero_roundtrip.CudaZeroRoundtripTests.test_as_tensor_cpu_target_copies_cuda_tensor_to_host) ... ok
test_biased_linear_rejects_cuda_operands_without_panicking (test_cuda_zero_roundtrip.CudaZeroRoundtripTests.test_biased_linear_rejects_cuda_operands_without_panicking) ... ok
test_cpu_and_to_cpu_copy_values_match_pytorch (test_cuda_zero_roundtrip.CudaZeroRoundtripTests.test_cpu_and_to_cpu_copy_values_match_pytorch) ... ok
test_cuda13_wheel_runtime_without_system_libraries_or_pytorch_import (test_cuda_zero_roundtrip.CudaZeroRoundtripTests.test_cuda13_wheel_runtime_without_system_libraries_or_pytorch_import) ... ok
test_cuda_tensor_repr_is_inspectable (test_cuda_zero_roundtrip.CudaZeroRoundtripTests.test_cuda_tensor_repr_is_inspectable) ... ok
test_cuda_tensor_type_queries_and_cpu_type_target_match_pytorch (test_cuda_zero_roundtrip.CudaZeroRoundtripTests.test_cuda_tensor_type_queries_and_cpu_type_target_match_pytorch) ... ok
test_cuda_zero_capacity_overflow_fails_before_allocation (test_cuda_zero_roundtrip.CudaZeroRoundtripTests.test_cuda_zero_capacity_overflow_fails_before_allocation) ... ok
test_cuda_zero_unsupported_cases_fail_closed (test_cuda_zero_roundtrip.CudaZeroRoundtripTests.test_cuda_zero_unsupported_cases_fail_closed) ... ok
test_empty_and_non_empty_cuda_zero_metadata_matches_pytorch (test_cuda_zero_roundtrip.CudaZeroRoundtripTests.test_empty_and_non_empty_cuda_zero_metadata_matches_pytorch) ... ok
test_equal_on_cuda_tensors_fails_closed_without_panic (test_cuda_zero_roundtrip.CudaZeroRoundtripTests.test_equal_on_cuda_tensors_fails_closed_without_panic) ... ok
test_generated_matrix_zeros_and_cpu_copies_match_pytorch (test_cuda_zero_roundtrip.CudaZeroRoundtripTests.test_generated_matrix_zeros_and_cpu_copies_match_pytorch) ... ok
test_host_copy_allocation_failure_is_recoverable (test_cuda_zero_roundtrip.CudaZeroRoundtripTests.test_host_copy_allocation_failure_is_recoverable) ... ok
test_reflected_scalar_division_on_cuda_fails_closed_without_panic (test_cuda_zero_roundtrip.CudaZeroRoundtripTests.test_reflected_scalar_division_on_cuda_fails_closed_without_panic) ... ok
test_requires_grad_mutation_on_cuda_fails_closed (test_cuda_zero_roundtrip.CudaZeroRoundtripTests.test_requires_grad_mutation_on_cuda_fails_closed) ... ok
test_tensor_copy_construction_rejects_cuda_before_sequence_conversion (test_cuda_zero_roundtrip.CudaZeroRoundtripTests.test_tensor_copy_construction_rejects_cuda_before_sequence_conversion) ... ok
test_to_device_none_keeps_cuda_tensor_on_device (test_cuda_zero_roundtrip.CudaZeroRoundtripTests.test_to_device_none_keeps_cuda_tensor_on_device) ... ok
test_unindexed_cuda_devices_fail_closed (test_cuda_zero_roundtrip.CudaZeroRoundtripTests.test_unindexed_cuda_devices_fail_closed) ... ok
test_as_str_uses_list_iteration_for_all_supported_inputs (test_data_chunk.DataChunkTests.test_as_str_uses_list_iteration_for_all_supported_inputs) ... ok
test_construction_snapshots_finite_iterables (test_data_chunk.DataChunkTests.test_construction_snapshots_finite_iterables) ... ok
test_exports_generic_inheritance_signatures_annotations_and_metadata (test_data_chunk.DataChunkTests.test_exports_generic_inheritance_signatures_annotations_and_metadata) ... ok
test_list_and_raw_iteration_retain_distinct_mutation_state (test_data_chunk.DataChunkTests.test_list_and_raw_iteration_retain_distinct_mutation_state) ... ok
test_pickle_preserves_all_list_raw_and_aliasing_state (test_data_chunk.DataChunkTests.test_pickle_preserves_all_list_raw_and_aliasing_state) ... ok
test_constructor_and_method_errors_match (test_data_chunk_reference.DataChunkReferenceTests.test_constructor_and_method_errors_match) ... ok
test_empty_generator_nested_and_mutated_behavior_matches (test_data_chunk_reference.DataChunkReferenceTests.test_empty_generator_nested_and_mutated_behavior_matches) ... ok
test_exports_generic_inheritance_and_metadata_match (test_data_chunk_reference.DataChunkReferenceTests.test_exports_generic_inheritance_and_metadata_match) ... ok
test_pickle_round_trips_match_for_all_supported_inputs_and_protocols (test_data_chunk_reference.DataChunkReferenceTests.test_pickle_round_trips_match_for_all_supported_inputs_and_protocols) ... ok
test_const_no_argument_errors_match_pytorch_2_13 (test_data_ptr.TensorDataPtrTests.test_const_no_argument_errors_match_pytorch_2_13) ... ok
test_const_tensorbase_descriptor_documentation_and_unbound_call (test_data_ptr.TensorDataPtrTests.test_const_tensorbase_descriptor_documentation_and_unbound_call) ... ok
test_const_torch_function_modes_receive_descriptor_and_forward (test_data_ptr.TensorDataPtrTests.test_const_torch_function_modes_receive_descriptor_and_forward) ... ok
test_live_copies_materializations_and_autograd_are_independent (test_data_ptr.TensorDataPtrTests.test_live_copies_materializations_and_autograd_are_independent) ... ok
test_no_argument_errors_match_pytorch_2_13 (test_data_ptr.TensorDataPtrTests.test_no_argument_errors_match_pytorch_2_13) ... ok
test_pointer_offsets_empty_views_and_aliases (test_data_ptr.TensorDataPtrTests.test_pointer_offsets_empty_views_and_aliases) ... ok
test_pointer_round_trips_through_ctypes (test_data_ptr.TensorDataPtrTests.test_pointer_round_trips_through_ctypes) ... ok
test_tensorbase_descriptor_documentation_and_unbound_call (test_data_ptr.TensorDataPtrTests.test_tensorbase_descriptor_documentation_and_unbound_call) ... ok
test_const_descriptor_documentation_and_errors_match_pytorch_2_13 (test_data_ptr_reference.TensorDataPtrReferenceTests.test_const_descriptor_documentation_and_errors_match_pytorch_2_13) ... ok
test_const_torch_function_mode_dispatch_matches_pytorch_2_13 (test_data_ptr_reference.TensorDataPtrReferenceTests.test_const_torch_function_mode_dispatch_matches_pytorch_2_13) ... ok
test_descriptor_documentation_and_errors_match_pytorch_2_13 (test_data_ptr_reference.TensorDataPtrReferenceTests.test_descriptor_documentation_and_errors_match_pytorch_2_13) ... ok
test_live_copies_materialization_and_graph_state_match_pytorch_2_13 (test_data_ptr_reference.TensorDataPtrReferenceTests.test_live_copies_materialization_and_graph_state_match_pytorch_2_13) ... ok
test_offsets_empty_views_and_alias_relationships_match_pytorch_2_13 (test_data_ptr_reference.TensorDataPtrReferenceTests.test_offsets_empty_views_and_alias_relationships_match_pytorch_2_13) ... ok
test_imports_exports_signature_and_unsupported_neighbors (test_default_collate.DefaultCollateTests.test_imports_exports_signature_and_unsupported_neighbors) ... ok
test_nested_containers_preserve_type_and_key_order (test_default_collate.DefaultCollateTests.test_nested_containers_preserve_type_and_key_order) ... ok
test_non_text_leading_mixed_batches_fail_closed_at_any_depth (test_default_collate.DefaultCollateTests.test_non_text_leading_mixed_batches_fail_closed_at_any_depth) ... ok
test_tensor_batches_stack_along_outer_dimension (test_default_collate.DefaultCollateTests.test_tensor_batches_stack_along_outer_dimension) ... ok
test_text_batches_are_returned_unchanged (test_default_collate.DefaultCollateTests.test_text_batches_are_returned_unchanged) ... ok
test_unsupported_leaves_and_mismatched_structures_fail_closed (test_default_collate.DefaultCollateTests.test_unsupported_leaves_and_mismatched_structures_fail_closed) ... ok
test_arbitrary_objects_and_foreign_tensors_fail_closed (test_default_collate_reference.DefaultCollateReferenceTests.test_arbitrary_objects_and_foreign_tensors_fail_closed) ... ok
test_imports_exports_signature_and_loader_boundary_match (test_default_collate_reference.DefaultCollateReferenceTests.test_imports_exports_signature_and_loader_boundary_match) ... ok
test_nested_tensor_and_text_records_match_pytorch_2_13 (test_default_collate_reference.DefaultCollateReferenceTests.test_nested_tensor_and_text_records_match_pytorch_2_13) ... ok
test_plain_tuple_returns_pytorch_compatible_list (test_default_collate_reference.DefaultCollateReferenceTests.test_plain_tuple_returns_pytorch_compatible_list) ... ok
test_pytorch_supported_non_tensor_collation_paths_fail_closed (test_default_collate_reference.DefaultCollateReferenceTests.test_pytorch_supported_non_tensor_collation_paths_fail_closed) ... ok
test_recursive_list_namedtuple_and_dict_outputs_match_pytorch_2_13 (test_default_collate_reference.DefaultCollateReferenceTests.test_recursive_list_namedtuple_and_dict_outputs_match_pytorch_2_13) ... ok
test_tensor_values_metadata_and_autograd_match_pytorch_2_13 (test_default_collate_reference.DefaultCollateReferenceTests.test_tensor_values_metadata_and_autograd_match_pytorch_2_13) ... ok
test_text_batch_identity_matches_pytorch_2_13 (test_default_collate_reference.DefaultCollateReferenceTests.test_text_batch_identity_matches_pytorch_2_13) ... ok
test_text_led_mixed_tails_match_reference_without_inspection (test_default_collate_reference.DefaultCollateReferenceTests.test_text_led_mixed_tails_match_reference_without_inspection) ... ok
test_default_collate_remains_separate_and_fail_closed (test_default_convert.DefaultConvertTests.test_default_collate_remains_separate_and_fail_closed) ... ok
test_empty_containers_are_supported (test_default_convert.DefaultConvertTests.test_empty_containers_are_supported) ... ok
test_exact_python_scalar_leaves_are_preserved (test_default_convert.DefaultConvertTests.test_exact_python_scalar_leaves_are_preserved) ... ok
test_imports_exports_and_signature (test_default_convert.DefaultConvertTests.test_imports_exports_and_signature) ... ok
test_nested_containers_preserve_supported_structure_and_leaves (test_default_convert.DefaultConvertTests.test_nested_containers_preserve_supported_structure_and_leaves) ... ok
test_tensor_leaves_are_preserved_without_batching (test_default_convert.DefaultConvertTests.test_tensor_leaves_are_preserved_without_batching) ... ok
test_unsupported_leaves_fail_closed (test_default_convert.DefaultConvertTests.test_unsupported_leaves_fail_closed) ... ok
test_default_collate_boundary_remains_fail_closed (test_default_convert_reference.DefaultConvertReferenceTests.test_default_collate_boundary_remains_fail_closed) ... ok
test_exact_python_scalar_identity_and_types_match_pytorch_2_13 (test_default_convert_reference.DefaultConvertReferenceTests.test_exact_python_scalar_identity_and_types_match_pytorch_2_13) ... ok
test_imports_exports_signature_and_loader_boundary_match (test_default_convert_reference.DefaultConvertReferenceTests.test_imports_exports_signature_and_loader_boundary_match) ... ok
test_nested_python_scalar_leaves_match_pytorch_2_13 (test_default_convert_reference.DefaultConvertReferenceTests.test_nested_python_scalar_leaves_match_pytorch_2_13) ... ok
test_pytorch_supported_conversion_paths_fail_closed (test_default_convert_reference.DefaultConvertReferenceTests.test_pytorch_supported_conversion_paths_fail_closed) ... ok
test_recursive_containers_strings_and_bytes_match_pytorch_2_13 (test_default_convert_reference.DefaultConvertReferenceTests.test_recursive_containers_strings_and_bytes_match_pytorch_2_13) ... ok
test_tensor_identity_and_no_batching_match_pytorch_2_13 (test_default_convert_reference.DefaultConvertReferenceTests.test_tensor_identity_and_no_batching_match_pytorch_2_13) ... ok
test_invalid_calls_match_pytorch_2_13 (test_dense_sparse_dim.TensorDenseSparseDimTests.test_invalid_calls_match_pytorch_2_13) ... ok
test_strided_dimension_metadata_is_constant_and_non_mutating (test_dense_sparse_dim.TensorDenseSparseDimTests.test_strided_dimension_metadata_is_constant_and_non_mutating) ... ok
test_tensorbase_descriptors_and_documentation_match_pytorch_2_13 (test_dense_sparse_dim.TensorDenseSparseDimTests.test_tensorbase_descriptors_and_documentation_match_pytorch_2_13) ... ok
test_torch_function_modes_receive_descriptors_and_forward (test_dense_sparse_dim.TensorDenseSparseDimTests.test_torch_function_modes_receive_descriptors_and_forward) ... ok
test_callable_metadata_documentation_and_errors_match_pytorch_2_13 (test_dense_sparse_dim_reference.TensorDenseSparseDimReferenceTests.test_callable_metadata_documentation_and_errors_match_pytorch_2_13) ... ok
test_reference_coo_and_csr_bound_unsupported_sparse_dimensions (test_dense_sparse_dim_reference.TensorDenseSparseDimReferenceTests.test_reference_coo_and_csr_bound_unsupported_sparse_dimensions) ... ok
test_supported_strided_tensors_match_pytorch_2_13 (test_dense_sparse_dim_reference.TensorDenseSparseDimReferenceTests.test_supported_strided_tensors_match_pytorch_2_13) ... ok
test_torch_function_mode_dispatch_matches_pytorch_2_13 (test_dense_sparse_dim_reference.TensorDenseSparseDimReferenceTests.test_torch_function_mode_dispatch_matches_pytorch_2_13) ... ok
test_all_call_forms_use_the_native_detach_engine (test_detach.TopLevelDetachTests.test_all_call_forms_use_the_native_detach_engine) ... ok
test_binding_and_type_errors_match_the_legacy_schema (test_detach.TopLevelDetachTests.test_binding_and_type_errors_match_the_legacy_schema) ... ok
test_callable_ownership_pickling_and_exports (test_detach.TopLevelDetachTests.test_callable_ownership_pickling_and_exports) ... ok
test_detach_does_not_consume_or_modify_the_source_graph (test_detach.TopLevelDetachTests.test_detach_does_not_consume_or_modify_the_source_graph) ... ok
test_detached_alias_outlives_temporary_source_owners (test_detach.TopLevelDetachTests.test_detached_alias_outlives_temporary_source_owners) ... ok
test_not_implemented_errors_name_every_declining_handler (test_detach.TopLevelDetachTests.test_not_implemented_errors_name_every_declining_handler) ... ok
test_overrides_and_modes_receive_original_top_level_calls (test_detach.TopLevelDetachTests.test_overrides_and_modes_receive_original_top_level_calls) ... ok
test_autograd_boundary_preserves_source_graph_like_pytorch_2_13 (test_detach_reference.TopLevelDetachReferenceTests.test_autograd_boundary_preserves_source_graph_like_pytorch_2_13) ... ok
test_binding_and_type_errors_match_pytorch_2_13 (test_detach_reference.TopLevelDetachReferenceTests.test_binding_and_type_errors_match_pytorch_2_13) ... ok
test_callable_ownership_pickling_and_exports_match_pytorch_2_13 (test_detach_reference.TopLevelDetachReferenceTests.test_callable_ownership_pickling_and_exports_match_pytorch_2_13) ... ok
test_layout_alias_call_forms_and_lifetimes_match_pytorch_2_13 (test_detach_reference.TopLevelDetachReferenceTests.test_layout_alias_call_forms_and_lifetimes_match_pytorch_2_13) ... ok
test_modes_subclass_overrides_and_not_implemented_match_pytorch_2_13 (test_detach_reference.TopLevelDetachReferenceTests.test_modes_subclass_overrides_and_not_implemented_match_pytorch_2_13) ... ok
test_reduce_and_every_pickle_protocol_match_cpu_contract (test_device_pickle.DevicePickleTests.test_reduce_and_every_pickle_protocol_match_cpu_contract) ... ok
test_shallow_and_deep_copy_produce_equal_distinct_devices (test_device_pickle.DevicePickleTests.test_shallow_and_deep_copy_produce_equal_distinct_devices) ... ok
test_cpu_device_pickle_and_copy_match_pytorch_2_13 (test_device_pickle_reference.DevicePickleReferenceTests.test_cpu_device_pickle_and_copy_match_pytorch_2_13) ... ok
test_equality_and_hashing_match (test_device_reference.DeviceReferenceTests.test_equality_and_hashing_match) ... ok
test_factories_normalize_indexed_cpu_descriptors_to_cpu_storage (test_device_reference.DeviceReferenceTests.test_factories_normalize_indexed_cpu_descriptors_to_cpu_storage) ... ok
test_index_validation_and_errors_match (test_device_reference.DeviceReferenceTests.test_index_validation_and_errors_match) ... ok
test_indexed_cpu_constructor_forms_and_normalization_match (test_device_reference.DeviceReferenceTests.test_indexed_cpu_constructor_forms_and_normalization_match) ... ok
test_argument_errors_and_group_classification_match_pytorch_2_13 (test_distributed_destroy_process_group.DistributedDestroyProcessGroupTests.test_argument_errors_and_group_classification_match_pytorch_2_13) ... ok
test_importing_and_calling_does_not_import_pytorch (test_distributed_destroy_process_group.DistributedDestroyProcessGroupTests.test_importing_and_calling_does_not_import_pytorch) ... ok
test_imports_copy_and_pickle_use_the_canonical_module (test_distributed_destroy_process_group.DistributedDestroyProcessGroupTests.test_imports_copy_and_pickle_use_the_canonical_module) ... ok
test_initialization_and_collectives_remain_unsupported (test_distributed_destroy_process_group.DistributedDestroyProcessGroupTests.test_initialization_and_collectives_remain_unsupported) ... ok
test_native_tensor_groups_follow_sentinel_truthiness (test_distributed_destroy_process_group.DistributedDestroyProcessGroupTests.test_native_tensor_groups_follow_sentinel_truthiness) ... ok
test_reload_preserves_the_uninitialized_contract (test_distributed_destroy_process_group.DistributedDestroyProcessGroupTests.test_reload_preserves_the_uninitialized_contract) ... ok
test_signature_annotations_documentation_and_module_identity (test_distributed_destroy_process_group.DistributedDestroyProcessGroupTests.test_signature_annotations_documentation_and_module_identity) ... ok
test_state_is_stable_across_threads_and_grad_modes (test_distributed_destroy_process_group.DistributedDestroyProcessGroupTests.test_state_is_stable_across_threads_and_grad_modes) ... ok
test_uninitialized_calls_repeat_without_runtime_or_environment_probes (test_distributed_destroy_process_group.DistributedDestroyProcessGroupTests.test_uninitialized_calls_repeat_without_runtime_or_environment_probes) ... ok
test_argument_and_equality_behavior_matches_pytorch_2_13 (test_distributed_destroy_process_group_reference.DistributedDestroyProcessGroupReferenceTests.test_argument_and_equality_behavior_matches_pytorch_2_13) ... ok
test_imports_copy_wildcards_and_pickle_match_supported_scope (test_distributed_destroy_process_group_reference.DistributedDestroyProcessGroupReferenceTests.test_imports_copy_wildcards_and_pickle_match_supported_scope) ... ok
test_native_tensor_group_behavior_matches_pytorch_2_13 (test_distributed_destroy_process_group_reference.DistributedDestroyProcessGroupReferenceTests.test_native_tensor_group_behavior_matches_pytorch_2_13) ... ok
test_only_the_independent_lifecycle_api_is_added (test_distributed_destroy_process_group_reference.DistributedDestroyProcessGroupReferenceTests.test_only_the_independent_lifecycle_api_is_added) ... ok
test_signature_annotations_documentation_and_identity_match (test_distributed_destroy_process_group_reference.DistributedDestroyProcessGroupReferenceTests.test_signature_annotations_documentation_and_identity_match) ... ok
test_uninitialized_behavior_matches_across_environment_threads_and_reload (test_distributed_destroy_process_group_reference.DistributedDestroyProcessGroupReferenceTests.test_uninitialized_behavior_matches_across_environment_threads_and_reload) ... ok
test_argument_errors_and_non_none_groups_are_explicitly_unsupported (test_distributed_get_backend.DistributedGetBackendTests.test_argument_errors_and_non_none_groups_are_explicitly_unsupported) ... ok
test_default_group_forms_repeat_without_runtime_or_environment_probes (test_distributed_get_backend.DistributedGetBackendTests.test_default_group_forms_repeat_without_runtime_or_environment_probes) ... ok
test_error_is_stable_across_threads_and_grad_modes (test_distributed_get_backend.DistributedGetBackendTests.test_error_is_stable_across_threads_and_grad_modes) ... ok
test_importing_and_calling_does_not_import_pytorch (test_distributed_get_backend.DistributedGetBackendTests.test_importing_and_calling_does_not_import_pytorch) ... ok
test_imports_copy_and_pickle_use_the_canonical_module (test_distributed_get_backend.DistributedGetBackendTests.test_imports_copy_and_pickle_use_the_canonical_module) ... ok
test_reload_preserves_the_default_group_contract (test_distributed_get_backend.DistributedGetBackendTests.test_reload_preserves_the_default_group_contract) ... ok
test_signature_annotations_documentation_and_module_identity (test_distributed_get_backend.DistributedGetBackendTests.test_signature_annotations_documentation_and_module_identity) ... ok
test_argument_errors_and_non_none_groups_are_explicitly_unsupported (test_distributed_get_backend_config.DistributedGetBackendConfigTests.test_argument_errors_and_non_none_groups_are_explicitly_unsupported) ... ok
test_default_group_forms_repeat_without_runtime_or_environment_probes (test_distributed_get_backend_config.DistributedGetBackendConfigTests.test_default_group_forms_repeat_without_runtime_or_environment_probes) ... ok
test_error_is_stable_across_threads_and_grad_modes (test_distributed_get_backend_config.DistributedGetBackendConfigTests.test_error_is_stable_across_threads_and_grad_modes) ... ok
test_importing_and_calling_does_not_import_pytorch (test_distributed_get_backend_config.DistributedGetBackendConfigTests.test_importing_and_calling_does_not_import_pytorch) ... ok
test_imports_copy_and_pickle_use_the_canonical_module (test_distributed_get_backend_config.DistributedGetBackendConfigTests.test_imports_copy_and_pickle_use_the_canonical_module) ... ok
test_reload_preserves_the_default_group_contract (test_distributed_get_backend_config.DistributedGetBackendConfigTests.test_reload_preserves_the_default_group_contract) ... ok
test_signature_annotations_documentation_and_module_identity (test_distributed_get_backend_config.DistributedGetBackendConfigTests.test_signature_annotations_documentation_and_module_identity) ... ok
test_default_and_argument_errors_match_pytorch_2_13 (test_distributed_get_backend_config_reference.DistributedGetBackendConfigReferenceTests.test_default_and_argument_errors_match_pytorch_2_13) ... ok
test_imports_copy_wildcards_and_pickle_match (test_distributed_get_backend_config_reference.DistributedGetBackendConfigReferenceTests.test_imports_copy_wildcards_and_pickle_match) ... ok
test_non_none_groups_are_explicitly_unsupported_without_inspection (test_distributed_get_backend_config_reference.DistributedGetBackendConfigReferenceTests.test_non_none_groups_are_explicitly_unsupported_without_inspection) ... ok
test_signature_annotations_documentation_and_identity_match (test_distributed_get_backend_config_reference.DistributedGetBackendConfigReferenceTests.test_signature_annotations_documentation_and_identity_match) ... ok
test_uninitialized_errors_match_across_environments_threads_and_reloads (test_distributed_get_backend_config_reference.DistributedGetBackendConfigReferenceTests.test_uninitialized_errors_match_across_environments_threads_and_reloads) ... ok
test_default_and_argument_errors_match_pytorch_2_13 (test_distributed_get_backend_reference.DistributedGetBackendReferenceTests.test_default_and_argument_errors_match_pytorch_2_13) ... ok
test_imports_copy_wildcards_and_pickle_match_the_supported_scope (test_distributed_get_backend_reference.DistributedGetBackendReferenceTests.test_imports_copy_wildcards_and_pickle_match_the_supported_scope) ... ok
test_non_none_groups_and_distributed_execution_remain_unsupported (test_distributed_get_backend_reference.DistributedGetBackendReferenceTests.test_non_none_groups_and_distributed_execution_remain_unsupported) ... ok
test_signature_annotations_documentation_and_identity_match (test_distributed_get_backend_reference.DistributedGetBackendReferenceTests.test_signature_annotations_documentation_and_identity_match) ... ok
test_uninitialized_errors_match_across_environments_threads_and_reloads (test_distributed_get_backend_reference.DistributedGetBackendReferenceTests.test_uninitialized_errors_match_across_environments_threads_and_reloads) ... ok
test_argument_errors_and_invalid_group_lookup_order (test_distributed_get_global_rank.DistributedGetGlobalRankTests.test_argument_errors_and_invalid_group_lookup_order) ... ok
test_default_world_identity_is_thread_safe_and_survives_reload (test_distributed_get_global_rank.DistributedGetGlobalRankTests.test_default_world_identity_is_thread_safe_and_survives_reload) ... ok
test_default_world_returns_the_supplied_rank_without_coercion (test_distributed_get_global_rank.DistributedGetGlobalRankTests.test_default_world_returns_the_supplied_rank_without_coercion) ... ok
test_importing_and_calling_does_not_import_pytorch (test_distributed_get_global_rank.DistributedGetGlobalRankTests.test_importing_and_calling_does_not_import_pytorch) ... ok
test_imports_copy_and_pickle_use_the_canonical_module (test_distributed_get_global_rank.DistributedGetGlobalRankTests.test_imports_copy_and_pickle_use_the_canonical_module) ... ok
test_registered_groups_and_distributed_execution_remain_unsupported (test_distributed_get_global_rank.DistributedGetGlobalRankTests.test_registered_groups_and_distributed_execution_remain_unsupported) ... ok
test_signature_annotations_documentation_and_module_identity (test_distributed_get_global_rank.DistributedGetGlobalRankTests.test_signature_annotations_documentation_and_module_identity) ... ok
test_argument_and_invalid_group_errors_match_pytorch_2_13 (test_distributed_get_global_rank_reference.DistributedGetGlobalRankReferenceTests.test_argument_and_invalid_group_errors_match_pytorch_2_13) ... ok
test_default_world_identity_matches_without_initialization_or_coercion (test_distributed_get_global_rank_reference.DistributedGetGlobalRankReferenceTests.test_default_world_identity_matches_without_initialization_or_coercion) ... ok
test_imports_wildcards_copy_and_pickle_match_the_supported_scope (test_distributed_get_global_rank_reference.DistributedGetGlobalRankReferenceTests.test_imports_wildcards_copy_and_pickle_match_the_supported_scope) ... ok
test_registered_process_groups_remain_outside_the_supported_surface (test_distributed_get_global_rank_reference.DistributedGetGlobalRankReferenceTests.test_registered_process_groups_remain_outside_the_supported_surface) ... ok
test_reload_signature_annotations_documentation_and_identity_match (test_distributed_get_global_rank_reference.DistributedGetGlobalRankReferenceTests.test_reload_signature_annotations_documentation_and_identity_match) ... ok
test_argument_errors_and_invalid_group_lookup_order (test_distributed_get_group_rank.DistributedGetGroupRankTests.test_argument_errors_and_invalid_group_lookup_order) ... ok
test_default_world_identity_is_thread_safe_and_survives_reload (test_distributed_get_group_rank.DistributedGetGroupRankTests.test_default_world_identity_is_thread_safe_and_survives_reload) ... ok
test_default_world_returns_the_supplied_rank_without_coercion (test_distributed_get_group_rank.DistributedGetGroupRankTests.test_default_world_returns_the_supplied_rank_without_coercion) ... ok
test_importing_and_calling_does_not_import_pytorch (test_distributed_get_group_rank.DistributedGetGroupRankTests.test_importing_and_calling_does_not_import_pytorch) ... ok
test_imports_copy_and_pickle_use_the_canonical_module (test_distributed_get_group_rank.DistributedGetGroupRankTests.test_imports_copy_and_pickle_use_the_canonical_module) ... ok
test_registered_groups_and_distributed_execution_remain_unsupported (test_distributed_get_group_rank.DistributedGetGroupRankTests.test_registered_groups_and_distributed_execution_remain_unsupported) ... ok
test_signature_annotations_documentation_and_module_identity (test_distributed_get_group_rank.DistributedGetGroupRankTests.test_signature_annotations_documentation_and_module_identity) ... ok
test_argument_and_invalid_group_errors_match_pytorch_2_13 (test_distributed_get_group_rank_reference.DistributedGetGroupRankReferenceTests.test_argument_and_invalid_group_errors_match_pytorch_2_13) ... ok
test_default_world_identity_matches_without_initialization_or_coercion (test_distributed_get_group_rank_reference.DistributedGetGroupRankReferenceTests.test_default_world_identity_matches_without_initialization_or_coercion) ... ok
test_imports_wildcards_copy_and_pickle_match_the_supported_scope (test_distributed_get_group_rank_reference.DistributedGetGroupRankReferenceTests.test_imports_wildcards_copy_and_pickle_match_the_supported_scope) ... ok
test_registered_process_groups_remain_outside_the_supported_surface (test_distributed_get_group_rank_reference.DistributedGetGroupRankReferenceTests.test_registered_process_groups_remain_outside_the_supported_surface) ... ok
test_reload_signature_annotations_documentation_and_identity_match (test_distributed_get_group_rank_reference.DistributedGetGroupRankReferenceTests.test_reload_signature_annotations_documentation_and_identity_match) ... ok
test_argument_binding_errors_match_pytorch_2_13 (test_distributed_get_node_local_rank.DistributedGetNodeLocalRankTests.test_argument_binding_errors_match_pytorch_2_13) ... ok
test_environment_value_takes_precedence_and_is_not_mutated (test_distributed_get_node_local_rank.DistributedGetNodeLocalRankTests.test_environment_value_takes_precedence_and_is_not_mutated) ... ok
test_fallback_is_converted_with_builtin_int_and_not_retained (test_distributed_get_node_local_rank.DistributedGetNodeLocalRankTests.test_fallback_is_converted_with_builtin_int_and_not_retained) ... ok
test_importing_and_calling_does_not_import_pytorch (test_distributed_get_node_local_rank.DistributedGetNodeLocalRankTests.test_importing_and_calling_does_not_import_pytorch) ... ok
test_imports_copy_wildcards_and_pickle_use_the_canonical_module (test_distributed_get_node_local_rank.DistributedGetNodeLocalRankTests.test_imports_copy_wildcards_and_pickle_use_the_canonical_module) ... ok
test_missing_and_conversion_errors_match_the_contract (test_distributed_get_node_local_rank.DistributedGetNodeLocalRankTests.test_missing_and_conversion_errors_match_the_contract) ... ok
test_process_group_initialization_and_collectives_remain_unsupported (test_distributed_get_node_local_rank.DistributedGetNodeLocalRankTests.test_process_group_initialization_and_collectives_remain_unsupported) ... ok
test_results_are_stable_across_threads_and_grad_modes (test_distributed_get_node_local_rank.DistributedGetNodeLocalRankTests.test_results_are_stable_across_threads_and_grad_modes) ... ok
test_signature_annotations_documentation_and_module_identity (test_distributed_get_node_local_rank.DistributedGetNodeLocalRankTests.test_signature_annotations_documentation_and_module_identity) ... ok
test_argument_binding_errors_match_pytorch_2_13 (test_distributed_get_node_local_rank_reference.DistributedGetNodeLocalRankReferenceTests.test_argument_binding_errors_match_pytorch_2_13) ... ok
test_environment_fallback_precedence_and_errors_match (test_distributed_get_node_local_rank_reference.DistributedGetNodeLocalRankReferenceTests.test_environment_fallback_precedence_and_errors_match) ... ok
test_imports_copy_wildcards_and_pickle_match (test_distributed_get_node_local_rank_reference.DistributedGetNodeLocalRankReferenceTests.test_imports_copy_wildcards_and_pickle_match) ... ok
test_no_process_group_initialization_or_execution_surface_was_added (test_distributed_get_node_local_rank_reference.DistributedGetNodeLocalRankReferenceTests.test_no_process_group_initialization_or_execution_surface_was_added) ... ok
test_signature_annotations_documentation_and_identity_match (test_distributed_get_node_local_rank_reference.DistributedGetNodeLocalRankReferenceTests.test_signature_annotations_documentation_and_identity_match) ... ok
test_threaded_environment_and_fallback_reads_match (test_distributed_get_node_local_rank_reference.DistributedGetNodeLocalRankReferenceTests.test_threaded_environment_and_fallback_reads_match) ... ok
test_existing_queries_are_preserved_and_execution_remains_unsupported (test_distributed_get_pg_count.DistributedGetPgCountTests.test_existing_queries_are_preserved_and_execution_remains_unsupported) ... ok
test_importing_and_calling_does_not_import_pytorch (test_distributed_get_pg_count.DistributedGetPgCountTests.test_importing_and_calling_does_not_import_pytorch) ... ok
test_imports_copy_and_pickle_use_the_canonical_module (test_distributed_get_pg_count.DistributedGetPgCountTests.test_imports_copy_and_pickle_use_the_canonical_module) ... ok
test_rejects_arguments_with_pytorch_2_13_errors (test_distributed_get_pg_count.DistributedGetPgCountTests.test_rejects_arguments_with_pytorch_2_13_errors) ... ok
test_returns_exact_zero_without_runtime_probes (test_distributed_get_pg_count.DistributedGetPgCountTests.test_returns_exact_zero_without_runtime_probes) ... ok
test_signature_annotations_documentation_and_module_identity (test_distributed_get_pg_count.DistributedGetPgCountTests.test_signature_annotations_documentation_and_module_identity) ... ok
test_zero_is_stable_across_threads_and_grad_modes (test_distributed_get_pg_count.DistributedGetPgCountTests.test_zero_is_stable_across_threads_and_grad_modes) ... ok
test_argument_errors_match_pytorch_2_13 (test_distributed_get_pg_count_reference.DistributedGetPgCountReferenceTests.test_argument_errors_match_pytorch_2_13) ... ok
test_existing_queries_are_preserved_and_execution_remains_unsupported (test_distributed_get_pg_count_reference.DistributedGetPgCountReferenceTests.test_existing_queries_are_preserved_and_execution_remains_unsupported) ... ok
test_imports_copy_wildcards_and_pickle_match_the_supported_scope (test_distributed_get_pg_count_reference.DistributedGetPgCountReferenceTests.test_imports_copy_wildcards_and_pickle_match_the_supported_scope) ... ok
test_signature_annotations_documentation_and_identity_match (test_distributed_get_pg_count_reference.DistributedGetPgCountReferenceTests.test_signature_annotations_documentation_and_identity_match) ... ok
test_uninitialized_count_matches_across_environments_and_threads (test_distributed_get_pg_count_reference.DistributedGetPgCountReferenceTests.test_uninitialized_count_matches_across_environments_and_threads) ... ok
test_argument_errors (test_distributed_get_process_group_ranks.DistributedGetProcessGroupRanksTests.test_argument_errors) ... ok
test_falsey_groups_use_the_uninitialized_default_without_probes (test_distributed_get_process_group_ranks.DistributedGetProcessGroupRanksTests.test_falsey_groups_use_the_uninitialized_default_without_probes) ... ok
test_signature_metadata_and_exports (test_distributed_get_process_group_ranks.DistributedGetProcessGroupRanksTests.test_signature_metadata_and_exports) ... ok
test_truthy_groups_use_empty_registry_lookup_semantics (test_distributed_get_process_group_ranks.DistributedGetProcessGroupRanksTests.test_truthy_groups_use_empty_registry_lookup_semantics) ... ok
test_argument_errors_match_pytorch_2_13 (test_distributed_get_process_group_ranks_reference.DistributedGetProcessGroupRanksReferenceTests.test_argument_errors_match_pytorch_2_13) ... ok
test_falsey_default_group_errors_match_without_initialization (test_distributed_get_process_group_ranks_reference.DistributedGetProcessGroupRanksReferenceTests.test_falsey_default_group_errors_match_without_initialization) ... ok
test_signature_metadata_and_exports_match_pytorch_2_13 (test_distributed_get_process_group_ranks_reference.DistributedGetProcessGroupRanksReferenceTests.test_signature_metadata_and_exports_match_pytorch_2_13) ... ok
test_truthy_empty_registry_lookups_match_pytorch_2_13 (test_distributed_get_process_group_ranks_reference.DistributedGetProcessGroupRanksReferenceTests.test_truthy_empty_registry_lookups_match_pytorch_2_13) ... ok
test_argument_errors_and_non_none_groups_are_explicitly_unsupported (test_distributed_get_rank.DistributedGetRankTests.test_argument_errors_and_non_none_groups_are_explicitly_unsupported) ... ok
test_default_group_forms_repeat_without_runtime_or_environment_probes (test_distributed_get_rank.DistributedGetRankTests.test_default_group_forms_repeat_without_runtime_or_environment_probes) ... ok
test_error_is_stable_across_threads_and_grad_modes (test_distributed_get_rank.DistributedGetRankTests.test_error_is_stable_across_threads_and_grad_modes) ... ok
test_importing_and_calling_does_not_import_pytorch (test_distributed_get_rank.DistributedGetRankTests.test_importing_and_calling_does_not_import_pytorch) ... ok
test_imports_copy_and_pickle_use_the_canonical_module (test_distributed_get_rank.DistributedGetRankTests.test_imports_copy_and_pickle_use_the_canonical_module) ... ok
test_initialization_and_collectives_remain_unsupported (test_distributed_get_rank.DistributedGetRankTests.test_initialization_and_collectives_remain_unsupported) ... ok
test_reload_preserves_the_default_group_contract (test_distributed_get_rank.DistributedGetRankTests.test_reload_preserves_the_default_group_contract) ... ok
test_signature_annotations_documentation_and_module_identity (test_distributed_get_rank.DistributedGetRankTests.test_signature_annotations_documentation_and_module_identity) ... ok
test_default_and_argument_errors_match_pytorch_2_13 (test_distributed_get_rank_reference.DistributedGetRankReferenceTests.test_default_and_argument_errors_match_pytorch_2_13) ... ok
test_imports_copy_wildcards_and_pickle_match_the_supported_scope (test_distributed_get_rank_reference.DistributedGetRankReferenceTests.test_imports_copy_wildcards_and_pickle_match_the_supported_scope) ... ok
test_non_none_groups_and_distributed_execution_remain_unsupported (test_distributed_get_rank_reference.DistributedGetRankReferenceTests.test_non_none_groups_and_distributed_execution_remain_unsupported) ... ok
test_signature_annotations_documentation_and_identity_match (test_distributed_get_rank_reference.DistributedGetRankReferenceTests.test_signature_annotations_documentation_and_identity_match) ... ok
test_uninitialized_errors_match_across_environments_threads_and_reloads (test_distributed_get_rank_reference.DistributedGetRankReferenceTests.test_uninitialized_errors_match_across_environments_threads_and_reloads) ... ok
test_argument_errors_and_non_none_groups_are_explicitly_unsupported (test_distributed_get_world_size.DistributedGetWorldSizeTests.test_argument_errors_and_non_none_groups_are_explicitly_unsupported) ... ok
test_default_group_forms_repeat_without_runtime_or_environment_probes (test_distributed_get_world_size.DistributedGetWorldSizeTests.test_default_group_forms_repeat_without_runtime_or_environment_probes) ... ok
test_error_is_stable_across_threads_and_grad_modes (test_distributed_get_world_size.DistributedGetWorldSizeTests.test_error_is_stable_across_threads_and_grad_modes) ... ok
test_importing_and_calling_does_not_import_pytorch (test_distributed_get_world_size.DistributedGetWorldSizeTests.test_importing_and_calling_does_not_import_pytorch) ... ok
test_imports_copy_and_pickle_use_the_canonical_module (test_distributed_get_world_size.DistributedGetWorldSizeTests.test_imports_copy_and_pickle_use_the_canonical_module) ... ok
test_initialization_and_collectives_remain_unsupported (test_distributed_get_world_size.DistributedGetWorldSizeTests.test_initialization_and_collectives_remain_unsupported) ... ok
test_reload_preserves_the_default_group_contract (test_distributed_get_world_size.DistributedGetWorldSizeTests.test_reload_preserves_the_default_group_contract) ... ok
test_signature_annotations_documentation_and_module_identity (test_distributed_get_world_size.DistributedGetWorldSizeTests.test_signature_annotations_documentation_and_module_identity) ... ok
test_default_and_argument_errors_match_pytorch_2_13 (test_distributed_get_world_size_reference.DistributedGetWorldSizeReferenceTests.test_default_and_argument_errors_match_pytorch_2_13) ... ok
test_imports_copy_wildcards_and_pickle_match_the_supported_scope (test_distributed_get_world_size_reference.DistributedGetWorldSizeReferenceTests.test_imports_copy_wildcards_and_pickle_match_the_supported_scope) ... ok
test_non_none_groups_and_distributed_execution_remain_unsupported (test_distributed_get_world_size_reference.DistributedGetWorldSizeReferenceTests.test_non_none_groups_and_distributed_execution_remain_unsupported) ... ok
test_signature_annotations_documentation_and_identity_match (test_distributed_get_world_size_reference.DistributedGetWorldSizeReferenceTests.test_signature_annotations_documentation_and_identity_match) ... ok
test_uninitialized_errors_match_across_environments_threads_and_reloads (test_distributed_get_world_size_reference.DistributedGetWorldSizeReferenceTests.test_uninitialized_errors_match_across_environments_threads_and_reloads) ... ok
test_every_other_distributed_api_remains_unsupported (test_distributed_is_available.DistributedIsAvailableTests.test_every_other_distributed_api_remains_unsupported) ... ok
test_false_is_stable_across_threads_and_grad_modes (test_distributed_is_available.DistributedIsAvailableTests.test_false_is_stable_across_threads_and_grad_modes) ... ok
test_importing_and_calling_does_not_import_pytorch (test_distributed_is_available.DistributedIsAvailableTests.test_importing_and_calling_does_not_import_pytorch) ... ok
test_imports_copy_and_pickle_use_the_canonical_module (test_distributed_is_available.DistributedIsAvailableTests.test_imports_copy_and_pickle_use_the_canonical_module) ... ok
test_rejects_arguments_with_pytorch_2_13_errors (test_distributed_is_available.DistributedIsAvailableTests.test_rejects_arguments_with_pytorch_2_13_errors) ... ok
test_returns_exact_false_without_runtime_probes (test_distributed_is_available.DistributedIsAvailableTests.test_returns_exact_false_without_runtime_probes) ... ok
test_signature_annotations_documentation_and_module_identity (test_distributed_is_available.DistributedIsAvailableTests.test_signature_annotations_documentation_and_module_identity) ... ok
test_argument_errors_match_pytorch_2_13 (test_distributed_is_available_reference.DistributedIsAvailableReferenceTests.test_argument_errors_match_pytorch_2_13) ... ok
test_every_other_reference_distributed_api_remains_unsupported (test_distributed_is_available_reference.DistributedIsAvailableReferenceTests.test_every_other_reference_distributed_api_remains_unsupported) ... ok
test_imports_copy_and_pickle_match_the_supported_scope (test_distributed_is_available_reference.DistributedIsAvailableReferenceTests.test_imports_copy_and_pickle_match_the_supported_scope) ... ok
test_signature_annotations_documentation_and_identity_match (test_distributed_is_available_reference.DistributedIsAvailableReferenceTests.test_signature_annotations_documentation_and_identity_match) ... ok
test_threading_matches_while_reference_capability_may_be_true (test_distributed_is_available_reference.DistributedIsAvailableReferenceTests.test_threading_matches_while_reference_capability_may_be_true) ... ok
test_false_is_stable_across_threads_and_grad_modes (test_distributed_is_gloo_available.DistributedIsGlooAvailableTests.test_false_is_stable_across_threads_and_grad_modes) ... ok
test_gloo_execution_and_other_distributed_apis_remain_unsupported (test_distributed_is_gloo_available.DistributedIsGlooAvailableTests.test_gloo_execution_and_other_distributed_apis_remain_unsupported) ... ok
test_importing_and_calling_does_not_import_pytorch (test_distributed_is_gloo_available.DistributedIsGlooAvailableTests.test_importing_and_calling_does_not_import_pytorch) ... ok
test_imports_copy_wildcards_and_pickle_use_the_canonical_module (test_distributed_is_gloo_available.DistributedIsGlooAvailableTests.test_imports_copy_wildcards_and_pickle_use_the_canonical_module) ... ok
test_rejects_arguments_with_pytorch_2_13_errors (test_distributed_is_gloo_available.DistributedIsGlooAvailableTests.test_rejects_arguments_with_pytorch_2_13_errors) ... ok
test_returns_exact_false_without_runtime_probes (test_distributed_is_gloo_available.DistributedIsGlooAvailableTests.test_returns_exact_false_without_runtime_probes) ... ok
test_signature_annotations_documentation_and_module_identity (test_distributed_is_gloo_available.DistributedIsGlooAvailableTests.test_signature_annotations_documentation_and_module_identity) ... ok
test_argument_errors_match_pytorch_2_13 (test_distributed_is_gloo_available_reference.DistributedIsGlooAvailableReferenceTests.test_argument_errors_match_pytorch_2_13) ... ok
test_false_is_stable_while_reference_capability_varies_by_build (test_distributed_is_gloo_available_reference.DistributedIsGlooAvailableReferenceTests.test_false_is_stable_while_reference_capability_varies_by_build) ... ok
test_gloo_execution_and_other_distributed_apis_remain_unsupported (test_distributed_is_gloo_available_reference.DistributedIsGlooAvailableReferenceTests.test_gloo_execution_and_other_distributed_apis_remain_unsupported) ... ok
test_imports_copy_wildcards_and_pickle_match_the_supported_scope (test_distributed_is_gloo_available_reference.DistributedIsGlooAvailableReferenceTests.test_imports_copy_wildcards_and_pickle_match_the_supported_scope) ... ok
test_signature_annotations_documentation_and_identity_match (test_distributed_is_gloo_available_reference.DistributedIsGlooAvailableReferenceTests.test_signature_annotations_documentation_and_identity_match) ... ok
test_false_is_stable_across_threads_and_grad_modes (test_distributed_is_initialized.DistributedIsInitializedTests.test_false_is_stable_across_threads_and_grad_modes) ... ok
test_importing_and_calling_does_not_import_pytorch (test_distributed_is_initialized.DistributedIsInitializedTests.test_importing_and_calling_does_not_import_pytorch) ... ok
test_imports_copy_and_pickle_use_the_canonical_module (test_distributed_is_initialized.DistributedIsInitializedTests.test_imports_copy_and_pickle_use_the_canonical_module) ... ok
test_process_group_and_all_other_distributed_apis_remain_unsupported (test_distributed_is_initialized.DistributedIsInitializedTests.test_process_group_and_all_other_distributed_apis_remain_unsupported) ... ok
test_rejects_arguments_with_pytorch_2_13_errors (test_distributed_is_initialized.DistributedIsInitializedTests.test_rejects_arguments_with_pytorch_2_13_errors) ... ok
test_returns_exact_false_without_runtime_probes (test_distributed_is_initialized.DistributedIsInitializedTests.test_returns_exact_false_without_runtime_probes) ... ok
test_signature_annotations_documentation_and_module_identity (test_distributed_is_initialized.DistributedIsInitializedTests.test_signature_annotations_documentation_and_module_identity) ... ok
test_argument_errors_match_pytorch_2_13 (test_distributed_is_initialized_reference.DistributedIsInitializedReferenceTests.test_argument_errors_match_pytorch_2_13) ... ok
test_imports_copy_wildcards_and_pickle_match_the_supported_scope (test_distributed_is_initialized_reference.DistributedIsInitializedReferenceTests.test_imports_copy_wildcards_and_pickle_match_the_supported_scope) ... ok
test_process_group_and_all_other_distributed_apis_remain_unsupported (test_distributed_is_initialized_reference.DistributedIsInitializedReferenceTests.test_process_group_and_all_other_distributed_apis_remain_unsupported) ... ok
test_signature_annotations_documentation_and_identity_match (test_distributed_is_initialized_reference.DistributedIsInitializedReferenceTests.test_signature_annotations_documentation_and_identity_match) ... ok
test_uninitialized_default_state_matches_across_environments_and_threads (test_distributed_is_initialized_reference.DistributedIsInitializedReferenceTests.test_uninitialized_default_state_matches_across_environments_and_threads) ... ok
test_false_is_stable_across_threads_and_grad_modes (test_distributed_is_mpi_available.DistributedIsMpiAvailableTests.test_false_is_stable_across_threads_and_grad_modes) ... ok
test_importing_and_calling_does_not_import_runtime_backends (test_distributed_is_mpi_available.DistributedIsMpiAvailableTests.test_importing_and_calling_does_not_import_runtime_backends) ... ok
test_imports_copy_wildcards_and_pickle_use_the_canonical_module (test_distributed_is_mpi_available.DistributedIsMpiAvailableTests.test_imports_copy_wildcards_and_pickle_use_the_canonical_module) ... ok
test_mpi_execution_and_other_distributed_apis_remain_unsupported (test_distributed_is_mpi_available.DistributedIsMpiAvailableTests.test_mpi_execution_and_other_distributed_apis_remain_unsupported) ... ok
test_rejects_arguments_with_pytorch_2_13_errors (test_distributed_is_mpi_available.DistributedIsMpiAvailableTests.test_rejects_arguments_with_pytorch_2_13_errors) ... ok
test_returns_exact_false_without_runtime_probes (test_distributed_is_mpi_available.DistributedIsMpiAvailableTests.test_returns_exact_false_without_runtime_probes) ... ok
test_signature_annotations_documentation_and_module_identity (test_distributed_is_mpi_available.DistributedIsMpiAvailableTests.test_signature_annotations_documentation_and_module_identity) ... ok
test_argument_errors_match_pytorch_2_13 (test_distributed_is_mpi_available_reference.DistributedIsMpiAvailableReferenceTests.test_argument_errors_match_pytorch_2_13) ... ok
test_false_is_stable_while_reference_capability_varies_by_build (test_distributed_is_mpi_available_reference.DistributedIsMpiAvailableReferenceTests.test_false_is_stable_while_reference_capability_varies_by_build) ... ok
test_imports_copy_wildcards_and_pickle_match_the_supported_scope (test_distributed_is_mpi_available_reference.DistributedIsMpiAvailableReferenceTests.test_imports_copy_wildcards_and_pickle_match_the_supported_scope) ... ok
test_mpi_execution_and_other_distributed_apis_remain_unsupported (test_distributed_is_mpi_available_reference.DistributedIsMpiAvailableReferenceTests.test_mpi_execution_and_other_distributed_apis_remain_unsupported) ... ok
test_signature_annotations_documentation_and_identity_match (test_distributed_is_mpi_available_reference.DistributedIsMpiAvailableReferenceTests.test_signature_annotations_documentation_and_identity_match) ... ok
test_false_is_stable_across_threads_and_grad_modes (test_distributed_is_nccl_available.DistributedIsNcclAvailableTests.test_false_is_stable_across_threads_and_grad_modes) ... ok
test_importing_and_calling_does_not_import_pytorch (test_distributed_is_nccl_available.DistributedIsNcclAvailableTests.test_importing_and_calling_does_not_import_pytorch) ... ok
test_imports_copy_wildcards_and_pickle_use_the_canonical_module (test_distributed_is_nccl_available.DistributedIsNcclAvailableTests.test_imports_copy_wildcards_and_pickle_use_the_canonical_module) ... ok
test_nccl_execution_and_other_distributed_apis_remain_unsupported (test_distributed_is_nccl_available.DistributedIsNcclAvailableTests.test_nccl_execution_and_other_distributed_apis_remain_unsupported) ... ok
test_rejects_arguments_with_pytorch_2_13_errors (test_distributed_is_nccl_available.DistributedIsNcclAvailableTests.test_rejects_arguments_with_pytorch_2_13_errors) ... ok
test_returns_exact_false_without_runtime_probes (test_distributed_is_nccl_available.DistributedIsNcclAvailableTests.test_returns_exact_false_without_runtime_probes) ... ok
test_signature_annotations_documentation_and_module_identity (test_distributed_is_nccl_available.DistributedIsNcclAvailableTests.test_signature_annotations_documentation_and_module_identity) ... ok
test_argument_errors_match_pytorch_2_13 (test_distributed_is_nccl_available_reference.DistributedIsNcclAvailableReferenceTests.test_argument_errors_match_pytorch_2_13) ... ok
test_false_is_stable_while_reference_capability_varies_by_build (test_distributed_is_nccl_available_reference.DistributedIsNcclAvailableReferenceTests.test_false_is_stable_while_reference_capability_varies_by_build) ... ok
test_imports_copy_wildcards_and_pickle_match_the_supported_scope (test_distributed_is_nccl_available_reference.DistributedIsNcclAvailableReferenceTests.test_imports_copy_wildcards_and_pickle_match_the_supported_scope) ... ok
test_nccl_execution_and_other_distributed_apis_remain_unsupported (test_distributed_is_nccl_available_reference.DistributedIsNcclAvailableReferenceTests.test_nccl_execution_and_other_distributed_apis_remain_unsupported) ... ok
test_signature_annotations_documentation_and_identity_match (test_distributed_is_nccl_available_reference.DistributedIsNcclAvailableReferenceTests.test_signature_annotations_documentation_and_identity_match) ... ok
test_false_is_stable_across_threads_and_grad_modes (test_distributed_is_ucc_available.DistributedIsUccAvailableTests.test_false_is_stable_across_threads_and_grad_modes) ... ok
test_importing_and_calling_does_not_import_pytorch (test_distributed_is_ucc_available.DistributedIsUccAvailableTests.test_importing_and_calling_does_not_import_pytorch) ... ok
test_imports_copy_wildcards_and_pickle_use_the_canonical_module (test_distributed_is_ucc_available.DistributedIsUccAvailableTests.test_imports_copy_wildcards_and_pickle_use_the_canonical_module) ... ok
test_rejects_arguments_with_pytorch_2_13_errors (test_distributed_is_ucc_available.DistributedIsUccAvailableTests.test_rejects_arguments_with_pytorch_2_13_errors) ... ok
test_returns_exact_false_without_runtime_probes (test_distributed_is_ucc_available.DistributedIsUccAvailableTests.test_returns_exact_false_without_runtime_probes) ... ok
test_signature_annotations_documentation_and_module_identity (test_distributed_is_ucc_available.DistributedIsUccAvailableTests.test_signature_annotations_documentation_and_module_identity) ... ok
test_ucc_execution_and_other_distributed_apis_remain_unsupported (test_distributed_is_ucc_available.DistributedIsUccAvailableTests.test_ucc_execution_and_other_distributed_apis_remain_unsupported) ... ok
test_argument_errors_match_pytorch_2_13 (test_distributed_is_ucc_available_reference.DistributedIsUccAvailableReferenceTests.test_argument_errors_match_pytorch_2_13) ... ok
test_false_is_stable_while_reference_capability_varies_by_build (test_distributed_is_ucc_available_reference.DistributedIsUccAvailableReferenceTests.test_false_is_stable_while_reference_capability_varies_by_build) ... ok
test_imports_copy_wildcards_and_pickle_match_the_supported_scope (test_distributed_is_ucc_available_reference.DistributedIsUccAvailableReferenceTests.test_imports_copy_wildcards_and_pickle_match_the_supported_scope) ... ok
test_signature_annotations_documentation_and_identity_match (test_distributed_is_ucc_available_reference.DistributedIsUccAvailableReferenceTests.test_signature_annotations_documentation_and_identity_match) ... ok
test_ucc_execution_and_other_distributed_apis_remain_unsupported (test_distributed_is_ucc_available_reference.DistributedIsUccAvailableReferenceTests.test_ucc_execution_and_other_distributed_apis_remain_unsupported) ... ok
test_false_is_stable_across_threads_and_grad_modes (test_distributed_is_xccl_available.DistributedIsXcclAvailableTests.test_false_is_stable_across_threads_and_grad_modes) ... ok
test_importing_and_calling_does_not_import_pytorch (test_distributed_is_xccl_available.DistributedIsXcclAvailableTests.test_importing_and_calling_does_not_import_pytorch) ... ok
test_imports_copy_wildcards_and_pickle_use_the_canonical_module (test_distributed_is_xccl_available.DistributedIsXcclAvailableTests.test_imports_copy_wildcards_and_pickle_use_the_canonical_module) ... ok
test_rejects_arguments_with_pytorch_2_13_errors (test_distributed_is_xccl_available.DistributedIsXcclAvailableTests.test_rejects_arguments_with_pytorch_2_13_errors) ... ok
test_returns_exact_false_without_runtime_probes (test_distributed_is_xccl_available.DistributedIsXcclAvailableTests.test_returns_exact_false_without_runtime_probes) ... ok
test_signature_annotations_documentation_and_module_identity (test_distributed_is_xccl_available.DistributedIsXcclAvailableTests.test_signature_annotations_documentation_and_module_identity) ... ok
test_xccl_execution_and_other_distributed_apis_remain_unsupported (test_distributed_is_xccl_available.DistributedIsXcclAvailableTests.test_xccl_execution_and_other_distributed_apis_remain_unsupported) ... ok
test_argument_errors_match_pytorch_2_13 (test_distributed_is_xccl_available_reference.DistributedIsXcclAvailableReferenceTests.test_argument_errors_match_pytorch_2_13) ... ok
test_false_is_stable_while_reference_capability_varies_by_build (test_distributed_is_xccl_available_reference.DistributedIsXcclAvailableReferenceTests.test_false_is_stable_while_reference_capability_varies_by_build) ... ok
test_imports_copy_wildcards_and_pickle_match_the_supported_scope (test_distributed_is_xccl_available_reference.DistributedIsXcclAvailableReferenceTests.test_imports_copy_wildcards_and_pickle_match_the_supported_scope) ... ok
test_signature_annotations_documentation_and_identity_match (test_distributed_is_xccl_available_reference.DistributedIsXcclAvailableReferenceTests.test_signature_annotations_documentation_and_identity_match) ... ok
test_xccl_execution_and_other_distributed_apis_remain_unsupported (test_distributed_is_xccl_available_reference.DistributedIsXcclAvailableReferenceTests.test_xccl_execution_and_other_distributed_apis_remain_unsupported) ... ok
test_discovered_values_preserve_validation_and_pickling (test_distributed_sampler.DistributedSamplerTests.test_discovered_values_preserve_validation_and_pickling) ... ok
test_implicit_discovery_matches_distributed_call_order (test_distributed_sampler.DistributedSamplerTests.test_implicit_discovery_matches_distributed_call_order) ... ok
test_imports_exports_and_unsupported_neighbors (test_distributed_sampler.DistributedSamplerTests.test_imports_exports_and_unsupported_neighbors) ... ok
test_round_robin_partitioning_padding_drop_last_and_empty_datasets (test_distributed_sampler.DistributedSamplerTests.test_round_robin_partitioning_padding_drop_last_and_empty_datasets) ... ok
test_short_datasets_repeat_from_the_front_for_padding (test_distributed_sampler.DistributedSamplerTests.test_short_datasets_repeat_from_the_front_for_padding) ... ok
test_shuffling_remains_explicitly_unsupported (test_distributed_sampler.DistributedSamplerTests.test_shuffling_remains_explicitly_unsupported) ... ok
test_signature_annotations_inheritance_and_metadata (test_distributed_sampler.DistributedSamplerTests.test_signature_annotations_inheritance_and_metadata) ... ok
test_size_is_cached_while_iteration_reads_the_current_dataset (test_distributed_sampler.DistributedSamplerTests.test_size_is_cached_while_iteration_reads_the_current_dataset) ... ok
test_state_set_epoch_and_pickle_round_trips (test_distributed_sampler.DistributedSamplerTests.test_state_set_epoch_and_pickle_round_trips) ... ok
test_supported_validation_and_length_errors (test_distributed_sampler.DistributedSamplerTests.test_supported_validation_and_length_errors) ... ok
test_unavailable_discovery_errors_before_accessing_dataset (test_distributed_sampler.DistributedSamplerTests.test_unavailable_discovery_errors_before_accessing_dataset) ... ok
test_cached_size_and_mutated_dataset_behavior_match (test_distributed_sampler_reference.DistributedSamplerReferenceTests.test_cached_size_and_mutated_dataset_behavior_match) ... ok
test_implicit_discovery_order_and_errors_match (test_distributed_sampler_reference.DistributedSamplerReferenceTests.test_implicit_discovery_order_and_errors_match) ... ok
test_imports_exports_and_unsupported_neighbors_match (test_distributed_sampler_reference.DistributedSamplerReferenceTests.test_imports_exports_and_unsupported_neighbors_match) ... ok
test_partitioning_padding_drop_last_length_and_empty_datasets_match (test_distributed_sampler_reference.DistributedSamplerReferenceTests.test_partitioning_padding_drop_last_length_and_empty_datasets_match) ... ok
test_set_epoch_state_and_pickle_match (test_distributed_sampler_reference.DistributedSamplerReferenceTests.test_set_epoch_state_and_pickle_match) ... ok
test_signature_annotations_documentation_and_metadata_match (test_distributed_sampler_reference.DistributedSamplerReferenceTests.test_signature_annotations_documentation_and_metadata_match) ... ok
test_validation_call_forms_and_falsey_shuffle_match (test_distributed_sampler_reference.DistributedSamplerReferenceTests.test_validation_call_forms_and_falsey_shuffle_match) ... ok
test_descriptor_metadata_and_errors_match_the_native_type (test_dtype_abbr.DTypeAbbrTests.test_descriptor_metadata_and_errors_match_the_native_type) ... ok
test_every_float32_source_exposes_the_native_abbreviation (test_dtype_abbr.DTypeAbbrTests.test_every_float32_source_exposes_the_native_abbreviation) ... ok
test_other_dtype_singletons_and_to_complex_remain_unsupported (test_dtype_abbr.DTypeAbbrTests.test_other_dtype_singletons_and_to_complex_remain_unsupported) ... ok
test_package_and_native_reload_preserve_dtype_objects (test_dtype_abbr.DTypeAbbrTests.test_package_and_native_reload_preserve_dtype_objects) ... ok
test_broader_dtype_surface_remains_deliberately_unsupported (test_dtype_abbr_reference.DTypeAbbrReferenceTests.test_broader_dtype_surface_remains_deliberately_unsupported) ... ok
test_descriptor_metadata_and_errors_match_pytorch_2_13 (test_dtype_abbr_reference.DTypeAbbrReferenceTests.test_descriptor_metadata_and_errors_match_pytorch_2_13) ... ok
test_float32_sources_match_pytorch_2_13 (test_dtype_abbr_reference.DTypeAbbrReferenceTests.test_float32_sources_match_pytorch_2_13) ... ok
test_native_reload_behavior_matches_pytorch_2_13 (test_dtype_abbr_reference.DTypeAbbrReferenceTests.test_native_reload_behavior_matches_pytorch_2_13) ... ok
test_descriptor_is_owned_by_dtype_and_is_read_only (test_dtype_is_complex.DTypeIsComplexTests.test_descriptor_is_owned_by_dtype_and_is_read_only) ... ok
test_float32_aliases_expose_the_native_dtype_predicate (test_dtype_is_complex.DTypeIsComplexTests.test_float32_aliases_expose_the_native_dtype_predicate) ... ok
test_descriptor_ownership_and_mutation_errors_match_pytorch_2_13 (test_dtype_is_complex_reference.DTypeIsComplexReferenceTests.test_descriptor_ownership_and_mutation_errors_match_pytorch_2_13) ... ok
test_float32_alias_identity_and_values_match_pytorch_2_13 (test_dtype_is_complex_reference.DTypeIsComplexReferenceTests.test_float32_alias_identity_and_values_match_pytorch_2_13) ... ok
test_descriptor_is_owned_by_dtype_and_is_read_only (test_dtype_is_floating_point.DTypeIsFloatingPointTests.test_descriptor_is_owned_by_dtype_and_is_read_only) ... ok
test_dtype_tensor_and_top_level_queries_agree_without_data_access (test_dtype_is_floating_point.DTypeIsFloatingPointTests.test_dtype_tensor_and_top_level_queries_agree_without_data_access) ... ok
test_float32_aliases_expose_the_native_dtype_category (test_dtype_is_floating_point.DTypeIsFloatingPointTests.test_float32_aliases_expose_the_native_dtype_category) ... ok
test_descriptor_ownership_and_assignment_errors_match_pytorch_2_13 (test_dtype_is_floating_point_reference.DTypeIsFloatingPointReferenceTests.test_descriptor_ownership_and_assignment_errors_match_pytorch_2_13) ... ok
test_dtype_tensor_and_top_level_results_match_pytorch_2_13 (test_dtype_is_floating_point_reference.DTypeIsFloatingPointReferenceTests.test_dtype_tensor_and_top_level_results_match_pytorch_2_13) ... ok
test_float32_aliases_match_pytorch_2_13 (test_dtype_is_floating_point_reference.DTypeIsFloatingPointReferenceTests.test_float32_aliases_match_pytorch_2_13) ... ok
test_descriptor_is_owned_by_dtype_and_is_read_only (test_dtype_is_signed.DTypeIsSignedTests.test_descriptor_is_owned_by_dtype_and_is_read_only) ... ok
test_dtype_property_agrees_with_tensor_method (test_dtype_is_signed.DTypeIsSignedTests.test_dtype_property_agrees_with_tensor_method) ... ok
test_float32_aliases_expose_the_native_dtype_predicate (test_dtype_is_signed.DTypeIsSignedTests.test_float32_aliases_expose_the_native_dtype_predicate) ... ok
test_descriptor_ownership_and_mutation_errors_match_pytorch_2_13 (test_dtype_is_signed_reference.DTypeIsSignedReferenceTests.test_descriptor_ownership_and_mutation_errors_match_pytorch_2_13) ... ok
test_dtype_property_and_tensor_method_match_pytorch_2_13 (test_dtype_is_signed_reference.DTypeIsSignedReferenceTests.test_dtype_property_and_tensor_method_match_pytorch_2_13) ... ok
test_float32_alias_identity_and_values_match_pytorch_2_13 (test_dtype_is_signed_reference.DTypeIsSignedReferenceTests.test_float32_alias_identity_and_values_match_pytorch_2_13) ... ok
test_descriptor_is_owned_by_dtype_and_is_read_only (test_dtype_itemsize.DTypeItemsizeTests.test_descriptor_is_owned_by_dtype_and_is_read_only) ... ok
test_float32_aliases_expose_the_native_element_size (test_dtype_itemsize.DTypeItemsizeTests.test_float32_aliases_expose_the_native_element_size) ... ok
test_scalar_empty_and_strided_tensor_widths_agree (test_dtype_itemsize.DTypeItemsizeTests.test_scalar_empty_and_strided_tensor_widths_agree) ... ok
test_descriptor_ownership_and_assignment_errors_match_pytorch_2_13 (test_dtype_itemsize_reference.DTypeItemsizeReferenceTests.test_descriptor_ownership_and_assignment_errors_match_pytorch_2_13) ... ok
test_float32_aliases_match_pytorch_2_13 (test_dtype_itemsize_reference.DTypeItemsizeReferenceTests.test_float32_aliases_match_pytorch_2_13) ... ok
test_tensor_dtype_itemsize_matches_element_size_for_all_layouts (test_dtype_itemsize_reference.DTypeItemsizeReferenceTests.test_tensor_dtype_itemsize_matches_element_size_for_all_layouts) ... ok
test_float_alias_and_copies_preserve_identity_and_metadata (test_dtype_pickle.DTypePickleTests.test_float_alias_and_copies_preserve_identity_and_metadata) ... ok
test_reduce_and_every_pickle_protocol_restore_float32 (test_dtype_pickle.DTypePickleTests.test_reduce_and_every_pickle_protocol_restore_float32) ... ok
test_float32_pickle_copy_and_alias_match_pytorch_2_13 (test_dtype_pickle_reference.DTypePickleReferenceTests.test_float32_pickle_copy_and_alias_match_pytorch_2_13) ... ok
test_argument_receiver_and_attribute_errors (test_dtype_to_real.DTypeToRealTests.test_argument_receiver_and_attribute_errors) ... ok
test_descriptor_metadata_signatures_and_unbound_call (test_dtype_to_real.DTypeToRealTests.test_descriptor_metadata_signatures_and_unbound_call) ... ok
test_every_float32_alias_returns_the_canonical_singleton (test_dtype_to_real.DTypeToRealTests.test_every_float32_alias_returns_the_canonical_singleton) ... ok
test_argument_receiver_and_attribute_errors_match_pytorch_2_13 (test_dtype_to_real_reference.DTypeToRealReferenceTests.test_argument_receiver_and_attribute_errors_match_pytorch_2_13) ... ok
test_complex_to_real_mapping_remains_outside_supported_dtypes (test_dtype_to_real_reference.DTypeToRealReferenceTests.test_complex_to_real_mapping_remains_outside_supported_dtypes) ... ok
test_descriptor_documentation_signatures_and_unbound_calls_match (test_dtype_to_real_reference.DTypeToRealReferenceTests.test_descriptor_documentation_signatures_and_unbound_calls_match) ... ok
test_float32_alias_identity_matches_pytorch_2_13 (test_dtype_to_real_reference.DTypeToRealReferenceTests.test_float32_alias_identity_matches_pytorch_2_13) ... ok
test_callable_metadata_exports_copy_pickle_and_reload (test_empty_like.EmptyLikeTests.test_callable_metadata_exports_copy_pickle_and_reload) ... ok
test_input_keyword_aliases_match_generated_binding_forms (test_empty_like.EmptyLikeTests.test_input_keyword_aliases_match_generated_binding_forms) ... ok
test_rejects_bad_input_subclasses_modes_and_bad_call_forms (test_empty_like.EmptyLikeTests.test_rejects_bad_input_subclasses_modes_and_bad_call_forms) ... ok
test_rejects_noncontiguous_channels_last_and_nondefault_metadata (test_empty_like.EmptyLikeTests.test_rejects_noncontiguous_channels_last_and_nondefault_metadata) ... ok
test_requires_grad_and_no_grad_match_factory_semantics (test_empty_like.EmptyLikeTests.test_requires_grad_and_no_grad_match_factory_semantics) ... ok
test_returns_fresh_storage (test_empty_like.EmptyLikeTests.test_returns_fresh_storage) ... ok
test_supported_default_metadata_matches_input_shape_and_stride (test_empty_like.EmptyLikeTests.test_supported_default_metadata_matches_input_shape_and_stride) ... ok
test_top_level_empty_is_exported (test_empty_like.EmptyLikeTests.test_top_level_empty_is_exported) ... ok
test_callable_metadata_exports_copy_pickle_and_reload_match_pytorch_2_13 (test_empty_like_reference.EmptyLikeReferenceTests.test_callable_metadata_exports_copy_pickle_and_reload_match_pytorch_2_13) ... ok
test_fresh_storage_matches_pytorch_2_13 (test_empty_like_reference.EmptyLikeReferenceTests.test_fresh_storage_matches_pytorch_2_13) ... ok
test_no_grad_requires_grad_behavior_matches_pytorch_2_13 (test_empty_like_reference.EmptyLikeReferenceTests.test_no_grad_requires_grad_behavior_matches_pytorch_2_13) ... ok
test_supported_metadata_matches_pytorch_2_13 (test_empty_like_reference.EmptyLikeReferenceTests.test_supported_metadata_matches_pytorch_2_13) ... ok
test_dimension_errors_match_pytorch_2_13 (test_empty_reference.EmptyReferenceTests.test_dimension_errors_match_pytorch_2_13) ... ok
test_later_sequence_dimensions_wait_for_keyword_precedence_match_pytorch_2_13 (test_empty_reference.EmptyReferenceTests.test_later_sequence_dimensions_wait_for_keyword_precedence_match_pytorch_2_13) ... ok
test_out_none_results_and_fresh_storage_match_pytorch_2_13 (test_empty_reference.EmptyReferenceTests.test_out_none_results_and_fresh_storage_match_pytorch_2_13) ... ok
test_requires_grad_leaf_behavior_matches_pytorch_2_13_under_no_grad (test_empty_reference.EmptyReferenceTests.test_requires_grad_leaf_behavior_matches_pytorch_2_13_under_no_grad) ... ok
test_scalar_and_empty_dimension_metadata_match_pytorch_2_13 (test_empty_reference.EmptyReferenceTests.test_scalar_and_empty_dimension_metadata_match_pytorch_2_13) ... ok
test_unsupported_dtype_device_layout_out_and_pin_memory_boundaries_are_pinned (test_empty_reference.EmptyReferenceTests.test_unsupported_dtype_device_layout_out_and_pin_memory_boundaries_are_pinned) ... ok
test_unsupported_sequence_size_objects_match_pytorch_2_13 (test_empty_reference.EmptyReferenceTests.test_unsupported_sequence_size_objects_match_pytorch_2_13) ... ok
test_variadic_leading_index_provider_calls_match_pytorch_2_13 (test_empty_reference.EmptyReferenceTests.test_variadic_leading_index_provider_calls_match_pytorch_2_13) ... ok
test_variadic_list_tuple_and_index_protocol_sizes_match_pytorch_2_13 (test_empty_reference.EmptyReferenceTests.test_variadic_list_tuple_and_index_protocol_sizes_match_pytorch_2_13) ... ok
test_callable_metadata_and_unbound_call (test_equal.TensorEqualTests.test_callable_metadata_and_unbound_call) ... ok
test_contiguous_strided_offset_and_empty_tensors (test_equal.TensorEqualTests.test_contiguous_strided_offset_and_empty_tensors) ... ok
test_matching_dense_strides_preserve_layout_and_edge_semantics (test_equal.TensorEqualTests.test_matching_dense_strides_preserve_layout_and_edge_semantics) ... ok
test_shape_signed_zero_infinity_nan_and_autograd_metadata (test_equal.TensorEqualTests.test_shape_signed_zero_infinity_nan_and_autograd_metadata) ... ok
test_type_and_binding_errors (test_equal.TensorEqualTests.test_type_and_binding_errors) ... ok
test_binding_and_type_errors_match_pytorch_2_13 (test_equal_reference.TensorEqualReferenceTests.test_binding_and_type_errors_match_pytorch_2_13) ... ok
test_callable_metadata_matches_pytorch_2_13 (test_equal_reference.TensorEqualReferenceTests.test_callable_metadata_matches_pytorch_2_13) ... ok
test_contiguous_strided_offset_and_empty_tensors_match_pytorch_2_13 (test_equal_reference.TensorEqualReferenceTests.test_contiguous_strided_offset_and_empty_tensors_match_pytorch_2_13) ... ok
test_matching_dense_strides_match_pytorch_2_13 (test_equal_reference.TensorEqualReferenceTests.test_matching_dense_strides_match_pytorch_2_13) ... ok
test_numerical_and_metadata_semantics_match_pytorch_2_13 (test_equal_reference.TensorEqualReferenceTests.test_numerical_and_metadata_semantics_match_pytorch_2_13) ... ok
test_autograd_name_lifecycle_accumulation_and_no_grad (test_exp.TensorExpTests.test_autograd_name_lifecycle_accumulation_and_no_grad) ... ok
test_inplace_and_method_out_forms_remain_unsupported (test_exp.TensorExpTests.test_inplace_and_method_out_forms_remain_unsupported) ... ok
test_no_mode_preserves_bits_layouts_and_fresh_storage (test_exp.TensorExpTests.test_no_mode_preserves_bits_layouts_and_fresh_storage) ... ok
test_registration_preserves_preexisting_descriptor_reducers (test_exp.TensorExpTests.test_registration_preserves_preexisting_descriptor_reducers) ... ok
test_tensorbase_descriptor_metadata_and_no_argument_errors (test_exp.TensorExpTests.test_tensorbase_descriptor_metadata_and_no_argument_errors) ... ok
test_tensorbase_descriptor_round_trips_through_both_picklers (test_exp.TensorExpTests.test_tensorbase_descriptor_round_trips_through_both_picklers) ... ok
test_torch_function_modes_dispatch_before_native_and_restore_stack (test_exp.TensorExpTests.test_torch_function_modes_dispatch_before_native_and_restore_stack) ... ok
test_autograd_scalar_empty_contiguous_offset_and_strided_match_pytorch_2_13 (test_exp_reference.ExpReferenceTests.test_autograd_scalar_empty_contiguous_offset_and_strided_match_pytorch_2_13) ... ok
test_autograd_special_values_match_pytorch_2_13_bits (test_exp_reference.ExpReferenceTests.test_autograd_special_values_match_pytorch_2_13_bits) ... ok
test_backward_uses_saved_forward_result_across_rounding_mode_changes (test_exp_reference.ExpReferenceTests.test_backward_uses_saved_forward_result_across_rounding_mode_changes) ... ok
test_callable_contract_matches_pytorch_2_13 (test_exp_reference.ExpReferenceTests.test_callable_contract_matches_pytorch_2_13) ... ok
test_composition_accumulation_repeated_backward_and_no_grad_match (test_exp_reference.ExpReferenceTests.test_composition_accumulation_repeated_backward_and_no_grad_match) ... ok
test_descriptor_pickle_round_trips_match_pytorch_2_13 (test_exp_reference.ExpReferenceTests.test_descriptor_pickle_round_trips_match_pytorch_2_13) ... ok
test_exp_backward_node_identity_matches_pytorch_2_13 (test_exp_reference.ExpReferenceTests.test_exp_backward_node_identity_matches_pytorch_2_13) ... ok
test_scalar_empty_offset_and_strided_results_keep_fresh_storage (test_exp_reference.ExpReferenceTests.test_scalar_empty_offset_and_strided_results_keep_fresh_storage) ... ok
test_seeded_random_shapes_and_values_match_pytorch_2_13 (test_exp_reference.ExpReferenceTests.test_seeded_random_shapes_and_values_match_pytorch_2_13) ... ok
test_torch_function_mode_dispatch_matches_pytorch_2_13 (test_exp_reference.ExpReferenceTests.test_torch_function_mode_dispatch_matches_pytorch_2_13) ... ok
test_integer_protocol_inputs (test_eye.EyeTests.test_integer_protocol_inputs) ... ok
test_negative_and_overflow_errors (test_eye.EyeTests.test_negative_and_overflow_errors) ... ok
test_square_rectangular_and_zero_size_results (test_eye.EyeTests.test_square_rectangular_and_zero_size_results) ... ok
test_supported_metadata_creates_cpu_float32_leaves (test_eye.EyeTests.test_supported_metadata_creates_cpu_float32_leaves) ... ok
test_dtype_device_and_requires_grad_metadata_match_pytorch_2_13 (test_eye_reference.EyeReferenceTests.test_dtype_device_and_requires_grad_metadata_match_pytorch_2_13) ... ok
test_integer_protocol_inputs_match_pytorch_2_13 (test_eye_reference.EyeReferenceTests.test_integer_protocol_inputs_match_pytorch_2_13) ... ok
test_negative_and_dimension_overflow_errors_match_pytorch_2_13 (test_eye_reference.EyeReferenceTests.test_negative_and_dimension_overflow_errors_match_pytorch_2_13) ... ok
test_square_rectangular_and_zero_size_results_match_pytorch_2_13 (test_eye_reference.EyeReferenceTests.test_square_rectangular_and_zero_size_results_match_pytorch_2_13) ... ok
test_zero_size_huge_dimension_metadata_matches_pytorch_2_13 (test_eye_reference.EyeReferenceTests.test_zero_size_huge_dimension_metadata_matches_pytorch_2_13) ... ok
test_constructor_errors_match_without_expanding_other_dtypes (test_finfo.FInfoTests.test_constructor_errors_match_without_expanding_other_dtypes) ... Exception ignored in PyDict_GetItemString(); consider using PyDict_GetItemStringRef():
Traceback (most recent call last):
  File "/data/users/bobren/a/pytorch-rs-burner/.burner/worktrees/composite_17c2e82f/target/python314-checkout/tests/test_finfo.py", line 327, in __eq__
    raise RuntimeError("keyword equality trap")
RuntimeError: keyword equality trap
ok
test_copy_and_pickle_are_rejected_for_every_protocol (test_finfo.FInfoTests.test_copy_and_pickle_are_rejected_for_every_protocol) ... ok
test_default_and_float32_aliases_return_fresh_native_metadata (test_finfo.FInfoTests.test_default_and_float32_aliases_return_fresh_native_metadata) ... ok
test_equality_and_unhashability_match_the_float32_scalar_type (test_finfo.FInfoTests.test_equality_and_unhashability_match_the_float32_scalar_type) ... ok
test_large_invalid_call_raises_bad_alloc_instead_of_aborting (test_finfo.FInfoTests.test_large_invalid_call_raises_bad_alloc_instead_of_aborting) ... ok
test_repr_allocation_failure_raises_memory_error_without_panicking (test_finfo.FInfoTests.test_repr_allocation_failure_raises_memory_error_without_panicking) ... ok
test_type_and_descriptor_metadata_are_builtin_and_immutable (test_finfo.FInfoTests.test_type_and_descriptor_metadata_are_builtin_and_immutable) ... ok
test_type_diagnostics_use_native_names_without_metaclass_dispatch (test_finfo.FInfoTests.test_type_diagnostics_use_native_names_without_metaclass_dispatch) ... ok
test_builtin_type_and_getset_metadata_match (test_finfo_reference.FInfoReferenceTests.test_builtin_type_and_getset_metadata_match) ... ok
test_constructor_errors_and_unpicklability_match (test_finfo_reference.FInfoReferenceTests.test_constructor_errors_and_unpicklability_match) ... Exception ignored in PyDict_GetItemString(); consider using PyDict_GetItemStringRef():
Traceback (most recent call last):
  File "/data/users/bobren/a/pytorch-rs-burner/.burner/worktrees/composite_17c2e82f/target/python314-checkout/tests/test_finfo_reference.py", line 197, in __eq__
    raise RuntimeError("keyword equality trap")
RuntimeError: keyword equality trap
Exception ignored in PyDict_GetItem(); consider using PyDict_GetItemRef() or PyDict_GetItemWithError():
Traceback (most recent call last):
  File "/data/users/bobren/a/pytorch-rs-burner/.burner/worktrees/composite_17c2e82f/target/python314-checkout/tests/test_finfo_reference.py", line 197, in __eq__
    raise RuntimeError("keyword equality trap")
RuntimeError: keyword equality trap
Exception ignored in PyDict_GetItem(); consider using PyDict_GetItemRef() or PyDict_GetItemWithError():
Traceback (most recent call last):
  File "/data/users/bobren/a/pytorch-rs-burner/.burner/worktrees/composite_17c2e82f/target/python314-checkout/tests/test_finfo_reference.py", line 197, in __eq__
    raise RuntimeError("keyword equality trap")
RuntimeError: keyword equality trap
ok
test_float32_values_aliases_freshness_and_equality_match (test_finfo_reference.FInfoReferenceTests.test_float32_values_aliases_freshness_and_equality_match) ... ok
test_float64_shorthand_remains_outside_the_supported_boundary (test_finfo_reference.FInfoReferenceTests.test_float64_shorthand_remains_outside_the_supported_boundary) ... ok
test_public_and_hostile_metaclass_type_diagnostics_match (test_finfo_reference.FInfoReferenceTests.test_public_and_hostile_metaclass_type_diagnostics_match) ... ok
test_autograd_records_reusable_trunc_backward_for_every_call_form (test_fix.TensorFixTests.test_autograd_records_reusable_trunc_backward_for_every_call_form) ... ok
test_binding_and_type_error_precedence_matches_pytorch_2_13 (test_fix.TensorFixTests.test_binding_and_type_error_precedence_matches_pytorch_2_13) ... ok
test_concrete_out_is_rejected_before_autograd_or_planning (test_fix.TensorFixTests.test_concrete_out_is_rejected_before_autograd_or_planning) ... ok
test_distinct_builtin_metadata_copying_pickling_and_exports (test_fix.TensorFixTests.test_distinct_builtin_metadata_copying_pickling_and_exports) ... ok
test_inplace_forms_remain_unsupported_without_mutation (test_fix.TensorFixTests.test_inplace_forms_remain_unsupported_without_mutation) ... ok
test_modes_and_overrides_observe_calls_before_native_limits (test_fix.TensorFixTests.test_modes_and_overrides_observe_calls_before_native_limits) ... ok
test_no_grad_and_detached_inputs_use_the_inference_path (test_fix.TensorFixTests.test_no_grad_and_detached_inputs_use_the_inference_path) ... ok
test_tensor_method_modes_dispatch_through_the_fix_descriptor (test_fix.TensorFixTests.test_tensor_method_modes_dispatch_through_the_fix_descriptor) ... ok
test_tensorbase_descriptor_metadata_is_distinct_and_no_argument_only (test_fix.TensorFixTests.test_tensorbase_descriptor_metadata_is_distinct_and_no_argument_only) ... ok
test_values_ieee_bits_layouts_aliases_and_fresh_storage (test_fix.TensorFixTests.test_values_ieee_bits_layouts_aliases_and_fresh_storage) ... ok
test_zero_vjp_ignores_upstreams_composes_accumulates_and_repeats (test_fix.TensorFixTests.test_zero_vjp_ignores_upstreams_composes_accumulates_and_repeats) ... ok
test_autograd_scalar_empty_offset_and_strided_match_pytorch_2_13 (test_fix_reference.TensorFixReferenceTests.test_autograd_scalar_empty_offset_and_strided_match_pytorch_2_13) ... ok
test_binding_errors_match_pytorch_2_13 (test_fix_reference.TensorFixReferenceTests.test_binding_errors_match_pytorch_2_13) ... ok
test_concrete_out_and_inplace_boundaries_remain_explicit (test_fix_reference.TensorFixReferenceTests.test_concrete_out_and_inplace_boundaries_remain_explicit) ... ok
test_distinct_builtin_callable_contract_matches_pytorch_2_13 (test_fix_reference.TensorFixReferenceTests.test_distinct_builtin_callable_contract_matches_pytorch_2_13) ... ok
test_modes_and_subclass_dispatch_match_pytorch_2_13 (test_fix_reference.TensorFixReferenceTests.test_modes_and_subclass_dispatch_match_pytorch_2_13) ... ok
test_requires_grad_inputs_match_inside_no_grad_and_detached (test_fix_reference.TensorFixReferenceTests.test_requires_grad_inputs_match_inside_no_grad_and_detached) ... ok
test_seeded_float32_values_match_pytorch_2_13_exactly (test_fix_reference.TensorFixReferenceTests.test_seeded_float32_values_match_pytorch_2_13_exactly) ... ok
test_tensor_callable_contract_matches_pytorch_2_13 (test_fix_reference.TensorFixReferenceTests.test_tensor_callable_contract_matches_pytorch_2_13) ... ok
test_tensor_mode_dispatch_matches_pytorch_2_13 (test_fix_reference.TensorFixReferenceTests.test_tensor_mode_dispatch_matches_pytorch_2_13) ... ok
test_values_ieee_bits_layouts_aliases_and_storage_match_pytorch_2_13 (test_fix_reference.TensorFixReferenceTests.test_values_ieee_bits_layouts_aliases_and_storage_match_pytorch_2_13) ... ok
test_zero_vjp_special_upstreams_accumulation_and_composition_match (test_fix_reference.TensorFixReferenceTests.test_zero_vjp_special_upstreams_accumulation_and_composition_match) ... ok
test_binding_types_dimension_order_and_diagnostics (test_flatten.FlattenTests.test_binding_types_dimension_order_and_diagnostics) ... ok
test_empty_singleton_high_rank_and_extreme_metadata (test_flatten.FlattenTests.test_empty_singleton_high_rank_and_extreme_metadata) ... ok
test_method_and_top_level_forms_identity_and_scalar (test_flatten.FlattenTests.test_method_and_top_level_forms_identity_and_scalar) ... ok
test_stride_compatible_ranges_preserve_offsets_and_incompatible_ranges_copy (test_flatten.FlattenTests.test_stride_compatible_ranges_preserve_offsets_and_incompatible_ranges_copy) ... ok
test_scalar_empty_high_rank_wrapping_and_argument_errors_match (test_flatten_reference.FlattenReferenceTests.test_scalar_empty_high_rank_wrapping_and_argument_errors_match) ... ok
test_seeded_layout_compositions_and_consumers_match_pytorch_2_13 (test_flatten_reference.FlattenReferenceTests.test_seeded_layout_compositions_and_consumers_match_pytorch_2_13) ... ok
test_view_copy_offsets_lifetimes_and_special_values_match (test_flatten_reference.FlattenReferenceTests.test_view_copy_offsets_lifetimes_and_special_values_match) ... ok
test_empty_and_multi_element_errors_match_pytorch_2_13 (test_float.TensorFloatTests.test_empty_and_multi_element_errors_match_pytorch_2_13) ... ok
test_requires_grad_conversion_does_not_mutate_graphs (test_float.TensorFloatTests.test_requires_grad_conversion_does_not_mutate_graphs) ... ok
test_requires_grad_warning_is_once_only_and_respects_no_grad (test_float.TensorFloatTests.test_requires_grad_warning_is_once_only_and_respects_no_grad) ... ok
test_scalar_contiguous_offset_and_strided_values_are_bit_exact (test_float.TensorFloatTests.test_scalar_contiguous_offset_and_strided_values_are_bit_exact) ... ok
test_special_method_descriptor_matches_pytorch_2_13 (test_float.TensorFloatTests.test_special_method_descriptor_matches_pytorch_2_13) ... ok
test_cardinality_errors_match_pytorch_2_13 (test_float_reference.TensorFloatReferenceTests.test_cardinality_errors_match_pytorch_2_13) ... ok
test_descriptor_and_call_errors_match_pytorch_2_13 (test_float_reference.TensorFloatReferenceTests.test_descriptor_and_call_errors_match_pytorch_2_13) ... ok
test_graph_state_and_backward_match_pytorch_2_13 (test_float_reference.TensorFloatReferenceTests.test_graph_state_and_backward_match_pytorch_2_13) ... ok
test_values_and_layout_metadata_match_pytorch_2_13 (test_float_reference.TensorFloatReferenceTests.test_values_and_layout_metadata_match_pytorch_2_13) ... ok
test_warning_message_order_once_behavior_and_no_grad_match (test_float_reference.TensorFloatReferenceTests.test_warning_message_order_once_behavior_and_no_grad_match) ... ok
test_active_autograd_records_reusable_floor_backward_zero_vjp (test_floor.TensorFloorTests.test_active_autograd_records_reusable_floor_backward_zero_vjp) ... ok
test_detached_and_no_grad_inputs_use_the_inference_path (test_floor.TensorFloorTests.test_detached_and_no_grad_inputs_use_the_inference_path) ... ok
test_inplace_forms_remain_unsupported (test_floor.TensorFloorTests.test_inplace_forms_remain_unsupported) ... ok
test_tensorbase_descriptor_metadata_and_no_argument_errors (test_floor.TensorFloorTests.test_tensorbase_descriptor_metadata_and_no_argument_errors) ... ok
test_top_level_autograd_and_no_grad_reuse_method_path (test_floor.TensorFloorTests.test_top_level_autograd_and_no_grad_reuse_method_path) ... ok
test_top_level_binding_and_type_error_precedence (test_floor.TensorFloorTests.test_top_level_binding_and_type_error_precedence) ... ok
test_top_level_builtin_metadata_exports_copying_and_pickling (test_floor.TensorFloorTests.test_top_level_builtin_metadata_exports_copying_and_pickling) ... ok
test_top_level_calls_reuse_tensor_floor_bits_layouts_and_storage (test_floor.TensorFloorTests.test_top_level_calls_reuse_tensor_floor_bits_layouts_and_storage) ... ok
test_top_level_concrete_out_is_rejected_without_mutation (test_floor.TensorFloorTests.test_top_level_concrete_out_is_rejected_without_mutation) ... ok
test_top_level_modes_and_overrides_observe_original_call (test_floor.TensorFloorTests.test_top_level_modes_and_overrides_observe_original_call) ... ok
test_torch_function_modes_dispatch_before_native_execution (test_floor.TensorFloorTests.test_torch_function_modes_dispatch_before_native_execution) ... ok
test_values_layouts_offsets_empty_tensors_and_fresh_storage (test_floor.TensorFloorTests.test_values_layouts_offsets_empty_tensors_and_fresh_storage) ... ok
test_zero_vjp_ignores_upstream_values_composes_and_accumulates (test_floor.TensorFloorTests.test_zero_vjp_ignores_upstream_values_composes_and_accumulates) ... ok
test_autograd_scalar_empty_offset_and_strided_match_pytorch_2_13 (test_floor_reference.TensorFloorReferenceTests.test_autograd_scalar_empty_offset_and_strided_match_pytorch_2_13) ... ok
test_callable_contract_matches_pytorch_2_13 (test_floor_reference.TensorFloorReferenceTests.test_callable_contract_matches_pytorch_2_13) ... ok
test_concrete_out_and_inplace_boundaries_remain_explicit (test_floor_reference.TensorFloorReferenceTests.test_concrete_out_and_inplace_boundaries_remain_explicit) ... ok
test_requires_grad_inputs_match_inside_no_grad_and_detached (test_floor_reference.TensorFloorReferenceTests.test_requires_grad_inputs_match_inside_no_grad_and_detached) ... ok
test_seeded_float32_values_match_pytorch_2_13_exactly (test_floor_reference.TensorFloorReferenceTests.test_seeded_float32_values_match_pytorch_2_13_exactly) ... ok
test_top_level_binding_errors_match_pytorch_2_13 (test_floor_reference.TensorFloorReferenceTests.test_top_level_binding_errors_match_pytorch_2_13) ... ok
test_top_level_callable_contract_matches_pytorch_2_13 (test_floor_reference.TensorFloorReferenceTests.test_top_level_callable_contract_matches_pytorch_2_13) ... ok
test_top_level_declining_override_diagnostics_match_pytorch_2_13 (test_floor_reference.TensorFloorReferenceTests.test_top_level_declining_override_diagnostics_match_pytorch_2_13) ... ok
test_top_level_modes_and_subclass_dispatch_match_pytorch_2_13 (test_floor_reference.TensorFloorReferenceTests.test_top_level_modes_and_subclass_dispatch_match_pytorch_2_13) ... ok
test_top_level_values_layouts_bits_and_storage_match_pytorch_2_13 (test_floor_reference.TensorFloorReferenceTests.test_top_level_values_layouts_bits_and_storage_match_pytorch_2_13) ... ok
test_torch_function_mode_dispatch_matches_pytorch_2_13 (test_floor_reference.TensorFloorReferenceTests.test_torch_function_mode_dispatch_matches_pytorch_2_13) ... ok
test_values_layouts_offsets_empty_tensors_and_storage_match_pytorch (test_floor_reference.TensorFloorReferenceTests.test_values_layouts_offsets_empty_tensors_and_storage_match_pytorch) ... ok
test_zero_vjp_special_upstreams_accumulation_and_composition_match (test_floor_reference.TensorFloorReferenceTests.test_zero_vjp_special_upstreams_accumulation_and_composition_match) ... ok
test_callable_metadata_exports_copy_pickle_and_reload (test_full_like.FullLikeTests.test_callable_metadata_exports_copy_pickle_and_reload) ... ok
test_fill_value_keyword_and_scalar_tensor_fill (test_full_like.FullLikeTests.test_fill_value_keyword_and_scalar_tensor_fill) ... ok
test_input_keyword_aliases_match_generated_binding_forms (test_full_like.FullLikeTests.test_input_keyword_aliases_match_generated_binding_forms) ... ok
test_rejects_bad_input_subclasses_modes_and_bad_call_forms (test_full_like.FullLikeTests.test_rejects_bad_input_subclasses_modes_and_bad_call_forms) ... ok
test_rejects_noncontiguous_channels_last_and_nondefault_metadata (test_full_like.FullLikeTests.test_rejects_noncontiguous_channels_last_and_nondefault_metadata) ... ok
test_requires_grad_and_no_grad_match_factory_semantics (test_full_like.FullLikeTests.test_requires_grad_and_no_grad_match_factory_semantics) ... ok
test_returns_fresh_storage (test_full_like.FullLikeTests.test_returns_fresh_storage) ... ok
test_supported_default_metadata_matches_input_shape_stride_and_values (test_full_like.FullLikeTests.test_supported_default_metadata_matches_input_shape_stride_and_values) ... ok
test_fresh_storage_matches_pytorch_2_13 (test_full_like_reference.FullLikeReferenceTests.test_fresh_storage_matches_pytorch_2_13) ... ok
test_no_grad_requires_grad_behavior_matches_pytorch_2_13 (test_full_like_reference.FullLikeReferenceTests.test_no_grad_requires_grad_behavior_matches_pytorch_2_13) ... ok
test_supported_metadata_and_values_match_pytorch_2_13 (test_full_like_reference.FullLikeReferenceTests.test_supported_metadata_and_values_match_pytorch_2_13) ... ok
test_tensor_fill_value_boundary_matches_pytorch_2_13 (test_full_like_reference.FullLikeReferenceTests.test_tensor_fill_value_boundary_matches_pytorch_2_13) ... ok
test_callable_import_and_wildcard_exports_match_pytorch_2_13 (test_full_reference.FullReferenceTests.test_callable_import_and_wildcard_exports_match_pytorch_2_13) ... ok
test_dtype_device_and_requires_grad_metadata_match_pytorch_2_13 (test_full_reference.FullReferenceTests.test_dtype_device_and_requires_grad_metadata_match_pytorch_2_13) ... ok
test_full_returns_fresh_storage_match_pytorch_2_13 (test_full_reference.FullReferenceTests.test_full_returns_fresh_storage_match_pytorch_2_13) ... ok
test_integer_protocol_size_dimensions_match_pytorch_2_13 (test_full_reference.FullReferenceTests.test_integer_protocol_size_dimensions_match_pytorch_2_13) ... ok
test_negative_and_overflow_errors_match_pytorch_2_13 (test_full_reference.FullReferenceTests.test_negative_and_overflow_errors_match_pytorch_2_13) ... ok
test_nonfinite_and_signed_zero_values_match_pytorch_2_13 (test_full_reference.FullReferenceTests.test_nonfinite_and_signed_zero_values_match_pytorch_2_13) ... ok
test_out_none_error_order_matches_pytorch_2_13 (test_full_reference.FullReferenceTests.test_out_none_error_order_matches_pytorch_2_13) ... ok
test_out_none_results_and_storage_freshness_match_pytorch_2_13 (test_full_reference.FullReferenceTests.test_out_none_results_and_storage_freshness_match_pytorch_2_13) ... ok
test_out_type_error_order_matches_pytorch_2_13 (test_full_reference.FullReferenceTests.test_out_type_error_order_matches_pytorch_2_13) ... ok
test_shape_values_and_keyword_forms_match_pytorch_2_13 (test_full_reference.FullReferenceTests.test_shape_values_and_keyword_forms_match_pytorch_2_13) ... ok
test_tensor_fill_value_boundary_matches_pytorch_2_13 (test_full_reference.FullReferenceTests.test_tensor_fill_value_boundary_matches_pytorch_2_13) ... ok
test_unsupported_dtype_device_layout_and_out_errors_are_pinned (test_full_reference.FullReferenceTests.test_unsupported_dtype_device_layout_and_out_errors_are_pinned) ... ok
test_argument_errors_do_not_change_state (test_future_overwrite_module_params_on_conversion.FutureOverwriteModuleParamsTests.test_argument_errors_do_not_change_state) ... ok
test_default_setter_return_and_exact_object_identity (test_future_overwrite_module_params_on_conversion.FutureOverwriteModuleParamsTests.test_default_setter_return_and_exact_object_identity) ... ok
test_fresh_process_import_is_isolated_and_does_not_import_pytorch (test_future_overwrite_module_params_on_conversion.FutureOverwriteModuleParamsTests.test_fresh_process_import_is_isolated_and_does_not_import_pytorch) ... ok
test_imports_wildcards_copying_and_pickling_are_canonical (test_future_overwrite_module_params_on_conversion.FutureOverwriteModuleParamsTests.test_imports_wildcards_copying_and_pickling_are_canonical) ... ok
test_reload_resets_state_and_replaces_functions (test_future_overwrite_module_params_on_conversion.FutureOverwriteModuleParamsTests.test_reload_resets_state_and_replaces_functions) ... ok
test_signature_annotations_documentation_and_module_identity (test_future_overwrite_module_params_on_conversion.FutureOverwriteModuleParamsTests.test_signature_annotations_documentation_and_module_identity) ... ok
test_state_is_process_global_and_visible_across_threads (test_future_overwrite_module_params_on_conversion.FutureOverwriteModuleParamsTests.test_state_is_process_global_and_visible_across_threads) ... ok
test_swap_default_setter_identity_and_policy_independence (test_future_overwrite_module_params_on_conversion.FutureOverwriteModuleParamsTests.test_swap_default_setter_identity_and_policy_independence) ... ok
test_swap_execution_and_module_conversion_remain_unsupported (test_future_overwrite_module_params_on_conversion.FutureOverwriteModuleParamsTests.test_swap_execution_and_module_conversion_remain_unsupported) ... ok
test_argument_forms_and_errors_match_pytorch_2_13 (test_future_overwrite_module_params_on_conversion_reference.FutureOverwriteModuleParamsReferenceTests.test_argument_forms_and_errors_match_pytorch_2_13) ... ok
test_imports_wildcards_copying_and_pickling_match_pytorch_2_13 (test_future_overwrite_module_params_on_conversion_reference.FutureOverwriteModuleParamsReferenceTests.test_imports_wildcards_copying_and_pickling_match_pytorch_2_13) ... ok
test_reload_reset_and_replaced_function_behavior_match_pytorch_2_13 (test_future_overwrite_module_params_on_conversion_reference.FutureOverwriteModuleParamsReferenceTests.test_reload_reset_and_replaced_function_behavior_match_pytorch_2_13) ... ok
test_signature_annotations_documentation_and_identity_match (test_future_overwrite_module_params_on_conversion_reference.FutureOverwriteModuleParamsReferenceTests.test_signature_annotations_documentation_and_identity_match) ... ok
test_state_identity_and_thread_visibility_match_pytorch_2_13 (test_future_overwrite_module_params_on_conversion_reference.FutureOverwriteModuleParamsReferenceTests.test_state_identity_and_thread_visibility_match_pytorch_2_13) ... ok
test_swap_execution_and_module_conversion_support_boundary (test_future_overwrite_module_params_on_conversion_reference.FutureOverwriteModuleParamsReferenceTests.test_swap_execution_and_module_conversion_support_boundary) ... ok
test_callable_metadata_matches_pytorch_2_13 (test_get_default_device.GetDefaultDeviceTests.test_callable_metadata_matches_pytorch_2_13) ... ok
test_rejects_all_arguments_with_pytorch_2_13_errors (test_get_default_device.GetDefaultDeviceTests.test_rejects_all_arguments_with_pytorch_2_13_errors) ... ok
test_result_is_stable_across_grad_contexts_and_threads (test_get_default_device.GetDefaultDeviceTests.test_result_is_stable_across_grad_contexts_and_threads) ... ok
test_returns_a_fresh_unindexed_cpu_device_used_by_every_factory (test_get_default_device.GetDefaultDeviceTests.test_returns_a_fresh_unindexed_cpu_device_used_by_every_factory) ... ok
test_callable_metadata_matches_pytorch_2_13 (test_get_default_device_reference.GetDefaultDeviceReferenceTests.test_callable_metadata_matches_pytorch_2_13) ... ok
test_cpu_default_and_every_factory_match_pytorch_2_13 (test_get_default_device_reference.GetDefaultDeviceReferenceTests.test_cpu_default_and_every_factory_match_pytorch_2_13) ... ok
test_cpu_default_matches_when_cuda_is_visible (test_get_default_device_reference.GetDefaultDeviceReferenceTests.test_cpu_default_matches_when_cuda_is_visible) ... ok
test_grad_context_and_thread_stability_matches_pytorch_2_13 (test_get_default_device_reference.GetDefaultDeviceReferenceTests.test_grad_context_and_thread_stability_matches_pytorch_2_13) ... ok
test_no_argument_errors_match_pytorch_2_13 (test_get_default_device_reference.GetDefaultDeviceReferenceTests.test_no_argument_errors_match_pytorch_2_13) ... ok
test_callable_metadata_matches_pytorch_2_13 (test_get_default_dtype.GetDefaultDTypeTests.test_callable_metadata_matches_pytorch_2_13) ... ok
test_identity_is_stable_in_grad_mode_contexts_and_threads (test_get_default_dtype.GetDefaultDTypeTests.test_identity_is_stable_in_grad_mode_contexts_and_threads) ... ok
test_rejects_all_arguments_with_pytorch_2_13_errors (test_get_default_dtype.GetDefaultDTypeTests.test_rejects_all_arguments_with_pytorch_2_13_errors) ... ok
test_returns_the_canonical_float32_used_by_default_factories (test_get_default_dtype.GetDefaultDTypeTests.test_returns_the_canonical_float32_used_by_default_factories) ... ok
test_callable_metadata_matches_pytorch_2_13 (test_get_default_dtype_reference.GetDefaultDTypeReferenceTests.test_callable_metadata_matches_pytorch_2_13) ... ok
test_canonical_factory_dtype_matches_pytorch_2_13 (test_get_default_dtype_reference.GetDefaultDTypeReferenceTests.test_canonical_factory_dtype_matches_pytorch_2_13) ... ok
test_grad_context_and_thread_stability_matches_pytorch_2_13 (test_get_default_dtype_reference.GetDefaultDTypeReferenceTests.test_grad_context_and_thread_stability_matches_pytorch_2_13) ... ok
test_no_argument_errors_match_pytorch_2_13 (test_get_default_dtype_reference.GetDefaultDTypeReferenceTests.test_no_argument_errors_match_pytorch_2_13) ... ok
test_default_only_deterministic_algorithm_apis_are_exposed (test_get_deterministic_debug_mode.GetDeterministicDebugModeTests.test_default_only_deterministic_algorithm_apis_are_exposed) ... ok
test_default_zero_is_exact_and_preserves_grad_mode (test_get_deterministic_debug_mode.GetDeterministicDebugModeTests.test_default_zero_is_exact_and_preserves_grad_mode) ... ok
test_default_zero_is_stable_across_threads_and_grad_modes (test_get_deterministic_debug_mode.GetDeterministicDebugModeTests.test_default_zero_is_stable_across_threads_and_grad_modes) ... ok
test_exports_copy_and_pickle_use_the_canonical_module (test_get_deterministic_debug_mode.GetDeterministicDebugModeTests.test_exports_copy_and_pickle_use_the_canonical_module) ... ok
test_importing_and_calling_does_not_import_pytorch (test_get_deterministic_debug_mode.GetDeterministicDebugModeTests.test_importing_and_calling_does_not_import_pytorch) ... ok
test_rejects_arguments_with_pytorch_2_13_errors (test_get_deterministic_debug_mode.GetDeterministicDebugModeTests.test_rejects_arguments_with_pytorch_2_13_errors) ... ok
test_signature_annotations_documentation_and_module_identity (test_get_deterministic_debug_mode.GetDeterministicDebugModeTests.test_signature_annotations_documentation_and_module_identity) ... ok
test_argument_errors_match_pytorch_2_13 (test_get_deterministic_debug_mode_reference.GetDeterministicDebugModeReferenceTests.test_argument_errors_match_pytorch_2_13) ... ok
test_default_only_deterministic_algorithm_api_support_boundary (test_get_deterministic_debug_mode_reference.GetDeterministicDebugModeReferenceTests.test_default_only_deterministic_algorithm_api_support_boundary) ... ok
test_exports_copy_and_pickle_match_pytorch_2_13 (test_get_deterministic_debug_mode_reference.GetDeterministicDebugModeReferenceTests.test_exports_copy_and_pickle_match_pytorch_2_13) ... ok
test_reference_only_mode_transitions_bound_unsupported_values (test_get_deterministic_debug_mode_reference.GetDeterministicDebugModeReferenceTests.test_reference_only_mode_transitions_bound_unsupported_values) ... ok
test_signature_annotations_documentation_and_identity_match (test_get_deterministic_debug_mode_reference.GetDeterministicDebugModeReferenceTests.test_signature_annotations_documentation_and_identity_match) ... ok
test_supported_default_threaded_and_grad_states_match_pytorch_2_13 (test_get_deterministic_debug_mode_reference.GetDeterministicDebugModeReferenceTests.test_supported_default_threaded_and_grad_states_match_pytorch_2_13) ... ok
test_cpu_tensors_use_device_metadata_without_materializing_values (test_get_device.GetDeviceTests.test_cpu_tensors_use_device_metadata_without_materializing_values) ... ok
test_no_argument_errors_match_pytorch_2_13 (test_get_device.GetDeviceTests.test_no_argument_errors_match_pytorch_2_13) ... ok
test_tensorbase_descriptor_documentation_and_unbound_call (test_get_device.GetDeviceTests.test_tensorbase_descriptor_documentation_and_unbound_call) ... ok
test_top_level_binding_and_type_errors_match_pytorch_2_13 (test_get_device.GetDeviceTests.test_top_level_binding_and_type_errors_match_pytorch_2_13) ... ok
test_top_level_callable_metadata_and_exports_match_pytorch (test_get_device.GetDeviceTests.test_top_level_callable_metadata_and_exports_match_pytorch) ... ok
test_top_level_queries_do_not_mutate_a_pending_autograd_graph (test_get_device.GetDeviceTests.test_top_level_queries_do_not_mutate_a_pending_autograd_graph) ... ok
test_cache_keys_hits_misses_and_clear_match_functools_cache (test_get_device_module.GetDeviceModuleTests.test_cache_keys_hits_misses_and_clear_match_functools_cache) ... ok
test_copy_and_pickle_preserve_the_global_cached_wrapper (test_get_device_module.GetDeviceModuleTests.test_copy_and_pickle_preserve_the_global_cached_wrapper) ... ok
test_default_stays_cpu_with_cuda_probe_module_loaded (test_get_device_module.GetDeviceModuleTests.test_default_stays_cpu_with_cuda_probe_module_loaded) ... ok
test_default_strings_and_descriptors_return_the_canonical_cpu_module (test_get_device_module.GetDeviceModuleTests.test_default_strings_and_descriptors_return_the_canonical_cpu_module) ... ok
test_invalid_values_errors_and_failed_call_cache_accounting (test_get_device_module.GetDeviceModuleTests.test_invalid_values_errors_and_failed_call_cache_accounting) ... ok
test_signature_documentation_annotations_and_exports (test_get_device_module.GetDeviceModuleTests.test_signature_documentation_annotations_and_exports) ... ok
test_cache_behavior_matches_for_supported_cpu_inputs (test_get_device_module_reference.GetDeviceModuleReferenceTests.test_cache_behavior_matches_for_supported_cpu_inputs) ... ok
test_copy_and_pickle_match_pytorch_2_13 (test_get_device_module_reference.GetDeviceModuleReferenceTests.test_copy_and_pickle_match_pytorch_2_13) ... ok
test_cpu_strings_and_descriptors_match_pytorch_2_13 (test_get_device_module_reference.GetDeviceModuleReferenceTests.test_cpu_strings_and_descriptors_match_pytorch_2_13) ... ok
test_cuda_visible_reference_marks_the_cpu_only_default_boundary (test_get_device_module_reference.GetDeviceModuleReferenceTests.test_cuda_visible_reference_marks_the_cpu_only_default_boundary) ... ok
test_invalid_value_errors_match_pytorch_2_13 (test_get_device_module_reference.GetDeviceModuleReferenceTests.test_invalid_value_errors_match_pytorch_2_13) ... ok
test_signature_documentation_annotations_and_exports_match (test_get_device_module_reference.GetDeviceModuleReferenceTests.test_signature_documentation_annotations_and_exports_match) ... ok
test_cpu_results_and_device_indices_match_pytorch_2_13 (test_get_device_reference.GetDeviceReferenceTests.test_cpu_results_and_device_indices_match_pytorch_2_13) ... ok
test_descriptor_and_argument_contract_matches_pytorch_2_13 (test_get_device_reference.GetDeviceReferenceTests.test_descriptor_and_argument_contract_matches_pytorch_2_13) ... ok
test_reference_cuda_ordinals_match_device_metadata (test_get_device_reference.GetDeviceReferenceTests.test_reference_cuda_ordinals_match_device_metadata) ... ok
test_top_level_queries_preserve_autograd_behavior (test_get_device_reference.GetDeviceReferenceTests.test_top_level_queries_preserve_autograd_behavior) ... ok
test_exports_copy_and_pickle_use_the_canonical_module (test_get_float32_matmul_precision.GetFloat32MatmulPrecisionTests.test_exports_copy_and_pickle_use_the_canonical_module) ... ok
test_highest_only_setter_is_exposed_at_the_python_layer (test_get_float32_matmul_precision.GetFloat32MatmulPrecisionTests.test_highest_only_setter_is_exposed_at_the_python_layer) ... ok
test_importing_and_calling_does_not_import_pytorch (test_get_float32_matmul_precision.GetFloat32MatmulPrecisionTests.test_importing_and_calling_does_not_import_pytorch) ... ok
test_precision_is_stable_across_threads_and_grad_modes (test_get_float32_matmul_precision.GetFloat32MatmulPrecisionTests.test_precision_is_stable_across_threads_and_grad_modes) ... ok
test_query_preserves_native_matmul_and_grad_mode (test_get_float32_matmul_precision.GetFloat32MatmulPrecisionTests.test_query_preserves_native_matmul_and_grad_mode) ... ok
test_rejects_arguments_with_pytorch_2_13_errors (test_get_float32_matmul_precision.GetFloat32MatmulPrecisionTests.test_rejects_arguments_with_pytorch_2_13_errors) ... ok
test_returns_exact_precision_without_runtime_probes (test_get_float32_matmul_precision.GetFloat32MatmulPrecisionTests.test_returns_exact_precision_without_runtime_probes) ... ok
test_signature_annotations_documentation_and_module_identity (test_get_float32_matmul_precision.GetFloat32MatmulPrecisionTests.test_signature_annotations_documentation_and_module_identity) ... ok
test_argument_errors_match_pytorch_2_13 (test_get_float32_matmul_precision_reference.GetFloat32MatmulPrecisionReferenceTests.test_argument_errors_match_pytorch_2_13) ... ok
test_exports_copy_and_pickle_match_pytorch_2_13 (test_get_float32_matmul_precision_reference.GetFloat32MatmulPrecisionReferenceTests.test_exports_copy_and_pickle_match_pytorch_2_13) ... ok
test_highest_only_setter_is_an_explicit_python_layer_subset (test_get_float32_matmul_precision_reference.GetFloat32MatmulPrecisionReferenceTests.test_highest_only_setter_is_an_explicit_python_layer_subset) ... ok
test_reference_only_setter_does_not_mutate_local_precision_state (test_get_float32_matmul_precision_reference.GetFloat32MatmulPrecisionReferenceTests.test_reference_only_setter_does_not_mutate_local_precision_state) ... ok
test_signature_annotations_documentation_and_identity_match (test_get_float32_matmul_precision_reference.GetFloat32MatmulPrecisionReferenceTests.test_signature_annotations_documentation_and_identity_match) ... ok
test_supported_threaded_and_grad_states_match_pytorch_2_13 (test_get_float32_matmul_precision_reference.GetFloat32MatmulPrecisionReferenceTests.test_supported_threaded_and_grad_states_match_pytorch_2_13) ... ok
test_builtin_ownership_documentation_exports_and_pickling (test_get_num_interop_threads.GetNumInteropThreadsTests.test_builtin_ownership_documentation_exports_and_pickling) ... ok
test_importing_and_calling_does_not_import_pytorch (test_get_num_interop_threads.GetNumInteropThreadsTests.test_importing_and_calling_does_not_import_pytorch) ... ok
test_interop_setter_remains_unsupported_and_intraop_is_unchanged (test_get_num_interop_threads.GetNumInteropThreadsTests.test_interop_setter_remains_unsupported_and_intraop_is_unchanged) ... ok
test_one_is_stable_across_threads_and_grad_modes (test_get_num_interop_threads.GetNumInteropThreadsTests.test_one_is_stable_across_threads_and_grad_modes) ... ok
test_rejects_all_arguments_with_pytorch_2_13_errors (test_get_num_interop_threads.GetNumInteropThreadsTests.test_rejects_all_arguments_with_pytorch_2_13_errors) ... ok
test_returns_exact_one_without_runtime_probes (test_get_num_interop_threads.GetNumInteropThreadsTests.test_returns_exact_one_without_runtime_probes) ... ok
test_builtin_contract_matches_pytorch_2_13 (test_get_num_interop_threads_reference.GetNumInteropThreadsReferenceTests.test_builtin_contract_matches_pytorch_2_13) ... ok
test_no_argument_errors_match_pytorch_2_13 (test_get_num_interop_threads_reference.GetNumInteropThreadsReferenceTests.test_no_argument_errors_match_pytorch_2_13) ... ok
test_only_interop_setter_remains_unsupported (test_get_num_interop_threads_reference.GetNumInteropThreadsReferenceTests.test_only_interop_setter_remains_unsupported) ... ok
test_single_interop_worker_grad_and_thread_states_match_pytorch_2_13 (test_get_num_interop_threads_reference.GetNumInteropThreadsReferenceTests.test_single_interop_worker_grad_and_thread_states_match_pytorch_2_13) ... ok
test_builtin_ownership_documentation_exports_and_pickling (test_get_num_threads.GetNumThreadsTests.test_builtin_ownership_documentation_exports_and_pickling) ... ok
test_importing_and_calling_does_not_import_pytorch (test_get_num_threads.GetNumThreadsTests.test_importing_and_calling_does_not_import_pytorch) ... ok
test_interop_setter_remains_unsupported (test_get_num_threads.GetNumThreadsTests.test_interop_setter_remains_unsupported) ... ok
test_one_is_stable_across_threads_and_grad_modes (test_get_num_threads.GetNumThreadsTests.test_one_is_stable_across_threads_and_grad_modes) ... ok
test_rejects_all_arguments_with_pytorch_2_13_errors (test_get_num_threads.GetNumThreadsTests.test_rejects_all_arguments_with_pytorch_2_13_errors) ... ok
test_returns_exact_one_without_runtime_probes (test_get_num_threads.GetNumThreadsTests.test_returns_exact_one_without_runtime_probes) ... ok
test_builtin_contract_matches_pytorch_2_13 (test_get_num_threads_reference.GetNumThreadsReferenceTests.test_builtin_contract_matches_pytorch_2_13) ... ok
test_interop_setter_remains_deliberately_unsupported (test_get_num_threads_reference.GetNumThreadsReferenceTests.test_interop_setter_remains_deliberately_unsupported) ... ok
test_no_argument_errors_match_pytorch_2_13 (test_get_num_threads_reference.GetNumThreadsReferenceTests.test_no_argument_errors_match_pytorch_2_13) ... ok
test_set_num_threads_signed_integer_boundaries_match_reference (test_get_num_threads_reference.GetNumThreadsReferenceTests.test_set_num_threads_signed_integer_boundaries_match_reference) ... ok
test_single_thread_grad_and_worker_states_match_pytorch_2_13 (test_get_num_threads_reference.GetNumThreadsReferenceTests.test_single_thread_grad_and_worker_states_match_pytorch_2_13) ... ok
test_main_process_and_ordinary_threads_return_none_without_state (test_get_worker_info.GetWorkerInfoTests.test_main_process_and_ordinary_threads_return_none_without_state) ... ok
test_pickle_and_copy_preserve_the_global_function (test_get_worker_info.GetWorkerInfoTests.test_pickle_and_copy_preserve_the_global_function) ... ok
test_public_export_private_owner_and_unsupported_neighbors (test_get_worker_info.GetWorkerInfoTests.test_public_export_private_owner_and_unsupported_neighbors) ... ok
test_rejects_arguments_with_pytorch_2_13_errors (test_get_worker_info.GetWorkerInfoTests.test_rejects_arguments_with_pytorch_2_13_errors) ... ok
test_signature_annotations_documentation_and_metadata (test_get_worker_info.GetWorkerInfoTests.test_signature_annotations_documentation_and_metadata) ... ok
test_argument_errors_match_pytorch_2_13 (test_get_worker_info_reference.GetWorkerInfoReferenceTests.test_argument_errors_match_pytorch_2_13) ... ok
test_exports_and_unsupported_neighbors_match_the_supported_scope (test_get_worker_info_reference.GetWorkerInfoReferenceTests.test_exports_and_unsupported_neighbors_match_the_supported_scope) ... ok
test_main_process_and_thread_results_match_pytorch_2_13 (test_get_worker_info_reference.GetWorkerInfoReferenceTests.test_main_process_and_thread_results_match_pytorch_2_13) ... ok
test_pickle_and_copy_behavior_matches_pytorch_2_13 (test_get_worker_info_reference.GetWorkerInfoReferenceTests.test_pickle_and_copy_behavior_matches_pytorch_2_13) ... ok
test_signature_annotations_documentation_and_metadata_match (test_get_worker_info_reference.GetWorkerInfoReferenceTests.test_signature_annotations_documentation_and_metadata_match) ... ok
test_gradient_accumulation_remains_float32 (test_grad_dtype.TensorGradDtypeTests.test_gradient_accumulation_remains_float32) ... ok
test_non_leaf_access_raises_the_pytorch_error_without_mutating_graph (test_grad_dtype.TensorGradDtypeTests.test_non_leaf_access_raises_the_pytorch_error_without_mutating_graph) ... ok
test_supported_leaf_states_return_the_canonical_float32_dtype (test_grad_dtype.TensorGradDtypeTests.test_supported_leaf_states_return_the_canonical_float32_dtype) ... ok
test_tensorbase_descriptor_documentation_and_read_only_errors (test_grad_dtype.TensorGradDtypeTests.test_tensorbase_descriptor_documentation_and_read_only_errors) ... ok
test_torch_function_modes_receive_descriptor_get_and_forward (test_grad_dtype.TensorGradDtypeTests.test_torch_function_modes_receive_descriptor_get_and_forward) ... ok
test_descriptor_ownership_and_documentation_match_pytorch_2_13 (test_grad_dtype_reference.TensorGradDtypeReferenceTests.test_descriptor_ownership_and_documentation_match_pytorch_2_13) ... ok
test_float32_gradient_accumulation_matches_pytorch_2_13 (test_grad_dtype_reference.TensorGradDtypeReferenceTests.test_float32_gradient_accumulation_matches_pytorch_2_13) ... ok
test_getter_mode_dispatch_matches_pytorch_2_13 (test_grad_dtype_reference.TensorGradDtypeReferenceTests.test_getter_mode_dispatch_matches_pytorch_2_13) ... ok
test_leaf_defaults_match_pytorch_2_13 (test_grad_dtype_reference.TensorGradDtypeReferenceTests.test_leaf_defaults_match_pytorch_2_13) ... ok
test_non_leaf_error_and_gradient_state_match_pytorch_2_13 (test_grad_dtype_reference.TensorGradDtypeReferenceTests.test_non_leaf_error_and_gradient_state_match_pytorch_2_13) ... ok
test_setter_states_remain_outside_the_supported_surface (test_grad_dtype_reference.TensorGradDtypeReferenceTests.test_setter_states_remain_outside_the_supported_surface) ... ok
test_checked_in_evaluation_uses_the_versioned_matrix (test_hardware_heterogeneity_evaluation.HardwareHeterogeneityEvaluationTests.test_checked_in_evaluation_uses_the_versioned_matrix) ... ERROR
test_matrix_has_a_fixed_complete_denominator (test_hardware_heterogeneity_evaluation.HardwareHeterogeneityEvaluationTests.test_matrix_has_a_fixed_complete_denominator) ... ok
test_active_modes_make_every_input_relevant_without_descriptor_access (test_has_torch_function_unary.HasTorchFunctionUnaryTests.test_active_modes_make_every_input_relevant_without_descriptor_access) ... ok
test_argument_errors_match_pytorch_2_13 (test_has_torch_function_unary.HasTorchFunctionUnaryTests.test_argument_errors_match_pytorch_2_13) ... ok
test_descriptor_lookup_is_single_and_failures_are_suppressed (test_has_torch_function_unary.HasTorchFunctionUnaryTests.test_descriptor_lookup_is_single_and_failures_are_suppressed) ... ok
test_exact_tensors_tensor_classes_and_custom_overrides (test_has_torch_function_unary.HasTorchFunctionUnaryTests.test_exact_tensors_tensor_classes_and_custom_overrides) ... ok
test_importing_and_calling_does_not_import_pytorch (test_has_torch_function_unary.HasTorchFunctionUnaryTests.test_importing_and_calling_does_not_import_pytorch) ... ok
test_probe_is_not_wildcard_exported_and_broader_probes_stay_unsupported (test_has_torch_function_unary.HasTorchFunctionUnaryTests.test_probe_is_not_wildcard_exported_and_broader_probes_stay_unsupported) ... ok
test_public_and_private_names_are_one_builtin_with_matching_metadata (test_has_torch_function_unary.HasTorchFunctionUnaryTests.test_public_and_private_names_are_one_builtin_with_matching_metadata) ... ok
test_argument_errors_match_pytorch_2_13 (test_has_torch_function_unary_reference.HasTorchFunctionUnaryReferenceTests.test_argument_errors_match_pytorch_2_13) ... ok
test_builtin_contract_matches_pytorch_2_13 (test_has_torch_function_unary_reference.HasTorchFunctionUnaryReferenceTests.test_builtin_contract_matches_pytorch_2_13) ... ok
test_disabled_handlers_match_pytorch_2_13 (test_has_torch_function_unary_reference.HasTorchFunctionUnaryReferenceTests.test_disabled_handlers_match_pytorch_2_13) ... ok
test_failing_descriptor_behavior_matches_pytorch_2_13 (test_has_torch_function_unary_reference.HasTorchFunctionUnaryReferenceTests.test_failing_descriptor_behavior_matches_pytorch_2_13) ... ok
test_mode_behavior_matches_pytorch_2_13 (test_has_torch_function_unary_reference.HasTorchFunctionUnaryReferenceTests.test_mode_behavior_matches_pytorch_2_13) ... ok
test_tensor_and_custom_override_results_match_pytorch_2_13 (test_has_torch_function_unary_reference.HasTorchFunctionUnaryReferenceTests.test_tensor_and_custom_override_results_match_pytorch_2_13) ... ok
test_cardinality_and_nonfinite_errors_are_exact_and_silent (test_int.TensorIntTests.test_cardinality_and_nonfinite_errors_are_exact_and_silent) ... ok
test_finite_conversion_is_silent_and_preserves_autograd_graphs (test_int.TensorIntTests.test_finite_conversion_is_silent_and_preserves_autograd_graphs) ... ok
test_finite_values_truncate_toward_zero_for_every_layout (test_int.TensorIntTests.test_finite_values_truncate_toward_zero_for_every_layout) ... ok
test_special_method_descriptor_matches_pytorch_2_13 (test_int.TensorIntTests.test_special_method_descriptor_matches_pytorch_2_13) ... ok
test_cardinality_and_nonfinite_errors_match_without_side_effects (test_int_reference.TensorIntReferenceTests.test_cardinality_and_nonfinite_errors_match_without_side_effects) ... ok
test_descriptor_and_invalid_calls_match_pytorch_2_13 (test_int_reference.TensorIntReferenceTests.test_descriptor_and_invalid_calls_match_pytorch_2_13) ... ok
test_finite_values_layouts_warnings_and_graphs_match_pytorch_2_13 (test_int_reference.TensorIntReferenceTests.test_finite_values_layouts_warnings_and_graphs_match_pytorch_2_13) ... ok
test_descriptor_kinds_signatures_and_unbound_calls (test_introspection.TensorIntrospectionTests.test_descriptor_kinds_signatures_and_unbound_calls) ... ok
test_metadata_properties_are_read_only_and_methods_reject_arguments (test_introspection.TensorIntrospectionTests.test_metadata_properties_are_read_only_and_methods_reject_arguments) ... ok
test_scalar_empty_and_metadata_only_views (test_introspection.TensorIntrospectionTests.test_scalar_empty_and_metadata_only_views) ... ok
test_top_level_numel_binding_errors_match_pytorch (test_introspection.TensorIntrospectionTests.test_top_level_numel_binding_errors_match_pytorch) ... ok
test_argument_and_type_errors_match_pytorch_2_13 (test_introspection_reference.TensorIntrospectionReferenceTests.test_argument_and_type_errors_match_pytorch_2_13) ... ok
test_descriptors_signatures_and_bound_unbound_behavior_match (test_introspection_reference.TensorIntrospectionReferenceTests.test_descriptors_signatures_and_bound_unbound_behavior_match) ... ok
test_nbytes_assignment_behavior_matches_pytorch_2_13 (test_introspection_reference.TensorIntrospectionReferenceTests.test_nbytes_assignment_behavior_matches_pytorch_2_13) ... ok
test_seeded_shapes_and_metadata_views_match_pytorch_2_13 (test_introspection_reference.TensorIntrospectionReferenceTests.test_seeded_shapes_and_metadata_views_match_pytorch_2_13) ... ok
test_anomaly_mutation_and_detection_apis_remain_unsupported (test_is_anomaly_check_nan_enabled.IsAnomalyCheckNanEnabledTests.test_anomaly_mutation_and_detection_apis_remain_unsupported) ... ok
test_builtin_ownership_null_metadata_exports_copying_and_pickling (test_is_anomaly_check_nan_enabled.IsAnomalyCheckNanEnabledTests.test_builtin_ownership_null_metadata_exports_copying_and_pickling) ... ok
test_default_true_is_exact_and_does_not_change_grad_mode (test_is_anomaly_check_nan_enabled.IsAnomalyCheckNanEnabledTests.test_default_true_is_exact_and_does_not_change_grad_mode) ... ok
test_default_true_is_stable_across_threads_and_grad_modes (test_is_anomaly_check_nan_enabled.IsAnomalyCheckNanEnabledTests.test_default_true_is_stable_across_threads_and_grad_modes) ... ok
test_importing_and_calling_does_not_import_pytorch (test_is_anomaly_check_nan_enabled.IsAnomalyCheckNanEnabledTests.test_importing_and_calling_does_not_import_pytorch) ... ok
test_rejects_all_arguments_with_pytorch_2_13_errors (test_is_anomaly_check_nan_enabled.IsAnomalyCheckNanEnabledTests.test_rejects_all_arguments_with_pytorch_2_13_errors) ... ok
test_builtin_contract_matches_pytorch_2_13 (test_is_anomaly_check_nan_enabled_reference.IsAnomalyCheckNanEnabledReferenceTests.test_builtin_contract_matches_pytorch_2_13) ... ok
test_mutation_and_detection_surfaces_stay_deliberately_absent (test_is_anomaly_check_nan_enabled_reference.IsAnomalyCheckNanEnabledReferenceTests.test_mutation_and_detection_surfaces_stay_deliberately_absent) ... ok
test_no_argument_errors_match_pytorch_2_13 (test_is_anomaly_check_nan_enabled_reference.IsAnomalyCheckNanEnabledReferenceTests.test_no_argument_errors_match_pytorch_2_13) ... ok
test_reference_only_mutation_bounds_the_unsupported_false_state (test_is_anomaly_check_nan_enabled_reference.IsAnomalyCheckNanEnabledReferenceTests.test_reference_only_mutation_bounds_the_unsupported_false_state) ... ok
test_supported_default_and_grad_states_match_pytorch_2_13 (test_is_anomaly_check_nan_enabled_reference.IsAnomalyCheckNanEnabledReferenceTests.test_supported_default_and_grad_states_match_pytorch_2_13) ... ok
test_anomaly_mutation_and_detection_apis_remain_unsupported (test_is_anomaly_enabled.IsAnomalyEnabledTests.test_anomaly_mutation_and_detection_apis_remain_unsupported) ... ok
test_builtin_ownership_null_metadata_exports_copying_and_pickling (test_is_anomaly_enabled.IsAnomalyEnabledTests.test_builtin_ownership_null_metadata_exports_copying_and_pickling) ... ok
test_default_false_is_exact_and_does_not_change_grad_mode (test_is_anomaly_enabled.IsAnomalyEnabledTests.test_default_false_is_exact_and_does_not_change_grad_mode) ... ok
test_default_false_is_stable_across_threads_and_grad_modes (test_is_anomaly_enabled.IsAnomalyEnabledTests.test_default_false_is_stable_across_threads_and_grad_modes) ... ok
test_rejects_all_arguments_with_pytorch_2_13_errors (test_is_anomaly_enabled.IsAnomalyEnabledTests.test_rejects_all_arguments_with_pytorch_2_13_errors) ... ok
test_builtin_contract_matches_pytorch_2_13 (test_is_anomaly_enabled_reference.IsAnomalyEnabledReferenceTests.test_builtin_contract_matches_pytorch_2_13) ... ok
test_mutation_and_detection_surfaces_stay_deliberately_absent (test_is_anomaly_enabled_reference.IsAnomalyEnabledReferenceTests.test_mutation_and_detection_surfaces_stay_deliberately_absent) ... ok
test_no_argument_errors_match_pytorch_2_13 (test_is_anomaly_enabled_reference.IsAnomalyEnabledReferenceTests.test_no_argument_errors_match_pytorch_2_13) ... ok
test_reference_only_activation_bounds_the_unsupported_true_state (test_is_anomaly_enabled_reference.IsAnomalyEnabledReferenceTests.test_reference_only_activation_bounds_the_unsupported_true_state) ... ok
test_supported_default_and_grad_states_match_pytorch_2_13 (test_is_anomaly_enabled_reference.IsAnomalyEnabledReferenceTests.test_supported_default_and_grad_states_match_pytorch_2_13) ... ok
test_argument_errors_are_exact_and_do_not_mutate_state (test_is_autocast_cache_enabled.IsAutocastCacheEnabledTests.test_argument_errors_are_exact_and_do_not_mutate_state) ... ok
test_autocast_contexts_and_mixed_precision_remain_unsupported (test_is_autocast_cache_enabled.IsAutocastCacheEnabledTests.test_autocast_contexts_and_mixed_precision_remain_unsupported) ... ok
test_builtin_metadata_exports_copying_and_pickling (test_is_autocast_cache_enabled.IsAutocastCacheEnabledTests.test_builtin_metadata_exports_copying_and_pickling) ... ok
test_default_true_and_mutation_preserve_grad_and_execution (test_is_autocast_cache_enabled.IsAutocastCacheEnabledTests.test_default_true_and_mutation_preserve_grad_and_execution) ... ok
test_importing_and_calling_does_not_import_pytorch (test_is_autocast_cache_enabled.IsAutocastCacheEnabledTests.test_importing_and_calling_does_not_import_pytorch) ... ok
test_same_thread_state_survives_native_and_package_reload (test_is_autocast_cache_enabled.IsAutocastCacheEnabledTests.test_same_thread_state_survives_native_and_package_reload) ... ok
test_state_is_thread_local_with_true_defaults_and_isolated_mutation (test_is_autocast_cache_enabled.IsAutocastCacheEnabledTests.test_state_is_thread_local_with_true_defaults_and_isolated_mutation) ... ok
test_builtin_metadata_exports_copying_and_pickling_match (test_is_autocast_cache_enabled_reference.IsAutocastCacheEnabledReferenceTests.test_builtin_metadata_exports_copying_and_pickling_match) ... ok
test_default_mutation_grad_and_cpu_states_match_pytorch_2_13 (test_is_autocast_cache_enabled_reference.IsAutocastCacheEnabledReferenceTests.test_default_mutation_grad_and_cpu_states_match_pytorch_2_13) ... ok
test_getter_and_setter_argument_errors_match_without_mutation (test_is_autocast_cache_enabled_reference.IsAutocastCacheEnabledReferenceTests.test_getter_and_setter_argument_errors_match_without_mutation) ... ok
test_native_reload_persistence_matches_pytorch_2_13 (test_is_autocast_cache_enabled_reference.IsAutocastCacheEnabledReferenceTests.test_native_reload_persistence_matches_pytorch_2_13) ... ok
test_only_state_control_is_added_while_autocast_stays_unsupported (test_is_autocast_cache_enabled_reference.IsAutocastCacheEnabledReferenceTests.test_only_state_control_is_added_while_autocast_stays_unsupported) ... ok
test_thread_local_defaults_and_isolation_match_pytorch_2_13 (test_is_autocast_cache_enabled_reference.IsAutocastCacheEnabledReferenceTests.test_thread_local_defaults_and_isolation_match_pytorch_2_13) ... ok
test_callable_metadata_matches_the_public_builtin_surface (test_is_complex.TensorIsComplexTests.test_callable_metadata_matches_the_public_builtin_surface) ... ok
test_float32_scalar_empty_strided_and_autograd_tensors_are_not_complex (test_is_complex.TensorIsComplexTests.test_float32_scalar_empty_strided_and_autograd_tensors_are_not_complex) ... ok
test_positional_and_keyword_argument_errors_match_pytorch_2_13 (test_is_complex.TensorIsComplexTests.test_positional_and_keyword_argument_errors_match_pytorch_2_13) ... ok
test_argument_errors_match_pytorch_2_13 (test_is_complex_reference.TensorIsComplexReferenceTests.test_argument_errors_match_pytorch_2_13) ... ok
test_callable_metadata_matches_pytorch_2_13 (test_is_complex_reference.TensorIsComplexReferenceTests.test_callable_metadata_matches_pytorch_2_13) ... ok
test_float32_results_match_pytorch_2_13 (test_is_complex_reference.TensorIsComplexReferenceTests.test_float32_results_match_pytorch_2_13) ... ok
test_invalid_calls_match_pytorch_2_13 (test_is_conj.TensorIsConjTests.test_invalid_calls_match_pytorch_2_13) ... ok
test_not_implemented_reenters_the_declining_top_mode (test_is_conj.TensorIsConjTests.test_not_implemented_reenters_the_declining_top_mode) ... ok
test_supported_tensors_have_a_clear_conjugate_bit_without_mutation (test_is_conj.TensorIsConjTests.test_supported_tensors_have_a_clear_conjugate_bit_without_mutation) ... ok
test_tensorbase_descriptor_metadata_matches_pytorch_2_13 (test_is_conj.TensorIsConjTests.test_tensorbase_descriptor_metadata_matches_pytorch_2_13) ... ok
test_top_level_binding_and_type_error_precedence (test_is_conj.TensorIsConjTests.test_top_level_binding_and_type_error_precedence) ... ok
test_top_level_callable_metadata_documentation_and_exports (test_is_conj.TensorIsConjTests.test_top_level_callable_metadata_documentation_and_exports) ... ok
test_top_level_not_implemented_errors_match_variable_dispatch (test_is_conj.TensorIsConjTests.test_top_level_not_implemented_errors_match_variable_dispatch) ... ok
test_top_level_scope_does_not_add_complex_dtypes_or_conjugate_views (test_is_conj.TensorIsConjTests.test_top_level_scope_does_not_add_complex_dtypes_or_conjugate_views) ... ok
test_top_level_supported_tensors_have_a_clear_bit_without_mutation (test_is_conj.TensorIsConjTests.test_top_level_supported_tensors_have_a_clear_bit_without_mutation) ... ok
test_top_level_torch_function_modes_and_overrides (test_is_conj.TensorIsConjTests.test_top_level_torch_function_modes_and_overrides) ... ok
test_torch_function_modes_receive_method_descriptor_and_forward (test_is_conj.TensorIsConjTests.test_torch_function_modes_receive_method_descriptor_and_forward) ... ok
test_callable_metadata_and_errors_match_pytorch_2_13 (test_is_conj_reference.TensorIsConjReferenceTests.test_callable_metadata_and_errors_match_pytorch_2_13) ... ok
test_reference_complex_conjugate_view_sets_the_bit (test_is_conj_reference.TensorIsConjReferenceTests.test_reference_complex_conjugate_view_sets_the_bit) ... ok
test_scope_adds_top_level_callable_without_complex_support (test_is_conj_reference.TensorIsConjReferenceTests.test_scope_adds_top_level_callable_without_complex_support) ... ok
test_supported_real_tensors_match_pytorch_2_13 (test_is_conj_reference.TensorIsConjReferenceTests.test_supported_real_tensors_match_pytorch_2_13) ... ok
test_top_level_binding_error_precedence_matches_pytorch_2_13 (test_is_conj_reference.TensorIsConjReferenceTests.test_top_level_binding_error_precedence_matches_pytorch_2_13) ... ok
test_top_level_supported_real_tensor_forms_match_pytorch_2_13 (test_is_conj_reference.TensorIsConjReferenceTests.test_top_level_supported_real_tensor_forms_match_pytorch_2_13) ... ok
test_top_level_torch_function_dispatch_matches_pytorch_2_13 (test_is_conj_reference.TensorIsConjReferenceTests.test_top_level_torch_function_dispatch_matches_pytorch_2_13) ... ok
test_torch_function_mode_dispatch_matches_pytorch_2_13 (test_is_conj_reference.TensorIsConjReferenceTests.test_torch_function_mode_dispatch_matches_pytorch_2_13) ... ok
test_not_implemented_reenters_the_declining_top_mode (test_is_cpu.TensorIsCpuTests.test_not_implemented_reenters_the_declining_top_mode) ... ok
test_property_is_read_only_with_pytorch_assignment_errors (test_is_cpu.TensorIsCpuTests.test_property_is_read_only_with_pytorch_assignment_errors) ... ok
test_supported_scalars_empty_views_and_autograd_use_device_metadata (test_is_cpu.TensorIsCpuTests.test_supported_scalars_empty_views_and_autograd_use_device_metadata) ... ok
test_tensorbase_descriptor_documentation_and_receiver_behavior (test_is_cpu.TensorIsCpuTests.test_tensorbase_descriptor_documentation_and_receiver_behavior) ... ok
test_torch_function_modes_receive_descriptor_get_and_forward (test_is_cpu.TensorIsCpuTests.test_torch_function_modes_receive_descriptor_get_and_forward) ... ok
test_descriptor_and_read_only_contract_match_pytorch_2_13 (test_is_cpu_reference.TensorIsCpuReferenceTests.test_descriptor_and_read_only_contract_match_pytorch_2_13) ... ok
test_supported_tensor_results_match_pytorch_2_13 (test_is_cpu_reference.TensorIsCpuReferenceTests.test_supported_tensor_results_match_pytorch_2_13) ... ok
test_torch_function_mode_dispatch_matches_pytorch_2_13 (test_is_cpu_reference.TensorIsCpuReferenceTests.test_torch_function_mode_dispatch_matches_pytorch_2_13) ... ok
test_not_implemented_reenters_the_declining_top_mode (test_is_cuda.TensorIsCudaTests.test_not_implemented_reenters_the_declining_top_mode) ... ok
test_property_is_read_only_with_pytorch_assignment_errors (test_is_cuda.TensorIsCudaTests.test_property_is_read_only_with_pytorch_assignment_errors) ... ok
test_supported_scalars_empty_views_and_autograd_use_device_metadata (test_is_cuda.TensorIsCudaTests.test_supported_scalars_empty_views_and_autograd_use_device_metadata) ... ok
test_tensorbase_descriptor_documentation_and_receiver_behavior (test_is_cuda.TensorIsCudaTests.test_tensorbase_descriptor_documentation_and_receiver_behavior) ... ok
test_torch_function_modes_receive_descriptor_get_and_forward (test_is_cuda.TensorIsCudaTests.test_torch_function_modes_receive_descriptor_get_and_forward) ... ok
test_descriptor_and_read_only_contract_match_pytorch_2_13 (test_is_cuda_reference.TensorIsCudaReferenceTests.test_descriptor_and_read_only_contract_match_pytorch_2_13) ... ok
test_reference_pytorch_real_cuda_tensors_report_true (test_is_cuda_reference.TensorIsCudaReferenceTests.test_reference_pytorch_real_cuda_tensors_report_true) ... ok
test_supported_cpu_tensor_results_match_pytorch_2_13 (test_is_cuda_reference.TensorIsCudaReferenceTests.test_supported_cpu_tensor_results_match_pytorch_2_13) ... ok
test_torch_function_mode_dispatch_matches_pytorch_2_13 (test_is_cuda_reference.TensorIsCudaReferenceTests.test_torch_function_mode_dispatch_matches_pytorch_2_13) ... ok
test_default_false_is_exact_and_preserves_grad_mode (test_is_deterministic_algorithms_warn_only_enabled.IsDeterministicAlgorithmsWarnOnlyEnabledTests.test_default_false_is_exact_and_preserves_grad_mode) ... ok
test_default_false_is_stable_across_threads_and_grad_modes (test_is_deterministic_algorithms_warn_only_enabled.IsDeterministicAlgorithmsWarnOnlyEnabledTests.test_default_false_is_stable_across_threads_and_grad_modes) ... ok
test_default_only_deterministic_algorithm_apis_are_exposed (test_is_deterministic_algorithms_warn_only_enabled.IsDeterministicAlgorithmsWarnOnlyEnabledTests.test_default_only_deterministic_algorithm_apis_are_exposed) ... ok
test_exports_copy_and_pickle_use_the_canonical_module (test_is_deterministic_algorithms_warn_only_enabled.IsDeterministicAlgorithmsWarnOnlyEnabledTests.test_exports_copy_and_pickle_use_the_canonical_module) ... ok
test_importing_the_package_does_not_import_pytorch (test_is_deterministic_algorithms_warn_only_enabled.IsDeterministicAlgorithmsWarnOnlyEnabledTests.test_importing_the_package_does_not_import_pytorch) ... ok
test_rejects_arguments_with_pytorch_2_13_errors (test_is_deterministic_algorithms_warn_only_enabled.IsDeterministicAlgorithmsWarnOnlyEnabledTests.test_rejects_arguments_with_pytorch_2_13_errors) ... ok
test_signature_annotations_documentation_and_module_identity (test_is_deterministic_algorithms_warn_only_enabled.IsDeterministicAlgorithmsWarnOnlyEnabledTests.test_signature_annotations_documentation_and_module_identity) ... ok
test_argument_errors_match_pytorch_2_13 (test_is_deterministic_algorithms_warn_only_enabled_reference.IsDeterministicAlgorithmsWarnOnlyEnabledReferenceTests.test_argument_errors_match_pytorch_2_13) ... ok
test_default_only_deterministic_algorithm_api_support_boundary (test_is_deterministic_algorithms_warn_only_enabled_reference.IsDeterministicAlgorithmsWarnOnlyEnabledReferenceTests.test_default_only_deterministic_algorithm_api_support_boundary) ... ok
test_exports_copy_and_pickle_match_pytorch_2_13 (test_is_deterministic_algorithms_warn_only_enabled_reference.IsDeterministicAlgorithmsWarnOnlyEnabledReferenceTests.test_exports_copy_and_pickle_match_pytorch_2_13) ... ok
test_reference_only_mutation_bounds_the_unsupported_true_state (test_is_deterministic_algorithms_warn_only_enabled_reference.IsDeterministicAlgorithmsWarnOnlyEnabledReferenceTests.test_reference_only_mutation_bounds_the_unsupported_true_state) ... ok
test_signature_annotations_documentation_and_identity_match (test_is_deterministic_algorithms_warn_only_enabled_reference.IsDeterministicAlgorithmsWarnOnlyEnabledReferenceTests.test_signature_annotations_documentation_and_identity_match) ... ok
test_supported_default_threaded_and_grad_states_match_pytorch_2_13 (test_is_deterministic_algorithms_warn_only_enabled_reference.IsDeterministicAlgorithmsWarnOnlyEnabledReferenceTests.test_supported_default_threaded_and_grad_states_match_pytorch_2_13) ... ok
test_distributed_execution_surface_remains_unsupported (test_is_distributed.TensorIsDistributedTests.test_distributed_execution_surface_remains_unsupported) ... ok
test_every_supported_tensor_is_local_without_mutation (test_is_distributed.TensorIsDistributedTests.test_every_supported_tensor_is_local_without_mutation) ... ok
test_invalid_receivers_and_arguments_match_pytorch (test_is_distributed.TensorIsDistributedTests.test_invalid_receivers_and_arguments_match_pytorch) ... ok
test_tensorbase_descriptor_has_pytorch_metadata_and_no_documentation (test_is_distributed.TensorIsDistributedTests.test_tensorbase_descriptor_has_pytorch_metadata_and_no_documentation) ... ok
test_torch_function_modes_receive_descriptor_and_forward (test_is_distributed.TensorIsDistributedTests.test_torch_function_modes_receive_descriptor_and_forward) ... ok
test_callable_metadata_and_receiver_errors_match_pytorch_2_13 (test_is_distributed_reference.TensorIsDistributedReferenceTests.test_callable_metadata_and_receiver_errors_match_pytorch_2_13) ... ok
test_supported_local_cpu_tensors_match_pytorch_2_13 (test_is_distributed_reference.TensorIsDistributedReferenceTests.test_supported_local_cpu_tensors_match_pytorch_2_13) ... ok
test_torch_function_mode_dispatch_matches_pytorch_2_13 (test_is_distributed_reference.TensorIsDistributedReferenceTests.test_torch_function_mode_dispatch_matches_pytorch_2_13) ... ok
test_callable_metadata_matches_the_public_builtin_surface (test_is_floating_point.TensorIsFloatingPointTests.test_callable_metadata_matches_the_public_builtin_surface) ... ok
test_method_and_top_level_binding_errors_match_pytorch_2_13 (test_is_floating_point.TensorIsFloatingPointTests.test_method_and_top_level_binding_errors_match_pytorch_2_13) ... ok
test_scalar_empty_strided_and_autograd_tensors_use_dtype_metadata (test_is_floating_point.TensorIsFloatingPointTests.test_scalar_empty_strided_and_autograd_tensors_use_dtype_metadata) ... ok
test_callable_metadata_matches_pytorch_2_13 (test_is_floating_point_reference.TensorIsFloatingPointReferenceTests.test_callable_metadata_matches_pytorch_2_13) ... ok
test_method_and_top_level_errors_match_pytorch_2_13 (test_is_floating_point_reference.TensorIsFloatingPointReferenceTests.test_method_and_top_level_errors_match_pytorch_2_13) ... ok
test_scalar_empty_strided_and_autograd_results_match_pytorch_2_13 (test_is_floating_point_reference.TensorIsFloatingPointReferenceTests.test_scalar_empty_strided_and_autograd_results_match_pytorch_2_13) ... ok
test_invalid_calls_match_pytorch_2_13 (test_is_inference.TensorIsInferenceTests.test_invalid_calls_match_pytorch_2_13) ... ok
test_scope_does_not_add_inference_mode (test_is_inference.TensorIsInferenceTests.test_scope_does_not_add_inference_mode) ... ok
test_supported_tensors_are_ordinary_without_mutation (test_is_inference.TensorIsInferenceTests.test_supported_tensors_are_ordinary_without_mutation) ... ok
test_tensorbase_descriptor_metadata_matches_pytorch_2_13 (test_is_inference.TensorIsInferenceTests.test_tensorbase_descriptor_metadata_matches_pytorch_2_13) ... ok
test_top_level_binding_and_type_error_precedence (test_is_inference.TensorIsInferenceTests.test_top_level_binding_and_type_error_precedence) ... ok
test_top_level_callable_metadata_documentation_and_exports (test_is_inference.TensorIsInferenceTests.test_top_level_callable_metadata_documentation_and_exports) ... ok
test_top_level_modes_and_tensor_like_overrides_receive_callable (test_is_inference.TensorIsInferenceTests.test_top_level_modes_and_tensor_like_overrides_receive_callable) ... ok
test_top_level_supported_tensors_are_ordinary_without_mutation (test_is_inference.TensorIsInferenceTests.test_top_level_supported_tensors_are_ordinary_without_mutation) ... ok
test_torch_function_modes_receive_method_descriptor_and_forward (test_is_inference.TensorIsInferenceTests.test_torch_function_modes_receive_method_descriptor_and_forward) ... ok
test_builtin_ownership_documentation_exports_and_pickling (test_is_inference_mode_enabled.IsInferenceModeEnabledTests.test_builtin_ownership_documentation_exports_and_pickling) ... ok
test_default_false_is_exact_and_does_not_change_grad_mode (test_is_inference_mode_enabled.IsInferenceModeEnabledTests.test_default_false_is_exact_and_does_not_change_grad_mode) ... ok
test_default_false_is_stable_across_threads_and_no_grad (test_is_inference_mode_enabled.IsInferenceModeEnabledTests.test_default_false_is_stable_across_threads_and_no_grad) ... ok
test_rejects_all_arguments_with_pytorch_2_13_errors (test_is_inference_mode_enabled.IsInferenceModeEnabledTests.test_rejects_all_arguments_with_pytorch_2_13_errors) ... ok
test_builtin_contract_matches_pytorch_2_13 (test_is_inference_mode_enabled_reference.IsInferenceModeEnabledReferenceTests.test_builtin_contract_matches_pytorch_2_13) ... ok
test_no_argument_errors_match_pytorch_2_13 (test_is_inference_mode_enabled_reference.IsInferenceModeEnabledReferenceTests.test_no_argument_errors_match_pytorch_2_13) ... ok
test_pytorch_inference_context_bounds_the_unsupported_true_state (test_is_inference_mode_enabled_reference.IsInferenceModeEnabledReferenceTests.test_pytorch_inference_context_bounds_the_unsupported_true_state) ... ok
test_supported_default_and_no_grad_states_match_pytorch_2_13 (test_is_inference_mode_enabled_reference.IsInferenceModeEnabledReferenceTests.test_supported_default_and_no_grad_states_match_pytorch_2_13) ... ok
test_callable_metadata_and_errors_match_pytorch_2_13 (test_is_inference_reference.TensorIsInferenceReferenceTests.test_callable_metadata_and_errors_match_pytorch_2_13) ... ok
test_ordinary_supported_tensors_match_pytorch_2_13 (test_is_inference_reference.TensorIsInferenceReferenceTests.test_ordinary_supported_tensors_match_pytorch_2_13) ... ok
test_reference_inference_mode_sets_and_preserves_true_state (test_is_inference_reference.TensorIsInferenceReferenceTests.test_reference_inference_mode_sets_and_preserves_true_state) ... ok
test_scope_adds_callable_without_inference_mode (test_is_inference_reference.TensorIsInferenceReferenceTests.test_scope_adds_callable_without_inference_mode) ... ok
test_top_level_binding_error_precedence_matches_pytorch_2_13 (test_is_inference_reference.TensorIsInferenceReferenceTests.test_top_level_binding_error_precedence_matches_pytorch_2_13) ... ok
test_top_level_dispatch_matches_pytorch_2_13 (test_is_inference_reference.TensorIsInferenceReferenceTests.test_top_level_dispatch_matches_pytorch_2_13) ... ok
test_top_level_ordinary_supported_forms_match_pytorch_2_13 (test_is_inference_reference.TensorIsInferenceReferenceTests.test_top_level_ordinary_supported_forms_match_pytorch_2_13) ... ok
test_torch_function_mode_dispatch_matches_pytorch_2_13 (test_is_inference_reference.TensorIsInferenceReferenceTests.test_torch_function_mode_dispatch_matches_pytorch_2_13) ... ok
test_is_leaf_is_a_read_only_tensor_descriptor (test_is_leaf.TensorIsLeafTests.test_is_leaf_is_a_read_only_tensor_descriptor) ... ok
test_leaf_status_tracks_recorded_autograd_history (test_is_leaf.TensorIsLeafTests.test_leaf_status_tracks_recorded_autograd_history) ... ok
test_no_grad_results_are_leaves_but_later_recorded_results_are_not (test_is_leaf.TensorIsLeafTests.test_no_grad_results_are_leaves_but_later_recorded_results_are_not) ... ok
test_leaf_status_matches_pytorch_2_13 (test_is_leaf_reference.TensorIsLeafReferenceTests.test_leaf_status_matches_pytorch_2_13) ... ok
test_read_only_descriptor_matches_pytorch_2_13 (test_is_leaf_reference.TensorIsLeafReferenceTests.test_read_only_descriptor_matches_pytorch_2_13) ... ok
test_property_is_read_only_with_pytorch_assignment_errors (test_is_meta.TensorIsMetaTests.test_property_is_read_only_with_pytorch_assignment_errors) ... ok
test_supported_cpu_tensors_are_not_meta_from_device_metadata (test_is_meta.TensorIsMetaTests.test_supported_cpu_tensors_are_not_meta_from_device_metadata) ... ok
test_tensorbase_descriptor_documentation_and_receiver_behavior (test_is_meta.TensorIsMetaTests.test_tensorbase_descriptor_documentation_and_receiver_behavior) ... ok
test_descriptor_documentation_and_errors_match_pytorch_2_13 (test_is_meta_reference.TensorIsMetaReferenceTests.test_descriptor_documentation_and_errors_match_pytorch_2_13) ... ok
test_reference_pytorch_meta_tensors_report_true (test_is_meta_reference.TensorIsMetaReferenceTests.test_reference_pytorch_meta_tensors_report_true) ... ok
test_supported_cpu_tensors_match_pytorch_2_13 (test_is_meta_reference.TensorIsMetaReferenceTests.test_supported_cpu_tensors_match_pytorch_2_13) ... ok
test_every_supported_tensor_uses_non_mkldnn_storage (test_is_mkldnn.TensorIsMkldnnTests.test_every_supported_tensor_uses_non_mkldnn_storage) ... ok
test_tensorbase_descriptor_is_undocumented_and_read_only (test_is_mkldnn.TensorIsMkldnnTests.test_tensorbase_descriptor_is_undocumented_and_read_only) ... ok
test_torch_function_modes_receive_descriptor_get_and_forward (test_is_mkldnn.TensorIsMkldnnTests.test_torch_function_modes_receive_descriptor_get_and_forward) ... ok
test_descriptor_ownership_absent_documentation_and_errors_match (test_is_mkldnn_reference.TensorIsMkldnnReferenceTests.test_descriptor_ownership_absent_documentation_and_errors_match) ... ok
test_reference_true_state_is_bounded_by_missing_mkldnn_layout (test_is_mkldnn_reference.TensorIsMkldnnReferenceTests.test_reference_true_state_is_bounded_by_missing_mkldnn_layout) ... ok
test_supported_tensor_states_match_pytorch_2_13 (test_is_mkldnn_reference.TensorIsMkldnnReferenceTests.test_supported_tensor_states_match_pytorch_2_13) ... ok
test_torch_function_mode_dispatch_matches_pytorch_2_13 (test_is_mkldnn_reference.TensorIsMkldnnReferenceTests.test_torch_function_mode_dispatch_matches_pytorch_2_13) ... ok
test_every_supported_native_tensor_reports_exact_false (test_is_mps.TensorIsMpsTests.test_every_supported_native_tensor_reports_exact_false) ... ok
test_mps_creation_and_transfer_remain_unsupported (test_is_mps.TensorIsMpsTests.test_mps_creation_and_transfer_remain_unsupported) ... ok
test_not_implemented_reenters_the_declining_top_mode (test_is_mps.TensorIsMpsTests.test_not_implemented_reenters_the_declining_top_mode) ... ok
test_property_is_read_only_with_pytorch_assignment_errors (test_is_mps.TensorIsMpsTests.test_property_is_read_only_with_pytorch_assignment_errors) ... ok
test_tensorbase_descriptor_documentation_and_receiver_behavior (test_is_mps.TensorIsMpsTests.test_tensorbase_descriptor_documentation_and_receiver_behavior) ... ok
test_torch_function_modes_receive_descriptor_get_and_forward (test_is_mps.TensorIsMpsTests.test_torch_function_modes_receive_descriptor_get_and_forward) ... ok
test_descriptor_documentation_and_errors_match_pytorch_2_13 (test_is_mps_reference.TensorIsMpsReferenceTests.test_descriptor_documentation_and_errors_match_pytorch_2_13) ... ok
test_mps_creation_and_transfer_remain_unsupported (test_is_mps_reference.TensorIsMpsReferenceTests.test_mps_creation_and_transfer_remain_unsupported) ... ok
test_reference_pytorch_real_cuda_tensors_report_false (test_is_mps_reference.TensorIsMpsReferenceTests.test_reference_pytorch_real_cuda_tensors_report_false) ... ok
test_supported_cpu_tensor_results_match_pytorch_2_13 (test_is_mps_reference.TensorIsMpsReferenceTests.test_supported_cpu_tensor_results_match_pytorch_2_13) ... ok
test_torch_function_mode_dispatch_matches_pytorch_2_13 (test_is_mps_reference.TensorIsMpsReferenceTests.test_torch_function_mode_dispatch_matches_pytorch_2_13) ... ok
test_builtin_metadata_imports_copying_and_pickling (test_is_multithreading_enabled.IsMultithreadingEnabledTests.test_builtin_metadata_imports_copying_and_pickling) ... ok
test_importing_and_calling_does_not_import_pytorch (test_is_multithreading_enabled.IsMultithreadingEnabledTests.test_importing_and_calling_does_not_import_pytorch) ... ok
test_multithreading_mutation_remains_unsupported (test_is_multithreading_enabled.IsMultithreadingEnabledTests.test_multithreading_mutation_remains_unsupported) ... ok
test_query_is_excluded_from_wildcard_and_top_level_exports (test_is_multithreading_enabled.IsMultithreadingEnabledTests.test_query_is_excluded_from_wildcard_and_top_level_exports) ... ok
test_rejects_all_arguments_with_pytorch_2_13_errors (test_is_multithreading_enabled.IsMultithreadingEnabledTests.test_rejects_all_arguments_with_pytorch_2_13_errors) ... ok
test_true_is_exact_and_does_not_change_grad_mode (test_is_multithreading_enabled.IsMultithreadingEnabledTests.test_true_is_exact_and_does_not_change_grad_mode) ... ok
test_true_is_stable_across_threads_and_grad_modes (test_is_multithreading_enabled.IsMultithreadingEnabledTests.test_true_is_stable_across_threads_and_grad_modes) ... ok
test_builtin_contract_matches_pytorch_2_13 (test_is_multithreading_enabled_reference.IsMultithreadingEnabledReferenceTests.test_builtin_contract_matches_pytorch_2_13) ... ok
test_import_and_non_wildcard_behavior_matches_pytorch_2_13 (test_is_multithreading_enabled_reference.IsMultithreadingEnabledReferenceTests.test_import_and_non_wildcard_behavior_matches_pytorch_2_13) ... ok
test_mutation_surfaces_remain_deliberately_absent (test_is_multithreading_enabled_reference.IsMultithreadingEnabledReferenceTests.test_mutation_surfaces_remain_deliberately_absent) ... ok
test_no_argument_errors_match_pytorch_2_13 (test_is_multithreading_enabled_reference.IsMultithreadingEnabledReferenceTests.test_no_argument_errors_match_pytorch_2_13) ... ok
test_reference_only_setter_context_bounds_unsupported_false_state (test_is_multithreading_enabled_reference.IsMultithreadingEnabledReferenceTests.test_reference_only_setter_context_bounds_unsupported_false_state) ... ok
test_supported_true_and_grad_states_match_pytorch_2_13 (test_is_multithreading_enabled_reference.IsMultithreadingEnabledReferenceTests.test_supported_true_and_grad_states_match_pytorch_2_13) ... ok
test_invalid_calls_match_pytorch_2_13 (test_is_neg.TensorIsNegTests.test_invalid_calls_match_pytorch_2_13) ... ok
test_supported_tensors_have_a_clear_negative_bit_without_mutation (test_is_neg.TensorIsNegTests.test_supported_tensors_have_a_clear_negative_bit_without_mutation) ... ok
test_tensorbase_descriptor_metadata_matches_pytorch_2_13 (test_is_neg.TensorIsNegTests.test_tensorbase_descriptor_metadata_matches_pytorch_2_13) ... ok
test_torch_function_modes_receive_method_descriptor_and_forward (test_is_neg.TensorIsNegTests.test_torch_function_modes_receive_method_descriptor_and_forward) ... ok
test_callable_metadata_and_errors_match_pytorch_2_13 (test_is_neg_reference.TensorIsNegReferenceTests.test_callable_metadata_and_errors_match_pytorch_2_13) ... ok
test_reference_lazy_negative_view_sets_the_bit (test_is_neg_reference.TensorIsNegReferenceTests.test_reference_lazy_negative_view_sets_the_bit) ... ok
test_supported_tensors_match_pytorch_2_13 (test_is_neg_reference.TensorIsNegReferenceTests.test_supported_tensors_match_pytorch_2_13) ... ok
test_torch_function_mode_dispatch_matches_pytorch_2_13 (test_is_neg_reference.TensorIsNegReferenceTests.test_torch_function_mode_dispatch_matches_pytorch_2_13) ... ok
test_every_supported_tensor_reports_false_without_side_effects (test_is_nested.TensorIsNestedTests.test_every_supported_tensor_reports_false_without_side_effects) ... ok
test_tensorbase_descriptor_is_undocumented_and_read_only (test_is_nested.TensorIsNestedTests.test_tensorbase_descriptor_is_undocumented_and_read_only) ... ok
test_torch_function_modes_receive_descriptor_get_and_forward (test_is_nested.TensorIsNestedTests.test_torch_function_modes_receive_descriptor_get_and_forward) ... ok
test_descriptor_ownership_absent_documentation_and_errors_match (test_is_nested_reference.TensorIsNestedReferenceTests.test_descriptor_ownership_absent_documentation_and_errors_match) ... ok
test_reference_true_state_is_bounded_by_missing_nested_tensors (test_is_nested_reference.TensorIsNestedReferenceTests.test_reference_true_state_is_bounded_by_missing_nested_tensors) ... ok
test_supported_tensor_states_match_pytorch_2_13 (test_is_nested_reference.TensorIsNestedReferenceTests.test_supported_tensor_states_match_pytorch_2_13) ... ok
test_torch_function_mode_dispatch_matches_pytorch_2_13 (test_is_nested_reference.TensorIsNestedReferenceTests.test_torch_function_mode_dispatch_matches_pytorch_2_13) ... ok
test_binding_and_tensor_type_errors_match_pytorch_2_13 (test_is_nonzero.TorchIsNonzeroTests.test_binding_and_tensor_type_errors_match_pytorch_2_13) ... ok
test_callable_metadata_matches_the_public_builtin_surface (test_is_nonzero.TorchIsNonzeroTests.test_callable_metadata_matches_the_public_builtin_surface) ... ok
test_empty_and_multi_element_tensors_are_ambiguous (test_is_nonzero.TorchIsNonzeroTests.test_empty_and_multi_element_tensors_are_ambiguous) ... ok
test_one_element_offset_views_use_their_strided_value (test_is_nonzero.TorchIsNonzeroTests.test_one_element_offset_views_use_their_strided_value) ... ok
test_scalar_signed_zero_and_non_finite_values (test_is_nonzero.TorchIsNonzeroTests.test_scalar_signed_zero_and_non_finite_values) ... ok
test_ambiguity_errors_match_pytorch_2_13 (test_is_nonzero_reference.TorchIsNonzeroReferenceTests.test_ambiguity_errors_match_pytorch_2_13) ... ok
test_binding_and_tensor_type_errors_match_pytorch_2_13 (test_is_nonzero_reference.TorchIsNonzeroReferenceTests.test_binding_and_tensor_type_errors_match_pytorch_2_13) ... ok
test_callable_metadata_matches_pytorch_2_13 (test_is_nonzero_reference.TorchIsNonzeroReferenceTests.test_callable_metadata_matches_pytorch_2_13) ... ok
test_one_element_strided_views_match_pytorch_2_13 (test_is_nonzero_reference.TorchIsNonzeroReferenceTests.test_one_element_strided_views_match_pytorch_2_13) ... ok
test_scalar_values_match_pytorch_2_13 (test_is_nonzero_reference.TorchIsNonzeroReferenceTests.test_scalar_values_match_pytorch_2_13) ... ok
test_all_supported_storage_states_are_pageable_and_unchanged (test_is_pinned.TensorIsPinnedTests.test_all_supported_storage_states_are_pageable_and_unchanged) ... ok
test_errors_match_and_deprecated_device_argument_is_excluded (test_is_pinned.TensorIsPinnedTests.test_errors_match_and_deprecated_device_argument_is_excluded) ... ok
test_tensorbase_descriptor_metadata_and_documentation_match (test_is_pinned.TensorIsPinnedTests.test_tensorbase_descriptor_metadata_and_documentation_match) ... ok
test_torch_function_modes_receive_method_descriptor_and_forward (test_is_pinned.TensorIsPinnedTests.test_torch_function_modes_receive_method_descriptor_and_forward) ... ok
test_callable_metadata_documentation_and_shared_errors_match (test_is_pinned_reference.TensorIsPinnedReferenceTests.test_callable_metadata_documentation_and_shared_errors_match) ... ok
test_genuine_pinned_pytorch_cpu_tensor_bounds_pageable_model (test_is_pinned_reference.TensorIsPinnedReferenceTests.test_genuine_pinned_pytorch_cpu_tensor_bounds_pageable_model) ... ok
test_pageable_cpu_tensors_match_pytorch_2_13 (test_is_pinned_reference.TensorIsPinnedReferenceTests.test_pageable_cpu_tensors_match_pytorch_2_13) ... ok
test_scope_excludes_pinned_allocation_and_deprecated_device_argument (test_is_pinned_reference.TensorIsPinnedReferenceTests.test_scope_excludes_pinned_allocation_and_deprecated_device_argument) ... ok
test_torch_function_mode_dispatch_matches_pytorch_2_13 (test_is_pinned_reference.TensorIsPinnedReferenceTests.test_torch_function_mode_dispatch_matches_pytorch_2_13) ... ok
test_float32_tensors_are_non_quantized_from_dtype_metadata (test_is_quantized.TensorIsQuantizedTests.test_float32_tensors_are_non_quantized_from_dtype_metadata) ... ok
test_property_is_read_only_with_pytorch_assignment_errors (test_is_quantized.TensorIsQuantizedTests.test_property_is_read_only_with_pytorch_assignment_errors) ... ok
test_tensorbase_descriptor_documentation_and_receiver_behavior (test_is_quantized.TensorIsQuantizedTests.test_tensorbase_descriptor_documentation_and_receiver_behavior) ... ok
test_descriptor_documentation_and_errors_match_pytorch_2_13 (test_is_quantized_reference.TensorIsQuantizedReferenceTests.test_descriptor_documentation_and_errors_match_pytorch_2_13) ... ok
test_scalar_empty_view_and_autograd_tensors_match_pytorch_2_13 (test_is_quantized_reference.TensorIsQuantizedReferenceTests.test_scalar_empty_view_and_autograd_tensors_match_pytorch_2_13) ... ok
test_binding_and_non_tensor_errors (test_is_same_size.TensorIsSameSizeTests.test_binding_and_non_tensor_errors) ... ok
test_compares_only_shape_across_storage_and_layouts (test_is_same_size.TensorIsSameSizeTests.test_compares_only_shape_across_storage_and_layouts) ... ok
test_comparison_does_not_change_storage_or_autograd_state (test_is_same_size.TensorIsSameSizeTests.test_comparison_does_not_change_storage_or_autograd_state) ... ok
test_descriptor_metadata_and_other_keyword (test_is_same_size.TensorIsSameSizeTests.test_descriptor_metadata_and_other_keyword) ... ok
test_scalars_and_empty_tensors (test_is_same_size.TensorIsSameSizeTests.test_scalars_and_empty_tensors) ... ok
test_top_level_binding_and_non_tensor_errors (test_is_same_size.TensorIsSameSizeTests.test_top_level_binding_and_non_tensor_errors) ... ok
test_binding_and_non_tensor_errors_match_pytorch_2_13 (test_is_same_size_reference.TensorIsSameSizeReferenceTests.test_binding_and_non_tensor_errors_match_pytorch_2_13) ... ok
test_descriptor_metadata_matches_pytorch_2_13 (test_is_same_size_reference.TensorIsSameSizeReferenceTests.test_descriptor_metadata_matches_pytorch_2_13) ... ok
test_extreme_empty_and_autograd_behavior_matches_pytorch_2_13 (test_is_same_size_reference.TensorIsSameSizeReferenceTests.test_extreme_empty_and_autograd_behavior_matches_pytorch_2_13) ... ok
test_shape_results_match_pytorch_2_13 (test_is_same_size_reference.TensorIsSameSizeReferenceTests.test_shape_results_match_pytorch_2_13) ... ok
test_binding_and_non_tensor_errors (test_is_set_to.TensorIsSetToTests.test_binding_and_non_tensor_errors) ... ok
test_descriptor_metadata_and_tensor_keyword (test_is_set_to.TensorIsSetToTests.test_descriptor_metadata_and_tensor_keyword) ... ok
test_scalar_empty_offset_and_autograd_tensors_are_metadata_only (test_is_set_to.TensorIsSetToTests.test_scalar_empty_offset_and_autograd_tensors_are_metadata_only) ... ok
test_storage_offset_shape_and_stride_must_all_match (test_is_set_to.TensorIsSetToTests.test_storage_offset_shape_and_stride_must_all_match) ... ok
test_autograd_graph_is_unchanged_like_pytorch_2_13 (test_is_set_to_reference.TensorIsSetToReferenceTests.test_autograd_graph_is_unchanged_like_pytorch_2_13) ... ok
test_binding_and_non_tensor_errors_match_pytorch_2_13 (test_is_set_to_reference.TensorIsSetToReferenceTests.test_binding_and_non_tensor_errors_match_pytorch_2_13) ... ok
test_descriptor_metadata_matches_pytorch_2_13 (test_is_set_to_reference.TensorIsSetToReferenceTests.test_descriptor_metadata_matches_pytorch_2_13) ... ok
test_scalar_empty_and_offset_results_match_pytorch_2_13 (test_is_set_to_reference.TensorIsSetToReferenceTests.test_scalar_empty_and_offset_results_match_pytorch_2_13) ... ok
test_storage_and_layout_results_match_pytorch_2_13 (test_is_set_to_reference.TensorIsSetToReferenceTests.test_storage_and_layout_results_match_pytorch_2_13) ... ok
test_python_binding_and_invalid_receiver_errors_match (test_is_shared.TensorIsSharedTests.test_python_binding_and_invalid_receiver_errors_match) ... ok
test_python_function_ownership_signature_documentation_and_pickle (test_is_shared.TensorIsSharedTests.test_python_function_ownership_signature_documentation_and_pickle) ... ok
test_shared_memory_mutation_and_storage_apis_remain_unsupported (test_is_shared.TensorIsSharedTests.test_shared_memory_mutation_and_storage_apis_remain_unsupported) ... ok
test_spoofed_tensor_class_uses_the_storage_query_path (test_is_shared.TensorIsSharedTests.test_spoofed_tensor_class_uses_the_storage_query_path) ... ok
test_supported_cpu_storage_is_never_os_shared_and_is_unchanged (test_is_shared.TensorIsSharedTests.test_supported_cpu_storage_is_never_os_shared_and_is_unchanged) ... ok
test_unary_override_and_torch_function_modes_receive_python_function (test_is_shared.TensorIsSharedTests.test_unary_override_and_torch_function_modes_receive_python_function) ... ok
test_cpu_views_empties_and_gradient_storage_match_pytorch_2_13 (test_is_shared_reference.TensorIsSharedReferenceTests.test_cpu_views_empties_and_gradient_storage_match_pytorch_2_13) ... ok
test_python_ownership_signature_documentation_and_errors_match (test_is_shared_reference.TensorIsSharedReferenceTests.test_python_ownership_signature_documentation_and_errors_match) ... ok
test_spoofed_tensor_class_dispatch_matches_pytorch_2_13 (test_is_shared_reference.TensorIsSharedReferenceTests.test_spoofed_tensor_class_dispatch_matches_pytorch_2_13) ... ok
test_torch_function_mode_dispatch_matches_pytorch_2_13 (test_is_shared_reference.TensorIsSharedReferenceTests.test_torch_function_mode_dispatch_matches_pytorch_2_13) ... ok
test_unary_override_dispatch_matches_pytorch_2_13 (test_is_shared_reference.TensorIsSharedReferenceTests.test_unary_override_dispatch_matches_pytorch_2_13) ... ok
test_callable_metadata_matches_the_public_builtin_surface (test_is_signed.TensorIsSignedTests.test_callable_metadata_matches_the_public_builtin_surface) ... ok
test_float32_scalar_empty_strided_and_autograd_tensors_are_signed (test_is_signed.TensorIsSignedTests.test_float32_scalar_empty_strided_and_autograd_tensors_are_signed) ... ok
test_method_and_top_level_binding_errors_match_pytorch_2_13 (test_is_signed.TensorIsSignedTests.test_method_and_top_level_binding_errors_match_pytorch_2_13) ... ok
test_callable_metadata_matches_pytorch_2_13 (test_is_signed_reference.TensorIsSignedReferenceTests.test_callable_metadata_matches_pytorch_2_13) ... ok
test_float32_results_match_pytorch_2_13 (test_is_signed_reference.TensorIsSignedReferenceTests.test_float32_results_match_pytorch_2_13) ... ok
test_method_and_top_level_errors_match_pytorch_2_13 (test_is_signed_reference.TensorIsSignedReferenceTests.test_method_and_top_level_errors_match_pytorch_2_13) ... ok
test_property_is_read_only_with_pytorch_assignment_errors (test_is_sparse.TensorIsSparseTests.test_property_is_read_only_with_pytorch_assignment_errors) ... ok
test_strided_tensors_are_not_sparse_without_storage_side_effects (test_is_sparse.TensorIsSparseTests.test_strided_tensors_are_not_sparse_without_storage_side_effects) ... ok
test_tensorbase_descriptor_documentation_and_receiver_behavior (test_is_sparse.TensorIsSparseTests.test_tensorbase_descriptor_documentation_and_receiver_behavior) ... ok
test_property_is_read_only_with_pytorch_assignment_errors (test_is_sparse_csr.TensorIsSparseCsrTests.test_property_is_read_only_with_pytorch_assignment_errors) ... ok
test_strided_tensors_are_not_sparse_csr_without_storage_side_effects (test_is_sparse_csr.TensorIsSparseCsrTests.test_strided_tensors_are_not_sparse_csr_without_storage_side_effects) ... ok
test_tensorbase_descriptor_documentation_and_receiver_behavior (test_is_sparse_csr.TensorIsSparseCsrTests.test_tensorbase_descriptor_documentation_and_receiver_behavior) ... ok
test_descriptor_documentation_and_errors_match_pytorch_2_13 (test_is_sparse_csr_reference.TensorIsSparseCsrReferenceTests.test_descriptor_documentation_and_errors_match_pytorch_2_13) ... ok
test_real_pytorch_csr_tensor_reports_true (test_is_sparse_csr_reference.TensorIsSparseCsrReferenceTests.test_real_pytorch_csr_tensor_reports_true) ... ok
test_scalar_empty_strided_offset_and_autograd_match_pytorch_2_13 (test_is_sparse_csr_reference.TensorIsSparseCsrReferenceTests.test_scalar_empty_strided_offset_and_autograd_match_pytorch_2_13) ... ok
test_descriptor_documentation_and_errors_match_pytorch_2_13 (test_is_sparse_reference.TensorIsSparseReferenceTests.test_descriptor_documentation_and_errors_match_pytorch_2_13) ... ok
test_scalar_empty_strided_offset_and_autograd_match_pytorch_2_13 (test_is_sparse_reference.TensorIsSparseReferenceTests.test_scalar_empty_strided_offset_and_autograd_match_pytorch_2_13) ... ok
test_callable_metadata_matches_pytorch_2_13 (test_is_tensor.IsTensorTests.test_callable_metadata_matches_pytorch_2_13) ... ok
test_native_tensor_instances_return_exact_bool_true (test_is_tensor.IsTensorTests.test_native_tensor_instances_return_exact_bool_true) ... ok
test_non_tensors_return_false_without_conversion (test_is_tensor.IsTensorTests.test_non_tensors_return_false_without_conversion) ... ok
test_positional_only_binding_errors_match_pytorch_2_13 (test_is_tensor.IsTensorTests.test_positional_only_binding_errors_match_pytorch_2_13) ... ok
test_predicate_reads_the_live_public_tensor_binding (test_is_tensor.IsTensorTests.test_predicate_reads_the_live_public_tensor_binding) ... ok
test_callable_metadata_matches_pytorch_2_13 (test_is_tensor_reference.IsTensorReferenceTests.test_callable_metadata_matches_pytorch_2_13) ... ok
test_live_public_tensor_rebinding_matches_pytorch_2_13 (test_is_tensor_reference.IsTensorReferenceTests.test_live_public_tensor_rebinding_matches_pytorch_2_13) ... ok
test_positional_only_binding_errors_match_pytorch_2_13 (test_is_tensor_reference.IsTensorReferenceTests.test_positional_only_binding_errors_match_pytorch_2_13) ... ok
test_results_and_conversion_hook_behavior_match_pytorch_2_13 (test_is_tensor_reference.IsTensorReferenceTests.test_results_and_conversion_hook_behavior_match_pytorch_2_13) ... ok
test_builtin_metadata_imports_copying_and_pickling (test_is_view_replay_enabled.IsViewReplayEnabledTests.test_builtin_metadata_imports_copying_and_pickling) ... ok
test_false_is_exact_and_does_not_change_grad_mode (test_is_view_replay_enabled.IsViewReplayEnabledTests.test_false_is_exact_and_does_not_change_grad_mode) ... ok
test_false_is_stable_across_threads_and_grad_modes (test_is_view_replay_enabled.IsViewReplayEnabledTests.test_false_is_stable_across_threads_and_grad_modes) ... ok
test_importing_and_calling_does_not_import_pytorch (test_is_view_replay_enabled.IsViewReplayEnabledTests.test_importing_and_calling_does_not_import_pytorch) ... ok
test_query_is_excluded_from_wildcard_and_top_level_exports (test_is_view_replay_enabled.IsViewReplayEnabledTests.test_query_is_excluded_from_wildcard_and_top_level_exports) ... ok
test_rejects_all_arguments_with_pytorch_2_13_errors (test_is_view_replay_enabled.IsViewReplayEnabledTests.test_rejects_all_arguments_with_pytorch_2_13_errors) ... ok
test_view_replay_mutation_remains_unsupported (test_is_view_replay_enabled.IsViewReplayEnabledTests.test_view_replay_mutation_remains_unsupported) ... ok
test_builtin_contract_matches_pytorch_2_13 (test_is_view_replay_enabled_reference.IsViewReplayEnabledReferenceTests.test_builtin_contract_matches_pytorch_2_13) ... ok
test_import_and_non_wildcard_behavior_matches_pytorch_2_13 (test_is_view_replay_enabled_reference.IsViewReplayEnabledReferenceTests.test_import_and_non_wildcard_behavior_matches_pytorch_2_13) ... ok
test_mutation_surfaces_remain_deliberately_absent (test_is_view_replay_enabled_reference.IsViewReplayEnabledReferenceTests.test_mutation_surfaces_remain_deliberately_absent) ... ok
test_no_argument_errors_match_pytorch_2_13 (test_is_view_replay_enabled_reference.IsViewReplayEnabledReferenceTests.test_no_argument_errors_match_pytorch_2_13) ... ok
test_reference_only_private_toggle_bounds_unsupported_true_state (test_is_view_replay_enabled_reference.IsViewReplayEnabledReferenceTests.test_reference_only_private_toggle_bounds_unsupported_true_state) ... ok
test_supported_false_and_grad_states_match_pytorch_2_13 (test_is_view_replay_enabled_reference.IsViewReplayEnabledReferenceTests.test_supported_false_and_grad_states_match_pytorch_2_13) ... ok
test_identity_is_stable_across_import_reload_copy_and_pickle (test_is_vulkan.IsVulkanAvailableTests.test_identity_is_stable_across_import_reload_copy_and_pickle) ... ok
test_module_reimport_reuses_the_callable_owner (test_is_vulkan.IsVulkanAvailableTests.test_module_reimport_reuses_the_callable_owner) ... ok
test_native_callable_metadata_ownership_and_wildcard_export (test_is_vulkan.IsVulkanAvailableTests.test_native_callable_metadata_ownership_and_wildcard_export) ... ok
test_returns_exact_false_and_ignores_all_arguments (test_is_vulkan.IsVulkanAvailableTests.test_returns_exact_false_and_ignores_all_arguments) ... ok
test_variable_function_owner_is_immutable (test_is_vulkan.IsVulkanAvailableTests.test_variable_function_owner_is_immutable) ... ok
test_every_supported_tensor_reports_exact_false_without_state_changes (test_is_vulkan.TensorIsVulkanTests.test_every_supported_tensor_reports_exact_false_without_state_changes) ... ok
test_property_is_read_only_with_pytorch_assignment_errors (test_is_vulkan.TensorIsVulkanTests.test_property_is_read_only_with_pytorch_assignment_errors) ... ok
test_tensorbase_descriptor_has_null_documentation (test_is_vulkan.TensorIsVulkanTests.test_tensorbase_descriptor_has_null_documentation) ... ok
test_torch_function_modes_receive_descriptor_get_and_forward (test_is_vulkan.TensorIsVulkanTests.test_torch_function_modes_receive_descriptor_get_and_forward) ... ok
test_vulkan_devices_modules_transfers_and_kernels_remain_unsupported (test_is_vulkan.TensorIsVulkanTests.test_vulkan_devices_modules_transfers_and_kernels_remain_unsupported) ... ok
test_callable_contract_matches_pytorch_2_13 (test_is_vulkan_reference.IsVulkanAvailableReferenceTests.test_callable_contract_matches_pytorch_2_13) ... ok
test_native_reload_behavior_matches_pytorch_2_13 (test_is_vulkan_reference.IsVulkanAvailableReferenceTests.test_native_reload_behavior_matches_pytorch_2_13) ... ok
test_permissive_argument_contract_matches_pytorch_2_13 (test_is_vulkan_reference.IsVulkanAvailableReferenceTests.test_permissive_argument_contract_matches_pytorch_2_13) ... ok
test_real_cuda_availability_does_not_change_vulkan_result (test_is_vulkan_reference.IsVulkanAvailableReferenceTests.test_real_cuda_availability_does_not_change_vulkan_result) ... ok
test_descriptor_documentation_and_errors_match_pytorch_2_13 (test_is_vulkan_reference.TensorIsVulkanReferenceTests.test_descriptor_documentation_and_errors_match_pytorch_2_13) ... ok
test_reference_pytorch_real_cuda_tensors_report_false (test_is_vulkan_reference.TensorIsVulkanReferenceTests.test_reference_pytorch_real_cuda_tensors_report_false) ... ok
test_supported_cpu_tensor_results_match_pytorch_2_13 (test_is_vulkan_reference.TensorIsVulkanReferenceTests.test_supported_cpu_tensor_results_match_pytorch_2_13) ... ok
test_torch_function_mode_forwarding_matches_pytorch_2_13 (test_is_vulkan_reference.TensorIsVulkanReferenceTests.test_torch_function_mode_forwarding_matches_pytorch_2_13) ... ok
test_vulkan_backend_surface_remains_intentionally_unsupported (test_is_vulkan_reference.TensorIsVulkanReferenceTests.test_vulkan_backend_surface_remains_intentionally_unsupported) ... ok
test_default_false_is_stable_across_threads_and_grad_modes (test_is_warn_always_enabled.IsWarnAlwaysEnabledTests.test_default_false_is_stable_across_threads_and_grad_modes) ... ok
test_exports_copy_and_pickle_use_the_canonical_module (test_is_warn_always_enabled.IsWarnAlwaysEnabledTests.test_exports_copy_and_pickle_use_the_canonical_module) ... ok
test_importing_the_package_does_not_import_pytorch (test_is_warn_always_enabled.IsWarnAlwaysEnabledTests.test_importing_the_package_does_not_import_pytorch) ... ok
test_mutable_state_is_exact_and_preserves_grad_mode (test_is_warn_always_enabled.IsWarnAlwaysEnabledTests.test_mutable_state_is_exact_and_preserves_grad_mode) ... ok
test_rejects_arguments_with_pytorch_2_13_errors (test_is_warn_always_enabled.IsWarnAlwaysEnabledTests.test_rejects_arguments_with_pytorch_2_13_errors) ... ok
test_signature_annotations_documentation_and_module_identity (test_is_warn_always_enabled.IsWarnAlwaysEnabledTests.test_signature_annotations_documentation_and_module_identity) ... ok
test_warn_always_setter_and_private_native_state_are_exposed (test_is_warn_always_enabled.IsWarnAlwaysEnabledTests.test_warn_always_setter_and_private_native_state_are_exposed) ... ok
test_argument_errors_match_pytorch_2_13 (test_is_warn_always_enabled_reference.IsWarnAlwaysEnabledReferenceTests.test_argument_errors_match_pytorch_2_13) ... ok
test_each_setter_controls_only_its_own_native_runtime (test_is_warn_always_enabled_reference.IsWarnAlwaysEnabledReferenceTests.test_each_setter_controls_only_its_own_native_runtime) ... ok
test_exports_copy_and_pickle_match_pytorch_2_13 (test_is_warn_always_enabled_reference.IsWarnAlwaysEnabledReferenceTests.test_exports_copy_and_pickle_match_pytorch_2_13) ... ok
test_mutable_threaded_and_grad_states_match_pytorch_2_13 (test_is_warn_always_enabled_reference.IsWarnAlwaysEnabledReferenceTests.test_mutable_threaded_and_grad_states_match_pytorch_2_13) ... ok
test_signature_annotations_documentation_and_identity_match (test_is_warn_always_enabled_reference.IsWarnAlwaysEnabledReferenceTests.test_signature_annotations_documentation_and_identity_match) ... ok
test_warn_always_setter_is_exported_like_pytorch_2_13 (test_is_warn_always_enabled_reference.IsWarnAlwaysEnabledReferenceTests.test_warn_always_setter_is_exported_like_pytorch_2_13) ... ok
test_every_supported_cpu_tensor_reports_exact_false (test_is_xla.TensorIsXlaTests.test_every_supported_cpu_tensor_reports_exact_false) ... ok
test_not_implemented_reenters_the_declining_top_mode (test_is_xla.TensorIsXlaTests.test_not_implemented_reenters_the_declining_top_mode) ... ok
test_property_is_read_only_with_pytorch_assignment_errors (test_is_xla.TensorIsXlaTests.test_property_is_read_only_with_pytorch_assignment_errors) ... ok
test_tensorbase_descriptor_documentation_and_receiver_behavior (test_is_xla.TensorIsXlaTests.test_tensorbase_descriptor_documentation_and_receiver_behavior) ... ok
test_torch_function_modes_receive_descriptor_get_and_forward (test_is_xla.TensorIsXlaTests.test_torch_function_modes_receive_descriptor_get_and_forward) ... ok
test_xla_construction_transfer_and_execution_remain_unsupported (test_is_xla.TensorIsXlaTests.test_xla_construction_transfer_and_execution_remain_unsupported) ... ok
test_descriptor_documentation_and_errors_match_pytorch_2_13 (test_is_xla_reference.TensorIsXlaReferenceTests.test_descriptor_documentation_and_errors_match_pytorch_2_13) ... ok
test_reference_pytorch_real_cuda_tensor_reports_false (test_is_xla_reference.TensorIsXlaReferenceTests.test_reference_pytorch_real_cuda_tensor_reports_false) ... ok
test_supported_cpu_tensor_results_match_pytorch_2_13 (test_is_xla_reference.TensorIsXlaReferenceTests.test_supported_cpu_tensor_results_match_pytorch_2_13) ... ok
test_torch_function_mode_dispatch_matches_pytorch_2_13 (test_is_xla_reference.TensorIsXlaReferenceTests.test_torch_function_mode_dispatch_matches_pytorch_2_13) ... ok
test_xla_backend_surface_remains_intentionally_unsupported (test_is_xla_reference.TensorIsXlaReferenceTests.test_xla_backend_surface_remains_intentionally_unsupported) ... ok
test_every_supported_cpu_tensor_reports_exact_false (test_is_xpu.TensorIsXpuTests.test_every_supported_cpu_tensor_reports_exact_false) ... ok
test_not_implemented_reenters_the_declining_top_mode (test_is_xpu.TensorIsXpuTests.test_not_implemented_reenters_the_declining_top_mode) ... ok
test_property_is_read_only_with_pytorch_assignment_errors (test_is_xpu.TensorIsXpuTests.test_property_is_read_only_with_pytorch_assignment_errors) ... ok
test_tensorbase_descriptor_documentation_and_receiver_behavior (test_is_xpu.TensorIsXpuTests.test_tensorbase_descriptor_documentation_and_receiver_behavior) ... ok
test_torch_function_modes_receive_descriptor_get_and_forward (test_is_xpu.TensorIsXpuTests.test_torch_function_modes_receive_descriptor_get_and_forward) ... ok
test_xpu_namespace_creation_and_transfer_remain_unsupported (test_is_xpu.TensorIsXpuTests.test_xpu_namespace_creation_and_transfer_remain_unsupported) ... ok
test_descriptor_documentation_and_errors_match_pytorch_2_13 (test_is_xpu_reference.TensorIsXpuReferenceTests.test_descriptor_documentation_and_errors_match_pytorch_2_13) ... ok
test_reference_pytorch_real_cuda_tensors_report_false (test_is_xpu_reference.TensorIsXpuReferenceTests.test_reference_pytorch_real_cuda_tensors_report_false) ... ok
test_supported_cpu_tensor_results_match_pytorch_2_13 (test_is_xpu_reference.TensorIsXpuReferenceTests.test_supported_cpu_tensor_results_match_pytorch_2_13) ... ok
test_torch_function_mode_dispatch_matches_pytorch_2_13 (test_is_xpu_reference.TensorIsXpuReferenceTests.test_torch_function_mode_dispatch_matches_pytorch_2_13) ... ok
test_xpu_backend_surface_remains_intentionally_unsupported (test_is_xpu_reference.TensorIsXpuReferenceTests.test_xpu_backend_surface_remains_intentionally_unsupported) ... ok
test_cardinality_errors_match_pytorch_2_13 (test_item.TensorItemTests.test_cardinality_errors_match_pytorch_2_13) ... ok
test_item_does_not_mutate_one_element_graphs (test_item.TensorItemTests.test_item_does_not_mutate_one_element_graphs) ... ok
test_scalar_offset_and_strided_values_are_bit_exact (test_item.TensorItemTests.test_scalar_offset_and_strided_values_are_bit_exact) ... ok
test_cardinality_errors_match_pytorch_2_13 (test_item_reference.TensorItemReferenceTests.test_cardinality_errors_match_pytorch_2_13) ... ok
test_graph_state_and_backward_match_pytorch_2_13 (test_item_reference.TensorItemReferenceTests.test_graph_state_and_backward_match_pytorch_2_13) ... ok
test_scalar_offset_and_strided_values_match_pytorch_2_13 (test_item_reference.TensorItemReferenceTests.test_scalar_offset_and_strided_values_match_pytorch_2_13) ... ok
test_abstract_iteration_and_subclass_iteration (test_iterable_dataset.IterableDatasetTests.test_abstract_iteration_and_subclass_iteration) ... ok
test_generic_inheritance_signature_and_metadata (test_iterable_dataset.IterableDatasetTests.test_generic_inheritance_signature_and_metadata) ... ok
test_imports_exports_and_out_of_scope_neighbors (test_iterable_dataset.IterableDatasetTests.test_imports_exports_and_out_of_scope_neighbors) ... ok
test_no_default_length_and_optional_subclass_length (test_iterable_dataset.IterableDatasetTests.test_no_default_length_and_optional_subclass_length) ... ok
test_abstract_iteration_and_no_default_length_match_pytorch_2_13 (test_iterable_dataset_reference.IterableDatasetReferenceTests.test_abstract_iteration_and_no_default_length_match_pytorch_2_13) ... ok
test_addition_is_lazy_and_selects_chain_dataset (test_iterable_dataset_reference.IterableDatasetReferenceTests.test_addition_is_lazy_and_selects_chain_dataset) ... ok
test_imports_exports_and_out_of_scope_neighbors_match (test_iterable_dataset_reference.IterableDatasetReferenceTests.test_imports_exports_and_out_of_scope_neighbors_match) ... ok
test_signature_generic_inheritance_docs_and_metadata_match (test_iterable_dataset_reference.IterableDatasetReferenceTests.test_signature_generic_inheritance_docs_and_metadata_match) ... ok
test_containers_and_arbitrary_values_are_not_copied_or_inspected (test_jit_annotate.JitAnnotateTests.test_containers_and_arbitrary_values_are_not_copied_or_inspected) ... ok
test_exports_copy_and_pickle_use_the_canonical_module (test_jit_annotate.JitAnnotateTests.test_exports_copy_and_pickle_use_the_canonical_module) ... ok
test_importing_the_package_does_not_import_pytorch (test_jit_annotate.JitAnnotateTests.test_importing_the_package_does_not_import_pytorch) ... ok
test_leaf_nonleaf_and_existing_gradient_state_are_unchanged (test_jit_annotate.JitAnnotateTests.test_leaf_nonleaf_and_existing_gradient_state_are_unchanged) ... ok
test_rejects_invalid_calls_with_pytorch_2_13_errors (test_jit_annotate.JitAnnotateTests.test_rejects_invalid_calls_with_pytorch_2_13_errors) ... ok
test_scripting_tracing_and_compilation_remain_unsupported (test_jit_annotate.JitAnnotateTests.test_scripting_tracing_and_compilation_remain_unsupported) ... ok
test_signature_documentation_and_module_identity (test_jit_annotate.JitAnnotateTests.test_signature_documentation_and_module_identity) ... ok
test_tensors_and_views_are_exact_identities (test_jit_annotate.JitAnnotateTests.test_tensors_and_views_are_exact_identities) ... ok
test_call_errors_match_pytorch_2_13 (test_jit_annotate_reference.JitAnnotateReferenceTests.test_call_errors_match_pytorch_2_13) ... ok
test_exports_copy_and_pickle_match_the_supported_scope (test_jit_annotate_reference.JitAnnotateReferenceTests.test_exports_copy_and_pickle_match_the_supported_scope) ... ok
test_signature_documentation_and_identity_match (test_jit_annotate_reference.JitAnnotateReferenceTests.test_signature_documentation_and_identity_match) ... ok
test_supported_boundary_is_eager_jit_helpers_only (test_jit_annotate_reference.JitAnnotateReferenceTests.test_supported_boundary_is_eager_jit_helpers_only) ... ok
test_tensor_view_autograd_container_and_mismatch_semantics_match (test_jit_annotate_reference.JitAnnotateReferenceTests.test_tensor_view_autograd_container_and_mismatch_semantics_match) ... ok
test_argument_errors_match_pytorch_2_13 (test_jit_attribute.JitAttributeTests.test_argument_errors_match_pytorch_2_13) ... ok
test_construction_preserves_exact_objects_and_tuple_behavior (test_jit_attribute.JitAttributeTests.test_construction_preserves_exact_objects_and_tuple_behavior) ... ok
test_exports_copying_and_pickling_use_the_canonical_class (test_jit_attribute.JitAttributeTests.test_exports_copying_and_pickling_use_the_canonical_class) ... ok
test_importing_the_package_does_not_import_pytorch (test_jit_attribute.JitAttributeTests.test_importing_the_package_does_not_import_pytorch) ... ok
test_repr_signature_documentation_and_module_ownership (test_jit_attribute.JitAttributeTests.test_repr_signature_documentation_and_module_ownership) ... ok
test_script_modules_interfaces_and_compilation_remain_unsupported (test_jit_attribute.JitAttributeTests.test_script_modules_interfaces_and_compilation_remain_unsupported) ... ok
test_argument_errors_match_pytorch_2_13 (test_jit_attribute_reference.JitAttributeReferenceTests.test_argument_errors_match_pytorch_2_13) ... ok
test_construction_tuple_behavior_repr_and_copy_match (test_jit_attribute_reference.JitAttributeReferenceTests.test_construction_tuple_behavior_repr_and_copy_match) ... ok
test_exports_and_pickling_match_pytorch_2_13 (test_jit_attribute_reference.JitAttributeReferenceTests.test_exports_and_pickling_match_pytorch_2_13) ... ok
test_signature_documentation_and_module_ownership_match (test_jit_attribute_reference.JitAttributeReferenceTests.test_signature_documentation_and_module_ownership_match) ... ok
test_supported_boundary_remains_eager_jit_helpers_only (test_jit_attribute_reference.JitAttributeReferenceTests.test_supported_boundary_remains_eager_jit_helpers_only) ... ok
test_existing_modifiers_are_overwritten (test_jit_export.JitExportTests.test_existing_modifiers_are_overwritten) ... ok
test_exports_copy_and_pickle_use_the_canonical_internal_module (test_jit_export.JitExportTests.test_exports_copy_and_pickle_use_the_canonical_internal_module) ... ok
test_function_is_marked_in_place_without_changing_eager_behavior (test_jit_export.JitExportTests.test_function_is_marked_in_place_without_changing_eager_behavior) ... ok
test_importing_the_package_does_not_import_pytorch (test_jit_export.JitExportTests.test_importing_the_package_does_not_import_pytorch) ... ok
test_methods_and_callable_objects_keep_their_eager_behavior (test_jit_export.JitExportTests.test_methods_and_callable_objects_keep_their_eager_behavior) ... ok
test_rejects_invalid_calls_with_pytorch_2_13_errors (test_jit_export.JitExportTests.test_rejects_invalid_calls_with_pytorch_2_13_errors) ... ok
test_scripting_tracing_and_compilation_remain_unsupported (test_jit_export.JitExportTests.test_scripting_tracing_and_compilation_remain_unsupported) ... ok
test_signature_annotations_documentation_and_internal_ownership (test_jit_export.JitExportTests.test_signature_annotations_documentation_and_internal_ownership) ... ok
test_call_and_invalid_target_errors_match_pytorch_2_13 (test_jit_export_reference.JitExportReferenceTests.test_call_and_invalid_target_errors_match_pytorch_2_13) ... ok
test_exports_copy_and_pickle_match_the_supported_scope (test_jit_export_reference.JitExportReferenceTests.test_exports_copy_and_pickle_match_the_supported_scope) ... ok
test_function_method_callable_and_overwrite_semantics_match (test_jit_export_reference.JitExportReferenceTests.test_function_method_callable_and_overwrite_semantics_match) ... ok
test_signature_annotations_documentation_and_ownership_match (test_jit_export_reference.JitExportReferenceTests.test_signature_annotations_documentation_and_ownership_match) ... ok
test_supported_boundary_remains_eager_jit_helpers_only (test_jit_export_reference.JitExportReferenceTests.test_supported_boundary_remains_eager_jit_helpers_only) ... ok
test_bare_decorator_marks_exact_callable_without_changing_eager_behavior (test_jit_ignore.JitIgnoreTests.test_bare_decorator_marks_exact_callable_without_changing_eager_behavior) ... ok
test_decorators_overwrite_existing_modifiers (test_jit_ignore.JitIgnoreTests.test_decorators_overwrite_existing_modifiers) ... ok
test_drop_forms_warn_and_use_unused_modifier (test_jit_ignore.JitIgnoreTests.test_drop_forms_warn_and_use_unused_modifier) ... ok
test_exports_copy_and_pickle_use_canonical_modules (test_jit_ignore.JitIgnoreTests.test_exports_copy_and_pickle_use_canonical_modules) ... ok
test_factory_forms_mark_exact_functions_and_methods (test_jit_ignore.JitIgnoreTests.test_factory_forms_mark_exact_functions_and_methods) ... ok
test_importing_the_package_does_not_import_pytorch (test_jit_ignore.JitIgnoreTests.test_importing_the_package_does_not_import_pytorch) ... ok
test_invalid_calls_match_pytorch_2_13_errors (test_jit_ignore.JitIgnoreTests.test_invalid_calls_match_pytorch_2_13_errors) ... ok
test_legacy_drop_on_export_uses_truthiness_and_ignores_other_keywords (test_jit_ignore.JitIgnoreTests.test_legacy_drop_on_export_uses_truthiness_and_ignores_other_keywords) ... ok
test_scripting_tracing_and_compilation_remain_unsupported (test_jit_ignore.JitIgnoreTests.test_scripting_tracing_and_compilation_remain_unsupported) ... ok
test_signature_documentation_and_internal_ownership (test_jit_ignore.JitIgnoreTests.test_signature_documentation_and_internal_ownership) ... ok
test_bare_factory_drop_and_legacy_semantics_match (test_jit_ignore_reference.JitIgnoreReferenceTests.test_bare_factory_drop_and_legacy_semantics_match) ... ok
test_call_and_invalid_target_errors_match_pytorch_2_13 (test_jit_ignore_reference.JitIgnoreReferenceTests.test_call_and_invalid_target_errors_match_pytorch_2_13) ... ok
test_exports_copy_and_pickle_match_supported_scope (test_jit_ignore_reference.JitIgnoreReferenceTests.test_exports_copy_and_pickle_match_supported_scope) ... ok
test_methods_callable_objects_and_modifier_overwrites_match (test_jit_ignore_reference.JitIgnoreReferenceTests.test_methods_callable_objects_and_modifier_overwrites_match) ... ok
test_signature_documentation_and_ownership_match (test_jit_ignore_reference.JitIgnoreReferenceTests.test_signature_documentation_and_ownership_match) ... ok
test_supported_boundary_remains_eager_only (test_jit_ignore_reference.JitIgnoreReferenceTests.test_supported_boundary_remains_eager_only) ... ok
test_eager_false_is_exact_and_preserves_grad_mode (test_jit_is_scripting.JitIsScriptingTests.test_eager_false_is_exact_and_preserves_grad_mode) ... ok
test_eager_false_is_stable_across_threads_and_grad_modes (test_jit_is_scripting.JitIsScriptingTests.test_eager_false_is_stable_across_threads_and_grad_modes) ... ok
test_exports_copy_and_pickle_use_the_canonical_internal_module (test_jit_is_scripting.JitIsScriptingTests.test_exports_copy_and_pickle_use_the_canonical_internal_module) ... ok
test_importing_the_package_does_not_import_pytorch (test_jit_is_scripting.JitIsScriptingTests.test_importing_the_package_does_not_import_pytorch) ... ok
test_rejects_arguments_with_pytorch_2_13_errors (test_jit_is_scripting.JitIsScriptingTests.test_rejects_arguments_with_pytorch_2_13_errors) ... ok
test_scripting_tracing_and_compilation_remain_unsupported (test_jit_is_scripting.JitIsScriptingTests.test_scripting_tracing_and_compilation_remain_unsupported) ... ok
test_signature_annotations_documentation_and_internal_ownership (test_jit_is_scripting.JitIsScriptingTests.test_signature_annotations_documentation_and_internal_ownership) ... ok
test_argument_errors_match_pytorch_2_13 (test_jit_is_scripting_reference.JitIsScriptingReferenceTests.test_argument_errors_match_pytorch_2_13) ... ok
test_exports_copy_and_pickle_match_the_supported_scope (test_jit_is_scripting_reference.JitIsScriptingReferenceTests.test_exports_copy_and_pickle_match_the_supported_scope) ... ok
test_reference_script_bounds_the_unsupported_true_state (test_jit_is_scripting_reference.JitIsScriptingReferenceTests.test_reference_script_bounds_the_unsupported_true_state) ... ok
test_scripting_tracing_and_compilation_remain_unsupported (test_jit_is_scripting_reference.JitIsScriptingReferenceTests.test_scripting_tracing_and_compilation_remain_unsupported) ... ok
test_signature_annotations_documentation_and_identity_match (test_jit_is_scripting_reference.JitIsScriptingReferenceTests.test_signature_annotations_documentation_and_identity_match) ... ok
test_supported_eager_threaded_and_grad_states_match_pytorch_2_13 (test_jit_is_scripting_reference.JitIsScriptingReferenceTests.test_supported_eager_threaded_and_grad_states_match_pytorch_2_13) ... ok
test_eager_false_is_exact_and_preserves_grad_mode (test_jit_is_tracing.JitIsTracingTests.test_eager_false_is_exact_and_preserves_grad_mode) ... ok
test_eager_false_is_stable_across_threads_and_grad_modes (test_jit_is_tracing.JitIsTracingTests.test_eager_false_is_stable_across_threads_and_grad_modes) ... ok
test_importing_the_package_does_not_import_pytorch (test_jit_is_tracing.JitIsTracingTests.test_importing_the_package_does_not_import_pytorch) ... ok
test_imports_exports_copy_and_pickle_use_the_canonical_trace_module (test_jit_is_tracing.JitIsTracingTests.test_imports_exports_copy_and_pickle_use_the_canonical_trace_module) ... ok
test_rejects_arguments_with_pytorch_2_13_errors (test_jit_is_tracing.JitIsTracingTests.test_rejects_arguments_with_pytorch_2_13_errors) ... ok
test_signature_documentation_and_trace_module_ownership (test_jit_is_tracing.JitIsTracingTests.test_signature_documentation_and_trace_module_ownership) ... ok
test_tracing_scripting_and_compilation_remain_unsupported (test_jit_is_tracing.JitIsTracingTests.test_tracing_scripting_and_compilation_remain_unsupported) ... ok
test_argument_errors_match_pytorch_2_13 (test_jit_is_tracing_reference.JitIsTracingReferenceTests.test_argument_errors_match_pytorch_2_13) ... ok
test_imports_exports_copy_and_pickle_match_the_supported_scope (test_jit_is_tracing_reference.JitIsTracingReferenceTests.test_imports_exports_copy_and_pickle_match_the_supported_scope) ... ok
test_reference_trace_bounds_the_unsupported_true_state (test_jit_is_tracing_reference.JitIsTracingReferenceTests.test_reference_trace_bounds_the_unsupported_true_state) ... ok
test_signature_documentation_and_trace_module_identity_match (test_jit_is_tracing_reference.JitIsTracingReferenceTests.test_signature_documentation_and_trace_module_identity_match) ... ok
test_supported_eager_threaded_and_grad_states_match_pytorch_2_13 (test_jit_is_tracing_reference.JitIsTracingReferenceTests.test_supported_eager_threaded_and_grad_states_match_pytorch_2_13) ... ok
test_tracing_scripting_and_compilation_remain_unsupported (test_jit_is_tracing_reference.JitIsTracingReferenceTests.test_tracing_scripting_and_compilation_remain_unsupported) ... ok
test_empty_containers_warn_and_retain_eager_container_semantics (test_jit_isinstance.JitIsinstanceTests.test_empty_containers_warn_and_retain_eager_container_semantics) ... ok
test_exports_copying_and_pickling_use_the_canonical_module (test_jit_isinstance.JitIsinstanceTests.test_exports_copying_and_pickling_use_the_canonical_module) ... ok
test_import_and_eager_checks_do_not_import_pytorch (test_jit_isinstance.JitIsinstanceTests.test_import_and_eager_checks_do_not_import_pytorch) ... ok
test_invalid_call_shapes_use_python_function_errors (test_jit_isinstance.JitIsinstanceTests.test_invalid_call_shapes_use_python_function_errors) ... ok
test_optional_and_union_types (test_jit_isinstance.JitIsinstanceTests.test_optional_and_union_types) ... ok
test_parameterized_lists_dicts_and_fixed_tuples (test_jit_isinstance.JitIsinstanceTests.test_parameterized_lists_dicts_and_fixed_tuples) ... ok
test_plain_types_and_tuples_of_types (test_jit_isinstance.JitIsinstanceTests.test_plain_types_and_tuples_of_types) ... ok
test_raw_and_invalid_target_errors_match_pytorch_2_13 (test_jit_isinstance.JitIsinstanceTests.test_raw_and_invalid_target_errors_match_pytorch_2_13) ... ok
test_scripting_tracing_and_compilation_remain_unsupported (test_jit_isinstance.JitIsinstanceTests.test_scripting_tracing_and_compilation_remain_unsupported) ... ok
test_signature_documentation_and_ownership (test_jit_isinstance.JitIsinstanceTests.test_signature_documentation_and_ownership) ... ok
test_compilation_surface_remains_unsupported (test_jit_isinstance_reference.JitIsinstanceReferenceTests.test_compilation_surface_remains_unsupported) ... ok
test_empty_container_warnings_match_pytorch_2_13 (test_jit_isinstance_reference.JitIsinstanceReferenceTests.test_empty_container_warnings_match_pytorch_2_13) ... ok
test_exports_copying_and_pickling_match_supported_scope (test_jit_isinstance_reference.JitIsinstanceReferenceTests.test_exports_copying_and_pickling_match_supported_scope) ... ok
test_optional_and_union_semantics_match_pytorch_2_13 (test_jit_isinstance_reference.JitIsinstanceReferenceTests.test_optional_and_union_semantics_match_pytorch_2_13) ... ok
test_parameterized_container_semantics_match_pytorch_2_13 (test_jit_isinstance_reference.JitIsinstanceReferenceTests.test_parameterized_container_semantics_match_pytorch_2_13) ... ok
test_plain_and_tuple_type_semantics_match_pytorch_2_13 (test_jit_isinstance_reference.JitIsinstanceReferenceTests.test_plain_and_tuple_type_semantics_match_pytorch_2_13) ... ok
test_raw_invalid_and_call_shape_errors_match_pytorch_2_13 (test_jit_isinstance_reference.JitIsinstanceReferenceTests.test_raw_invalid_and_call_shape_errors_match_pytorch_2_13) ... ok
test_signature_documentation_and_ownership_match_pytorch_2_13 (test_jit_isinstance_reference.JitIsinstanceReferenceTests.test_signature_documentation_and_ownership_match_pytorch_2_13) ... ok
test_eager_false_is_exact_and_preserves_grad_mode (test_jit_onednn_fusion_enabled.JitOnednnFusionEnabledTests.test_eager_false_is_exact_and_preserves_grad_mode) ... ok
test_eager_false_is_stable_across_threads_and_grad_modes (test_jit_onednn_fusion_enabled.JitOnednnFusionEnabledTests.test_eager_false_is_stable_across_threads_and_grad_modes) ... ok
test_importing_the_package_does_not_import_pytorch (test_jit_onednn_fusion_enabled.JitOnednnFusionEnabledTests.test_importing_the_package_does_not_import_pytorch) ... ok
test_imports_exports_copy_and_pickle_use_the_canonical_jit_module (test_jit_onednn_fusion_enabled.JitOnednnFusionEnabledTests.test_imports_exports_copy_and_pickle_use_the_canonical_jit_module) ... ok
test_rejects_arguments_with_pytorch_2_13_errors (test_jit_onednn_fusion_enabled.JitOnednnFusionEnabledTests.test_rejects_arguments_with_pytorch_2_13_errors) ... ok
test_setter_torchscript_and_fusion_execution_remain_unsupported (test_jit_onednn_fusion_enabled.JitOnednnFusionEnabledTests.test_setter_torchscript_and_fusion_execution_remain_unsupported) ... ok
test_signature_documentation_and_module_identity (test_jit_onednn_fusion_enabled.JitOnednnFusionEnabledTests.test_signature_documentation_and_module_identity) ... ok
test_argument_errors_match_pytorch_2_13 (test_jit_onednn_fusion_enabled_reference.JitOnednnFusionEnabledReferenceTests.test_argument_errors_match_pytorch_2_13) ... ok
test_imports_exports_copy_and_pickle_match_the_supported_scope (test_jit_onednn_fusion_enabled_reference.JitOnednnFusionEnabledReferenceTests.test_imports_exports_copy_and_pickle_match_the_supported_scope) ... ok
test_reference_only_setter_bounds_the_unsupported_true_state (test_jit_onednn_fusion_enabled_reference.JitOnednnFusionEnabledReferenceTests.test_reference_only_setter_bounds_the_unsupported_true_state) ... ok
test_setter_torchscript_and_fusion_execution_remain_unsupported (test_jit_onednn_fusion_enabled_reference.JitOnednnFusionEnabledReferenceTests.test_setter_torchscript_and_fusion_execution_remain_unsupported) ... ok
test_signature_documentation_and_identity_match (test_jit_onednn_fusion_enabled_reference.JitOnednnFusionEnabledReferenceTests.test_signature_documentation_and_identity_match) ... ok
test_supported_eager_threaded_and_grad_states_match_pytorch_2_13 (test_jit_onednn_fusion_enabled_reference.JitOnednnFusionEnabledReferenceTests.test_supported_eager_threaded_and_grad_states_match_pytorch_2_13) ... ok
test_call_errors_match_pytorch_2_13_shape (test_jit_optimized_execution.JitOptimizedExecutionTests.test_call_errors_match_pytorch_2_13_shape) ... ok
test_context_preserves_thread_local_grad_state (test_jit_optimized_execution.JitOptimizedExecutionTests.test_context_preserves_thread_local_grad_state) ... ok
test_decorator_preserves_function_metadata_and_validates_on_call (test_jit_optimized_execution.JitOptimizedExecutionTests.test_decorator_preserves_function_metadata_and_validates_on_call) ... ok
test_importing_the_package_does_not_import_pytorch (test_jit_optimized_execution.JitOptimizedExecutionTests.test_importing_the_package_does_not_import_pytorch) ... ok
test_imports_wildcards_reload_copy_and_pickle (test_jit_optimized_execution.JitOptimizedExecutionTests.test_imports_wildcards_reload_copy_and_pickle) ... ok
test_invalid_values_are_rejected_on_context_entry (test_jit_optimized_execution.JitOptimizedExecutionTests.test_invalid_values_are_rejected_on_context_entry) ... ok
test_nested_contexts_exceptional_exits_and_grad_state (test_jit_optimized_execution.JitOptimizedExecutionTests.test_nested_contexts_exceptional_exits_and_grad_state) ... ok
test_signature_documentation_and_module_ownership (test_jit_optimized_execution.JitOptimizedExecutionTests.test_signature_documentation_and_module_ownership) ... ok
test_supported_scope_is_documented (test_jit_optimized_execution.JitOptimizedExecutionTests.test_supported_scope_is_documented) ... ok
test_torchscript_graph_executor_parallelism_and_compile_remain_unsupported (test_jit_optimized_execution.JitOptimizedExecutionTests.test_torchscript_graph_executor_parallelism_and_compile_remain_unsupported) ... ok
test_truthy_falsey_contexts_are_eager_no_ops (test_jit_optimized_execution.JitOptimizedExecutionTests.test_truthy_falsey_contexts_are_eager_no_ops) ... ok
test_call_errors_and_unsupported_execution_surface_match_scope (test_jit_optimized_execution_reference.JitOptimizedExecutionReferenceTests.test_call_errors_and_unsupported_execution_surface_match_scope) ... ok
test_context_decorator_validation_and_grad_state_match (test_jit_optimized_execution_reference.JitOptimizedExecutionReferenceTests.test_context_decorator_validation_and_grad_state_match) ... ok
test_signature_metadata_imports_copy_pickle_and_reload_match (test_jit_optimized_execution_reference.JitOptimizedExecutionReferenceTests.test_signature_metadata_imports_copy_pickle_and_reload_match) ... ok
test_eager_calls_forward_arguments_results_and_exceptions (test_jit_script_if_tracing.JitScriptIfTracingTests.test_eager_calls_forward_arguments_results_and_exceptions) ... ok
test_exports_copy_and_pickle_use_canonical_modules (test_jit_script_if_tracing.JitScriptIfTracingTests.test_exports_copy_and_pickle_use_canonical_modules) ... ok
test_importing_the_package_does_not_import_pytorch (test_jit_script_if_tracing.JitScriptIfTracingTests.test_importing_the_package_does_not_import_pytorch) ... ok
test_invalid_calls_and_targets_match_pytorch_2_13_errors (test_jit_script_if_tracing.JitScriptIfTracingTests.test_invalid_calls_and_targets_match_pytorch_2_13_errors) ... ok
test_methods_and_callable_objects_preserve_python_binding (test_jit_script_if_tracing.JitScriptIfTracingTests.test_methods_and_callable_objects_preserve_python_binding) ... ok
test_scripting_tracing_and_compilation_remain_unsupported (test_jit_script_if_tracing.JitScriptIfTracingTests.test_scripting_tracing_and_compilation_remain_unsupported) ... ok
test_signature_documentation_and_module_ownership (test_jit_script_if_tracing.JitScriptIfTracingTests.test_signature_documentation_and_module_ownership) ... ok
test_wrapper_preserves_metadata_and_sets_pytorch_markers (test_jit_script_if_tracing.JitScriptIfTracingTests.test_wrapper_preserves_metadata_and_sets_pytorch_markers) ... ok
test_call_and_invalid_target_errors_match_pytorch_2_13 (test_jit_script_if_tracing_reference.JitScriptIfTracingReferenceTests.test_call_and_invalid_target_errors_match_pytorch_2_13) ... ok
test_eager_forwarding_metadata_and_binding_match_pytorch_2_13 (test_jit_script_if_tracing_reference.JitScriptIfTracingReferenceTests.test_eager_forwarding_metadata_and_binding_match_pytorch_2_13) ... ok
test_exports_copy_and_pickle_match_the_supported_scope (test_jit_script_if_tracing_reference.JitScriptIfTracingReferenceTests.test_exports_copy_and_pickle_match_the_supported_scope) ... ok
test_reference_only_tracing_bounds_the_unsupported_compiled_path (test_jit_script_if_tracing_reference.JitScriptIfTracingReferenceTests.test_reference_only_tracing_bounds_the_unsupported_compiled_path) ... ok
test_script_and_trace_remain_outside_the_supported_boundary (test_jit_script_if_tracing_reference.JitScriptIfTracingReferenceTests.test_script_and_trace_remain_outside_the_supported_boundary) ... ok
test_signature_documentation_and_ownership_match (test_jit_script_if_tracing_reference.JitScriptIfTracingReferenceTests.test_signature_documentation_and_ownership_match) ... ok
test_construction_emits_the_eager_warning_at_the_call_site (test_jit_strict_fusion.JitStrictFusionTests.test_construction_emits_the_eager_warning_at_the_call_site) ... ok
test_context_is_a_nestable_reusable_no_op_and_propagates_exceptions (test_jit_strict_fusion.JitStrictFusionTests.test_context_is_a_nestable_reusable_no_op_and_propagates_exceptions) ... ok
test_context_preserves_thread_local_grad_state (test_jit_strict_fusion.JitStrictFusionTests.test_context_preserves_thread_local_grad_state) ... ok
test_exports_copying_and_pickling_use_the_canonical_class (test_jit_strict_fusion.JitStrictFusionTests.test_exports_copying_and_pickling_use_the_canonical_class) ... ok
test_importing_the_package_does_not_import_pytorch (test_jit_strict_fusion.JitStrictFusionTests.test_importing_the_package_does_not_import_pytorch) ... ok
test_internal_scripting_predicate_controls_only_the_eager_warning (test_jit_strict_fusion.JitStrictFusionTests.test_internal_scripting_predicate_controls_only_the_eager_warning) ... ok
test_invalid_constructor_calls_match_pytorch_2_13_errors (test_jit_strict_fusion.JitStrictFusionTests.test_invalid_constructor_calls_match_pytorch_2_13_errors) ... ok
test_scripting_tracing_and_fusion_execution_remain_unsupported (test_jit_strict_fusion.JitStrictFusionTests.test_scripting_tracing_and_fusion_execution_remain_unsupported) ... ok
test_signature_documentation_and_module_ownership (test_jit_strict_fusion.JitStrictFusionTests.test_signature_documentation_and_module_ownership) ... ok
test_call_errors_match_pytorch_2_13 (test_jit_strict_fusion_reference.JitStrictFusionReferenceTests.test_call_errors_match_pytorch_2_13) ... ok
test_exports_copying_and_pickling_match_the_supported_scope (test_jit_strict_fusion_reference.JitStrictFusionReferenceTests.test_exports_copying_and_pickling_match_the_supported_scope) ... ok
test_scripting_tracing_and_fusion_execution_stay_outside_scope (test_jit_strict_fusion_reference.JitStrictFusionReferenceTests.test_scripting_tracing_and_fusion_execution_stay_outside_scope) ... ok
test_signature_documentation_and_module_ownership_match (test_jit_strict_fusion_reference.JitStrictFusionReferenceTests.test_signature_documentation_and_module_ownership_match) ... ok
test_warning_context_nesting_exceptions_and_grad_state_match (test_jit_strict_fusion_reference.JitStrictFusionReferenceTests.test_warning_context_nesting_exceptions_and_grad_state_match) ... ok
test_exports_copy_and_pickle_use_the_canonical_internal_module (test_jit_unused.JitUnusedTests.test_exports_copy_and_pickle_use_the_canonical_internal_module) ... ok
test_function_is_marked_in_place_without_changing_eager_behavior (test_jit_unused.JitUnusedTests.test_function_is_marked_in_place_without_changing_eager_behavior) ... ok
test_importing_the_package_does_not_import_pytorch (test_jit_unused.JitUnusedTests.test_importing_the_package_does_not_import_pytorch) ... ok
test_property_marks_getter_and_setter_and_returns_exact_property (test_jit_unused.JitUnusedTests.test_property_marks_getter_and_setter_and_returns_exact_property) ... ok
test_rejects_invalid_calls_with_pytorch_2_13_errors (test_jit_unused.JitUnusedTests.test_rejects_invalid_calls_with_pytorch_2_13_errors) ... ok
test_scripting_tracing_and_compilation_remain_unsupported (test_jit_unused.JitUnusedTests.test_scripting_tracing_and_compilation_remain_unsupported) ... ok
test_signature_annotations_documentation_and_internal_ownership (test_jit_unused.JitUnusedTests.test_signature_annotations_documentation_and_internal_ownership) ... ok
test_call_and_invalid_target_errors_match_pytorch_2_13 (test_jit_unused_reference.JitUnusedReferenceTests.test_call_and_invalid_target_errors_match_pytorch_2_13) ... ok
test_exports_copy_and_pickle_match_the_supported_scope (test_jit_unused_reference.JitUnusedReferenceTests.test_exports_copy_and_pickle_match_the_supported_scope) ... ok
test_function_and_property_eager_semantics_match_pytorch_2_13 (test_jit_unused_reference.JitUnusedReferenceTests.test_function_and_property_eager_semantics_match_pytorch_2_13) ... ok
test_signature_annotations_documentation_and_ownership_match (test_jit_unused_reference.JitUnusedReferenceTests.test_signature_annotations_documentation_and_ownership_match) ... ok
test_supported_boundary_remains_eager_jit_helpers_only (test_jit_unused_reference.JitUnusedReferenceTests.test_supported_boundary_remains_eager_jit_helpers_only) ... ok
test_copy_and_pickle_restore_the_canonical_singleton (test_layout.TensorLayoutTests.test_copy_and_pickle_restore_the_canonical_singleton) ... ok
test_layout_type_rejects_class_assignment_and_deletion (test_layout.TensorLayoutTests.test_layout_type_rejects_class_assignment_and_deletion) ... ok
test_layout_uses_identity_equality_and_hashing (test_layout.TensorLayoutTests.test_layout_uses_identity_equality_and_hashing) ... ok
test_scalar_empty_views_and_autograd_return_one_singleton (test_layout.TensorLayoutTests.test_scalar_empty_views_and_autograd_return_one_singleton) ... ok
test_strided_is_the_canonical_layout_singleton (test_layout.TensorLayoutTests.test_strided_is_the_canonical_layout_singleton) ... ok
test_tensorbase_layout_descriptor_is_read_only (test_layout.TensorLayoutTests.test_tensorbase_layout_descriptor_is_read_only) ... ok
test_torch_function_modes_receive_descriptor_get_and_forward (test_layout.TensorLayoutTests.test_torch_function_modes_receive_descriptor_get_and_forward) ... ok
test_copy_and_pickle_identity_match_pytorch_2_13 (test_layout_reference.TensorLayoutReferenceTests.test_copy_and_pickle_identity_match_pytorch_2_13) ... ok
test_descriptor_ownership_and_assignment_errors_match_pytorch_2_13 (test_layout_reference.TensorLayoutReferenceTests.test_descriptor_ownership_and_assignment_errors_match_pytorch_2_13) ... ok
test_layout_type_immutability_matches_pytorch_2_13 (test_layout_reference.TensorLayoutReferenceTests.test_layout_type_immutability_matches_pytorch_2_13) ... ok
test_scalar_empty_views_and_autograd_match_without_side_effects (test_layout_reference.TensorLayoutReferenceTests.test_scalar_empty_views_and_autograd_match_without_side_effects) ... ok
test_torch_function_mode_dispatch_matches_pytorch_2_13 (test_layout_reference.TensorLayoutReferenceTests.test_torch_function_mode_dispatch_matches_pytorch_2_13) ... ok
test_type_representation_equality_and_hash_match_pytorch_2_13 (test_layout_reference.TensorLayoutReferenceTests.test_type_representation_equality_and_hash_match_pytorch_2_13) ... ok
test_active_autograd_uses_saved_input_vjp_and_top_level_forms (test_log.TensorLogTests.test_active_autograd_uses_saved_input_vjp_and_top_level_forms) ... ok
test_autograd_special_values_use_grad_div_input_bits (test_log.TensorLogTests.test_autograd_special_values_use_grad_div_input_bits) ... ok
test_binding_type_and_unsupported_extension_errors (test_log.TensorLogTests.test_binding_type_and_unsupported_extension_errors) ... ok
test_no_grad_detach_accumulation_freed_graph_and_higher_order_boundaries (test_log.TensorLogTests.test_no_grad_detach_accumulation_freed_graph_and_higher_order_boundaries) ... ok
test_tensorbase_descriptor_metadata_errors_copy_pickle_and_mode_dispatch (test_log.TensorLogTests.test_tensorbase_descriptor_metadata_errors_copy_pickle_and_mode_dispatch) ... ok
test_top_level_calls_reuse_tensor_log_path (test_log.TensorLogTests.test_top_level_calls_reuse_tensor_log_path) ... ok
test_top_level_modes_and_overrides_dispatch_before_native_boundaries (test_log.TensorLogTests.test_top_level_modes_and_overrides_dispatch_before_native_boundaries) ... ok
test_top_level_out_binding_import_wildcard_reload_copy_and_pickle (test_log.TensorLogTests.test_top_level_out_binding_import_wildcard_reload_copy_and_pickle) ... ok
test_values_layouts_offsets_empty_tensors_and_fresh_storage (test_log.TensorLogTests.test_values_layouts_offsets_empty_tensors_and_fresh_storage) ... ok
test_autograd_accumulation_graph_freeing_no_grad_and_detach_match_pytorch_2_13 (test_log_reference.TensorLogReferenceTests.test_autograd_accumulation_graph_freeing_no_grad_and_detach_match_pytorch_2_13) ... ok
test_autograd_scalar_empty_offset_and_noncontiguous_match_pytorch_2_13 (test_log_reference.TensorLogReferenceTests.test_autograd_scalar_empty_offset_and_noncontiguous_match_pytorch_2_13) ... ok
test_autograd_special_values_match_pytorch_2_13_bitwise (test_log_reference.TensorLogReferenceTests.test_autograd_special_values_match_pytorch_2_13_bitwise) ... ok
test_log_backward_name_matches_pytorch_2_13 (test_log_reference.TensorLogReferenceTests.test_log_backward_name_matches_pytorch_2_13) ... ok
test_tensor_method_callable_contract_matches_pytorch_2_13 (test_log_reference.TensorLogReferenceTests.test_tensor_method_callable_contract_matches_pytorch_2_13) ... ok
test_top_level_autograd_forms_match_pytorch_2_13 (test_log_reference.TensorLogReferenceTests.test_top_level_autograd_forms_match_pytorch_2_13) ... ok
test_top_level_binding_and_type_errors_match_pytorch_2_13 (test_log_reference.TensorLogReferenceTests.test_top_level_binding_and_type_errors_match_pytorch_2_13) ... ok
test_top_level_callable_contract_matches_pytorch_2_13_except_docs (test_log_reference.TensorLogReferenceTests.test_top_level_callable_contract_matches_pytorch_2_13_except_docs) ... ok
test_top_level_forms_and_unary_layouts_match_pytorch_2_13 (test_log_reference.TensorLogReferenceTests.test_top_level_forms_and_unary_layouts_match_pytorch_2_13) ... ok
test_top_level_mode_and_override_dispatch_match_pytorch_2_13 (test_log_reference.TensorLogReferenceTests.test_top_level_mode_and_override_dispatch_match_pytorch_2_13) ... ok
test_unsupported_out_dtype_device_subclass_and_higher_order_boundaries (test_log_reference.TensorLogReferenceTests.test_unsupported_out_dtype_device_subclass_and_higher_order_boundaries) ... ok
test_values_layouts_fresh_storage_and_no_grad_match_pytorch_2_13 (test_log_reference.TensorLogReferenceTests.test_values_layouts_fresh_storage_and_no_grad_match_pytorch_2_13) ... ok
test_descriptor_metadata_unbound_call_and_binding_errors (test_matmul.TensorMatmulTests.test_descriptor_metadata_unbound_call_and_binding_errors) ... ok
test_existing_operator_autograd_behavior_is_preserved (test_matmul.TensorMatmulTests.test_existing_operator_autograd_behavior_is_preserved) ... ok
test_other_torch_function_override_dispatches_after_declining_mode (test_matmul.TensorMatmulTests.test_other_torch_function_override_dispatches_after_declining_mode) ... ok
test_positional_and_keyword_calls_delegate_to_matrix_operator (test_matmul.TensorMatmulTests.test_positional_and_keyword_calls_delegate_to_matrix_operator) ... ok
test_rank_two_shape_errors_reuse_operator_and_other_ranks_stay_unsupported (test_matmul.TensorMatmulTests.test_rank_two_shape_errors_reuse_operator_and_other_ranks_stay_unsupported) ... ok
test_torch_function_modes_receive_original_calls_and_can_forward (test_matmul.TensorMatmulTests.test_torch_function_modes_receive_original_calls_and_can_forward) ... ok
test_binding_type_metadata_documentation_and_exports (test_matmul.TopLevelMatmulTests.test_binding_type_metadata_documentation_and_exports) ... ok
test_operand_override_order_types_and_declining_errors (test_matmul.TopLevelMatmulTests.test_operand_override_order_types_and_declining_errors) ... ok
test_positional_canonical_and_alias_calls_reuse_tensor_matmul (test_matmul.TopLevelMatmulTests.test_positional_canonical_and_alias_calls_reuse_tensor_matmul) ... ok
test_shape_rank_autograd_and_out_limits_remain_narrow (test_matmul.TopLevelMatmulTests.test_shape_rank_autograd_and_out_limits_remain_narrow) ... ok
test_torch_function_modes_receive_original_calls_and_can_forward (test_matmul.TopLevelMatmulTests.test_torch_function_modes_receive_original_calls_and_can_forward) ... ok
test_descriptor_metadata_and_binding_errors_match_pytorch_2_13 (test_matmul_reference.TensorMatmulReferenceTests.test_descriptor_metadata_and_binding_errors_match_pytorch_2_13) ... ok
test_rank_two_positional_keyword_results_and_layouts_match_pytorch_2_13 (test_matmul_reference.TensorMatmulReferenceTests.test_rank_two_positional_keyword_results_and_layouts_match_pytorch_2_13) ... ok
test_rank_two_shape_errors_match_pytorch_2_13 (test_matmul_reference.TensorMatmulReferenceTests.test_rank_two_shape_errors_match_pytorch_2_13) ... ok
test_top_level_binding_and_type_errors_match_pytorch_2_13 (test_matmul_reference.TensorMatmulReferenceTests.test_top_level_binding_and_type_errors_match_pytorch_2_13) ... ok
test_top_level_callable_metadata_documentation_and_exports_match_pytorch_2_13 (test_matmul_reference.TensorMatmulReferenceTests.test_top_level_callable_metadata_documentation_and_exports_match_pytorch_2_13) ... ok
test_top_level_rank_two_results_layouts_and_shape_errors_match_pytorch_2_13 (test_matmul_reference.TensorMatmulReferenceTests.test_top_level_rank_two_results_layouts_and_shape_errors_match_pytorch_2_13) ... ok
test_top_level_torch_function_dispatch_matches_pytorch_2_13 (test_matmul_reference.TensorMatmulReferenceTests.test_top_level_torch_function_dispatch_matches_pytorch_2_13) ... ok
test_torch_function_mode_and_operand_dispatch_match_pytorch_2_13 (test_matmul_reference.TensorMatmulReferenceTests.test_torch_function_mode_and_operand_dispatch_match_pytorch_2_13) ... ok
test_public_reductions_and_every_pickle_protocol_restore_singletons (test_memory_format_pickle.MemoryFormatPickleTests.test_public_reductions_and_every_pickle_protocol_restore_singletons) ... ok
test_shallow_and_deep_copy_preserve_identity_and_metadata (test_memory_format_pickle.MemoryFormatPickleTests.test_shallow_and_deep_copy_preserve_identity_and_metadata) ... ok
test_pickle_copy_and_metadata_match_pytorch_2_13 (test_memory_format_pickle_reference.MemoryFormatPickleReferenceTests.test_pickle_copy_and_metadata_match_pytorch_2_13) ... ok
test_tensor_layout_behavior_remains_unchanged (test_memory_format_pickle_reference.MemoryFormatPickleReferenceTests.test_tensor_layout_behavior_remains_unchanged) ... ok
test_binding_metadata_import_reload_copy_and_pickle (test_mm.TopLevelMmTests.test_binding_metadata_import_reload_copy_and_pickle) ... ok
test_modes_and_overrides_receive_distinct_callable_and_can_forward (test_mm.TopLevelMmTests.test_modes_and_overrides_receive_distinct_callable_and_can_forward) ... ok
test_preserves_current_autograd_boundary (test_mm.TopLevelMmTests.test_preserves_current_autograd_boundary) ... ok
test_supported_rank_two_calls_reuse_existing_matmul (test_mm.TopLevelMmTests.test_supported_rank_two_calls_reuse_existing_matmul) ... ok
test_unsupported_surface_is_narrow_and_documented (test_mm.TopLevelMmTests.test_unsupported_surface_is_narrow_and_documented) ... ok
test_callable_metadata_import_wildcard_copy_and_pickle_match_pytorch_2_13 (test_mm_reference.TopLevelMmReferenceTests.test_callable_metadata_import_wildcard_copy_and_pickle_match_pytorch_2_13) ... ok
test_modes_and_overrides_match_pytorch_2_13 (test_mm_reference.TopLevelMmReferenceTests.test_modes_and_overrides_match_pytorch_2_13) ... ok
test_rank_two_results_layouts_and_edge_values_match_pytorch_2_13 (test_mm_reference.TopLevelMmReferenceTests.test_rank_two_results_layouts_and_edge_values_match_pytorch_2_13) ... ok
test_shape_rank_and_supported_binding_errors_match_pytorch_2_13 (test_mm_reference.TopLevelMmReferenceTests.test_shape_rank_and_supported_binding_errors_match_pytorch_2_13) ... ok
test_autograd_empty_backward_and_no_grad_reuse_movedim_policy (test_moveaxis.MoveaxisTests.test_autograd_empty_backward_and_no_grad_reuse_movedim_policy) ... ok
test_builtin_documentation_ownership_exports_and_pickling (test_moveaxis.MoveaxisTests.test_builtin_documentation_ownership_exports_and_pickling) ... ok
test_integer_binding_errors (test_moveaxis.MoveaxisTests.test_integer_binding_errors) ... ok
test_integer_forms_reuse_movedim_views_and_normalize_negative_axes (test_moveaxis.MoveaxisTests.test_integer_forms_reuse_movedim_views_and_normalize_negative_axes) ... ok
test_sequence_axes_reuse_movedim_views_and_errors (test_moveaxis.MoveaxisTests.test_sequence_axes_reuse_movedim_views_and_errors) ... ok
test_torch_function_modes_and_overrides_receive_moveaxis (test_moveaxis.MoveaxisTests.test_torch_function_modes_and_overrides_receive_moveaxis) ... ok
test_autograd_empty_backward_and_no_grad_reuse_movedim_policy (test_moveaxis.TensorMoveaxisTests.test_autograd_empty_backward_and_no_grad_reuse_movedim_policy) ... ok
test_descriptor_metadata_and_top_level_api_remain_distinct (test_moveaxis.TensorMoveaxisTests.test_descriptor_metadata_and_top_level_api_remain_distinct) ... ok
test_integer_binding_errors (test_moveaxis.TensorMoveaxisTests.test_integer_binding_errors) ... ok
test_integer_forms_reuse_movedim_views_and_normalize_negative_axes (test_moveaxis.TensorMoveaxisTests.test_integer_forms_reuse_movedim_views_and_normalize_negative_axes) ... ok
test_sequence_axes_reuse_movedim_views_and_errors (test_moveaxis.TensorMoveaxisTests.test_sequence_axes_reuse_movedim_views_and_errors) ... ok
test_torch_function_modes_receive_the_moveaxis_descriptor (test_moveaxis.TensorMoveaxisTests.test_torch_function_modes_receive_the_moveaxis_descriptor) ... ok
test_autograd_empty_backward_and_no_grad_match_pytorch_2_13 (test_moveaxis_reference.MoveaxisReferenceTests.test_autograd_empty_backward_and_no_grad_match_pytorch_2_13) ... ok
test_callable_contract_matches_pytorch_2_13 (test_moveaxis_reference.MoveaxisReferenceTests.test_callable_contract_matches_pytorch_2_13) ... ok
test_integer_binding_and_errors_match_pytorch_2_13 (test_moveaxis_reference.MoveaxisReferenceTests.test_integer_binding_and_errors_match_pytorch_2_13) ... ok
test_integer_views_aliasing_and_negative_axes_match_pytorch_2_13 (test_moveaxis_reference.MoveaxisReferenceTests.test_integer_views_aliasing_and_negative_axes_match_pytorch_2_13) ... ok
test_sequence_axes_match_pytorch_2_13 (test_moveaxis_reference.MoveaxisReferenceTests.test_sequence_axes_match_pytorch_2_13) ... ok
test_tensor_like_override_dispatch_matches_pytorch_2_13 (test_moveaxis_reference.MoveaxisReferenceTests.test_tensor_like_override_dispatch_matches_pytorch_2_13) ... ok
test_torch_function_mode_dispatch_matches_pytorch_2_13 (test_moveaxis_reference.MoveaxisReferenceTests.test_torch_function_mode_dispatch_matches_pytorch_2_13) ... ok
test_autograd_empty_backward_and_no_grad_match_pytorch_2_13 (test_moveaxis_reference.TensorMoveaxisReferenceTests.test_autograd_empty_backward_and_no_grad_match_pytorch_2_13) ... ok
test_descriptor_and_top_level_contract_match_pytorch_2_13 (test_moveaxis_reference.TensorMoveaxisReferenceTests.test_descriptor_and_top_level_contract_match_pytorch_2_13) ... ok
test_integer_binding_conversion_and_errors_match_pytorch_2_13 (test_moveaxis_reference.TensorMoveaxisReferenceTests.test_integer_binding_conversion_and_errors_match_pytorch_2_13) ... ok
test_integer_views_aliasing_and_negative_axes_match_pytorch_2_13 (test_moveaxis_reference.TensorMoveaxisReferenceTests.test_integer_views_aliasing_and_negative_axes_match_pytorch_2_13) ... ok
test_stateful_integer_conversion_order_matches_pytorch_2_13 (test_moveaxis_reference.TensorMoveaxisReferenceTests.test_stateful_integer_conversion_order_matches_pytorch_2_13) ... ok
test_torch_function_mode_dispatch_matches_pytorch_2_13 (test_moveaxis_reference.TensorMoveaxisReferenceTests.test_torch_function_mode_dispatch_matches_pytorch_2_13) ... ok
test_autograd_empty_backward_and_no_grad_match_view_policy (test_movedim.TensorMovedimTests.test_autograd_empty_backward_and_no_grad_match_view_policy) ... ok
test_binding_errors_match_the_integer_overload_shape (test_movedim.TensorMovedimTests.test_binding_errors_match_the_integer_overload_shape) ... ok
test_extreme_empty_metadata_uses_permutation_overflow_checks (test_movedim.TensorMovedimTests.test_extreme_empty_metadata_uses_permutation_overflow_checks) ... ok
test_integer_axes_move_through_shared_storage_permutations (test_movedim.TensorMovedimTests.test_integer_axes_move_through_shared_storage_permutations) ... ok
test_integer_binding_overflow_and_dimension_errors (test_movedim.TensorMovedimTests.test_integer_binding_overflow_and_dimension_errors) ... ok
test_keyword_subclasses_cannot_panic_or_misbind (test_movedim.TensorMovedimTests.test_keyword_subclasses_cannot_panic_or_misbind) ... Exception ignored in PyDict_GetItemString(); consider using PyDict_GetItemStringRef():
Traceback (most recent call last):
  File "/data/users/bobren/a/pytorch-rs-burner/.burner/worktrees/composite_17c2e82f/target/python314-checkout/tests/test_movedim.py", line 406, in __eq__
    raise RuntimeError("keyword equality failure")
RuntimeError: keyword equality failure
ok
test_large_keyword_error_returns_bad_alloc_instead_of_aborting (test_movedim.TensorMovedimTests.test_large_keyword_error_returns_bad_alloc_instead_of_aborting) ... ok
test_mode_dispatch_follows_binding_and_precedes_conversion (test_movedim.TensorMovedimTests.test_mode_dispatch_follows_binding_and_precedes_conversion) ... ok
test_python_and_numpy_integer_scalars_and_conversion_order (test_movedim.TensorMovedimTests.test_python_and_numpy_integer_scalars_and_conversion_order) ... ok
test_scalar_empty_offset_and_strided_views_preserve_metadata (test_movedim.TensorMovedimTests.test_scalar_empty_offset_and_strided_views_preserve_metadata) ... ok
test_sequence_dimension_errors_match_pytorch_shape (test_movedim.TensorMovedimTests.test_sequence_dimension_errors_match_pytorch_shape) ... ok
test_sequence_dimensions_share_the_integer_view_engine (test_movedim.TensorMovedimTests.test_sequence_dimensions_share_the_integer_view_engine) ... ok
test_sequence_mode_dispatch_follows_binding_and_precedes_conversion (test_movedim.TensorMovedimTests.test_sequence_mode_dispatch_follows_binding_and_precedes_conversion) ... ok
test_spoofed_numpy_integer_class_is_rejected_without_indexing (test_movedim.TensorMovedimTests.test_spoofed_numpy_integer_class_is_rejected_without_indexing) ... ok
test_tensorbase_descriptor_metadata_and_unbound_behavior (test_movedim.TensorMovedimTests.test_tensorbase_descriptor_metadata_and_unbound_behavior) ... ok
test_torch_function_modes_receive_original_calls_and_forward (test_movedim.TensorMovedimTests.test_torch_function_modes_receive_original_calls_and_forward) ... ok
test_autograd_empty_backward_and_no_grad_match_the_method (test_movedim.TopLevelMovedimTests.test_autograd_empty_backward_and_no_grad_match_the_method) ... ok
test_callable_metadata_documentation_ownership_and_exports (test_movedim.TopLevelMovedimTests.test_callable_metadata_documentation_ownership_and_exports) ... ok
test_input_aliases_and_integer_conversion_order_match_the_legacy_binding (test_movedim.TopLevelMovedimTests.test_input_aliases_and_integer_conversion_order_match_the_legacy_binding) ... ok
test_integer_binding_and_dimension_errors_match_pytorch_shape (test_movedim.TopLevelMovedimTests.test_integer_binding_and_dimension_errors_match_pytorch_shape) ... ok
test_integer_forms_reuse_the_method_view_engine (test_movedim.TopLevelMovedimTests.test_integer_forms_reuse_the_method_view_engine) ... ok
test_tensor_like_override_dispatch_uses_the_public_function (test_movedim.TopLevelMovedimTests.test_tensor_like_override_dispatch_uses_the_public_function) ... ok
test_torch_function_modes_receive_original_calls_and_forward (test_movedim.TopLevelMovedimTests.test_torch_function_modes_receive_original_calls_and_forward) ... ok
test_descriptor_metadata_matches_pytorch_2_13 (test_movedim_reference.TensorMovedimReferenceTests.test_descriptor_metadata_matches_pytorch_2_13) ... ok
test_integer_binding_conversion_and_errors_match_pytorch_2_13 (test_movedim_reference.TensorMovedimReferenceTests.test_integer_binding_conversion_and_errors_match_pytorch_2_13) ... ok
test_keyword_subclass_binding_matches_pytorch_2_13 (test_movedim_reference.TensorMovedimReferenceTests.test_keyword_subclass_binding_matches_pytorch_2_13) ... Exception ignored in PyDict_GetItemString(); consider using PyDict_GetItemStringRef():
Traceback (most recent call last):
  File "/data/users/bobren/a/pytorch-rs-burner/.burner/worktrees/composite_17c2e82f/target/python314-checkout/tests/test_movedim_reference.py", line 512, in __eq__
    raise RuntimeError("keyword equality failure")
RuntimeError: keyword equality failure
Exception ignored in PyDict_GetItem(); consider using PyDict_GetItemRef() or PyDict_GetItemWithError():
Traceback (most recent call last):
  File "/data/users/bobren/a/pytorch-rs-burner/.burner/worktrees/composite_17c2e82f/target/python314-checkout/tests/test_movedim_reference.py", line 512, in __eq__
    raise RuntimeError("keyword equality failure")
RuntimeError: keyword equality failure
Exception ignored in PyDict_GetItem(); consider using PyDict_GetItemRef() or PyDict_GetItemWithError():
Traceback (most recent call last):
  File "/data/users/bobren/a/pytorch-rs-burner/.burner/worktrees/composite_17c2e82f/target/python314-checkout/tests/test_movedim_reference.py", line 512, in __eq__
    raise RuntimeError("keyword equality failure")
RuntimeError: keyword equality failure
ok
test_offset_empty_extreme_and_autograd_views_match_pytorch_2_13 (test_movedim_reference.TensorMovedimReferenceTests.test_offset_empty_extreme_and_autograd_views_match_pytorch_2_13) ... ok
test_seeded_shapes_strides_aliases_and_consumers_match_pytorch_2_13 (test_movedim_reference.TensorMovedimReferenceTests.test_seeded_shapes_strides_aliases_and_consumers_match_pytorch_2_13) ... ok
test_sequence_axes_views_match_pytorch_2_13 (test_movedim_reference.TensorMovedimReferenceTests.test_sequence_axes_views_match_pytorch_2_13) ... ok
test_sequence_axis_errors_match_pytorch_2_13 (test_movedim_reference.TensorMovedimReferenceTests.test_sequence_axis_errors_match_pytorch_2_13) ... ok
test_stateful_integer_conversion_order_matches_pytorch_2_13 (test_movedim_reference.TensorMovedimReferenceTests.test_stateful_integer_conversion_order_matches_pytorch_2_13) ... ok
test_top_level_callable_contract_matches_pytorch_2_13 (test_movedim_reference.TensorMovedimReferenceTests.test_top_level_callable_contract_matches_pytorch_2_13) ... ok
test_top_level_integer_binding_and_errors_match_pytorch_2_13 (test_movedim_reference.TensorMovedimReferenceTests.test_top_level_integer_binding_and_errors_match_pytorch_2_13) ... ok
test_top_level_integer_views_and_autograd_match_pytorch_2_13 (test_movedim_reference.TensorMovedimReferenceTests.test_top_level_integer_views_and_autograd_match_pytorch_2_13) ... ok
test_top_level_torch_function_mode_dispatch_matches_pytorch_2_13 (test_movedim_reference.TensorMovedimReferenceTests.test_top_level_torch_function_mode_dispatch_matches_pytorch_2_13) ... ok
test_torch_function_mode_dispatch_matches_pytorch_2_13 (test_movedim_reference.TensorMovedimReferenceTests.test_torch_function_mode_dispatch_matches_pytorch_2_13) ... ok
test_autograd_shared_operands_empties_and_no_grad_match_operator (test_mul.TensorMulTests.test_autograd_shared_operands_empties_and_no_grad_match_operator) ... ok
test_descriptor_metadata_unbound_call_and_argument_errors (test_mul.TensorMulTests.test_descriptor_metadata_unbound_call_and_argument_errors) ... ok
test_tensor_and_real_scalar_calls_reuse_operator_semantics (test_mul.TensorMulTests.test_tensor_and_real_scalar_calls_reuse_operator_semantics) ... ok
test_autograd_shared_operands_and_no_grad_match_pytorch_2_13 (test_mul_reference.TensorMulReferenceTests.test_autograd_shared_operands_and_no_grad_match_pytorch_2_13) ... ok
test_broadcast_views_empties_and_real_scalars_match_pytorch_2_13 (test_mul_reference.TensorMulReferenceTests.test_broadcast_views_empties_and_real_scalars_match_pytorch_2_13) ... ok
test_descriptor_metadata_and_errors_match_pytorch_2_13 (test_mul_reference.TensorMulReferenceTests.test_descriptor_metadata_and_errors_match_pytorch_2_13) ... ok
test_autograd_shared_operands_empties_and_no_grad_match_mul (test_multiply.TensorMultiplyTests.test_autograd_shared_operands_empties_and_no_grad_match_mul) ... ok
test_descriptor_metadata_unbound_call_and_argument_errors (test_multiply.TensorMultiplyTests.test_descriptor_metadata_unbound_call_and_argument_errors) ... ok
test_extension_type_names_do_not_dispatch_metaclass_hooks (test_multiply.TensorMultiplyTests.test_extension_type_names_do_not_dispatch_metaclass_hooks) ... ok
test_invalid_sequence_subclasses_and_keyword_order_match_pytorch (test_multiply.TensorMultiplyTests.test_invalid_sequence_subclasses_and_keyword_order_match_pytorch) ... ok
test_large_keyword_error_returns_bad_alloc_instead_of_aborting (test_multiply.TensorMultiplyTests.test_large_keyword_error_returns_bad_alloc_instead_of_aborting) ... ok
test_number_overload_markers_and_nul_keyword_match_pytorch (test_multiply.TensorMultiplyTests.test_number_overload_markers_and_nul_keyword_match_pytorch) ... ok
test_overflow_sign_and_surrogate_keyword_errors_match_pytorch (test_multiply.TensorMultiplyTests.test_overflow_sign_and_surrogate_keyword_errors_match_pytorch) ... ok
test_tensor_and_real_scalar_calls_match_mul (test_multiply.TensorMultiplyTests.test_tensor_and_real_scalar_calls_match_mul) ... ok
test_autograd_shared_operands_and_no_grad_match_pytorch_2_13 (test_multiply_reference.TensorMultiplyReferenceTests.test_autograd_shared_operands_and_no_grad_match_pytorch_2_13) ... ok
test_broadcast_views_empties_and_real_scalars_match_pytorch_2_13 (test_multiply_reference.TensorMultiplyReferenceTests.test_broadcast_views_empties_and_real_scalars_match_pytorch_2_13) ... ok
test_descriptor_metadata_and_errors_match_pytorch_2_13 (test_multiply_reference.TensorMultiplyReferenceTests.test_descriptor_metadata_and_errors_match_pytorch_2_13) ... ok
test_invalid_sequence_subclasses_and_keyword_order_match_pytorch_2_13 (test_multiply_reference.TensorMultiplyReferenceTests.test_invalid_sequence_subclasses_and_keyword_order_match_pytorch_2_13) ... ok
test_macos_libcxx_abi_v1_keyword_order_matches_pytorch_2_13 (test_multiply_reference.TensorMultiplyReferenceTests.test_macos_libcxx_abi_v1_keyword_order_matches_pytorch_2_13) ... skipped 'requires PyTorch linked against system libc++'
test_type_names_overflow_and_surrogate_errors_match_pytorch_2_13 (test_multiply_reference.TensorMultiplyReferenceTests.test_type_names_overflow_and_surrogate_errors_match_pytorch_2_13) ... ok
test_argument_torch_function_overrides_dispatch_before_native_limits (test_narrow.TensorNarrowTests.test_argument_torch_function_overrides_dispatch_before_native_limits) ... ok
test_backward_through_sum_matches_slice_view (test_narrow.TensorNarrowTests.test_backward_through_sum_matches_slice_view) ... ok
test_bounds_and_unsupported_forms_fail_closed (test_narrow.TensorNarrowTests.test_bounds_and_unsupported_forms_fail_closed) ... ok
test_call_forms_input_aliases_and_integer_protocol (test_narrow.TensorNarrowTests.test_call_forms_input_aliases_and_integer_protocol) ... ok
test_callable_metadata_exports_pickle_and_torch_function_modes (test_narrow.TensorNarrowTests.test_callable_metadata_exports_pickle_and_torch_function_modes) ... ok
test_method_and_top_level_narrow_return_shared_slice_views (test_narrow.TensorNarrowTests.test_method_and_top_level_narrow_return_shared_slice_views) ... ok
test_argument_override_dispatch_matches_pytorch_2_13 (test_narrow_reference.TensorNarrowReferenceTests.test_argument_override_dispatch_matches_pytorch_2_13) ... ok
test_backward_through_sum_matches_pytorch_2_13 (test_narrow_reference.TensorNarrowReferenceTests.test_backward_through_sum_matches_pytorch_2_13) ... ok
test_binding_bounds_and_scalar_errors_match_pytorch_2_13 (test_narrow_reference.TensorNarrowReferenceTests.test_binding_bounds_and_scalar_errors_match_pytorch_2_13) ... ok
test_descriptor_contract_matches_pytorch_2_13 (test_narrow_reference.TensorNarrowReferenceTests.test_descriptor_contract_matches_pytorch_2_13) ... ok
test_tensor_start_mode_dispatch_matches_pytorch_2_13 (test_narrow_reference.TensorNarrowReferenceTests.test_tensor_start_mode_dispatch_matches_pytorch_2_13) ... ok
test_values_layout_aliasing_and_empties_match_pytorch_2_13 (test_narrow_reference.TensorNarrowReferenceTests.test_values_layout_aliasing_and_empties_match_pytorch_2_13) ... ok
test_backend_availability_namespaces_are_the_only_supported_scope (test_native_build_capability_flags.NativeBuildCapabilityFlagsTests.test_backend_availability_namespaces_are_the_only_supported_scope) ... ok
test_current_cargo_build_reports_exact_false_singletons (test_native_build_capability_flags.NativeBuildCapabilityFlagsTests.test_current_cargo_build_reports_exact_false_singletons) ... ok
test_import_does_not_probe_external_runtimes_or_import_pytorch (test_native_build_capability_flags.NativeBuildCapabilityFlagsTests.test_import_does_not_probe_external_runtimes_or_import_pytorch) ... ok
test_reload_preserves_flags_tensor_type_and_matmul (test_native_build_capability_flags.NativeBuildCapabilityFlagsTests.test_reload_preserves_flags_tensor_type_and_matmul) ... ok
test_spectral_operations_remain_unsupported (test_native_build_capability_flags.NativeBuildCapabilityFlagsTests.test_spectral_operations_remain_unsupported) ... ok
test_top_level_native_and_wildcard_placement (test_native_build_capability_flags.NativeBuildCapabilityFlagsTests.test_top_level_native_and_wildcard_placement) ... ok
test_backend_availability_namespaces_match_the_supported_scope (test_native_build_capability_flags_reference.NativeBuildCapabilityFlagsReferenceTests.test_backend_availability_namespaces_match_the_supported_scope) ... ok
test_metadata_and_import_placement_match_pytorch_2_13 (test_native_build_capability_flags_reference.NativeBuildCapabilityFlagsReferenceTests.test_metadata_and_import_placement_match_pytorch_2_13) ... ok
test_native_reload_behavior_matches_pytorch_2_13 (test_native_build_capability_flags_reference.NativeBuildCapabilityFlagsReferenceTests.test_native_reload_behavior_matches_pytorch_2_13) ... ok
test_reading_flags_preserves_tensor_and_matmul_behavior (test_native_build_capability_flags_reference.NativeBuildCapabilityFlagsReferenceTests.test_reading_flags_preserves_tensor_and_matmul_behavior) ... ok
test_values_are_build_specific_exact_booleans (test_native_build_capability_flags_reference.NativeBuildCapabilityFlagsReferenceTests.test_values_are_build_specific_exact_booleans) ... ok
test_configuration_verbosity_execution_and_other_backends_are_unsupported (test_native_cpu_backend_availability.NativeCpuBackendAvailabilityTests.test_configuration_verbosity_execution_and_other_backends_are_unsupported) ... ok
test_importing_and_calling_does_not_probe_or_import_external_runtimes (test_native_cpu_backend_availability.NativeCpuBackendAvailabilityTests.test_importing_and_calling_does_not_probe_or_import_external_runtimes) ... ok
test_imports_wildcards_copying_and_pickling_are_canonical (test_native_cpu_backend_availability.NativeCpuBackendAvailabilityTests.test_imports_wildcards_copying_and_pickling_are_canonical) ... ok
test_private_nnpack_build_probe_matches_pytorch_2_13_ownership (test_native_cpu_backend_availability.NativeCpuBackendAvailabilityTests.test_private_nnpack_build_probe_matches_pytorch_2_13_ownership) ... ok
test_queries_return_the_exact_native_build_flags (test_native_cpu_backend_availability.NativeCpuBackendAvailabilityTests.test_queries_return_the_exact_native_build_flags) ... ok
test_rejects_arguments_with_pytorch_2_13_errors (test_native_cpu_backend_availability.NativeCpuBackendAvailabilityTests.test_rejects_arguments_with_pytorch_2_13_errors) ... ok
test_reload_replaces_functions_and_preserves_canonical_modules (test_native_cpu_backend_availability.NativeCpuBackendAvailabilityTests.test_reload_replaces_functions_and_preserves_canonical_modules) ... ok
test_signature_documentation_and_ownership_match_pytorch_2_13 (test_native_cpu_backend_availability.NativeCpuBackendAvailabilityTests.test_signature_documentation_and_ownership_match_pytorch_2_13) ... ok
test_argument_errors_match_pytorch_2_13 (test_native_cpu_backend_availability_reference.NativeCpuBackendAvailabilityReferenceTests.test_argument_errors_match_pytorch_2_13) ... ok
test_configuration_verbosity_and_other_backends_remain_unsupported (test_native_cpu_backend_availability_reference.NativeCpuBackendAvailabilityReferenceTests.test_configuration_verbosity_and_other_backends_remain_unsupported) ... ok
test_imports_wildcards_copying_and_pickling_match_supported_scope (test_native_cpu_backend_availability_reference.NativeCpuBackendAvailabilityReferenceTests.test_imports_wildcards_copying_and_pickling_match_supported_scope) ... ok
test_reload_behavior_matches_pytorch_2_13 (test_native_cpu_backend_availability_reference.NativeCpuBackendAvailabilityReferenceTests.test_reload_behavior_matches_pytorch_2_13) ... ok
test_signature_documentation_and_ownership_match_pytorch_2_13 (test_native_cpu_backend_availability_reference.NativeCpuBackendAvailabilityReferenceTests.test_signature_documentation_and_ownership_match_pytorch_2_13) ... ok
test_values_are_exact_build_specific_native_flags (test_native_cpu_backend_availability_reference.NativeCpuBackendAvailabilityReferenceTests.test_values_are_exact_build_specific_native_flags) ... ok
test_autograd_and_no_grad_match_pytorch_2_13 (test_neg_reference.UnaryNegationReferenceTests.test_autograd_and_no_grad_match_pytorch_2_13) ... ok
test_denormal_flush_mode_matches_pytorch_2_13 (test_neg_reference.UnaryNegationReferenceTests.test_denormal_flush_mode_matches_pytorch_2_13) ... ok
test_extreme_empty_layouts_and_errors_match_pytorch_2_13 (test_neg_reference.UnaryNegationReferenceTests.test_extreme_empty_layouts_and_errors_match_pytorch_2_13) ... ok
test_method_descriptor_documentation_and_errors_match_pytorch_2_13 (test_neg_reference.UnaryNegationReferenceTests.test_method_descriptor_documentation_and_errors_match_pytorch_2_13) ... ok
test_negative_descriptor_documentation_and_errors_match_pytorch_2_13 (test_neg_reference.UnaryNegationReferenceTests.test_negative_descriptor_documentation_and_errors_match_pytorch_2_13) ... ok
test_values_layouts_signed_zero_and_non_finites_match_pytorch_2_13 (test_neg_reference.UnaryNegationReferenceTests.test_values_layouts_signed_zero_and_non_finites_match_pytorch_2_13) ... ok
test_canonical_imports_and_exports (test_nn_factory_kwargs.FactoryKwargsTests.test_canonical_imports_and_exports) ... ok
test_import_reload_and_use_do_not_import_pytorch (test_nn_factory_kwargs.FactoryKwargsTests.test_import_reload_and_use_do_not_import_pytorch) ... ok
test_invalid_call_and_mapping_errors (test_nn_factory_kwargs.FactoryKwargsTests.test_invalid_call_and_mapping_errors) ... ok
test_nested_factory_kwargs_are_shallow_copied_and_combined (test_nn_factory_kwargs.FactoryKwargsTests.test_nested_factory_kwargs_are_shallow_copied_and_combined) ... ok
test_none_empty_and_direct_kwargs_return_fresh_exact_dicts (test_nn_factory_kwargs.FactoryKwargsTests.test_none_empty_and_direct_kwargs_return_fresh_exact_dicts) ... ok
test_outer_and_nested_mapping_access_protocol (test_nn_factory_kwargs.FactoryKwargsTests.test_outer_and_nested_mapping_access_protocol) ... ok
test_reload_replaces_only_the_function_definition (test_nn_factory_kwargs.FactoryKwargsTests.test_reload_replaces_only_the_function_definition) ... ok
test_signature_metadata_documentation_copying_and_pickle (test_nn_factory_kwargs.FactoryKwargsTests.test_signature_metadata_documentation_copying_and_pickle) ... ok
test_unexpected_and_duplicate_keys_raise_without_mutation (test_nn_factory_kwargs.FactoryKwargsTests.test_unexpected_and_duplicate_keys_raise_without_mutation) ... ok
test_contracts_across_hash_seeds_and_code_caches (test_nn_factory_kwargs_cache.FactoryKwargsCacheTests.test_contracts_across_hash_seeds_and_code_caches) ... ok
test_canonical_values_freshness_and_input_preservation_match (test_nn_factory_kwargs_reference.FactoryKwargsReferenceTests.test_canonical_values_freshness_and_input_preservation_match) ... ok
test_errors_and_call_validation_match (test_nn_factory_kwargs_reference.FactoryKwargsReferenceTests.test_errors_and_call_validation_match) ... ok
test_imports_metadata_documentation_copy_and_pickle_match (test_nn_factory_kwargs_reference.FactoryKwargsReferenceTests.test_imports_metadata_documentation_copy_and_pickle_match) ... ok
test_mapping_access_and_failure_order_match (test_nn_factory_kwargs_reference.FactoryKwargsReferenceTests.test_mapping_access_and_failure_order_match) ... ok
test_reload_behavior_matches (test_nn_factory_kwargs_reference.FactoryKwargsReferenceTests.test_reload_behavior_matches) ... ok
test_empty_training_inputs_return_the_exact_input (test_nn_functional_alpha_dropout.FunctionalAlphaDropoutTests.test_empty_training_inputs_return_the_exact_input) ... ok
test_evaluation_and_zero_probability_return_the_exact_input (test_nn_functional_alpha_dropout.FunctionalAlphaDropoutTests.test_evaluation_and_zero_probability_return_the_exact_input) ... ok
test_identity_does_not_change_autograd_state (test_nn_functional_alpha_dropout.FunctionalAlphaDropoutTests.test_identity_does_not_change_autograd_state) ... ok
test_imports_signature_documentation_and_pickling (test_nn_functional_alpha_dropout.FunctionalAlphaDropoutTests.test_imports_signature_documentation_and_pickling) ... ok
test_native_probability_formatting_matches_dropout_operators (test_nn_functional_alpha_dropout.FunctionalAlphaDropoutTests.test_native_probability_formatting_matches_dropout_operators) ... ok
test_overrides_and_torch_function_modes_use_the_public_function (test_nn_functional_alpha_dropout.FunctionalAlphaDropoutTests.test_overrides_and_torch_function_modes_use_the_public_function) ... ok
test_probability_validation_and_native_schema_errors (test_nn_functional_alpha_dropout.FunctionalAlphaDropoutTests.test_probability_validation_and_native_schema_errors) ... ok
test_sampling_paths_are_explicitly_unsupported_and_non_mutating (test_nn_functional_alpha_dropout.FunctionalAlphaDropoutTests.test_sampling_paths_are_explicitly_unsupported_and_non_mutating) ... ok
test_tensor_probabilities_remain_unsupported (test_nn_functional_alpha_dropout.FunctionalAlphaDropoutTests.test_tensor_probabilities_remain_unsupported) ... ok
test_backward_no_grad_and_empty_training_match (test_nn_functional_alpha_dropout_reference.FunctionalAlphaDropoutReferenceTests.test_backward_no_grad_and_empty_training_match) ... ok
test_deliberately_unsupported_boundaries (test_nn_functional_alpha_dropout_reference.FunctionalAlphaDropoutReferenceTests.test_deliberately_unsupported_boundaries) ... ok
test_identity_calls_match_values_layouts_and_autograd_metadata (test_nn_functional_alpha_dropout_reference.FunctionalAlphaDropoutReferenceTests.test_identity_calls_match_values_layouts_and_autograd_metadata) ... ok
test_imports_signature_documentation_and_pickling_match (test_nn_functional_alpha_dropout_reference.FunctionalAlphaDropoutReferenceTests.test_imports_signature_documentation_and_pickling_match) ... ok
test_overrides_and_torch_function_modes_match (test_nn_functional_alpha_dropout_reference.FunctionalAlphaDropoutReferenceTests.test_overrides_and_torch_function_modes_match) ... ok
test_real_scalar_probabilities_and_errors_match (test_nn_functional_alpha_dropout_reference.FunctionalAlphaDropoutReferenceTests.test_real_scalar_probabilities_and_errors_match) ... ok
test_empty_training_inputs_return_the_exact_input (test_nn_functional_dropout.FunctionalDropoutTests.test_empty_training_inputs_return_the_exact_input) ... ok
test_evaluation_and_zero_probability_return_the_exact_input (test_nn_functional_dropout.FunctionalDropoutTests.test_evaluation_and_zero_probability_return_the_exact_input) ... ok
test_identity_does_not_add_or_remove_autograd_state (test_nn_functional_dropout.FunctionalDropoutTests.test_identity_does_not_add_or_remove_autograd_state) ... ok
test_imports_signature_documentation_and_deliberate_surface (test_nn_functional_dropout.FunctionalDropoutTests.test_imports_signature_documentation_and_deliberate_surface) ... ok
test_overrides_observe_the_public_function_before_validation (test_nn_functional_dropout.FunctionalDropoutTests.test_overrides_observe_the_public_function_before_validation) ... ok
test_probability_validation_and_native_schema_errors (test_nn_functional_dropout.FunctionalDropoutTests.test_probability_validation_and_native_schema_errors) ... ok
test_sampling_and_inplace_paths_are_unsupported_and_non_mutating (test_nn_functional_dropout.FunctionalDropoutTests.test_sampling_and_inplace_paths_are_unsupported_and_non_mutating) ... ok
test_tensor_probability_formatting_obeys_recursion_limit (test_nn_functional_dropout.FunctionalDropoutTests.test_tensor_probability_formatting_obeys_recursion_limit) ... ok
test_torch_function_modes_observe_forward_and_decline (test_nn_functional_dropout.FunctionalDropoutTests.test_torch_function_modes_observe_forward_and_decline) ... ok
test_training_probability_one_autograd_and_no_grad (test_nn_functional_dropout.FunctionalDropoutTests.test_training_probability_one_autograd_and_no_grad) ... ok
test_training_probability_one_returns_a_new_signed_zero_product (test_nn_functional_dropout.FunctionalDropoutTests.test_training_probability_one_returns_a_new_signed_zero_product) ... ok
test_empty_rank_three_training_inputs_return_exact_input (test_nn_functional_dropout1d.FunctionalDropout1dTests.test_empty_rank_three_training_inputs_return_exact_input) ... ok
test_empty_rank_two_training_inputs_return_distinct_shared_views (test_nn_functional_dropout1d.FunctionalDropout1dTests.test_empty_rank_two_training_inputs_return_distinct_shared_views) ... ok
test_identity_modes_return_exact_rank_three_inputs (test_nn_functional_dropout1d.FunctionalDropout1dTests.test_identity_modes_return_exact_rank_three_inputs) ... ok
test_identity_preserves_autograd_and_no_grad_state (test_nn_functional_dropout1d.FunctionalDropout1dTests.test_identity_preserves_autograd_and_no_grad_state) ... ok
test_imports_signature_documentation_and_pickling (test_nn_functional_dropout1d.FunctionalDropout1dTests.test_imports_signature_documentation_and_pickling) ... ok
test_overrides_and_modes_receive_the_public_function (test_nn_functional_dropout1d.FunctionalDropout1dTests.test_overrides_and_modes_receive_the_public_function) ... ok
test_probability_validation_and_feature_dropout_schema (test_nn_functional_dropout1d.FunctionalDropout1dTests.test_probability_validation_and_feature_dropout_schema) ... ok
test_rank_two_identity_modes_return_distinct_shared_views (test_nn_functional_dropout1d.FunctionalDropout1dTests.test_rank_two_identity_modes_return_distinct_shared_views) ... ok
test_sampling_rank_two_inplace_and_other_ranks_are_unsupported (test_nn_functional_dropout1d.FunctionalDropout1dTests.test_sampling_rank_two_inplace_and_other_ranks_are_unsupported) ... ok
test_backward_no_grad_empty_training_and_rng_state_match (test_nn_functional_dropout1d_reference.FunctionalDropout1dReferenceTests.test_backward_no_grad_empty_training_and_rng_state_match) ... ok
test_imports_signature_documentation_and_pickling_match (test_nn_functional_dropout1d_reference.FunctionalDropout1dReferenceTests.test_imports_signature_documentation_and_pickling_match) ... ok
test_overrides_and_torch_function_modes_match (test_nn_functional_dropout1d_reference.FunctionalDropout1dReferenceTests.test_overrides_and_torch_function_modes_match) ... ok
test_rank_three_identity_values_layouts_and_metadata_match (test_nn_functional_dropout1d_reference.FunctionalDropout1dReferenceTests.test_rank_three_identity_values_layouts_and_metadata_match) ... ok
test_rank_two_backward_and_no_grad_match (test_nn_functional_dropout1d_reference.FunctionalDropout1dReferenceTests.test_rank_two_backward_and_no_grad_match) ... ok
test_rank_two_empty_training_views_and_rng_state_match (test_nn_functional_dropout1d_reference.FunctionalDropout1dReferenceTests.test_rank_two_empty_training_views_and_rng_state_match) ... ok
test_rank_two_identity_views_match (test_nn_functional_dropout1d_reference.FunctionalDropout1dReferenceTests.test_rank_two_identity_views_match) ... ok
test_rank_two_probability_errors_and_squeeze_node_match (test_nn_functional_dropout1d_reference.FunctionalDropout1dReferenceTests.test_rank_two_probability_errors_and_squeeze_node_match) ... ok
test_supported_probability_forms_and_errors_match (test_nn_functional_dropout1d_reference.FunctionalDropout1dReferenceTests.test_supported_probability_forms_and_errors_match) ... ok
test_empty_rank_four_training_inputs_return_the_exact_input (test_nn_functional_dropout2d.FunctionalDropout2dTests.test_empty_rank_four_training_inputs_return_the_exact_input) ... ok
test_evaluation_and_zero_probability_return_exact_rank_four_inputs (test_nn_functional_dropout2d.FunctionalDropout2dTests.test_evaluation_and_zero_probability_return_exact_rank_four_inputs) ... ok
test_identity_preserves_autograd_and_no_grad_state (test_nn_functional_dropout2d.FunctionalDropout2dTests.test_identity_preserves_autograd_and_no_grad_state) ... ok
test_imports_signature_documentation_and_pickling (test_nn_functional_dropout2d.FunctionalDropout2dTests.test_imports_signature_documentation_and_pickling) ... ok
test_overrides_and_modes_receive_the_public_function (test_nn_functional_dropout2d.FunctionalDropout2dTests.test_overrides_and_modes_receive_the_public_function) ... ok
test_probability_validation_and_feature_dropout_schema (test_nn_functional_dropout2d.FunctionalDropout2dTests.test_probability_validation_and_feature_dropout_schema) ... ok
test_rank_three_identity_paths_warn_and_preserve_exact_inputs (test_nn_functional_dropout2d.FunctionalDropout2dTests.test_rank_three_identity_paths_warn_and_preserve_exact_inputs) ... ok
test_rank_three_identity_preserves_autograd_and_no_grad_state (test_nn_functional_dropout2d.FunctionalDropout2dTests.test_rank_three_identity_preserves_autograd_and_no_grad_state) ... ok
test_rank_two_identity_paths_warn_and_preserve_exact_inputs (test_nn_functional_dropout2d.FunctionalDropout2dTests.test_rank_two_identity_paths_warn_and_preserve_exact_inputs) ... ok
test_rank_two_identity_preserves_autograd_and_no_grad_state (test_nn_functional_dropout2d.FunctionalDropout2dTests.test_rank_two_identity_preserves_autograd_and_no_grad_state) ... ok
test_rank_two_warning_validation_order (test_nn_functional_dropout2d.FunctionalDropout2dTests.test_rank_two_warning_validation_order) ... ok
test_sampling_and_unsupported_ranks_are_explicitly_rejected (test_nn_functional_dropout2d.FunctionalDropout2dTests.test_sampling_and_unsupported_ranks_are_explicitly_rejected) ... ok
test_backward_no_grad_and_empty_training_match (test_nn_functional_dropout2d_reference.FunctionalDropout2dReferenceTests.test_backward_no_grad_and_empty_training_match) ... ok
test_imports_signature_documentation_and_pickling_match (test_nn_functional_dropout2d_reference.FunctionalDropout2dReferenceTests.test_imports_signature_documentation_and_pickling_match) ... ok
test_overrides_and_torch_function_modes_match (test_nn_functional_dropout2d_reference.FunctionalDropout2dReferenceTests.test_overrides_and_torch_function_modes_match) ... ok
test_rank_four_identity_values_layouts_and_autograd_metadata_match (test_nn_functional_dropout2d_reference.FunctionalDropout2dReferenceTests.test_rank_four_identity_values_layouts_and_autograd_metadata_match) ... ok
test_rank_three_backward_and_no_grad_state_match (test_nn_functional_dropout2d_reference.FunctionalDropout2dReferenceTests.test_rank_three_backward_and_no_grad_state_match) ... ok
test_rank_three_identity_values_layouts_warnings_and_rng_match (test_nn_functional_dropout2d_reference.FunctionalDropout2dReferenceTests.test_rank_three_identity_values_layouts_warnings_and_rng_match) ... ok
test_rank_two_backward_and_no_grad_state_match (test_nn_functional_dropout2d_reference.FunctionalDropout2dReferenceTests.test_rank_two_backward_and_no_grad_state_match) ... ok
test_rank_two_identity_values_layouts_warnings_and_rng_match (test_nn_functional_dropout2d_reference.FunctionalDropout2dReferenceTests.test_rank_two_identity_values_layouts_warnings_and_rng_match) ... ok
test_rank_two_warning_validation_order_matches (test_nn_functional_dropout2d_reference.FunctionalDropout2dReferenceTests.test_rank_two_warning_validation_order_matches) ... ok
test_sampling_and_unsupported_ranks_stay_rejected (test_nn_functional_dropout2d_reference.FunctionalDropout2dReferenceTests.test_sampling_and_unsupported_ranks_stay_rejected) ... ok
test_supported_probability_forms_and_errors_match (test_nn_functional_dropout2d_reference.FunctionalDropout2dReferenceTests.test_supported_probability_forms_and_errors_match) ... ok
test_empty_rank_five_training_inputs_return_exact_input (test_nn_functional_dropout3d.FunctionalDropout3dTests.test_empty_rank_five_training_inputs_return_exact_input) ... ok
test_identity_modes_return_exact_rank_five_inputs (test_nn_functional_dropout3d.FunctionalDropout3dTests.test_identity_modes_return_exact_rank_five_inputs) ... ok
test_identity_preserves_autograd_and_no_grad_state (test_nn_functional_dropout3d.FunctionalDropout3dTests.test_identity_preserves_autograd_and_no_grad_state) ... ok
test_imports_signature_documentation_and_pickling (test_nn_functional_dropout3d.FunctionalDropout3dTests.test_imports_signature_documentation_and_pickling) ... ok
test_overrides_and_modes_receive_the_public_function (test_nn_functional_dropout3d.FunctionalDropout3dTests.test_overrides_and_modes_receive_the_public_function) ... ok
test_probability_validation_and_feature_dropout_schema (test_nn_functional_dropout3d.FunctionalDropout3dTests.test_probability_validation_and_feature_dropout_schema) ... ok
test_sampling_and_non_rank_five_inputs_are_explicitly_unsupported (test_nn_functional_dropout3d.FunctionalDropout3dTests.test_sampling_and_non_rank_five_inputs_are_explicitly_unsupported) ... ok
test_training_probability_one_autograd_and_no_grad (test_nn_functional_dropout3d.FunctionalDropout3dTests.test_training_probability_one_autograd_and_no_grad) ... ok
test_training_probability_one_returns_a_new_signed_zero_product (test_nn_functional_dropout3d.FunctionalDropout3dTests.test_training_probability_one_returns_a_new_signed_zero_product) ... ok
test_backward_no_grad_empty_training_and_rng_state_match (test_nn_functional_dropout3d_reference.FunctionalDropout3dReferenceTests.test_backward_no_grad_empty_training_and_rng_state_match) ... ok
test_imports_signature_documentation_and_pickling_match (test_nn_functional_dropout3d_reference.FunctionalDropout3dReferenceTests.test_imports_signature_documentation_and_pickling_match) ... ok
test_overrides_and_torch_function_modes_match (test_nn_functional_dropout3d_reference.FunctionalDropout3dReferenceTests.test_overrides_and_torch_function_modes_match) ... ok
test_probability_one_backward_and_no_grad_match (test_nn_functional_dropout3d_reference.FunctionalDropout3dReferenceTests.test_probability_one_backward_and_no_grad_match) ... ok
test_rank_five_identity_values_layouts_and_metadata_match (test_nn_functional_dropout3d_reference.FunctionalDropout3dReferenceTests.test_rank_five_identity_values_layouts_and_metadata_match) ... ok
test_supported_probability_forms_and_errors_match (test_nn_functional_dropout3d_reference.FunctionalDropout3dReferenceTests.test_supported_probability_forms_and_errors_match) ... ok
test_training_probability_one_matches_native_zero_multiplication (test_nn_functional_dropout3d_reference.FunctionalDropout3dReferenceTests.test_training_probability_one_matches_native_zero_multiplication) ... ok
test_backward_and_no_grad_identity_match (test_nn_functional_dropout_reference.FunctionalDropoutReferenceTests.test_backward_and_no_grad_identity_match) ... ok
test_empty_training_identity_and_rng_state_match (test_nn_functional_dropout_reference.FunctionalDropoutReferenceTests.test_empty_training_identity_and_rng_state_match) ... ok
test_identity_calls_match_for_values_layouts_and_autograd_metadata (test_nn_functional_dropout_reference.FunctionalDropoutReferenceTests.test_identity_calls_match_for_values_layouts_and_autograd_metadata) ... ok
test_non_scalar_tensor_probability_validation_matches (test_nn_functional_dropout_reference.FunctionalDropoutReferenceTests.test_non_scalar_tensor_probability_validation_matches) ... ok
test_overrides_and_torch_function_modes_match (test_nn_functional_dropout_reference.FunctionalDropoutReferenceTests.test_overrides_and_torch_function_modes_match) ... ok
test_probability_one_backward_and_no_grad_match (test_nn_functional_dropout_reference.FunctionalDropoutReferenceTests.test_probability_one_backward_and_no_grad_match) ... ok
test_probability_validation_schema_and_binding_errors_match (test_nn_functional_dropout_reference.FunctionalDropoutReferenceTests.test_probability_validation_schema_and_binding_errors_match) ... ok
test_sampling_boundary_remains_deliberately_unsupported (test_nn_functional_dropout_reference.FunctionalDropoutReferenceTests.test_sampling_boundary_remains_deliberately_unsupported) ... ok
test_scalar_tensor_probability_schema_matches (test_nn_functional_dropout_reference.FunctionalDropoutReferenceTests.test_scalar_tensor_probability_schema_matches) ... ok
test_signature_documentation_and_callable_metadata_match (test_nn_functional_dropout_reference.FunctionalDropoutReferenceTests.test_signature_documentation_and_callable_metadata_match) ... ok
test_tensor_probability_recursion_limit_matches (test_nn_functional_dropout_reference.FunctionalDropoutReferenceTests.test_tensor_probability_recursion_limit_matches) ... ok
test_training_probability_one_matches_native_zero_multiplication (test_nn_functional_dropout_reference.FunctionalDropoutReferenceTests.test_training_probability_one_matches_native_zero_multiplication) ... ok
test_empty_training_inputs_return_the_exact_input (test_nn_functional_feature_alpha_dropout.FunctionalFeatureAlphaDropoutTests.test_empty_training_inputs_return_the_exact_input) ... ok
test_evaluation_and_zero_probability_return_the_exact_input (test_nn_functional_feature_alpha_dropout.FunctionalFeatureAlphaDropoutTests.test_evaluation_and_zero_probability_return_the_exact_input) ... ok
test_identity_does_not_change_autograd_state (test_nn_functional_feature_alpha_dropout.FunctionalFeatureAlphaDropoutTests.test_identity_does_not_change_autograd_state) ... ok
test_imports_signature_documentation_and_pickling (test_nn_functional_feature_alpha_dropout.FunctionalFeatureAlphaDropoutTests.test_imports_signature_documentation_and_pickling) ... ok
test_overrides_and_torch_function_modes_use_the_public_function (test_nn_functional_feature_alpha_dropout.FunctionalFeatureAlphaDropoutTests.test_overrides_and_torch_function_modes_use_the_public_function) ... ok
test_probability_validation_and_native_schema_errors (test_nn_functional_feature_alpha_dropout.FunctionalFeatureAlphaDropoutTests.test_probability_validation_and_native_schema_errors) ... ok
test_sampling_paths_are_explicitly_unsupported_and_non_mutating (test_nn_functional_feature_alpha_dropout.FunctionalFeatureAlphaDropoutTests.test_sampling_paths_are_explicitly_unsupported_and_non_mutating) ... ok
test_tensor_probability_forms_and_native_formatting (test_nn_functional_feature_alpha_dropout.FunctionalFeatureAlphaDropoutTests.test_tensor_probability_forms_and_native_formatting) ... ok
test_training_probability_one_autograd_and_no_grad (test_nn_functional_feature_alpha_dropout.FunctionalFeatureAlphaDropoutTests.test_training_probability_one_autograd_and_no_grad) ... ok
test_training_probability_one_returns_a_new_signed_zero_product (test_nn_functional_feature_alpha_dropout.FunctionalFeatureAlphaDropoutTests.test_training_probability_one_returns_a_new_signed_zero_product) ... ok
test_backward_no_grad_and_empty_training_match (test_nn_functional_feature_alpha_dropout_reference.FunctionalFeatureAlphaDropoutReferenceTests.test_backward_no_grad_and_empty_training_match) ... ok
test_deliberately_unsupported_boundaries (test_nn_functional_feature_alpha_dropout_reference.FunctionalFeatureAlphaDropoutReferenceTests.test_deliberately_unsupported_boundaries) ... ok
test_identity_calls_match_values_layouts_and_autograd_metadata (test_nn_functional_feature_alpha_dropout_reference.FunctionalFeatureAlphaDropoutReferenceTests.test_identity_calls_match_values_layouts_and_autograd_metadata) ... ok
test_imports_signature_documentation_and_pickling_match (test_nn_functional_feature_alpha_dropout_reference.FunctionalFeatureAlphaDropoutReferenceTests.test_imports_signature_documentation_and_pickling_match) ... ok
test_overrides_and_torch_function_modes_match (test_nn_functional_feature_alpha_dropout_reference.FunctionalFeatureAlphaDropoutReferenceTests.test_overrides_and_torch_function_modes_match) ... ok
test_probability_forms_and_errors_match (test_nn_functional_feature_alpha_dropout_reference.FunctionalFeatureAlphaDropoutReferenceTests.test_probability_forms_and_errors_match) ... ok
test_probability_one_backward_and_no_grad_match (test_nn_functional_feature_alpha_dropout_reference.FunctionalFeatureAlphaDropoutReferenceTests.test_probability_one_backward_and_no_grad_match) ... ok
test_training_probability_one_matches_native_zero_multiplication (test_nn_functional_feature_alpha_dropout_reference.FunctionalFeatureAlphaDropoutReferenceTests.test_training_probability_one_matches_native_zero_multiplication) ... ok
test_failure_restores_forwarding_mode_and_no_grad (test_nn_functional_glu.FunctionalGluTests.test_failure_restores_forwarding_mode_and_no_grad) ... ok
test_higher_order_backward_rejected_without_consuming_graph (test_nn_functional_glu.FunctionalGluTests.test_higher_order_backward_rejected_without_consuming_graph) ... ok
test_higher_rank_recording_rejected_without_changing_input_or_graph (test_nn_functional_glu.FunctionalGluTests.test_higher_rank_recording_rejected_without_changing_input_or_graph) ... ok
test_rank_boundary_in_grad_and_no_grad_modes (test_nn_functional_glu.FunctionalGluTests.test_rank_boundary_in_grad_and_no_grad_modes) ... ok
test_sigmoid_primitive_boundaries_remain_explicit (test_nn_functional_glu.FunctionalGluTests.test_sigmoid_primitive_boundaries_remain_explicit) ... ok
test_backward_through_tracked_views_and_nonleaves (test_nn_functional_glu_reference.FunctionalGluReferenceTests.test_backward_through_tracked_views_and_nonleaves) ... ok
test_binding_scalar_dimension_and_odd_size_errors (test_nn_functional_glu_reference.FunctionalGluReferenceTests.test_binding_scalar_dimension_and_odd_size_errors) ... ok
test_cuda_boundary_on_real_hardware (test_nn_functional_glu_reference.FunctionalGluReferenceTests.test_cuda_boundary_on_real_hardware) ... ok
test_forwarding_mode_preserves_vector_backward (test_nn_functional_glu_reference.FunctionalGluReferenceTests.test_forwarding_mode_preserves_vector_backward) ... ok
test_generated_vector_backward_with_nonuniform_upstream (test_nn_functional_glu_reference.FunctionalGluReferenceTests.test_generated_vector_backward_with_nonuniform_upstream) ... ok
test_large_finite_inputs_and_upstream_do_not_overflow_backward (test_nn_functional_glu_reference.FunctionalGluReferenceTests.test_large_finite_inputs_and_upstream_do_not_overflow_backward) ... ok
test_layouts_dimensions_fresh_storage_and_input_preservation (test_nn_functional_glu_reference.FunctionalGluReferenceTests.test_layouts_dimensions_fresh_storage_and_input_preservation) ... ok
test_no_grad_and_detach (test_nn_functional_glu_reference.FunctionalGluReferenceTests.test_no_grad_and_detach) ... ok
test_numerical_edges (test_nn_functional_glu_reference.FunctionalGluReferenceTests.test_numerical_edges) ... ok
test_overrides_nested_modes_and_restoration_after_errors (test_nn_functional_glu_reference.FunctionalGluReferenceTests.test_overrides_nested_modes_and_restoration_after_errors) ... ok
test_repeated_use_accumulation_and_graph_lifetime (test_nn_functional_glu_reference.FunctionalGluReferenceTests.test_repeated_use_accumulation_and_graph_lifetime) ... ok
test_signature_imports_and_function_identity (test_nn_functional_glu_reference.FunctionalGluReferenceTests.test_signature_imports_and_function_identity) ... ok
test_vector_no_grad_preserves_existing_graph_and_restores_recording (test_nn_functional_glu_reference.FunctionalGluReferenceTests.test_vector_no_grad_preserves_existing_graph_and_restores_recording) ... ok
test_active_torch_function_mode_is_rejected_without_dispatch (test_nn_functional_l1_loss.FunctionalL1LossTests.test_active_torch_function_mode_is_rejected_without_dispatch) ... ok
test_bandwidth_sized_same_shape_contiguous_matches_composition (test_nn_functional_l1_loss.FunctionalL1LossTests.test_bandwidth_sized_same_shape_contiguous_matches_composition) ... ok
test_broadcasted_inputs_match_composition_warning_and_storage (test_nn_functional_l1_loss.FunctionalL1LossTests.test_broadcasted_inputs_match_composition_warning_and_storage) ... ok
test_channels_last_cases_match_composition_edges_and_storage (test_nn_functional_l1_loss.FunctionalL1LossTests.test_channels_last_cases_match_composition_edges_and_storage) ... ok
test_channels_last_requires_grad_operands_need_no_grad (test_nn_functional_l1_loss.FunctionalL1LossTests.test_channels_last_requires_grad_operands_need_no_grad) ... ok
test_every_call_returns_fresh_independent_storage (test_nn_functional_l1_loss.FunctionalL1LossTests.test_every_call_returns_fresh_independent_storage) ... ok
test_float32_edge_values_match_kernel_composition_bits (test_nn_functional_l1_loss.FunctionalL1LossTests.test_float32_edge_values_match_kernel_composition_bits) ... ok
test_import_signature_documentation_and_exports (test_nn_functional_l1_loss.FunctionalL1LossTests.test_import_signature_documentation_and_exports) ... ok
test_matching_dense_cases_cover_edges_storage_sum_and_nonmutation (test_nn_functional_l1_loss.FunctionalL1LossTests.test_matching_dense_cases_cover_edges_storage_sum_and_nonmutation) ... ok
test_mean_reduction_cases_match_composition_warning_storage_and_default (test_nn_functional_l1_loss.FunctionalL1LossTests.test_mean_reduction_cases_match_composition_warning_storage_and_default) ... ok
test_mixed_layout_singleton_keeps_binary_tensoriterator_stride (test_nn_functional_l1_loss.FunctionalL1LossTests.test_mixed_layout_singleton_keeps_binary_tensoriterator_stride) ... ok
test_python_argument_binding_matches_the_canonical_signature (test_nn_functional_l1_loss.FunctionalL1LossTests.test_python_argument_binding_matches_the_canonical_signature) ... ok
test_rank_two_trailing_vector_sum_broadcast_matches_composition_warning_metadata_and_nonmutation (test_nn_functional_l1_loss.FunctionalL1LossTests.test_rank_two_trailing_vector_sum_broadcast_matches_composition_warning_metadata_and_nonmutation) ... ok
test_rank_two_trailing_vector_sum_requires_grad_operands_need_no_grad (test_nn_functional_l1_loss.FunctionalL1LossTests.test_rank_two_trailing_vector_sum_requires_grad_operands_need_no_grad) ... ok
test_requires_grad_operands_need_no_grad (test_nn_functional_l1_loss.FunctionalL1LossTests.test_requires_grad_operands_need_no_grad) ... ok
test_same_shape_contiguous_sum_edges_metadata_and_nonmutation (test_nn_functional_l1_loss.FunctionalL1LossTests.test_same_shape_contiguous_sum_edges_metadata_and_nonmutation) ... ok
test_scalar_broadcast_float32_edges_match_kernel_composition_bits (test_nn_functional_l1_loss.FunctionalL1LossTests.test_scalar_broadcast_float32_edges_match_kernel_composition_bits) ... ok
test_scalar_broadcast_requires_grad_operands_need_no_grad (test_nn_functional_l1_loss.FunctionalL1LossTests.test_scalar_broadcast_requires_grad_operands_need_no_grad) ... ok
test_scalar_broadcast_sum_float32_edges_match_composition_warning_metadata_and_nonmutation (test_nn_functional_l1_loss.FunctionalL1LossTests.test_scalar_broadcast_sum_float32_edges_match_composition_warning_metadata_and_nonmutation) ... ok
test_sum_reduction_cases_match_composition_warning_and_storage (test_nn_functional_l1_loss.FunctionalL1LossTests.test_sum_reduction_cases_match_composition_warning_and_storage) ... ok
test_supported_forms_match_subtraction_and_abs_composition (test_nn_functional_l1_loss.FunctionalL1LossTests.test_supported_forms_match_subtraction_and_abs_composition) ... ok
test_unsupported_options_shapes_and_operands_are_rejected (test_nn_functional_l1_loss.FunctionalL1LossTests.test_unsupported_options_shapes_and_operands_are_rejected) ... ok
test_bandwidth_sized_same_shape_contiguous_matches_pytorch_2_13 (test_nn_functional_l1_loss_reference.FunctionalL1LossReferenceTests.test_bandwidth_sized_same_shape_contiguous_matches_pytorch_2_13) ... ok
test_broadcasted_outputs_strides_warnings_and_storage_match_pytorch_2_13 (test_nn_functional_l1_loss_reference.FunctionalL1LossReferenceTests.test_broadcasted_outputs_strides_warnings_and_storage_match_pytorch_2_13) ... ok
test_channels_last_edge_singleton_empty_and_nonmutation_match_pytorch_2_13 (test_nn_functional_l1_loss_reference.FunctionalL1LossReferenceTests.test_channels_last_edge_singleton_empty_and_nonmutation_match_pytorch_2_13) ... ok
test_channels_last_requires_grad_matches_no_grad_and_rejects_active_autograd (test_nn_functional_l1_loss_reference.FunctionalL1LossReferenceTests.test_channels_last_requires_grad_matches_no_grad_and_rejects_active_autograd) ... ok
test_float32_edge_bits_match_pytorch_2_13 (test_nn_functional_l1_loss_reference.FunctionalL1LossReferenceTests.test_float32_edge_bits_match_pytorch_2_13) ... ok
test_matching_dense_transposed_offset_empty_none_sum_match_pytorch_2_13 (test_nn_functional_l1_loss_reference.FunctionalL1LossReferenceTests.test_matching_dense_transposed_offset_empty_none_sum_match_pytorch_2_13) ... ok
test_mean_reduction_cases_match_pytorch_2_13 (test_nn_functional_l1_loss_reference.FunctionalL1LossReferenceTests.test_mean_reduction_cases_match_pytorch_2_13) ... ok
test_mixed_layout_singleton_stride_matches_pytorch_2_13 (test_nn_functional_l1_loss_reference.FunctionalL1LossReferenceTests.test_mixed_layout_singleton_stride_matches_pytorch_2_13) ... ok
test_name_signature_defaults_and_annotations_match_pytorch_2_13 (test_nn_functional_l1_loss_reference.FunctionalL1LossReferenceTests.test_name_signature_defaults_and_annotations_match_pytorch_2_13) ... ok
test_rank_two_trailing_vector_sum_broadcast_matches_pytorch_2_13 (test_nn_functional_l1_loss_reference.FunctionalL1LossReferenceTests.test_rank_two_trailing_vector_sum_broadcast_matches_pytorch_2_13) ... ok
test_rank_two_trailing_vector_sum_requires_grad_matches_no_grad_and_rejects_active_autograd (test_nn_functional_l1_loss_reference.FunctionalL1LossReferenceTests.test_rank_two_trailing_vector_sum_requires_grad_matches_no_grad_and_rejects_active_autograd) ... ok
test_requires_grad_operands_match_inside_no_grad (test_nn_functional_l1_loss_reference.FunctionalL1LossReferenceTests.test_requires_grad_operands_match_inside_no_grad) ... ok
test_same_shape_contiguous_sum_edges_metadata_and_nonmutation_match_pytorch_2_13 (test_nn_functional_l1_loss_reference.FunctionalL1LossReferenceTests.test_same_shape_contiguous_sum_edges_metadata_and_nonmutation_match_pytorch_2_13) ... ok
test_scalar_broadcast_float32_edges_match_pytorch_2_13 (test_nn_functional_l1_loss_reference.FunctionalL1LossReferenceTests.test_scalar_broadcast_float32_edges_match_pytorch_2_13) ... ok
test_scalar_broadcast_requires_grad_operands_match_inside_no_grad (test_nn_functional_l1_loss_reference.FunctionalL1LossReferenceTests.test_scalar_broadcast_requires_grad_operands_match_inside_no_grad) ... ok
test_scalar_broadcast_sum_float32_edges_match_pytorch_2_13 (test_nn_functional_l1_loss_reference.FunctionalL1LossReferenceTests.test_scalar_broadcast_sum_float32_edges_match_pytorch_2_13) ... ok
test_sum_reduction_cases_match_pytorch_2_13 (test_nn_functional_l1_loss_reference.FunctionalL1LossReferenceTests.test_sum_reduction_cases_match_pytorch_2_13) ... ok
test_supported_layouts_values_storage_and_nonmutation_match (test_nn_functional_l1_loss_reference.FunctionalL1LossReferenceTests.test_supported_layouts_values_storage_and_nonmutation_match) ... ok
test_unbroadcastable_shape_warning_and_error_match_pytorch_2_13 (test_nn_functional_l1_loss_reference.FunctionalL1LossReferenceTests.test_unbroadcastable_shape_warning_and_error_match_pytorch_2_13) ... ok
test_biased_noncontiguous_rank_three_inputs_are_explicitly_rejected (test_nn_functional_linear.FunctionalLinearTests.test_biased_noncontiguous_rank_three_inputs_are_explicitly_rejected) ... ok
test_every_call_returns_fresh_storage_including_empty_outputs (test_nn_functional_linear.FunctionalLinearTests.test_every_call_returns_fresh_storage_including_empty_outputs) ... ok
test_import_signature_documentation_and_exports (test_nn_functional_linear.FunctionalLinearTests.test_import_signature_documentation_and_exports) ... ok
test_incompatible_inner_dimensions_reuse_matmul_error (test_nn_functional_linear.FunctionalLinearTests.test_incompatible_inner_dimensions_reuse_matmul_error) ... ok
test_rank_one_and_rank_two_bias_length_mismatch_uses_pytorch_expansion_error (test_nn_functional_linear.FunctionalLinearTests.test_rank_one_and_rank_two_bias_length_mismatch_uses_pytorch_expansion_error) ... ok
test_rank_one_and_rank_two_singleton_bias_values_and_empty_outputs (test_nn_functional_linear.FunctionalLinearTests.test_rank_one_and_rank_two_singleton_bias_values_and_empty_outputs) ... ok
test_rank_one_bias_seeds_signed_zero_accumulators (test_nn_functional_linear.FunctionalLinearTests.test_rank_one_bias_seeds_signed_zero_accumulators) ... ok
test_rank_one_bias_values_layouts_and_storage (test_nn_functional_linear.FunctionalLinearTests.test_rank_one_bias_values_layouts_and_storage) ... ok
test_rank_one_layouts_reuse_unsqueeze_matmul_and_squeeze (test_nn_functional_linear.FunctionalLinearTests.test_rank_one_layouts_reuse_unsqueeze_matmul_and_squeeze) ... ok
test_rank_three_bias_values_and_empty_inner_dimension (test_nn_functional_linear.FunctionalLinearTests.test_rank_three_bias_values_and_empty_inner_dimension) ... ok
test_rank_three_layouts_reuse_flatten_transpose_matmul_and_reshape (test_nn_functional_linear.FunctionalLinearTests.test_rank_three_layouts_reuse_flatten_transpose_matmul_and_reshape) ... ok
test_rank_two_bias_requires_grad_operands_need_no_grad (test_nn_functional_linear.FunctionalLinearTests.test_rank_two_bias_requires_grad_operands_need_no_grad) ... ok
test_rank_two_bias_seeds_signed_zero_accumulators (test_nn_functional_linear.FunctionalLinearTests.test_rank_two_bias_seeds_signed_zero_accumulators) ... ok
test_rank_two_bias_values_layouts_and_storage (test_nn_functional_linear.FunctionalLinearTests.test_rank_two_bias_values_layouts_and_storage) ... ok
test_rank_two_layouts_reuse_transpose_and_matmul (test_nn_functional_linear.FunctionalLinearTests.test_rank_two_layouts_reuse_transpose_and_matmul) ... ok
test_requires_grad_operands_need_no_grad (test_nn_functional_linear.FunctionalLinearTests.test_requires_grad_operands_need_no_grad) ... ok
test_unsupported_features_are_rejected_before_native_composition (test_nn_functional_linear.FunctionalLinearTests.test_unsupported_features_are_rejected_before_native_composition) ... ok
test_vector_bias_requires_grad_operands_need_no_grad (test_nn_functional_linear.FunctionalLinearTests.test_vector_bias_requires_grad_operands_need_no_grad) ... ok
test_contiguous_rank_three_bias_shapes_layouts_calls_and_sources_match (test_nn_functional_linear_reference.FunctionalLinearReferenceTests.test_contiguous_rank_three_bias_shapes_layouts_calls_and_sources_match) ... ok
test_contiguous_strided_offset_and_zero_sized_results_match (test_nn_functional_linear_reference.FunctionalLinearReferenceTests.test_contiguous_strided_offset_and_zero_sized_results_match) ... ok
test_incompatible_inner_dimension_error_matches (test_nn_functional_linear_reference.FunctionalLinearReferenceTests.test_incompatible_inner_dimension_error_matches) ... ok
test_name_and_signature_surface (test_nn_functional_linear_reference.FunctionalLinearReferenceTests.test_name_and_signature_surface) ... ok
test_noncontiguous_rank_three_inner_dimension_error_matches (test_nn_functional_linear_reference.FunctionalLinearReferenceTests.test_noncontiguous_rank_three_inner_dimension_error_matches) ... ok
test_noncontiguous_rank_three_tracked_weight_error_matches_in_no_grad (test_nn_functional_linear_reference.FunctionalLinearReferenceTests.test_noncontiguous_rank_three_tracked_weight_error_matches_in_no_grad) ... ok
test_rank_one_and_rank_two_bias_length_errors_match (test_nn_functional_linear_reference.FunctionalLinearReferenceTests.test_rank_one_and_rank_two_bias_length_errors_match) ... ok
test_rank_one_and_rank_two_singleton_bias_values_and_empty_outputs_match (test_nn_functional_linear_reference.FunctionalLinearReferenceTests.test_rank_one_and_rank_two_singleton_bias_values_and_empty_outputs_match) ... ok
test_rank_three_bias_autograd_restriction_and_no_grad_match (test_nn_functional_linear_reference.FunctionalLinearReferenceTests.test_rank_three_bias_autograd_restriction_and_no_grad_match) ... ok
test_rank_three_bias_contiguous_degenerate_strides_match (test_nn_functional_linear_reference.FunctionalLinearReferenceTests.test_rank_three_bias_contiguous_degenerate_strides_match) ... ok
test_rank_three_bias_dimension_errors_match (test_nn_functional_linear_reference.FunctionalLinearReferenceTests.test_rank_three_bias_dimension_errors_match) ... ok
test_rank_three_layouts_values_metadata_and_storage_match (test_nn_functional_linear_reference.FunctionalLinearReferenceTests.test_rank_three_layouts_values_metadata_and_storage_match) ... ok
test_rank_three_requires_grad_operands_match_inside_no_grad (test_nn_functional_linear_reference.FunctionalLinearReferenceTests.test_rank_three_requires_grad_operands_match_inside_no_grad) ... ok
test_rank_two_bias_requires_grad_operands_match_inside_no_grad (test_nn_functional_linear_reference.FunctionalLinearReferenceTests.test_rank_two_bias_requires_grad_operands_match_inside_no_grad) ... ok
test_rank_two_bias_signed_zero_bits_match (test_nn_functional_linear_reference.FunctionalLinearReferenceTests.test_rank_two_bias_signed_zero_bits_match) ... ok
test_rank_two_bias_values_layouts_and_storage_match (test_nn_functional_linear_reference.FunctionalLinearReferenceTests.test_rank_two_bias_values_layouts_and_storage_match) ... ok
test_requires_grad_operands_match_inside_no_grad (test_nn_functional_linear_reference.FunctionalLinearReferenceTests.test_requires_grad_operands_match_inside_no_grad) ... ok
test_vector_bias_requires_grad_operands_match_inside_no_grad (test_nn_functional_linear_reference.FunctionalLinearReferenceTests.test_vector_bias_requires_grad_operands_match_inside_no_grad) ... ok
test_vector_bias_signed_zero_bits_match (test_nn_functional_linear_reference.FunctionalLinearReferenceTests.test_vector_bias_signed_zero_bits_match) ... ok
test_vector_bias_values_layouts_and_storage_match (test_nn_functional_linear_reference.FunctionalLinearReferenceTests.test_vector_bias_values_layouts_and_storage_match) ... ok
test_vector_layouts_values_metadata_and_storage_match (test_nn_functional_linear_reference.FunctionalLinearReferenceTests.test_vector_layouts_values_metadata_and_storage_match) ... ok
test_vector_requires_grad_operands_match_inside_no_grad (test_nn_functional_linear_reference.FunctionalLinearReferenceTests.test_vector_requires_grad_operands_match_inside_no_grad) ... ok
test_active_torch_function_mode_is_rejected_without_dispatch (test_nn_functional_mse_loss.FunctionalMseLossTests.test_active_torch_function_mode_is_rejected_without_dispatch) ... ok
test_broadcast_none_reduction_requires_grad_is_rejected_and_no_grad_matches_composition (test_nn_functional_mse_loss.FunctionalMseLossTests.test_broadcast_none_reduction_requires_grad_is_rejected_and_no_grad_matches_composition) ... ok
test_broadcasted_inputs_match_composition_warning_and_storage (test_nn_functional_mse_loss.FunctionalMseLossTests.test_broadcasted_inputs_match_composition_warning_and_storage) ... ok
test_broadcasted_leading_singleton_stride_matches_pytorch_mse_loss (test_nn_functional_mse_loss.FunctionalMseLossTests.test_broadcasted_leading_singleton_stride_matches_pytorch_mse_loss) ... ok
test_broadcasted_singleton_output_stride_matches_pytorch_mse_loss (test_nn_functional_mse_loss.FunctionalMseLossTests.test_broadcasted_singleton_output_stride_matches_pytorch_mse_loss) ... ok
test_every_call_returns_fresh_independent_storage (test_nn_functional_mse_loss.FunctionalMseLossTests.test_every_call_returns_fresh_independent_storage) ... ok
test_float32_edge_values_match_fused_kernel_bits (test_nn_functional_mse_loss.FunctionalMseLossTests.test_float32_edge_values_match_fused_kernel_bits) ... ok
test_high_rank_scalar_broadcast_warning_is_fallible (test_nn_functional_mse_loss.FunctionalMseLossTests.test_high_rank_scalar_broadcast_warning_is_fallible) ... ok
test_import_signature_documentation_and_exports (test_nn_functional_mse_loss.FunctionalMseLossTests.test_import_signature_documentation_and_exports) ... ok
test_mean_reduction_cases_match_composition_warning_storage_and_default (test_nn_functional_mse_loss.FunctionalMseLossTests.test_mean_reduction_cases_match_composition_warning_storage_and_default) ... ok
test_mean_reduction_first_order_backward_matches_composition (test_nn_functional_mse_loss.FunctionalMseLossTests.test_mean_reduction_first_order_backward_matches_composition) ... ok
test_mean_reduction_requires_grad_operands_match_inside_no_grad (test_nn_functional_mse_loss.FunctionalMseLossTests.test_mean_reduction_requires_grad_operands_match_inside_no_grad) ... ok
test_mean_reduction_same_shape_contiguous_fast_path_cases (test_nn_functional_mse_loss.FunctionalMseLossTests.test_mean_reduction_same_shape_contiguous_fast_path_cases) ... ok
test_mean_reduction_same_shape_contiguous_no_grad_leaves (test_nn_functional_mse_loss.FunctionalMseLossTests.test_mean_reduction_same_shape_contiguous_no_grad_leaves) ... ok
test_mixed_layout_singleton_keeps_binary_tensoriterator_stride (test_nn_functional_mse_loss.FunctionalMseLossTests.test_mixed_layout_singleton_keeps_binary_tensoriterator_stride) ... ok
test_none_reduction_same_shape_requires_grad_matches_composition (test_nn_functional_mse_loss.FunctionalMseLossTests.test_none_reduction_same_shape_requires_grad_matches_composition) ... ok
test_python_argument_binding_matches_the_canonical_signature (test_nn_functional_mse_loss.FunctionalMseLossTests.test_python_argument_binding_matches_the_canonical_signature) ... ok
test_rank_two_trailing_vector_sum_broadcast_matches_composition_warning_metadata_and_nonmutation (test_nn_functional_mse_loss.FunctionalMseLossTests.test_rank_two_trailing_vector_sum_broadcast_matches_composition_warning_metadata_and_nonmutation) ... ok
test_rank_two_trailing_vector_sum_requires_grad_uses_no_grad_and_active_autograd_fallback (test_nn_functional_mse_loss.FunctionalMseLossTests.test_rank_two_trailing_vector_sum_requires_grad_uses_no_grad_and_active_autograd_fallback) ... ok
test_rejected_calls_do_not_mutate_operands_or_gradients (test_nn_functional_mse_loss.FunctionalMseLossTests.test_rejected_calls_do_not_mutate_operands_or_gradients) ... ok
test_same_stride_noncontiguous_cases_match_fused_kernel_bits (test_nn_functional_mse_loss.FunctionalMseLossTests.test_same_stride_noncontiguous_cases_match_fused_kernel_bits) ... ok
test_same_stride_noncontiguous_none_reduction_requires_grad_matches_composition (test_nn_functional_mse_loss.FunctionalMseLossTests.test_same_stride_noncontiguous_none_reduction_requires_grad_matches_composition) ... ok
test_scalar_broadcast_float32_edges_match_fused_kernel_bits (test_nn_functional_mse_loss.FunctionalMseLossTests.test_scalar_broadcast_float32_edges_match_fused_kernel_bits) ... ok
test_sum_reduction_backward_edge_bits_match_pytorch_2_13_contract (test_nn_functional_mse_loss.FunctionalMseLossTests.test_sum_reduction_backward_edge_bits_match_pytorch_2_13_contract) ... ok
test_sum_reduction_cases_match_composition_warning_and_storage (test_nn_functional_mse_loss.FunctionalMseLossTests.test_sum_reduction_cases_match_composition_warning_and_storage) ... ok
test_sum_reduction_first_order_backward_matches_composition (test_nn_functional_mse_loss.FunctionalMseLossTests.test_sum_reduction_first_order_backward_matches_composition) ... ok
test_sum_reduction_no_grad_view_repeated_backward_reports_freed_graph (test_nn_functional_mse_loss.FunctionalMseLossTests.test_sum_reduction_no_grad_view_repeated_backward_reports_freed_graph) ... ok
test_sum_reduction_requires_grad_operands_match_inside_no_grad (test_nn_functional_mse_loss.FunctionalMseLossTests.test_sum_reduction_requires_grad_operands_match_inside_no_grad) ... ok
test_sum_reduction_same_shape_contiguous_active_autograd_accumulates_existing_gradients (test_nn_functional_mse_loss.FunctionalMseLossTests.test_sum_reduction_same_shape_contiguous_active_autograd_accumulates_existing_gradients) ... ok
test_sum_reduction_same_shape_contiguous_fast_path_cases (test_nn_functional_mse_loss.FunctionalMseLossTests.test_sum_reduction_same_shape_contiguous_fast_path_cases) ... ok
test_sum_reduction_same_shape_contiguous_no_grad_leaves (test_nn_functional_mse_loss.FunctionalMseLossTests.test_sum_reduction_same_shape_contiguous_no_grad_leaves) ... ok
test_supported_forms_match_subtraction_and_square_composition (test_nn_functional_mse_loss.FunctionalMseLossTests.test_supported_forms_match_subtraction_and_square_composition) ... ok
test_unsupported_options_shapes_and_operands_are_rejected (test_nn_functional_mse_loss.FunctionalMseLossTests.test_unsupported_options_shapes_and_operands_are_rejected) ... ok
test_broadcast_requires_grad_operands_match_inside_no_grad (test_nn_functional_mse_loss_reference.FunctionalMseLossReferenceTests.test_broadcast_requires_grad_operands_match_inside_no_grad) ... ok
test_broadcasted_outputs_strides_warnings_storage_and_nonmutation_match (test_nn_functional_mse_loss_reference.FunctionalMseLossReferenceTests.test_broadcasted_outputs_strides_warnings_storage_and_nonmutation_match) ... ok
test_float32_edge_bits_match_pytorch_2_13 (test_nn_functional_mse_loss_reference.FunctionalMseLossReferenceTests.test_float32_edge_bits_match_pytorch_2_13) ... ok
test_mean_reduction_cases_match_pytorch_2_13 (test_nn_functional_mse_loss_reference.FunctionalMseLossReferenceTests.test_mean_reduction_cases_match_pytorch_2_13) ... ok
test_mean_reduction_first_order_backward_matches_pytorch_2_13 (test_nn_functional_mse_loss_reference.FunctionalMseLossReferenceTests.test_mean_reduction_first_order_backward_matches_pytorch_2_13) ... ok
test_mean_reduction_requires_grad_operands_match_inside_no_grad (test_nn_functional_mse_loss_reference.FunctionalMseLossReferenceTests.test_mean_reduction_requires_grad_operands_match_inside_no_grad) ... ok
test_mean_reduction_same_shape_contiguous_cases_match_pytorch_2_13 (test_nn_functional_mse_loss_reference.FunctionalMseLossReferenceTests.test_mean_reduction_same_shape_contiguous_cases_match_pytorch_2_13) ... ok
test_mixed_layout_singleton_stride_matches_pytorch_2_13 (test_nn_functional_mse_loss_reference.FunctionalMseLossReferenceTests.test_mixed_layout_singleton_stride_matches_pytorch_2_13) ... ok
test_name_signature_defaults_and_annotations_match_pytorch_2_13 (test_nn_functional_mse_loss_reference.FunctionalMseLossReferenceTests.test_name_signature_defaults_and_annotations_match_pytorch_2_13) ... ok
test_none_reduction_broadcast_active_autograd_is_rejected (test_nn_functional_mse_loss_reference.FunctionalMseLossReferenceTests.test_none_reduction_broadcast_active_autograd_is_rejected) ... ok
test_none_reduction_first_order_backward_matches_pytorch_2_13 (test_nn_functional_mse_loss_reference.FunctionalMseLossReferenceTests.test_none_reduction_first_order_backward_matches_pytorch_2_13) ... ok
test_rank_two_trailing_vector_sum_broadcast_matches_pytorch_2_13 (test_nn_functional_mse_loss_reference.FunctionalMseLossReferenceTests.test_rank_two_trailing_vector_sum_broadcast_matches_pytorch_2_13) ... ok
test_rank_two_trailing_vector_sum_requires_grad_matches_no_grad_and_active_autograd (test_nn_functional_mse_loss_reference.FunctionalMseLossReferenceTests.test_rank_two_trailing_vector_sum_requires_grad_matches_no_grad_and_active_autograd) ... ok
test_requires_grad_operands_match_inside_no_grad (test_nn_functional_mse_loss_reference.FunctionalMseLossReferenceTests.test_requires_grad_operands_match_inside_no_grad) ... ok
test_same_shape_contiguous_cases_match_pytorch_2_13 (test_nn_functional_mse_loss_reference.FunctionalMseLossReferenceTests.test_same_shape_contiguous_cases_match_pytorch_2_13) ... ok
test_same_stride_noncontiguous_cases_match_pytorch_2_13 (test_nn_functional_mse_loss_reference.FunctionalMseLossReferenceTests.test_same_stride_noncontiguous_cases_match_pytorch_2_13) ... ok
test_same_stride_noncontiguous_requires_grad_matches_inside_no_grad (test_nn_functional_mse_loss_reference.FunctionalMseLossReferenceTests.test_same_stride_noncontiguous_requires_grad_matches_inside_no_grad) ... ok
test_scalar_broadcast_float32_edge_bits_match_pytorch_2_13 (test_nn_functional_mse_loss_reference.FunctionalMseLossReferenceTests.test_scalar_broadcast_float32_edge_bits_match_pytorch_2_13) ... ok
test_sum_reduction_backward_edge_bits_match_pytorch_2_13 (test_nn_functional_mse_loss_reference.FunctionalMseLossReferenceTests.test_sum_reduction_backward_edge_bits_match_pytorch_2_13) ... ok
test_sum_reduction_cases_match_pytorch_2_13 (test_nn_functional_mse_loss_reference.FunctionalMseLossReferenceTests.test_sum_reduction_cases_match_pytorch_2_13) ... ok
test_sum_reduction_first_order_backward_matches_pytorch_2_13 (test_nn_functional_mse_loss_reference.FunctionalMseLossReferenceTests.test_sum_reduction_first_order_backward_matches_pytorch_2_13) ... ok
test_sum_reduction_no_grad_view_repeated_backward_matches_pytorch_2_13 (test_nn_functional_mse_loss_reference.FunctionalMseLossReferenceTests.test_sum_reduction_no_grad_view_repeated_backward_matches_pytorch_2_13) ... ok
test_sum_reduction_requires_grad_operands_match_inside_no_grad (test_nn_functional_mse_loss_reference.FunctionalMseLossReferenceTests.test_sum_reduction_requires_grad_operands_match_inside_no_grad) ... ok
test_sum_reduction_same_shape_contiguous_active_autograd_accumulates_like_pytorch_2_13 (test_nn_functional_mse_loss_reference.FunctionalMseLossReferenceTests.test_sum_reduction_same_shape_contiguous_active_autograd_accumulates_like_pytorch_2_13) ... ok
test_sum_reduction_same_shape_contiguous_cases_match_pytorch_2_13 (test_nn_functional_mse_loss_reference.FunctionalMseLossReferenceTests.test_sum_reduction_same_shape_contiguous_cases_match_pytorch_2_13) ... ok
test_supported_layouts_values_storage_and_nonmutation_match (test_nn_functional_mse_loss_reference.FunctionalMseLossReferenceTests.test_supported_layouts_values_storage_and_nonmutation_match) ... ok
test_unbroadcastable_shape_warning_and_error_match_pytorch_2_13 (test_nn_functional_mse_loss_reference.FunctionalMseLossReferenceTests.test_unbroadcastable_shape_warning_and_error_match_pytorch_2_13) ... ok
test_autograd_and_no_grad_reuse_native_behavior (test_nn_functional_relu.FunctionalReluTests.test_autograd_and_no_grad_reuse_native_behavior) ... ok
test_imports_signature_and_documentation (test_nn_functional_relu.FunctionalReluTests.test_imports_signature_and_documentation) ... ok
test_inplace_true_fails_before_mutating_the_input (test_nn_functional_relu.FunctionalReluTests.test_inplace_true_fails_before_mutating_the_input) ... ok
test_out_of_place_forms_delegate_to_native_relu (test_nn_functional_relu.FunctionalReluTests.test_out_of_place_forms_delegate_to_native_relu) ... ok
test_autograd_matches_for_every_layout_case (test_nn_functional_relu_reference.FunctionalReluReferenceTests.test_autograd_matches_for_every_layout_case) ... ok
test_imports_signature_and_documentation_match_pytorch_2_13 (test_nn_functional_relu_reference.FunctionalReluReferenceTests.test_imports_signature_and_documentation_match_pytorch_2_13) ... ok
test_inplace_true_is_explicitly_unsupported_and_non_mutating (test_nn_functional_relu_reference.FunctionalReluReferenceTests.test_inplace_true_is_explicitly_unsupported_and_non_mutating) ... ok
test_no_grad_matches_for_every_layout_case (test_nn_functional_relu_reference.FunctionalReluReferenceTests.test_no_grad_matches_for_every_layout_case) ... ok
test_values_layouts_and_out_of_place_calls_match_pytorch_2_13 (test_nn_functional_relu_reference.FunctionalReluReferenceTests.test_values_layouts_and_out_of_place_calls_match_pytorch_2_13) ... ok
test_argument_receiver_and_scope_errors (test_nn_functional_sigmoid.FunctionalSigmoidTests.test_argument_receiver_and_scope_errors) ... ok
test_delegates_values_layout_and_storage_to_tensor_sigmoid (test_nn_functional_sigmoid.FunctionalSigmoidTests.test_delegates_values_layout_and_storage_to_tensor_sigmoid) ... ok
test_direct_receiver_and_subclass_method_semantics (test_nn_functional_sigmoid.FunctionalSigmoidTests.test_direct_receiver_and_subclass_method_semantics) ... ok
test_finite_owned_matrix_autograd_and_unsupported_boundaries (test_nn_functional_sigmoid.FunctionalSigmoidTests.test_finite_owned_matrix_autograd_and_unsupported_boundaries) ... ok
test_finite_owned_rank_five_autograd_matches_the_tensor_method (test_nn_functional_sigmoid.FunctionalSigmoidTests.test_finite_owned_rank_five_autograd_matches_the_tensor_method) ... ok
test_finite_owned_rank_four_autograd_matches_the_tensor_method (test_nn_functional_sigmoid.FunctionalSigmoidTests.test_finite_owned_rank_four_autograd_matches_the_tensor_method) ... ok
test_finite_owned_rank_six_and_high_rank_autograd_matches_tensor_method (test_nn_functional_sigmoid.FunctionalSigmoidTests.test_finite_owned_rank_six_and_high_rank_autograd_matches_tensor_method) ... ok
test_finite_owned_rank_three_autograd_matches_the_tensor_method (test_nn_functional_sigmoid.FunctionalSigmoidTests.test_finite_owned_rank_three_autograd_matches_the_tensor_method) ... ok
test_imports_signature_documentation_copy_and_pickle (test_nn_functional_sigmoid.FunctionalSigmoidTests.test_imports_signature_documentation_copy_and_pickle) ... ok
test_modes_observe_the_tensorbase_method_descriptor (test_nn_functional_sigmoid.FunctionalSigmoidTests.test_modes_observe_the_tensorbase_method_descriptor) ... ok
test_scalar_and_rank_one_autograd_preserve_existing_unsupported_boundaries (test_nn_functional_sigmoid.FunctionalSigmoidTests.test_scalar_and_rank_one_autograd_preserve_existing_unsupported_boundaries) ... ok
test_argument_and_receiver_errors_match_pytorch_2_13 (test_nn_functional_sigmoid_reference.FunctionalSigmoidReferenceTests.test_argument_and_receiver_errors_match_pytorch_2_13) ... ok
test_metadata_documentation_copy_and_pickle_match_pytorch_2_13 (test_nn_functional_sigmoid_reference.FunctionalSigmoidReferenceTests.test_metadata_documentation_copy_and_pickle_match_pytorch_2_13) ... ok
test_modes_observe_tensorbase_descriptor_like_pytorch_2_13 (test_nn_functional_sigmoid_reference.FunctionalSigmoidReferenceTests.test_modes_observe_tensorbase_descriptor_like_pytorch_2_13) ... ok
test_rank_five_autograd_matches_pytorch_2_13 (test_nn_functional_sigmoid_reference.FunctionalSigmoidReferenceTests.test_rank_five_autograd_matches_pytorch_2_13) ... ok
test_rank_four_autograd_matches_pytorch_2_13 (test_nn_functional_sigmoid_reference.FunctionalSigmoidReferenceTests.test_rank_four_autograd_matches_pytorch_2_13) ... ok
test_rank_six_and_high_rank_autograd_match_pytorch_2_13 (test_nn_functional_sigmoid_reference.FunctionalSigmoidReferenceTests.test_rank_six_and_high_rank_autograd_match_pytorch_2_13) ... ok
test_rank_three_autograd_matches_pytorch_2_13 (test_nn_functional_sigmoid_reference.FunctionalSigmoidReferenceTests.test_rank_three_autograd_matches_pytorch_2_13) ... ok
test_rank_two_autograd_and_boundaries_match_pytorch_2_13 (test_nn_functional_sigmoid_reference.FunctionalSigmoidReferenceTests.test_rank_two_autograd_and_boundaries_match_pytorch_2_13) ... ok
test_receiver_and_subclass_method_semantics_match_pytorch_2_13 (test_nn_functional_sigmoid_reference.FunctionalSigmoidReferenceTests.test_receiver_and_subclass_method_semantics_match_pytorch_2_13) ... ok
test_supported_and_unsupported_boundaries_are_explicit (test_nn_functional_sigmoid_reference.FunctionalSigmoidReferenceTests.test_supported_and_unsupported_boundaries_are_explicit) ... ok
test_values_layouts_and_storage_match_pytorch_2_13 (test_nn_functional_sigmoid_reference.FunctionalSigmoidReferenceTests.test_values_layouts_and_storage_match_pytorch_2_13) ... ok
test_argument_errors_and_unsupported_surface (test_nn_functional_silu.FunctionalSiluTests.test_argument_errors_and_unsupported_surface) ... ok
test_default_form_matches_sigmoid_multiplication_layout_and_storage (test_nn_functional_silu.FunctionalSiluTests.test_default_form_matches_sigmoid_multiplication_layout_and_storage) ... ok
test_imports_signature_documentation_copy_and_pickle (test_nn_functional_silu.FunctionalSiluTests.test_imports_signature_documentation_copy_and_pickle) ... ok
test_inplace_true_and_unsupported_autograd_fail_before_mutation (test_nn_functional_silu.FunctionalSiluTests.test_inplace_true_and_unsupported_autograd_fail_before_mutation) ... ok
test_numerical_edges_match_sigmoid_multiplication_bitwise (test_nn_functional_silu.FunctionalSiluTests.test_numerical_edges_match_sigmoid_multiplication_bitwise) ... ok
test_supported_autograd_matches_explicit_composition (test_nn_functional_silu.FunctionalSiluTests.test_supported_autograd_matches_explicit_composition) ... ok
test_torch_function_overrides_and_modes_observe_the_public_function (test_nn_functional_silu.FunctionalSiluTests.test_torch_function_overrides_and_modes_observe_the_public_function) ... ok
test_binding_errors_match_and_unsupported_boundaries_are_explicit (test_nn_functional_silu_reference.FunctionalSiluReferenceTests.test_binding_errors_match_and_unsupported_boundaries_are_explicit) ... ok
test_default_values_layouts_storage_and_nonmutation_match_pytorch_2_13 (test_nn_functional_silu_reference.FunctionalSiluReferenceTests.test_default_values_layouts_storage_and_nonmutation_match_pytorch_2_13) ... ok
test_metadata_copy_and_pickle_match_pytorch_2_13 (test_nn_functional_silu_reference.FunctionalSiluReferenceTests.test_metadata_copy_and_pickle_match_pytorch_2_13) ... ok
test_modes_and_overrides_match_pytorch_2_13 (test_nn_functional_silu_reference.FunctionalSiluReferenceTests.test_modes_and_overrides_match_pytorch_2_13) ... ok
test_supported_autograd_matches_pytorch_2_13 (test_nn_functional_silu_reference.FunctionalSiluReferenceTests.test_supported_autograd_matches_pytorch_2_13) ... ok
test_active_autograd_is_rejected_before_composition (test_nn_functional_softsign.FunctionalSoftsignTests.test_active_autograd_is_rejected_before_composition) ... ok
test_argument_errors_and_module_boundary (test_nn_functional_softsign.FunctionalSoftsignTests.test_argument_errors_and_module_boundary) ... ok
test_detached_and_no_grad_inputs_use_the_inference_path (test_nn_functional_softsign.FunctionalSoftsignTests.test_detached_and_no_grad_inputs_use_the_inference_path) ... ok
test_every_call_has_fresh_independent_storage (test_nn_functional_softsign.FunctionalSoftsignTests.test_every_call_has_fresh_independent_storage) ... ok
test_import_signature_documentation_copy_and_pickle (test_nn_functional_softsign.FunctionalSoftsignTests.test_import_signature_documentation_copy_and_pickle) ... ok
test_numerical_edges_match_the_primitive_composition_bitwise (test_nn_functional_softsign.FunctionalSoftsignTests.test_numerical_edges_match_the_primitive_composition_bitwise) ... ok
test_overrides_and_modes_observe_the_public_function (test_nn_functional_softsign.FunctionalSoftsignTests.test_overrides_and_modes_observe_the_public_function) ... ok
test_supported_layouts_match_the_primitive_composition (test_nn_functional_softsign.FunctionalSoftsignTests.test_supported_layouts_match_the_primitive_composition) ... ok
test_argument_errors_match_and_module_boundary_is_explicit (test_nn_functional_softsign_reference.FunctionalSoftsignReferenceTests.test_argument_errors_match_and_module_boundary_is_explicit) ... ok
test_every_call_returns_fresh_storage_like_pytorch_2_13 (test_nn_functional_softsign_reference.FunctionalSoftsignReferenceTests.test_every_call_returns_fresh_storage_like_pytorch_2_13) ... ok
test_metadata_copy_and_pickle_match_pytorch_2_13 (test_nn_functional_softsign_reference.FunctionalSoftsignReferenceTests.test_metadata_copy_and_pickle_match_pytorch_2_13) ... ok
test_modes_and_overrides_match_pytorch_2_13 (test_nn_functional_softsign_reference.FunctionalSoftsignReferenceTests.test_modes_and_overrides_match_pytorch_2_13) ... ok
test_tracked_inputs_match_inside_no_grad_and_after_detach (test_nn_functional_softsign_reference.FunctionalSoftsignReferenceTests.test_tracked_inputs_match_inside_no_grad_and_after_detach) ... ok
test_values_bits_layouts_storage_and_nonmutation_match (test_nn_functional_softsign_reference.FunctionalSoftsignReferenceTests.test_values_bits_layouts_storage_and_nonmutation_match) ... ok
test_argument_receiver_and_scope_errors (test_nn_functional_tanh.FunctionalTanhTests.test_argument_receiver_and_scope_errors) ... ok
test_delegates_values_layout_and_storage_to_tensor_tanh (test_nn_functional_tanh.FunctionalTanhTests.test_delegates_values_layout_and_storage_to_tensor_tanh) ... ok
test_direct_receiver_and_subclass_method_semantics (test_nn_functional_tanh.FunctionalTanhTests.test_direct_receiver_and_subclass_method_semantics) ... ok
test_imports_signature_documentation_copy_and_pickle (test_nn_functional_tanh.FunctionalTanhTests.test_imports_signature_documentation_copy_and_pickle) ... ok
test_modes_observe_the_tensorbase_method_descriptor (test_nn_functional_tanh.FunctionalTanhTests.test_modes_observe_the_tensorbase_method_descriptor) ... ok
test_rank_four_or_lower_leaf_autograd_preserves_unsupported_boundaries (test_nn_functional_tanh.FunctionalTanhTests.test_rank_four_or_lower_leaf_autograd_preserves_unsupported_boundaries) ... ok
test_argument_and_receiver_errors_match_pytorch_2_13 (test_nn_functional_tanh_reference.FunctionalTanhReferenceTests.test_argument_and_receiver_errors_match_pytorch_2_13) ... ok
test_metadata_documentation_copy_and_pickle_match_pytorch_2_13 (test_nn_functional_tanh_reference.FunctionalTanhReferenceTests.test_metadata_documentation_copy_and_pickle_match_pytorch_2_13) ... ok
test_modes_observe_tensorbase_descriptor_like_pytorch_2_13 (test_nn_functional_tanh_reference.FunctionalTanhReferenceTests.test_modes_observe_tensorbase_descriptor_like_pytorch_2_13) ... ok
test_receiver_and_subclass_method_semantics_match_pytorch_2_13 (test_nn_functional_tanh_reference.FunctionalTanhReferenceTests.test_receiver_and_subclass_method_semantics_match_pytorch_2_13) ... ok
test_supported_and_unsupported_boundaries_are_explicit (test_nn_functional_tanh_reference.FunctionalTanhReferenceTests.test_supported_and_unsupported_boundaries_are_explicit) ... ok
test_values_layouts_and_storage_match_pytorch_2_13 (test_nn_functional_tanh_reference.FunctionalTanhReferenceTests.test_values_layouts_and_storage_match_pytorch_2_13) ... ok
test_public_signature_and_composition (test_nn_functional_tanhshrink.FunctionalTanhshrinkTests.test_public_signature_and_composition) ... ok
test_unsupported_grad_inputs_preserve_tanh_boundary_and_input (test_nn_functional_tanhshrink.FunctionalTanhshrinkTests.test_unsupported_grad_inputs_preserve_tanh_boundary_and_input) ... ok
test_binding_and_invalid_receiver_errors (test_nn_functional_tanhshrink_reference.FunctionalTanhshrinkReferenceTests.test_binding_and_invalid_receiver_errors) ... ok
test_cuda_input_retains_native_rejection (test_nn_functional_tanhshrink_reference.FunctionalTanhshrinkReferenceTests.test_cuda_input_retains_native_rejection) ... ok
test_inference_values_strides_fresh_storage_and_nonmutation (test_nn_functional_tanhshrink_reference.FunctionalTanhshrinkReferenceTests.test_inference_values_strides_fresh_storage_and_nonmutation) ... ok
test_leaf_gradients_all_supported_ranks_and_accumulation (test_nn_functional_tanhshrink_reference.FunctionalTanhshrinkReferenceTests.test_leaf_gradients_all_supported_ranks_and_accumulation) ... ok
test_no_grad_and_detach_accept_broader_inference_inputs (test_nn_functional_tanhshrink_reference.FunctionalTanhshrinkReferenceTests.test_no_grad_and_detach_accept_broader_inference_inputs) ... ok
test_overrides_modes_and_forwarding (test_nn_functional_tanhshrink_reference.FunctionalTanhshrinkReferenceTests.test_overrides_modes_and_forwarding) ... ok
test_signature_metadata_and_function_identity (test_nn_functional_tanhshrink_reference.FunctionalTanhshrinkReferenceTests.test_signature_metadata_and_function_identity) ... ok
test_canonical_imports_and_minimal_exports (test_nn_init_calculate_gain.CalculateGainTests.test_canonical_imports_and_minimal_exports) ... ok
test_every_supported_nonlinearity_and_return_type (test_nn_init_calculate_gain.CalculateGainTests.test_every_supported_nonlinearity_and_return_type) ... ok
test_invalid_leaky_relu_parameters_and_unsupported_nonlinearities (test_nn_init_calculate_gain.CalculateGainTests.test_invalid_leaky_relu_parameters_and_unsupported_nonlinearities) ... ok
test_leaky_relu_default_explicit_values_and_numeric_subclasses (test_nn_init_calculate_gain.CalculateGainTests.test_leaky_relu_default_explicit_values_and_numeric_subclasses) ... ok
test_python_call_validation (test_nn_init_calculate_gain.CalculateGainTests.test_python_call_validation) ... ok
test_signature_annotations_metadata_documentation_and_pickle (test_nn_init_calculate_gain.CalculateGainTests.test_signature_annotations_metadata_documentation_and_pickle) ... ok
test_all_numeric_results_argument_forms_and_ignored_parameters_match (test_nn_init_calculate_gain_reference.CalculateGainReferenceTests.test_all_numeric_results_argument_forms_and_ignored_parameters_match) ... ok
test_imports_exports_and_unsupported_initializers_match_scope (test_nn_init_calculate_gain_reference.CalculateGainReferenceTests.test_imports_exports_and_unsupported_initializers_match_scope) ... ok
test_leaky_relu_parameter_domain_and_numerical_edges_match (test_nn_init_calculate_gain_reference.CalculateGainReferenceTests.test_leaky_relu_parameter_domain_and_numerical_edges_match) ... ok
test_python_call_validation_errors_match (test_nn_init_calculate_gain_reference.CalculateGainReferenceTests.test_python_call_validation_errors_match) ... ok
test_signature_annotations_metadata_documentation_and_pickle_match (test_nn_init_calculate_gain_reference.CalculateGainReferenceTests.test_signature_annotations_metadata_documentation_and_pickle_match) ... ok
test_unsupported_and_runtime_duck_typed_nonlinearities_match (test_nn_init_calculate_gain_reference.CalculateGainReferenceTests.test_unsupported_and_runtime_duck_typed_nonlinearities_match) ... ok
test_instance_and_subclass_state_match_pytorch_2_13 (test_no_grad_namespace.NoGradNamespaceReferenceTests.test_instance_and_subclass_state_match_pytorch_2_13) ... ok
test_namespace_metadata_copy_and_pickle_match_pytorch_2_13 (test_no_grad_namespace.NoGradNamespaceReferenceTests.test_namespace_metadata_copy_and_pickle_match_pytorch_2_13) ... ok
test_set_grad_enabled_namespace_exports_match_pytorch_2_13 (test_no_grad_namespace.NoGradNamespaceReferenceTests.test_set_grad_enabled_namespace_exports_match_pytorch_2_13) ... ok
test_subclass_getnewargs_matches_pytorch_2_13 (test_no_grad_namespace.NoGradNamespaceReferenceTests.test_subclass_getnewargs_matches_pytorch_2_13) ... ok
test_aliases_preserve_context_decorator_generator_and_thread_behavior (test_no_grad_namespace.NoGradNamespaceTests.test_aliases_preserve_context_decorator_generator_and_thread_behavior) ... ok
test_canonical_imports_are_identical_and_minimal (test_no_grad_namespace.NoGradNamespaceTests.test_canonical_imports_are_identical_and_minimal) ... ok
test_copy_and_pickle_honor_subclass_getnewargs (test_no_grad_namespace.NoGradNamespaceTests.test_copy_and_pickle_honor_subclass_getnewargs) ... ok
test_copy_and_pickle_preserve_instance_and_subclass_state (test_no_grad_namespace.NoGradNamespaceTests.test_copy_and_pickle_preserve_instance_and_subclass_state) ... ok
test_metadata_copy_and_pickle_resolve_through_grad_mode (test_no_grad_namespace.NoGradNamespaceTests.test_metadata_copy_and_pickle_resolve_through_grad_mode) ... ok
test_constants_are_exact_python_floats_with_ieee_classifications (test_numeric_constants.NumericConstantTests.test_constants_are_exact_python_floats_with_ieee_classifications) ... ok
test_copy_and_pickle_preserve_plain_float_contracts (test_numeric_constants.NumericConstantTests.test_copy_and_pickle_preserve_plain_float_contracts) ... ok
test_direct_and_wildcard_exports_are_stable (test_numeric_constants.NumericConstantTests.test_direct_and_wildcard_exports_are_stable) ... ok
test_tensor_defaults_and_scalar_arithmetic_are_unchanged (test_numeric_constants.NumericConstantTests.test_tensor_defaults_and_scalar_arithmetic_are_unchanged) ... ok
test_namespace_and_values_match_pytorch_2_13 (test_numeric_constants_reference.NumericConstantReferenceTests.test_namespace_and_values_match_pytorch_2_13) ... ok
test_tensor_defaults_and_arithmetic_match_pytorch_2_13 (test_numeric_constants_reference.NumericConstantReferenceTests.test_tensor_defaults_and_arithmetic_match_pytorch_2_13) ... ok
test_default_layout_and_unpinned_keywords_cover_supported_size_forms (test_ones.OnesTests.test_default_layout_and_unpinned_keywords_cover_supported_size_forms) ... ok
test_existing_sequence_and_keyword_forms_are_unchanged (test_ones.OnesTests.test_existing_sequence_and_keyword_forms_are_unchanged) ... ok
test_one_positional_dimension_uses_the_index_protocol (test_ones.OnesTests.test_one_positional_dimension_uses_the_index_protocol) ... ok
test_one_positional_integer_matches_singleton_size (test_ones.OnesTests.test_one_positional_integer_matches_singleton_size) ... ok
test_out_none_uses_default_fresh_allocation (test_ones.OnesTests.test_out_none_uses_default_fresh_allocation) ... ok
test_out_tensor_nondefault_layout_and_pinned_memory_remain_unsupported (test_ones.OnesTests.test_out_tensor_nondefault_layout_and_pinned_memory_remain_unsupported) ... ok
test_variadic_integer_dimensions_create_multidimensional_tensors (test_ones.OnesTests.test_variadic_integer_dimensions_create_multidimensional_tensors) ... ok
test_zero_negative_boolean_and_overflowing_dimensions (test_ones.OnesTests.test_zero_negative_boolean_and_overflowing_dimensions) ... ok
test_callable_metadata_exports_copy_pickle_and_reload (test_ones_like.OnesLikeTests.test_callable_metadata_exports_copy_pickle_and_reload) ... ok
test_input_keyword_aliases_match_generated_binding_forms (test_ones_like.OnesLikeTests.test_input_keyword_aliases_match_generated_binding_forms) ... ok
test_rejects_bad_input_subclasses_modes_and_bad_call_forms (test_ones_like.OnesLikeTests.test_rejects_bad_input_subclasses_modes_and_bad_call_forms) ... ok
test_rejects_noncontiguous_channels_last_and_nondefault_metadata (test_ones_like.OnesLikeTests.test_rejects_noncontiguous_channels_last_and_nondefault_metadata) ... ok
test_requires_grad_and_no_grad_match_factory_semantics (test_ones_like.OnesLikeTests.test_requires_grad_and_no_grad_match_factory_semantics) ... ok
test_supported_default_metadata_matches_input_shape_and_stride (test_ones_like.OnesLikeTests.test_supported_default_metadata_matches_input_shape_and_stride) ... ok
test_no_grad_requires_grad_behavior_matches_pytorch_2_13 (test_ones_like_reference.OnesLikeReferenceTests.test_no_grad_requires_grad_behavior_matches_pytorch_2_13) ... ok
test_supported_metadata_and_values_match_pytorch_2_13 (test_ones_like_reference.OnesLikeReferenceTests.test_supported_metadata_and_values_match_pytorch_2_13) ... ok
test_default_layout_and_pin_memory_options_match_pytorch_2_13 (test_ones_reference.OnesReferenceTests.test_default_layout_and_pin_memory_options_match_pytorch_2_13) ... ok
test_dimension_errors_match_pytorch_2_13 (test_ones_reference.OnesReferenceTests.test_dimension_errors_match_pytorch_2_13) ... ok
test_later_sequence_dimensions_wait_for_keyword_precedence_match_pytorch_2_13 (test_ones_reference.OnesReferenceTests.test_later_sequence_dimensions_wait_for_keyword_precedence_match_pytorch_2_13) ... ok
test_layout_pin_memory_error_order_matches_pytorch_2_13 (test_ones_reference.OnesReferenceTests.test_layout_pin_memory_error_order_matches_pytorch_2_13) ... ok
test_mixed_invalid_scalar_validation_order_matches_pytorch_2_13 (test_ones_reference.OnesReferenceTests.test_mixed_invalid_scalar_validation_order_matches_pytorch_2_13) ... ok
test_negative_size_is_validated_before_cuda_device_resolution (test_ones_reference.OnesReferenceTests.test_negative_size_is_validated_before_cuda_device_resolution) ... ok
test_out_none_results_and_storage_freshness_match_pytorch_2_13 (test_ones_reference.OnesReferenceTests.test_out_none_results_and_storage_freshness_match_pytorch_2_13) ... ok
test_out_type_error_order_matches_pytorch_2_13 (test_ones_reference.OnesReferenceTests.test_out_type_error_order_matches_pytorch_2_13) ... ok
test_scalar_results_and_metadata_match_pytorch_2_13 (test_ones_reference.OnesReferenceTests.test_scalar_results_and_metadata_match_pytorch_2_13) ... ok
test_sequence_size_with_extra_positional_matches_pytorch_2_13 (test_ones_reference.OnesReferenceTests.test_sequence_size_with_extra_positional_matches_pytorch_2_13) ... ok
test_sequence_subclass_with_index_and_extra_positional_matches_pytorch_2_13 (test_ones_reference.OnesReferenceTests.test_sequence_subclass_with_index_and_extra_positional_matches_pytorch_2_13) ... ok
test_unsupported_dtype_device_layout_and_pin_memory_boundaries_are_pinned (test_ones_reference.OnesReferenceTests.test_unsupported_dtype_device_layout_and_pin_memory_boundaries_are_pinned) ... ok
test_variadic_leading_index_provider_calls_match_pytorch_2_13 (test_ones_reference.OnesReferenceTests.test_variadic_leading_index_provider_calls_match_pytorch_2_13) ... ok
test_variadic_results_and_metadata_match_pytorch_2_13 (test_ones_reference.OnesReferenceTests.test_variadic_results_and_metadata_match_pytorch_2_13) ... ok
test_fixed_seed_bounded_cross_operation_chains_match_pytorch_2_13 (test_operation_chains_reference.OperationChainReferenceTests.test_fixed_seed_bounded_cross_operation_chains_match_pytorch_2_13) ... ok
test_every_supported_single_output_tensor_state_reports_zero (test_output_nr.TensorOutputNumberTests.test_every_supported_single_output_tensor_state_reports_zero) ... ok
test_iteration_routes_dim_and_unbind_through_torch_function_mode (test_output_nr.TensorOutputNumberTests.test_iteration_routes_dim_and_unbind_through_torch_function_mode) ... ok
test_iteration_uses_multi_output_numbers_while_indexing_stays_zero (test_output_nr.TensorOutputNumberTests.test_iteration_uses_multi_output_numbers_while_indexing_stays_zero) ... ok
test_mode_replaced_unbind_uses_python_iterator_protocol (test_output_nr.TensorOutputNumberTests.test_mode_replaced_unbind_uses_python_iterator_protocol) ... ok
test_tensorbase_descriptor_is_undocumented_and_read_only (test_output_nr.TensorOutputNumberTests.test_tensorbase_descriptor_is_undocumented_and_read_only) ... ok
test_torch_function_modes_receive_descriptor_get_and_forward (test_output_nr.TensorOutputNumberTests.test_torch_function_modes_receive_descriptor_get_and_forward) ... ok
test_iteration_output_numbers_match_pytorch_2_13 (test_output_nr_reference.TensorOutputNumberReferenceTests.test_iteration_output_numbers_match_pytorch_2_13) ... ok
test_iteration_replacement_protocol_matches_pytorch_2_13 (test_output_nr_reference.TensorOutputNumberReferenceTests.test_iteration_replacement_protocol_matches_pytorch_2_13) ... ok
test_iteration_torch_function_mode_dispatch_matches_pytorch_2_13 (test_output_nr_reference.TensorOutputNumberReferenceTests.test_iteration_torch_function_mode_dispatch_matches_pytorch_2_13) ... ok
test_tensorbase_ownership_and_read_only_errors_match_pytorch_2_13 (test_output_nr_reference.TensorOutputNumberReferenceTests.test_tensorbase_ownership_and_read_only_errors_match_pytorch_2_13) ... ok
test_torch_function_mode_dispatch_matches_pytorch_2_13 (test_output_nr_reference.TensorOutputNumberReferenceTests.test_torch_function_mode_dispatch_matches_pytorch_2_13) ... ok
test_unbind_and_chunk_expose_multi_output_state (test_output_nr_reference.TensorOutputNumberReferenceTests.test_unbind_and_chunk_expose_multi_output_state) ... ok
test_zero_matches_pytorch_2_13_for_supported_single_output_states (test_output_nr_reference.TensorOutputNumberReferenceTests.test_zero_matches_pytorch_2_13_for_supported_single_output_states) ... ok
test_axes_transposes_offsets_and_cancellation_tails (test_parallel_reductions.ParallelReductionTests.test_axes_transposes_offsets_and_cancellation_tails) ... ok
test_nonunit_strides_on_both_axes (test_parallel_reductions.ParallelReductionTests.test_nonunit_strides_on_both_axes) ... ok
test_pool_replacement_during_native_work (test_parallel_reductions.ParallelReductionTests.test_pool_replacement_during_native_work) ... ok
test_reference_values_keepdim_and_backward (test_parallel_reductions.ParallelReductionTests.test_reference_values_keepdim_and_backward) ... ok
test_configurable_shared_budget_and_interop_independence (test_parallel_reductions.ThreadBudgetTests.test_configurable_shared_budget_and_interop_independence) ... ok
test_invalid_budget_does_not_change_pool (test_parallel_reductions.ThreadBudgetTests.test_invalid_budget_does_not_change_pool) ... ok
test_autograd_and_no_grad_delegate_to_the_native_permutation_view (test_permute.TensorPermuteTests.test_autograd_and_no_grad_delegate_to_the_native_permutation_view) ... ok
test_descriptor_metadata_matches_pytorch_shape (test_permute.TensorPermuteTests.test_descriptor_metadata_matches_pytorch_shape) ... ok
test_dimension_types_and_binding_errors_match_pytorch (test_permute.TensorPermuteTests.test_dimension_types_and_binding_errors_match_pytorch) ... ok
test_extreme_empty_reordered_element_count_overflow_matches_pytorch (test_permute.TensorPermuteTests.test_extreme_empty_reordered_element_count_overflow_matches_pytorch) ... ok
test_index_conversion_order_matches_the_legacy_binding (test_permute.TensorPermuteTests.test_index_conversion_order_matches_the_legacy_binding) ... ok
test_rank_duplicate_and_range_errors_match_pytorch (test_permute.TensorPermuteTests.test_rank_duplicate_and_range_errors_match_pytorch) ... ok
test_scalar_and_empty_views_normalize_negative_axes (test_permute.TensorPermuteTests.test_scalar_and_empty_views_normalize_negative_axes) ... ok
test_variadic_sequence_and_keyword_forms_are_shared_storage_views (test_permute.TensorPermuteTests.test_variadic_sequence_and_keyword_forms_are_shared_storage_views) ... ok
test_autograd_and_no_grad_match_pytorch_2_13 (test_permute_reference.TensorPermuteReferenceTests.test_autograd_and_no_grad_match_pytorch_2_13) ... ok
test_descriptor_metadata_and_unbound_behavior_match_pytorch_2_13 (test_permute_reference.TensorPermuteReferenceTests.test_descriptor_metadata_and_unbound_behavior_match_pytorch_2_13) ... ok
test_extreme_empty_reordered_element_count_matches_pytorch_2_13 (test_permute_reference.TensorPermuteReferenceTests.test_extreme_empty_reordered_element_count_matches_pytorch_2_13) ... ok
test_index_conversion_order_matches_pytorch_2_13 (test_permute_reference.TensorPermuteReferenceTests.test_index_conversion_order_matches_pytorch_2_13) ... ok
test_rank_duplicate_range_type_and_binding_errors_match_pytorch_2_13 (test_permute_reference.TensorPermuteReferenceTests.test_rank_duplicate_range_type_and_binding_errors_match_pytorch_2_13) ... ok
test_seeded_forms_shapes_strides_offsets_and_aliasing_match_pytorch_2_13 (test_permute_reference.TensorPermuteReferenceTests.test_seeded_forms_shapes_strides_offsets_and_aliasing_match_pytorch_2_13) ... ok
test_descriptor_documentation_and_signature_behavior (test_positive.TensorPositiveTests.test_descriptor_documentation_and_signature_behavior) ... ok
test_invalid_call_errors_match_pytorch_2_13 (test_positive.TensorPositiveTests.test_invalid_call_errors_match_pytorch_2_13) ... ok
test_leaf_and_non_leaf_graph_state_is_unchanged (test_positive.TensorPositiveTests.test_leaf_and_non_leaf_graph_state_is_unchanged) ... ok
test_scalar_empty_offset_strided_and_special_values_are_exact_identities (test_positive.TensorPositiveTests.test_scalar_empty_offset_strided_and_special_values_are_exact_identities) ... ok
test_all_call_forms_are_exact_identities_for_supported_layouts (test_positive.TopLevelPositiveTests.test_all_call_forms_are_exact_identities_for_supported_layouts) ... ok
test_all_call_forms_preserve_leaf_and_non_leaf_autograd_state (test_positive.TopLevelPositiveTests.test_all_call_forms_preserve_leaf_and_non_leaf_autograd_state) ... ok
test_binding_and_tensor_type_error_precedence_matches_pytorch_2_13 (test_positive.TopLevelPositiveTests.test_binding_and_tensor_type_error_precedence_matches_pytorch_2_13) ... ok
test_callable_metadata_documentation_and_exports_match_pytorch (test_positive.TopLevelPositiveTests.test_callable_metadata_documentation_and_exports_match_pytorch) ... ok
test_binding_errors_are_resolved_before_mode_dispatch (test_positive_overrides.TopLevelPositiveOverrideTests.test_binding_errors_are_resolved_before_mode_dispatch) ... ok
test_binding_errors_are_resolved_before_override_dispatch (test_positive_overrides.TopLevelPositiveOverrideTests.test_binding_errors_are_resolved_before_override_dispatch) ... ok
test_failed_override_probe_is_retried_before_type_rejection (test_positive_overrides.TopLevelPositiveOverrideTests.test_failed_override_probe_is_retried_before_type_rejection) ... ok
test_instance_class_and_stateful_descriptor_overrides (test_positive_overrides.TopLevelPositiveOverrideTests.test_instance_class_and_stateful_descriptor_overrides) ... ok
test_mode_dispatch_precedes_late_override_resolution (test_positive_overrides.TopLevelPositiveOverrideTests.test_mode_dispatch_precedes_late_override_resolution) ... ok
test_mode_handler_form_validation_matches_pytorch (test_positive_overrides.TopLevelPositiveOverrideTests.test_mode_handler_form_validation_matches_pytorch) ... ok
test_mode_handler_is_resolved_again_for_invocation (test_positive_overrides.TopLevelPositiveOverrideTests.test_mode_handler_is_resolved_again_for_invocation) ... ok
test_mode_not_implemented_falls_through_to_object_override (test_positive_overrides.TopLevelPositiveOverrideTests.test_mode_not_implemented_falls_through_to_object_override) ... ok
test_mode_stack_and_dispatch_are_thread_local (test_positive_overrides.TopLevelPositiveOverrideTests.test_mode_stack_and_dispatch_are_thread_local) ... ok
test_mode_stack_helpers_preserve_nesting_and_private_errors (test_positive_overrides.TopLevelPositiveOverrideTests.test_mode_stack_helpers_preserve_nesting_and_private_errors) ... ok
test_module_reinitialization_reuses_the_callable_owner (test_positive_overrides.TopLevelPositiveOverrideTests.test_module_reinitialization_reuses_the_callable_owner) ... ok
test_not_implemented_error_and_mode_cleanup_match_pytorch (test_positive_overrides.TopLevelPositiveOverrideTests.test_not_implemented_error_and_mode_cleanup_match_pytorch) ... ok
test_plain_method_override_warning_is_once_only (test_positive_overrides.TopLevelPositiveOverrideTests.test_plain_method_override_warning_is_once_only) ... ok
test_torch_function_modes_receive_calls_and_forward_to_lower_modes (test_positive_overrides.TopLevelPositiveOverrideTests.test_torch_function_modes_receive_calls_and_forward_to_lower_modes) ... ok
test_torch_function_override_receives_original_call_forms (test_positive_overrides.TopLevelPositiveOverrideTests.test_torch_function_override_receives_original_call_forms) ... ok
test_variable_function_owner_is_immutable_and_pickle_safe (test_positive_overrides.TopLevelPositiveOverrideTests.test_variable_function_owner_is_immutable_and_pickle_safe) ... ok
test_fallback_probe_and_mode_reresolution_match_pytorch_2_13 (test_positive_overrides_reference.TopLevelPositiveOverrideReferenceTests.test_fallback_probe_and_mode_reresolution_match_pytorch_2_13) ... ok
test_instance_class_and_descriptor_overrides_match_pytorch_2_13 (test_positive_overrides_reference.TopLevelPositiveOverrideReferenceTests.test_instance_class_and_descriptor_overrides_match_pytorch_2_13) ... ok
test_mode_binding_precedence_matches_pytorch_2_13 (test_positive_overrides_reference.TopLevelPositiveOverrideReferenceTests.test_mode_binding_precedence_matches_pytorch_2_13) ... ok
test_mode_handler_form_validation_matches_pytorch_2_13 (test_positive_overrides_reference.TopLevelPositiveOverrideReferenceTests.test_mode_handler_form_validation_matches_pytorch_2_13) ... ok
test_mode_not_implemented_fallback_matches_pytorch_2_13 (test_positive_overrides_reference.TopLevelPositiveOverrideReferenceTests.test_mode_not_implemented_fallback_matches_pytorch_2_13) ... ok
test_mode_order_and_late_override_resolution_match_pytorch_2_13 (test_positive_overrides_reference.TopLevelPositiveOverrideReferenceTests.test_mode_order_and_late_override_resolution_match_pytorch_2_13) ... ok
test_nested_mode_forwarding_matches_pytorch_2_13 (test_positive_overrides_reference.TopLevelPositiveOverrideReferenceTests.test_nested_mode_forwarding_matches_pytorch_2_13) ... ok
test_not_implemented_error_matches_pytorch_2_13 (test_positive_overrides_reference.TopLevelPositiveOverrideReferenceTests.test_not_implemented_error_matches_pytorch_2_13) ... ok
test_object_and_mode_dispatch_match_pytorch_2_13 (test_positive_overrides_reference.TopLevelPositiveOverrideReferenceTests.test_object_and_mode_dispatch_match_pytorch_2_13) ... ok
test_override_binding_precedence_matches_pytorch_2_13 (test_positive_overrides_reference.TopLevelPositiveOverrideReferenceTests.test_override_binding_precedence_matches_pytorch_2_13) ... ok
test_owner_immutability_and_serialization_match_pytorch_2_13 (test_positive_overrides_reference.TopLevelPositiveOverrideReferenceTests.test_owner_immutability_and_serialization_match_pytorch_2_13) ... ok
test_plain_method_override_warnings_match_pytorch_2_13 (test_positive_overrides_reference.TopLevelPositiveOverrideReferenceTests.test_plain_method_override_warnings_match_pytorch_2_13) ... ok
test_descriptor_documentation_and_signature_match_pytorch_2_13 (test_positive_reference.TensorPositiveReferenceTests.test_descriptor_documentation_and_signature_match_pytorch_2_13) ... ok
test_identity_bits_layout_and_storage_match_pytorch_2_13 (test_positive_reference.TensorPositiveReferenceTests.test_identity_bits_layout_and_storage_match_pytorch_2_13) ... ok
test_invalid_call_errors_match_pytorch_2_13 (test_positive_reference.TensorPositiveReferenceTests.test_invalid_call_errors_match_pytorch_2_13) ... ok
test_leaf_and_non_leaf_autograd_identity_matches_pytorch_2_13 (test_positive_reference.TensorPositiveReferenceTests.test_leaf_and_non_leaf_autograd_identity_matches_pytorch_2_13) ... ok
test_top_level_binding_error_precedence_matches_pytorch_2_13 (test_positive_reference.TensorPositiveReferenceTests.test_top_level_binding_error_precedence_matches_pytorch_2_13) ... ok
test_top_level_call_forms_preserve_identity_bits_layout_and_storage (test_positive_reference.TensorPositiveReferenceTests.test_top_level_call_forms_preserve_identity_bits_layout_and_storage) ... ok
test_top_level_call_forms_preserve_leaf_and_non_leaf_autograd (test_positive_reference.TensorPositiveReferenceTests.test_top_level_call_forms_preserve_leaf_and_non_leaf_autograd) ... ok
test_backward_through_sum_reuses_square_vjp (test_pow.TensorPowTests.test_backward_through_sum_reuses_square_vjp) ... ok
test_direct_dunder_call_shapes (test_pow.TensorPowTests.test_direct_dunder_call_shapes) ... ok
test_malformed_calls_and_public_metadata (test_pow.TensorPowTests.test_malformed_calls_and_public_metadata) ... ok
test_operator_modes_and_overrides_observe_tensorbase_pow (test_pow.TensorPowTests.test_operator_modes_and_overrides_observe_tensorbase_pow) ... ok
test_operator_reflected_fallback_for_foreign_rhs (test_pow.TensorPowTests.test_operator_reflected_fallback_for_foreign_rhs) ... ok
test_package_reinitialization_keeps_rpow_absent_and_pow_pickleable (test_pow.TensorPowTests.test_package_reinitialization_keeps_rpow_absent_and_pow_pickleable) ... ok
test_rejects_unsupported_overloads_without_mutating_out (test_pow.TensorPowTests.test_rejects_unsupported_overloads_without_mutating_out) ... ok
test_scalar_only_top_level_pow_rejects_before_torch_function_mode (test_pow.TensorPowTests.test_scalar_only_top_level_pow_rejects_before_torch_function_mode) ... ok
test_values_layouts_and_fresh_storage_reuse_square_path (test_pow.TensorPowTests.test_values_layouts_and_fresh_storage_reuse_square_path) ... ok
test_backward_through_sum_matches_pytorch_2_13 (test_pow_reference.TensorPowReferenceTests.test_backward_through_sum_matches_pytorch_2_13) ... ok
test_direct_dunder_call_shapes_match_pytorch_2_13 (test_pow_reference.TensorPowReferenceTests.test_direct_dunder_call_shapes_match_pytorch_2_13) ... ok
test_operator_reflected_fallback_matches_pytorch_2_13 (test_pow_reference.TensorPowReferenceTests.test_operator_reflected_fallback_matches_pytorch_2_13) ... ok
test_operator_torch_function_dispatch_matches_pytorch_2_13 (test_pow_reference.TensorPowReferenceTests.test_operator_torch_function_dispatch_matches_pytorch_2_13) ... ok
test_positional_modulo_torch_function_dispatch_matches_pytorch_2_13 (test_pow_reference.TensorPowReferenceTests.test_positional_modulo_torch_function_dispatch_matches_pytorch_2_13) ... ok
test_scalar_empty_offset_noncontiguous_and_ieee_values_match_pytorch_2_13 (test_pow_reference.TensorPowReferenceTests.test_scalar_empty_offset_noncontiguous_and_ieee_values_match_pytorch_2_13) ... ok
test_all_four_initial_timings (test_pr1924_historical_evidence.HistoricalEvidenceTests.test_all_four_initial_timings) ... ok
test_boolean_buffer_and_factory_reproductions (test_pr1924_historical_evidence.HistoricalEvidenceTests.test_boolean_buffer_and_factory_reproductions) ... ok
test_complete_bundle_hashes (test_pr1924_historical_evidence.HistoricalEvidenceTests.test_complete_bundle_hashes) ... ok
test_documentation_links (test_pr1924_historical_evidence.HistoricalEvidenceTests.test_documentation_links) ... ok
test_initial_compile_math_and_diagnostic_accounting (test_pr1924_historical_evidence.HistoricalEvidenceTests.test_initial_compile_math_and_diagnostic_accounting) ... ok
test_initial_identity_and_full_suites (test_pr1924_historical_evidence.HistoricalEvidenceTests.test_initial_identity_and_full_suites) ... ok
test_paired_receipts_order_scores_and_ratios (test_pr1924_historical_evidence.HistoricalEvidenceTests.test_paired_receipts_order_scores_and_ratios) ... ok
test_binding_type_and_error_precedence_matches_pytorch_2_13 (test_promote_types.PromoteTypesTests.test_binding_type_and_error_precedence_matches_pytorch_2_13) ... ok
test_callable_metadata_exports_and_pickling_match_pytorch (test_promote_types.PromoteTypesTests.test_callable_metadata_exports_and_pickling_match_pytorch) ... ok
test_dtype_validation_uses_one_shot_torch_function_probe (test_promote_types.PromoteTypesTests.test_dtype_validation_uses_one_shot_torch_function_probe) ... ok
test_duplicate_subclassed_keywords_defer_generic_validation (test_promote_types.PromoteTypesTests.test_duplicate_subclassed_keywords_defer_generic_validation) ... ok
test_float32_aliases_and_canonical_call_forms_return_the_singleton (test_promote_types.PromoteTypesTests.test_float32_aliases_and_canonical_call_forms_return_the_singleton) ... ok
test_keyword_validation_preserves_original_key_order (test_promote_types.PromoteTypesTests.test_keyword_validation_preserves_original_key_order) ... ok
test_modes_run_after_validation_and_match_decline_errors (test_promote_types.PromoteTypesTests.test_modes_run_after_validation_and_match_decline_errors) ... ok
test_operand_torch_function_overrides_receive_all_call_forms (test_promote_types.PromoteTypesTests.test_operand_torch_function_overrides_receive_all_call_forms) ... ok
test_operand_validation_precedes_later_keyword_lookup (test_promote_types.PromoteTypesTests.test_operand_validation_precedes_later_keyword_lookup) ... ok
test_override_order_mode_fallthrough_and_decline_errors (test_promote_types.PromoteTypesTests.test_override_order_mode_fallthrough_and_decline_errors) ... ok
test_torch_function_handler_arity_preserves_absent_and_empty_kwargs (test_promote_types.PromoteTypesTests.test_torch_function_handler_arity_preserves_absent_and_empty_kwargs) ... ok
test_torch_function_modes_receive_original_calls_and_can_forward (test_promote_types.PromoteTypesTests.test_torch_function_modes_receive_original_calls_and_can_forward) ... ok
test_callable_metadata_exports_and_pickling_match_pytorch_2_13 (test_promote_types_reference.PromoteTypesReferenceTests.test_callable_metadata_exports_and_pickling_match_pytorch_2_13) ... ok
test_class_valued_override_ordering_matches_pytorch_2_13 (test_promote_types_reference.PromoteTypesReferenceTests.test_class_valued_override_ordering_matches_pytorch_2_13) ... ok
test_dtype_validation_one_shot_probe_matches_pytorch_2_13 (test_promote_types_reference.PromoteTypesReferenceTests.test_dtype_validation_one_shot_probe_matches_pytorch_2_13) ... ok
test_float32_aliases_and_all_canonical_calls_match_pytorch_2_13 (test_promote_types_reference.PromoteTypesReferenceTests.test_float32_aliases_and_all_canonical_calls_match_pytorch_2_13) ... ok
test_handler_arity_matches_absent_and_empty_kwargs_in_pytorch_2_13 (test_promote_types_reference.PromoteTypesReferenceTests.test_handler_arity_matches_absent_and_empty_kwargs_in_pytorch_2_13) ... ok
test_hash_aware_string_subclass_keywords_match_pytorch_2_13 (test_promote_types_reference.PromoteTypesReferenceTests.test_hash_aware_string_subclass_keywords_match_pytorch_2_13) ... ok
test_operand_torch_function_overrides_match_pytorch_2_13 (test_promote_types_reference.PromoteTypesReferenceTests.test_operand_torch_function_overrides_match_pytorch_2_13) ... ok
test_operand_validation_precedes_later_keyword_lookup_in_pytorch_2_13 (test_promote_types_reference.PromoteTypesReferenceTests.test_operand_validation_precedes_later_keyword_lookup_in_pytorch_2_13) ... ok
test_torch_function_mode_dispatch_matches_pytorch_2_13 (test_promote_types_reference.PromoteTypesReferenceTests.test_torch_function_mode_dispatch_matches_pytorch_2_13) ... ok
test_validation_order_and_errors_match_pytorch_2_13 (test_promote_types_reference.PromoteTypesReferenceTests.test_validation_order_and_errors_match_pytorch_2_13) ... Exception ignored in PyDict_GetItem(); consider using PyDict_GetItemRef() or PyDict_GetItemWithError():
Traceback (most recent call last):
  File "/data/users/bobren/a/pytorch-rs-burner/.burner/worktrees/composite_17c2e82f/target/python314-checkout/tests/test_promote_types_reference.py", line 740, in __eq__
    raise RuntimeError("keyword equality failed")
RuntimeError: keyword equality failed
ok
test_binary_arithmetic_broadcasts_scalars_and_zero_dimensions (test_python_api.PythonApiBaselineTests.test_binary_arithmetic_broadcasts_scalars_and_zero_dimensions) ... ok
test_binary_arithmetic_broadcasts_trailing_dimensions (test_python_api.PythonApiBaselineTests.test_binary_arithmetic_broadcasts_trailing_dimensions) ... ok
test_binary_arithmetic_rejects_incompatible_shapes (test_python_api.PythonApiBaselineTests.test_binary_arithmetic_rejects_incompatible_shapes) ... ok
test_clone_matches_values_metadata_and_canonical_layouts (test_python_api.PythonApiBaselineTests.test_clone_matches_values_metadata_and_canonical_layouts) ... ok
test_clone_preserves_nan_infinity_and_signed_zero_bits (test_python_api.PythonApiBaselineTests.test_clone_preserves_nan_infinity_and_signed_zero_bits) ... ok
test_clone_rejects_rank_mismatches_and_invalid_formats (test_python_api.PythonApiBaselineTests.test_clone_rejects_rank_mismatches_and_invalid_formats) ... ok
test_clone_resets_extreme_empty_view_offsets (test_python_api.PythonApiBaselineTests.test_clone_resets_extreme_empty_view_offsets) ... ok
test_clone_supports_keyword_only_memory_formats (test_python_api.PythonApiBaselineTests.test_clone_supports_keyword_only_memory_formats) ... ok
test_contiguous_edge_layouts_consumers_and_float_bits (test_python_api.PythonApiBaselineTests.test_contiguous_edge_layouts_consumers_and_float_bits) ... ok
test_contiguous_identity_materialization_and_memory_formats (test_python_api.PythonApiBaselineTests.test_contiguous_identity_materialization_and_memory_formats) ... ok
test_contiguous_rejects_invalid_calls_with_pytorch_diagnostics (test_python_api.PythonApiBaselineTests.test_contiguous_rejects_invalid_calls_with_pytorch_diagnostics) ... ok
test_cpu_device_constructor_value_repr_and_equality (test_python_api.PythonApiBaselineTests.test_cpu_device_constructor_value_repr_and_equality) ... ok
test_creation_metadata_keywords_preserve_values_for_all_shapes (test_python_api.PythonApiBaselineTests.test_creation_metadata_keywords_preserve_values_for_all_shapes) ... ok
test_creation_metadata_parameters_are_keyword_only (test_python_api.PythonApiBaselineTests.test_creation_metadata_parameters_are_keyword_only) ... ok
test_creation_rejects_invalid_dtype_and_device_types (test_python_api.PythonApiBaselineTests.test_creation_rejects_invalid_dtype_and_device_types) ... ok
test_creation_rejects_unimplemented_or_invalid_devices (test_python_api.PythonApiBaselineTests.test_creation_rejects_unimplemented_or_invalid_devices) ... ok
test_device_constructor_rejects_unsupported_values_and_types (test_python_api.PythonApiBaselineTests.test_device_constructor_rejects_unsupported_values_and_types) ... ok
test_empty_elementwise_results_match_pytorch_strides (test_python_api.PythonApiBaselineTests.test_empty_elementwise_results_match_pytorch_strides) ... ok
test_empty_reshape_preserves_compatible_source_strides (test_python_api.PythonApiBaselineTests.test_empty_reshape_preserves_compatible_source_strides) ... ok
test_empty_zeros_and_ones_accept_size_and_legacy_shape_keywords (test_python_api.PythonApiBaselineTests.test_empty_zeros_and_ones_accept_size_and_legacy_shape_keywords) ... ok
test_exp_matches_pytorch_float32_values_and_special_cases (test_python_api.PythonApiBaselineTests.test_exp_matches_pytorch_float32_values_and_special_cases) ... ok
test_exp_materializes_views_and_checks_extreme_empty_metadata (test_python_api.PythonApiBaselineTests.test_exp_materializes_views_and_checks_extreme_empty_metadata) ... ok
test_extreme_empty_pointwise_outputs_match_pytorch_stride_boundaries (test_python_api.PythonApiBaselineTests.test_extreme_empty_pointwise_outputs_match_pytorch_stride_boundaries) ... ok
test_eye_accepts_float32_cpu_metadata_and_rejects_unsupported_options (test_python_api.PythonApiBaselineTests.test_eye_accepts_float32_cpu_metadata_and_rejects_unsupported_options) ... ok
test_eye_creates_square_rectangular_and_empty_tensors (test_python_api.PythonApiBaselineTests.test_eye_creates_square_rectangular_and_empty_tensors) ... ok
test_eye_normalizes_integer_conversion_failures (test_python_api.PythonApiBaselineTests.test_eye_normalizes_integer_conversion_failures) ... ok
test_eye_rejects_invalid_metadata_before_dimension_conversion (test_python_api.PythonApiBaselineTests.test_eye_rejects_invalid_metadata_before_dimension_conversion) ... ok
test_eye_reports_negative_dimensions_and_checked_overflow (test_python_api.PythonApiBaselineTests.test_eye_reports_negative_dimensions_and_checked_overflow) ... ok
test_eye_uses_the_integer_index_protocol_and_rejects_bools (test_python_api.PythonApiBaselineTests.test_eye_uses_the_integer_index_protocol_and_rejects_bools) ... ok
test_float32_descriptor_identity_type_and_repr (test_python_api.PythonApiBaselineTests.test_float32_descriptor_identity_type_and_repr) ... ok
test_full_accepts_default_layout_and_pin_memory_keywords (test_python_api.PythonApiBaselineTests.test_full_accepts_default_layout_and_pin_memory_keywords) ... ok
test_full_accepts_index_protocol_dimensions (test_python_api.PythonApiBaselineTests.test_full_accepts_index_protocol_dimensions) ... ok
test_full_accepts_pytorch_keyword_names (test_python_api.PythonApiBaselineTests.test_full_accepts_pytorch_keyword_names) ... ok
test_full_accepts_real_numpy_scalar_fill_values (test_python_api.PythonApiBaselineTests.test_full_accepts_real_numpy_scalar_fill_values) ... ok
test_full_accepts_scalar_tensor_fill_value (test_python_api.PythonApiBaselineTests.test_full_accepts_scalar_tensor_fill_value) ... ok
test_full_converts_integer_fill_values_without_double_rounding (test_python_api.PythonApiBaselineTests.test_full_converts_integer_fill_values_without_double_rounding) ... ok
test_full_enforces_numpy_integer_signed_boundary (test_python_api.PythonApiBaselineTests.test_full_enforces_numpy_integer_signed_boundary) ... ok
test_full_enforces_python_integer_scalar_boundaries (test_python_api.PythonApiBaselineTests.test_full_enforces_python_integer_scalar_boundaries) ... ok
test_full_handles_scalar_empty_and_multidimensional_shapes (test_python_api.PythonApiBaselineTests.test_full_handles_scalar_empty_and_multidimensional_shapes) ... ok
test_full_maps_shape_product_overflow_to_runtime_error (test_python_api.PythonApiBaselineTests.test_full_maps_shape_product_overflow_to_runtime_error) ... ok
test_full_matches_pytorch_validation_order (test_python_api.PythonApiBaselineTests.test_full_matches_pytorch_validation_order) ... ok
test_full_normalizes_invalid_index_dimensions_to_type_error (test_python_api.PythonApiBaselineTests.test_full_normalizes_invalid_index_dimensions_to_type_error) ... ok
test_full_preserves_nan_and_infinities (test_python_api.PythonApiBaselineTests.test_full_preserves_nan_and_infinities) ... ok
test_full_rejects_finite_fill_value_overflow (test_python_api.PythonApiBaselineTests.test_full_rejects_finite_fill_value_overflow) ... ok
test_full_rejects_invalid_size_arguments (test_python_api.PythonApiBaselineTests.test_full_rejects_invalid_size_arguments) ... ok
test_full_rejects_negative_sizes_as_runtime_error (test_python_api.PythonApiBaselineTests.test_full_rejects_negative_sizes_as_runtime_error) ... ok
test_full_rejects_non_scalar_numeric_coercions (test_python_api.PythonApiBaselineTests.test_full_rejects_non_scalar_numeric_coercions) ... ok
test_full_rejects_storage_capacity_overflow (test_python_api.PythonApiBaselineTests.test_full_rejects_storage_capacity_overflow) ... ok
test_full_rejects_zero_dimensional_buffer_fill_values (test_python_api.PythonApiBaselineTests.test_full_rejects_zero_dimensional_buffer_fill_values) ... ok
test_full_validates_strides_for_empty_shapes (test_python_api.PythonApiBaselineTests.test_full_validates_strides_for_empty_shapes) ... ok
test_integer_indexing_accepts_index_protocol_values (test_python_api.PythonApiBaselineTests.test_integer_indexing_accepts_index_protocol_values) ... ok
test_integer_indexing_matches_pytorch_errors_and_empty_offsets (test_python_api.PythonApiBaselineTests.test_integer_indexing_matches_pytorch_errors_and_empty_offsets) ... ok
test_integer_indexing_rejects_bool_and_non_integer_forms (test_python_api.PythonApiBaselineTests.test_integer_indexing_rejects_bool_and_non_integer_forms) ... ok
test_integer_indexing_returns_shared_storage_views (test_python_api.PythonApiBaselineTests.test_integer_indexing_returns_shared_storage_views) ... ok
test_integer_indexing_stops_converting_after_the_first_axis_error (test_python_api.PythonApiBaselineTests.test_integer_indexing_stops_converting_after_the_first_axis_error) ... ok
test_matrix_multiplication_operator (test_python_api.PythonApiBaselineTests.test_matrix_multiplication_operator) ... ok
test_matrix_multiplication_reports_pytorch_shape_errors (test_python_api.PythonApiBaselineTests.test_matrix_multiplication_reports_pytorch_shape_errors) ... ok
test_memory_format_descriptors_match_pytorch_surface (test_python_api.PythonApiBaselineTests.test_memory_format_descriptors_match_pytorch_surface) ... ok
test_metadata_survives_views_and_native_kernels (test_python_api.PythonApiBaselineTests.test_metadata_survives_views_and_native_kernels) ... ok
test_named_neg_matches_unary_operator_and_builtin_contract (test_python_api.PythonApiBaselineTests.test_named_neg_matches_unary_operator_and_builtin_contract) ... ok
test_negative_alias_matches_neg_values_and_builtin_contract (test_python_api.PythonApiBaselineTests.test_negative_alias_matches_neg_values_and_builtin_contract) ... ok
test_numpy_array_conversion_rejects_requests_prohibiting_a_copy (test_python_api.PythonApiBaselineTests.test_numpy_array_conversion_rejects_requests_prohibiting_a_copy) ... ok
test_python_bool_subtraction_matches_pytorch_errors (test_python_api.PythonApiBaselineTests.test_python_bool_subtraction_matches_pytorch_errors) ... ok
test_python_real_scalar_and_reverse_arithmetic (test_python_api.PythonApiBaselineTests.test_python_real_scalar_and_reverse_arithmetic) ... ok
test_ragged_input_is_rejected (test_python_api.PythonApiBaselineTests.test_ragged_input_is_rejected) ... ok
test_readme_style_tensor_expression (test_python_api.PythonApiBaselineTests.test_readme_style_tensor_expression) ... ok
test_recognized_scalar_errors_do_not_fall_back_to_reflection (test_python_api.PythonApiBaselineTests.test_recognized_scalar_errors_do_not_fall_back_to_reflection) ... ok
test_reshape_accepts_variadic_and_sequence_signatures (test_python_api.PythonApiBaselineTests.test_reshape_accepts_variadic_and_sequence_signatures) ... ok
test_reshape_inference_scalar_and_empty_cases (test_python_api.PythonApiBaselineTests.test_reshape_inference_scalar_and_empty_cases) ... ok
test_reshape_observables_survive_source_lifetime_and_numpy_mutation (test_python_api.PythonApiBaselineTests.test_reshape_observables_survive_source_lifetime_and_numpy_mutation) ... ok
test_reshape_reports_pytorch_compatible_errors (test_python_api.PythonApiBaselineTests.test_reshape_reports_pytorch_compatible_errors) ... ok
test_scalar_arithmetic_rejects_non_real_and_out_of_range_values (test_python_api.PythonApiBaselineTests.test_scalar_arithmetic_rejects_non_real_and_out_of_range_values) ... ok
test_scalar_division_preserves_non_finite_and_signed_zero_results (test_python_api.PythonApiBaselineTests.test_scalar_division_preserves_non_finite_and_signed_zero_results) ... ok
test_scalar_reduction_and_item (test_python_api.PythonApiBaselineTests.test_scalar_reduction_and_item) ... ok
test_sin_handles_scalar_empty_signed_zero_and_non_finite_values (test_python_api.PythonApiBaselineTests.test_sin_handles_scalar_empty_signed_zero_and_non_finite_values) ... ok
test_sin_matches_pytorch_float32_reference_and_metadata (test_python_api.PythonApiBaselineTests.test_sin_matches_pytorch_float32_reference_and_metadata) ... ok
test_stride_accepts_positive_and_negative_dimensions (test_python_api.PythonApiBaselineTests.test_stride_accepts_positive_and_negative_dimensions) ... ok
test_stride_reports_contiguous_row_major_layout (test_python_api.PythonApiBaselineTests.test_stride_reports_contiguous_row_major_layout) ... ok
test_subtraction_and_division_cover_general_same_shapes (test_python_api.PythonApiBaselineTests.test_subtraction_and_division_cover_general_same_shapes) ... ok
test_subtraction_and_division_match_pytorch_special_values (test_python_api.PythonApiBaselineTests.test_subtraction_and_division_match_pytorch_special_values) ... ok
test_tolist_maps_zero_element_list_capacity_overflow_to_memory_error (test_python_api.PythonApiBaselineTests.test_tolist_maps_zero_element_list_capacity_overflow_to_memory_error) ... ok
test_unary_negation_handles_values_metadata_and_strided_views (test_python_api.PythonApiBaselineTests.test_unary_negation_handles_values_metadata_and_strided_views) ... ok
test_unary_negation_materializes_one_full_output_buffer (test_python_api.PythonApiBaselineTests.test_unary_negation_materializes_one_full_output_buffer) ... ok
test_unsupported_operands_use_python_reflected_dispatch (test_python_api.PythonApiBaselineTests.test_unsupported_operands_use_python_reflected_dispatch) ... ok
test_wide_numpy_unsigned_scalars_delegate_to_numpy (test_python_api.PythonApiBaselineTests.test_wide_numpy_unsigned_scalars_delegate_to_numpy) ... ok
test_empty_and_nonfinite_backward (test_rank2_mean_reference.RankTwoMeanReferenceTests.test_empty_and_nonfinite_backward) ... ok
test_integer_protocols_input_aliases_and_empty_dimension_sequences (test_rank2_mean_reference.RankTwoMeanReferenceTests.test_integer_protocols_input_aliases_and_empty_dimension_sequences) ... ok
test_invalid_dimensions_and_binding_errors (test_rank2_mean_reference.RankTwoMeanReferenceTests.test_invalid_dimensions_and_binding_errors) ... ok
test_unsupported_forms_remain_explicitly_rejected (test_rank2_mean_reference.RankTwoMeanReferenceTests.test_unsupported_forms_remain_explicitly_rejected) ... ok
test_values_layouts_and_bindings (test_rank2_mean_reference.RankTwoMeanReferenceTests.test_values_layouts_and_bindings) ... ok
test_weighted_backward_views_accumulation_and_no_grad (test_rank2_mean_reference.RankTwoMeanReferenceTests.test_weighted_backward_views_accumulation_and_no_grad) ... ok
test_external_contract_read_only_with_hermetic_fixture (test_rank2_sum_cuda_benchmark.CampaignTests.test_external_contract_read_only_with_hermetic_fixture) ... ok
test_local_campaign_cannot_be_scoring_input (test_rank2_sum_cuda_benchmark.CampaignTests.test_local_campaign_cannot_be_scoring_input) ... ok
test_public_matrix_is_preserved_and_quick_is_strict (test_rank2_sum_cuda_benchmark.CampaignTests.test_public_matrix_is_preserved_and_quick_is_strict) ... ok
test_quick_and_full_execution_use_identical_held_out_inputs (test_rank2_sum_cuda_benchmark.CampaignTests.test_quick_and_full_execution_use_identical_held_out_inputs) ... ok
test_rejects_invalid_membership_duplicates_and_workloads (test_rank2_sum_cuda_benchmark.CampaignTests.test_rejects_invalid_membership_duplicates_and_workloads) ... ok
test_invalid_cells_remain_in_matched_denominator (test_rank2_sum_cuda_benchmark.OutputValidationTests.test_invalid_cells_remain_in_matched_denominator) ... ok
test_invalid_metadata_and_values_receive_zero_credit_without_timing (test_rank2_sum_cuda_benchmark.OutputValidationTests.test_invalid_metadata_and_values_receive_zero_credit_without_timing) ... ok
test_missing_cuda_cell_is_retained_with_zero_credit (test_rank2_sum_cuda_benchmark.OutputValidationTests.test_missing_cuda_cell_is_retained_with_zero_credit) ... ok
test_post_timing_validation_and_thread_drift_invalidate_cell (test_rank2_sum_cuda_benchmark.OutputValidationTests.test_post_timing_validation_and_thread_drift_invalidate_cell) ... ok
test_real_sum_and_backward_metadata (test_rank2_sum_cuda_benchmark.OutputValidationTests.test_real_sum_and_backward_metadata) ... ok
test_scaling_has_no_parity_credit (test_rank2_sum_cuda_benchmark.OutputValidationTests.test_scaling_has_no_parity_credit) ... ok
test_cancellation_overflow_and_long_axes (test_rank2_sum_numerics.RankTwoSumNumerics.test_cancellation_overflow_and_long_axes) ... ok
test_long_outer_vector_tails (test_rank2_sum_numerics.RankTwoSumNumerics.test_long_outer_vector_tails) ... ok
test_offset_views_and_weighted_backward (test_rank2_sum_numerics.RankTwoSumNumerics.test_offset_views_and_weighted_backward) ... ok
test_outer_reduction_vector_remainders (test_rank2_sum_numerics.RankTwoSumNumerics.test_outer_reduction_vector_remainders) ... ok
test_selected_views_with_two_nonunit_strides (test_rank2_sum_numerics.RankTwoSumNumerics.test_selected_views_with_two_nonunit_strides) ... ok
test_rank5_permuted_values_sum_contiguous_and_unary_match_pytorch_2_13 (test_rank5_logical_iteration_reference.Rank5LogicalIterationReferenceTests.test_rank5_permuted_values_sum_contiguous_and_unary_match_pytorch_2_13) ... ok
test_rank5_permuted_view_autograd_matches_pytorch_2_13 (test_rank5_logical_iteration_reference.Rank5LogicalIterationReferenceTests.test_rank5_permuted_view_autograd_matches_pytorch_2_13) ... ok
test_rank6_permuted_values_sum_contiguous_and_unary_match_pytorch_2_13 (test_rank6_logical_iteration_reference.Rank6LogicalIterationReferenceTests.test_rank6_permuted_values_sum_contiguous_and_unary_match_pytorch_2_13) ... ok
test_rank6_permuted_view_autograd_matches_pytorch_2_13 (test_rank6_logical_iteration_reference.Rank6LogicalIterationReferenceTests.test_rank6_permuted_view_autograd_matches_pytorch_2_13) ... ok
test_autograd_and_no_grad_follow_view_or_copy_behavior (test_ravel.TensorRavelTests.test_autograd_and_no_grad_follow_view_or_copy_behavior) ... ok
test_contiguous_offsets_alias_and_strided_inputs_materialize (test_ravel.TensorRavelTests.test_contiguous_offsets_alias_and_strided_inputs_materialize) ... ok
test_descriptor_metadata_and_no_argument_errors (test_ravel.TensorRavelTests.test_descriptor_metadata_and_no_argument_errors) ... ok
test_scalar_vector_ordinary_and_empty_inputs_return_new_vectors (test_ravel.TensorRavelTests.test_scalar_vector_ordinary_and_empty_inputs_return_new_vectors) ... ok
test_autograd_and_no_grad_match_pytorch_2_13 (test_ravel_reference.TensorRavelReferenceTests.test_autograd_and_no_grad_match_pytorch_2_13) ... ok
test_descriptor_and_argument_errors_match_pytorch_2_13 (test_ravel_reference.TensorRavelReferenceTests.test_descriptor_and_argument_errors_match_pytorch_2_13) ... ok
test_layouts_identity_aliasing_and_lifetimes_match_pytorch_2_13 (test_ravel_reference.TensorRavelReferenceTests.test_layouts_identity_aliasing_and_lifetimes_match_pytorch_2_13) ... ok
test_benchmarking_indexes_historical_release_timing_reports (test_readme_quickstart.ReadmeQuickstartTests.test_benchmarking_indexes_historical_release_timing_reports) ... ok
test_detailed_support_contracts_live_in_focused_docs (test_readme_quickstart.ReadmeQuickstartTests.test_detailed_support_contracts_live_in_focused_docs) ... ok
test_docs_readme_indexes_contracts_guides_and_timing_evidence (test_readme_quickstart.ReadmeQuickstartTests.test_docs_readme_indexes_contracts_guides_and_timing_evidence) ... ok
test_entry_point_links_resolve (test_readme_quickstart.ReadmeQuickstartTests.test_entry_point_links_resolve) ... ok
test_first_success_example_is_short_and_runs (test_readme_quickstart.ReadmeQuickstartTests.test_first_success_example_is_short_and_runs) ... ok
test_readme_keeps_quickstart_scope_and_evaluation_route (test_readme_quickstart.ReadmeQuickstartTests.test_readme_keeps_quickstart_scope_and_evaluation_route) ... ok
test_readme_links_contributing_guide (test_readme_quickstart.ReadmeQuickstartTests.test_readme_links_contributing_guide) ... ok
test_readme_routes_benchmark_policy_to_focused_docs (test_readme_quickstart.ReadmeQuickstartTests.test_readme_routes_benchmark_policy_to_focused_docs) ... ok
test_readme_routes_to_supported_surface_anchors (test_readme_quickstart.ReadmeQuickstartTests.test_readme_routes_to_supported_surface_anchors) ... ok
test_readme_scope_is_scan_friendly_table (test_readme_quickstart.ReadmeQuickstartTests.test_readme_scope_is_scan_friendly_table) ... ok
test_source_install_commands_are_locked (test_readme_quickstart.ReadmeQuickstartTests.test_source_install_commands_are_locked) ... ok
test_stale_wheel_recovery_uses_wheel_test_workflow (test_readme_quickstart.ReadmeQuickstartTests.test_stale_wheel_recovery_uses_wheel_test_workflow) ... ok
test_grad_recording_uses_saved_input_vjp_and_no_grad_is_supported (test_reciprocal.TensorReciprocalTests.test_grad_recording_uses_saved_input_vjp_and_no_grad_is_supported) ... ok
test_inplace_out_dtype_and_device_forms_remain_unsupported (test_reciprocal.TensorReciprocalTests.test_inplace_out_dtype_and_device_forms_remain_unsupported) ... ok
test_method_and_top_level_share_ieee_bits_layouts_and_fresh_storage (test_reciprocal.TensorReciprocalTests.test_method_and_top_level_share_ieee_bits_layouts_and_fresh_storage) ... ok
test_tensorbase_descriptor_metadata_and_no_argument_errors (test_reciprocal.TensorReciprocalTests.test_tensorbase_descriptor_metadata_and_no_argument_errors) ... ok
test_torch_function_modes_receive_descriptor_and_forward (test_reciprocal.TensorReciprocalTests.test_torch_function_modes_receive_descriptor_and_forward) ... ok
test_autograd_accumulation_graph_freeing_no_grad_and_detach_match_pytorch_2_13 (test_reciprocal_reference.TensorReciprocalReferenceTests.test_autograd_accumulation_graph_freeing_no_grad_and_detach_match_pytorch_2_13) ... ok
test_autograd_scalar_empty_offset_and_noncontiguous_match_pytorch_2_13 (test_reciprocal_reference.TensorReciprocalReferenceTests.test_autograd_scalar_empty_offset_and_noncontiguous_match_pytorch_2_13) ... ok
test_autograd_special_values_match_pytorch_2_13_bitwise (test_reciprocal_reference.TensorReciprocalReferenceTests.test_autograd_special_values_match_pytorch_2_13_bitwise) ... ok
test_callable_contract_matches_pytorch_2_13 (test_reciprocal_reference.TensorReciprocalReferenceTests.test_callable_contract_matches_pytorch_2_13) ... ok
test_torch_function_mode_dispatch_matches_pytorch_2_13 (test_reciprocal_reference.TensorReciprocalReferenceTests.test_torch_function_mode_dispatch_matches_pytorch_2_13) ... ok
test_unsupported_boundaries_remain_explicit (test_reciprocal_reference.TensorReciprocalReferenceTests.test_unsupported_boundaries_remain_explicit) ... ok
test_values_layouts_and_fresh_storage_match_pytorch_2_13 (test_reciprocal_reference.TensorReciprocalReferenceTests.test_values_layouts_and_fresh_storage_match_pytorch_2_13) ... ok
test_detach_no_grad_and_freed_graph_match_pytorch (test_relu_reference.ReluReferenceTests.test_detach_no_grad_and_freed_graph_match_pytorch) ... ok
test_scalar_empty_offset_strided_and_accumulation_match_pytorch (test_relu_reference.ReluReferenceTests.test_scalar_empty_offset_strided_and_accumulation_match_pytorch) ... ok
test_signed_zero_values_layouts_and_copies_match_pytorch_2_13 (test_relu_reference.ReluReferenceTests.test_signed_zero_values_layouts_and_copies_match_pytorch_2_13) ... ok
test_top_level_autograd_repeated_backward_and_no_grad_match_the_method (test_relu_reference.ReluReferenceTests.test_top_level_autograd_repeated_backward_and_no_grad_match_the_method) ... ok
test_top_level_binding_and_error_precedence_match_pytorch_2_13 (test_relu_reference.ReluReferenceTests.test_top_level_binding_and_error_precedence_match_pytorch_2_13) ... ok
test_top_level_callable_metadata_and_export_match_pytorch_2_13 (test_relu_reference.ReluReferenceTests.test_top_level_callable_metadata_and_export_match_pytorch_2_13) ... ok
test_top_level_empty_call_forms_match_the_method_and_pytorch_2_13 (test_relu_reference.ReluReferenceTests.test_top_level_empty_call_forms_match_the_method_and_pytorch_2_13) ... ok
test_vjp_matches_pytorch_for_threshold_edges_and_nans (test_relu_reference.ReluReferenceTests.test_vjp_matches_pytorch_for_threshold_edges_and_nans) ... ok
test_autograd_repeated_backward_and_no_grad_match_tensor_reshape (test_reshape.TopLevelReshapeTests.test_autograd_repeated_backward_and_no_grad_match_tensor_reshape) ... ok
test_binding_and_type_error_precedence_matches_pytorch_schema (test_reshape.TopLevelReshapeTests.test_binding_and_type_error_precedence_matches_pytorch_schema) ... ok
test_callable_metadata_documentation_ownership_exports_and_pickling (test_reshape.TopLevelReshapeTests.test_callable_metadata_documentation_ownership_exports_and_pickling) ... ok
test_disabled_torch_function_shape_handlers_are_ignored_without_crashing (test_reshape.TopLevelReshapeTests.test_disabled_torch_function_shape_handlers_are_ignored_without_crashing) ... ok
test_inferred_empty_offset_and_shape_errors_match_tensor_reshape (test_reshape.TopLevelReshapeTests.test_inferred_empty_offset_and_shape_errors_match_tensor_reshape) ... ok
test_overrides_and_modes_receive_the_original_top_level_call (test_reshape.TopLevelReshapeTests.test_overrides_and_modes_receive_the_original_top_level_call) ... ok
test_oversized_shape_dimensions_preserve_unpack_error (test_reshape.TopLevelReshapeTests.test_oversized_shape_dimensions_preserve_unpack_error) ... ok
test_sequence_forms_delegate_to_the_native_reshape_engine (test_reshape.TopLevelReshapeTests.test_sequence_forms_delegate_to_the_native_reshape_engine) ... ok
test_stateful_index_dimensions_are_converted_again_by_native_reshape (test_reshape.TopLevelReshapeTests.test_stateful_index_dimensions_are_converted_again_by_native_reshape) ... ok
test_view_and_copy_outputs_outlive_their_sources (test_reshape.TopLevelReshapeTests.test_view_and_copy_outputs_outlive_their_sources) ... ok
test_binding_and_tensor_type_error_precedence (test_reshape_as.TensorReshapeAsTests.test_binding_and_tensor_type_error_precedence) ... ok
test_extreme_empty_shape_and_shape_mismatch_reuse_reshape (test_reshape_as.TensorReshapeAsTests.test_extreme_empty_shape_and_shape_mismatch_reuse_reshape) ... ok
test_metadata_only_view_and_copy_graphs_allow_repeated_backward (test_reshape_as.TensorReshapeAsTests.test_metadata_only_view_and_copy_graphs_allow_repeated_backward) ... ok
test_no_grad_view_and_copy_states_match_reshape (test_reshape_as.TensorReshapeAsTests.test_no_grad_view_and_copy_states_match_reshape) ... ok
test_positional_and_keyword_calls_reuse_reshape_for_every_layout (test_reshape_as.TensorReshapeAsTests.test_positional_and_keyword_calls_reuse_reshape_for_every_layout) ... ok
test_tensorbase_descriptor_documentation_and_unbound_calls (test_reshape_as.TensorReshapeAsTests.test_tensorbase_descriptor_documentation_and_unbound_calls) ... ok
test_view_and_copy_autograd_mappings_match_reshape (test_reshape_as.TensorReshapeAsTests.test_view_and_copy_autograd_mappings_match_reshape) ... ok
test_autograd_repeated_backward_and_no_grad_match_pytorch_2_13 (test_reshape_as_reference.TensorReshapeAsReferenceTests.test_autograd_repeated_backward_and_no_grad_match_pytorch_2_13) ... ok
test_binding_and_type_error_precedence_match_pytorch_2_13 (test_reshape_as_reference.TensorReshapeAsReferenceTests.test_binding_and_type_error_precedence_match_pytorch_2_13) ... ok
test_extreme_empty_and_mismatch_errors_match_pytorch_2_13 (test_reshape_as_reference.TensorReshapeAsReferenceTests.test_extreme_empty_and_mismatch_errors_match_pytorch_2_13) ... ok
test_positional_keyword_layout_and_storage_match_pytorch_2_13 (test_reshape_as_reference.TensorReshapeAsReferenceTests.test_positional_keyword_layout_and_storage_match_pytorch_2_13) ... ok
test_tensorbase_descriptor_documentation_matches_pytorch_2_13 (test_reshape_as_reference.TensorReshapeAsReferenceTests.test_tensorbase_descriptor_documentation_matches_pytorch_2_13) ... ok
test_autograd_repeated_backward_and_no_grad_match_pytorch_2_13 (test_reshape_reference.TopLevelReshapeReferenceTests.test_autograd_repeated_backward_and_no_grad_match_pytorch_2_13) ... ok
test_binding_and_type_errors_match_pytorch_2_13 (test_reshape_reference.TopLevelReshapeReferenceTests.test_binding_and_type_errors_match_pytorch_2_13) ... ok
test_callable_metadata_documentation_and_exports_match_pytorch_2_13 (test_reshape_reference.TopLevelReshapeReferenceTests.test_callable_metadata_documentation_and_exports_match_pytorch_2_13) ... ok
test_disabled_torch_function_shape_handlers_match_pytorch_2_13 (test_reshape_reference.TopLevelReshapeReferenceTests.test_disabled_torch_function_shape_handlers_match_pytorch_2_13) ... ok
test_inferred_empty_and_errors_match_pytorch_2_13 (test_reshape_reference.TopLevelReshapeReferenceTests.test_inferred_empty_and_errors_match_pytorch_2_13) ... ok
test_layouts_aliasing_call_forms_and_lifetimes_match_pytorch_2_13 (test_reshape_reference.TopLevelReshapeReferenceTests.test_layouts_aliasing_call_forms_and_lifetimes_match_pytorch_2_13) ... ok
test_overrides_and_modes_match_pytorch_2_13 (test_reshape_reference.TopLevelReshapeReferenceTests.test_overrides_and_modes_match_pytorch_2_13) ... ok
test_oversized_shape_dimension_errors_match_pytorch_2_13 (test_reshape_reference.TopLevelReshapeReferenceTests.test_oversized_shape_dimension_errors_match_pytorch_2_13) ... ok
test_stateful_index_dimension_conversion_matches_pytorch_2_13 (test_reshape_reference.TopLevelReshapeReferenceTests.test_stateful_index_dimension_conversion_matches_pytorch_2_13) ... ok
test_clear_conjugate_bit_resolves_to_exact_receiver_without_changes (test_resolve_conj.TensorResolveConjTests.test_clear_conjugate_bit_resolves_to_exact_receiver_without_changes) ... ok
test_descriptor_documentation_and_signature_match_pytorch_2_13 (test_resolve_conj.TensorResolveConjTests.test_descriptor_documentation_and_signature_match_pytorch_2_13) ... ok
test_invalid_calls_match_pytorch_2_13 (test_resolve_conj.TensorResolveConjTests.test_invalid_calls_match_pytorch_2_13) ... ok
test_not_implemented_reenters_the_declining_top_mode (test_resolve_conj.TensorResolveConjTests.test_not_implemented_reenters_the_declining_top_mode) ... ok
test_top_level_binding_and_type_error_precedence (test_resolve_conj.TensorResolveConjTests.test_top_level_binding_and_type_error_precedence) ... ok
test_top_level_callable_metadata_documentation_and_exports (test_resolve_conj.TensorResolveConjTests.test_top_level_callable_metadata_documentation_and_exports) ... ok
test_top_level_clear_conjugate_bit_is_the_same_exact_identity (test_resolve_conj.TensorResolveConjTests.test_top_level_clear_conjugate_bit_is_the_same_exact_identity) ... ok
test_top_level_declining_mode_reports_variable_function_error (test_resolve_conj.TensorResolveConjTests.test_top_level_declining_mode_reports_variable_function_error) ... ok
test_top_level_scope_does_not_add_complex_dtypes (test_resolve_conj.TensorResolveConjTests.test_top_level_scope_does_not_add_complex_dtypes) ... ok
test_top_level_torch_function_modes_and_overrides (test_resolve_conj.TensorResolveConjTests.test_top_level_torch_function_modes_and_overrides) ... ok
test_torch_function_modes_receive_method_descriptor_and_forward (test_resolve_conj.TensorResolveConjTests.test_torch_function_modes_receive_method_descriptor_and_forward) ... ok
test_callable_metadata_and_errors_match_pytorch_2_13 (test_resolve_conj_reference.TensorResolveConjReferenceTests.test_callable_metadata_and_errors_match_pytorch_2_13) ... ok
test_reference_conjugate_view_paths_materialize_and_preserve_graph (test_resolve_conj_reference.TensorResolveConjReferenceTests.test_reference_conjugate_view_paths_materialize_and_preserve_graph) ... ok
test_scope_adds_the_callable_without_complex_dtypes (test_resolve_conj_reference.TensorResolveConjReferenceTests.test_scope_adds_the_callable_without_complex_dtypes) ... ok
test_supported_clear_bit_path_matches_pytorch_2_13 (test_resolve_conj_reference.TensorResolveConjReferenceTests.test_supported_clear_bit_path_matches_pytorch_2_13) ... ok
test_top_level_binding_error_precedence_matches_pytorch_2_13 (test_resolve_conj_reference.TensorResolveConjReferenceTests.test_top_level_binding_error_precedence_matches_pytorch_2_13) ... ok
test_top_level_clear_bit_call_forms_match_pytorch_2_13 (test_resolve_conj_reference.TensorResolveConjReferenceTests.test_top_level_clear_bit_call_forms_match_pytorch_2_13) ... ok
test_top_level_torch_function_dispatch_matches_pytorch_2_13 (test_resolve_conj_reference.TensorResolveConjReferenceTests.test_top_level_torch_function_dispatch_matches_pytorch_2_13) ... ok
test_torch_function_mode_dispatch_matches_pytorch_2_13 (test_resolve_conj_reference.TensorResolveConjReferenceTests.test_torch_function_mode_dispatch_matches_pytorch_2_13) ... ok
test_clear_negative_bit_resolves_to_exact_receiver_without_changes (test_resolve_neg.TensorResolveNegTests.test_clear_negative_bit_resolves_to_exact_receiver_without_changes) ... ok
test_descriptor_documentation_and_signature_match_pytorch_2_13 (test_resolve_neg.TensorResolveNegTests.test_descriptor_documentation_and_signature_match_pytorch_2_13) ... ok
test_invalid_calls_match_pytorch_2_13 (test_resolve_neg.TensorResolveNegTests.test_invalid_calls_match_pytorch_2_13) ... ok
test_not_implemented_reenters_the_declining_top_mode (test_resolve_neg.TensorResolveNegTests.test_not_implemented_reenters_the_declining_top_mode) ... ok
test_top_level_binding_and_type_error_precedence (test_resolve_neg.TensorResolveNegTests.test_top_level_binding_and_type_error_precedence) ... ok
test_top_level_callable_metadata_documentation_and_exports (test_resolve_neg.TensorResolveNegTests.test_top_level_callable_metadata_documentation_and_exports) ... ok
test_top_level_clear_negative_bit_is_the_same_exact_identity (test_resolve_neg.TensorResolveNegTests.test_top_level_clear_negative_bit_is_the_same_exact_identity) ... ok
test_top_level_declining_mode_reports_variable_function_error (test_resolve_neg.TensorResolveNegTests.test_top_level_declining_mode_reports_variable_function_error) ... ok
test_top_level_scope_does_not_add_lazy_negative_views (test_resolve_neg.TensorResolveNegTests.test_top_level_scope_does_not_add_lazy_negative_views) ... ok
test_top_level_torch_function_modes_and_overrides (test_resolve_neg.TensorResolveNegTests.test_top_level_torch_function_modes_and_overrides) ... ok
test_torch_function_modes_receive_method_descriptor_and_forward (test_resolve_neg.TensorResolveNegTests.test_torch_function_modes_receive_method_descriptor_and_forward) ... ok
test_callable_metadata_and_errors_match_pytorch_2_13 (test_resolve_neg_reference.TensorResolveNegReferenceTests.test_callable_metadata_and_errors_match_pytorch_2_13) ... ok
test_reference_lazy_negative_view_paths_materialize_and_preserve_graph (test_resolve_neg_reference.TensorResolveNegReferenceTests.test_reference_lazy_negative_view_paths_materialize_and_preserve_graph) ... ok
test_scope_adds_callable_without_lazy_negative_views (test_resolve_neg_reference.TensorResolveNegReferenceTests.test_scope_adds_callable_without_lazy_negative_views) ... ok
test_supported_clear_bit_path_matches_pytorch_2_13 (test_resolve_neg_reference.TensorResolveNegReferenceTests.test_supported_clear_bit_path_matches_pytorch_2_13) ... ok
test_top_level_binding_error_precedence_matches_pytorch_2_13 (test_resolve_neg_reference.TensorResolveNegReferenceTests.test_top_level_binding_error_precedence_matches_pytorch_2_13) ... ok
test_top_level_clear_bit_call_forms_match_pytorch_2_13 (test_resolve_neg_reference.TensorResolveNegReferenceTests.test_top_level_clear_bit_call_forms_match_pytorch_2_13) ... ok
test_top_level_torch_function_dispatch_matches_pytorch_2_13 (test_resolve_neg_reference.TensorResolveNegReferenceTests.test_top_level_torch_function_dispatch_matches_pytorch_2_13) ... ok
test_torch_function_mode_dispatch_matches_pytorch_2_13 (test_resolve_neg_reference.TensorResolveNegReferenceTests.test_torch_function_mode_dispatch_matches_pytorch_2_13) ... ok
test_every_supported_tensor_state_reports_false_without_side_effects (test_retains_grad.TensorRetainsGradTests.test_every_supported_tensor_state_reports_false_without_side_effects) ... ok
test_property_is_read_only_with_pytorch_assignment_errors (test_retains_grad.TensorRetainsGradTests.test_property_is_read_only_with_pytorch_assignment_errors) ... ok
test_retain_grad_accepts_leaf_views_created_under_no_grad (test_retains_grad.TensorRetainsGradTests.test_retain_grad_accepts_leaf_views_created_under_no_grad) ... ok
test_retain_grad_errors_match_the_supported_boundary (test_retains_grad.TensorRetainsGradTests.test_retain_grad_errors_match_the_supported_boundary) ... ok
test_retain_grad_is_a_leaf_noop_and_preserves_gradient_accumulation (test_retains_grad.TensorRetainsGradTests.test_retain_grad_is_a_leaf_noop_and_preserves_gradient_accumulation) ... ok
test_retain_grad_receiver_and_argument_errors_match_pytorch_2_13 (test_retains_grad.TensorRetainsGradTests.test_retain_grad_receiver_and_argument_errors_match_pytorch_2_13) ... ok
test_retain_grad_tensorbase_descriptor_matches_pytorch_2_13 (test_retains_grad.TensorRetainsGradTests.test_retain_grad_tensorbase_descriptor_matches_pytorch_2_13) ... ok
test_retain_grad_torch_function_mode_dispatch_matches_tensorbase (test_retains_grad.TensorRetainsGradTests.test_retain_grad_torch_function_mode_dispatch_matches_tensorbase) ... ok
test_tensorbase_descriptor_documentation_and_receiver_behavior (test_retains_grad.TensorRetainsGradTests.test_tensorbase_descriptor_documentation_and_receiver_behavior) ... ok
test_torch_function_modes_receive_descriptor_get_and_forward (test_retains_grad.TensorRetainsGradTests.test_torch_function_modes_receive_descriptor_get_and_forward) ... ok
test_descriptor_documentation_and_errors_match_pytorch_2_13 (test_retains_grad_reference.TensorRetainsGradReferenceTests.test_descriptor_documentation_and_errors_match_pytorch_2_13) ... ok
test_false_defaults_match_pytorch_2_13_for_every_supported_state (test_retains_grad_reference.TensorRetainsGradReferenceTests.test_false_defaults_match_pytorch_2_13_for_every_supported_state) ... ok
test_leaf_retain_grad_matches_pytorch_2_13 (test_retains_grad_reference.TensorRetainsGradReferenceTests.test_leaf_retain_grad_matches_pytorch_2_13) ... ok
test_reference_non_leaf_state_bounds_the_leaf_only_surface (test_retains_grad_reference.TensorRetainsGradReferenceTests.test_reference_non_leaf_state_bounds_the_leaf_only_surface) ... ok
test_requires_grad_false_error_matches_pytorch_2_13 (test_retains_grad_reference.TensorRetainsGradReferenceTests.test_requires_grad_false_error_matches_pytorch_2_13) ... ok
test_retain_grad_descriptor_and_call_errors_match_pytorch_2_13 (test_retains_grad_reference.TensorRetainsGradReferenceTests.test_retain_grad_descriptor_and_call_errors_match_pytorch_2_13) ... ok
test_retain_grad_mode_dispatch_matches_pytorch_2_13 (test_retains_grad_reference.TensorRetainsGradReferenceTests.test_retain_grad_mode_dispatch_matches_pytorch_2_13) ... ok
test_torch_function_mode_dispatch_matches_pytorch_2_13 (test_retains_grad_reference.TensorRetainsGradReferenceTests.test_torch_function_mode_dispatch_matches_pytorch_2_13) ... ok
test_grad_recording_is_rejected_before_planning_and_no_grad_is_allowed (test_rsqrt.TensorRsqrtTests.test_grad_recording_is_rejected_before_planning_and_no_grad_is_allowed) ... ok
test_ieee_values_layouts_and_fresh_storage (test_rsqrt.TensorRsqrtTests.test_ieee_values_layouts_and_fresh_storage) ... ok
test_inplace_and_method_out_forms_remain_unsupported (test_rsqrt.TensorRsqrtTests.test_inplace_and_method_out_forms_remain_unsupported) ... ok
test_tensorbase_descriptor_metadata_and_no_argument_errors (test_rsqrt.TensorRsqrtTests.test_tensorbase_descriptor_metadata_and_no_argument_errors) ... ok
test_torch_function_modes_receive_descriptor_and_forward (test_rsqrt.TensorRsqrtTests.test_torch_function_modes_receive_descriptor_and_forward) ... ok
test_autograd_and_non_none_out_boundaries_remain_explicit (test_rsqrt.TopLevelRsqrtTests.test_autograd_and_non_none_out_boundaries_remain_explicit) ... ok
test_binding_and_type_error_precedence_matches_pytorch_2_13 (test_rsqrt.TopLevelRsqrtTests.test_binding_and_type_error_precedence_matches_pytorch_2_13) ... ok
test_callable_metadata_copying_pickling_and_exports (test_rsqrt.TopLevelRsqrtTests.test_callable_metadata_copying_pickling_and_exports) ... ok
test_modes_and_overrides_observe_calls_before_native_boundaries (test_rsqrt.TopLevelRsqrtTests.test_modes_and_overrides_observe_calls_before_native_boundaries) ... ok
test_supported_calls_reuse_tensor_kernel_and_unary_layouts (test_rsqrt.TopLevelRsqrtTests.test_supported_calls_reuse_tensor_kernel_and_unary_layouts) ... ok
test_callable_contract_matches_pytorch_2_13 (test_rsqrt_reference.TensorRsqrtReferenceTests.test_callable_contract_matches_pytorch_2_13) ... ok
test_inference_only_and_unsupported_boundaries_remain_explicit (test_rsqrt_reference.TensorRsqrtReferenceTests.test_inference_only_and_unsupported_boundaries_remain_explicit) ... ok
test_seeded_float32_bits_match_pytorch_2_13 (test_rsqrt_reference.TensorRsqrtReferenceTests.test_seeded_float32_bits_match_pytorch_2_13) ... ok
test_top_level_binding_and_type_errors_match_pytorch_2_13 (test_rsqrt_reference.TensorRsqrtReferenceTests.test_top_level_binding_and_type_errors_match_pytorch_2_13) ... ok
test_top_level_callable_contract_matches_pytorch_2_13 (test_rsqrt_reference.TensorRsqrtReferenceTests.test_top_level_callable_contract_matches_pytorch_2_13) ... ok
test_top_level_forms_and_unary_layouts_match_pytorch_2_13 (test_rsqrt_reference.TensorRsqrtReferenceTests.test_top_level_forms_and_unary_layouts_match_pytorch_2_13) ... ok
test_top_level_override_dispatch_matches_pytorch_2_13 (test_rsqrt_reference.TensorRsqrtReferenceTests.test_top_level_override_dispatch_matches_pytorch_2_13) ... ok
test_torch_function_mode_dispatch_matches_pytorch_2_13 (test_rsqrt_reference.TensorRsqrtReferenceTests.test_torch_function_mode_dispatch_matches_pytorch_2_13) ... ok
test_values_layouts_and_fresh_storage_match_pytorch_2_13 (test_rsqrt_reference.TensorRsqrtReferenceTests.test_values_layouts_and_fresh_storage_match_pytorch_2_13) ... ok
test_base_iterator_is_deliberately_unimplemented (test_sampler.SamplerTests.test_base_iterator_is_deliberately_unimplemented) ... ok
test_generic_covariance_signatures_and_metadata (test_sampler.SamplerTests.test_generic_covariance_signatures_and_metadata) ... ok
test_imports_exports_and_unsupported_surface (test_sampler.SamplerTests.test_imports_exports_and_unsupported_surface) ... ok
test_missing_length_preserves_iteration_fallbacks (test_sampler.SamplerTests.test_missing_length_preserves_iteration_fallbacks) ... ok
test_base_errors_and_subclass_iteration_fallbacks_match (test_sampler_reference.SamplerReferenceTests.test_base_errors_and_subclass_iteration_fallbacks_match) ... ok
test_imports_exports_and_unsupported_surface_match_pytorch_2_13 (test_sampler_reference.SamplerReferenceTests.test_imports_exports_and_unsupported_surface_match_pytorch_2_13) ... ok
test_signatures_annotations_documentation_and_metadata_match (test_sampler_reference.SamplerReferenceTests.test_signatures_annotations_documentation_and_metadata_match) ... ok
test_binding_validation_and_error_precedence_match_pytorch (test_scalar_tensor.ScalarTensorTests.test_binding_validation_and_error_precedence_match_pytorch) ... ok
test_callable_metadata_and_exports_match_pytorch (test_scalar_tensor.ScalarTensorTests.test_callable_metadata_and_exports_match_pytorch) ... ok
test_float32_signed_zero_and_nonfinite_bits_are_preserved (test_scalar_tensor.ScalarTensorTests.test_float32_signed_zero_and_nonfinite_bits_are_preserved) ... ok
test_python_and_numpy_real_scalars_support_positional_and_keyword_calls (test_scalar_tensor.ScalarTensorTests.test_python_and_numpy_real_scalars_support_positional_and_keyword_calls) ... ok
test_supported_factory_options_create_scalar_leaves (test_scalar_tensor.ScalarTensorTests.test_supported_factory_options_create_scalar_leaves) ... ok
test_zero_dimensional_tensor_inputs_are_copied_exactly (test_scalar_tensor.ScalarTensorTests.test_zero_dimensional_tensor_inputs_are_copied_exactly) ... ok
test_binding_errors_and_validation_precedence_match_pytorch_2_13 (test_scalar_tensor_reference.ScalarTensorReferenceTests.test_binding_errors_and_validation_precedence_match_pytorch_2_13) ... ok
test_callable_metadata_and_exports_match_pytorch_2_13 (test_scalar_tensor_reference.ScalarTensorReferenceTests.test_callable_metadata_and_exports_match_pytorch_2_13) ... ok
test_real_scalars_bits_and_argument_forms_match_pytorch_2_13 (test_scalar_tensor_reference.ScalarTensorReferenceTests.test_real_scalars_bits_and_argument_forms_match_pytorch_2_13) ... ok
test_zero_dimensional_inputs_and_supported_options_match (test_scalar_tensor_reference.ScalarTensorReferenceTests.test_zero_dimensional_inputs_and_supported_options_match) ... ok
test_arbitrary_dimension_views_match_indexing (test_select.TensorSelectTests.test_arbitrary_dimension_views_match_indexing) ... ok
test_autograd_no_grad_and_downstream_operations (test_select.TensorSelectTests.test_autograd_no_grad_and_downstream_operations) ... ok
test_call_forms_reuse_native_select_views (test_select.TensorSelectTests.test_call_forms_reuse_native_select_views) ... ok
test_empty_views_bounds_and_index_errors (test_select.TensorSelectTests.test_empty_views_bounds_and_index_errors) ... ok
test_integer_types_binding_and_conversion_order (test_select.TensorSelectTests.test_integer_types_binding_and_conversion_order) ... ok
test_tensorbase_descriptor_metadata_and_unbound_behavior (test_select.TensorSelectTests.test_tensorbase_descriptor_metadata_and_unbound_behavior) ... ok
test_top_level_autograd_no_grad_output_number_and_empty_view (test_select.TensorSelectTests.test_top_level_autograd_no_grad_output_number_and_empty_view) ... ok
test_top_level_binding_errors_and_conversion_order (test_select.TensorSelectTests.test_top_level_binding_errors_and_conversion_order) ... ok
test_top_level_callable_metadata_documentation_and_exports (test_select.TensorSelectTests.test_top_level_callable_metadata_documentation_and_exports) ... ok
test_top_level_forms_reuse_native_select_views (test_select.TensorSelectTests.test_top_level_forms_reuse_native_select_views) ... ok
test_top_level_tensor_like_overrides_use_public_function (test_select.TensorSelectTests.test_top_level_tensor_like_overrides_use_public_function) ... ok
test_top_level_torch_function_modes_receive_original_calls_and_forward (test_select.TensorSelectTests.test_top_level_torch_function_modes_receive_original_calls_and_forward) ... ok
test_torch_function_modes_receive_original_calls_and_forward (test_select.TensorSelectTests.test_torch_function_modes_receive_original_calls_and_forward) ... ok
test_autograd_no_grad_and_downstream_operations_match_pytorch_2_13 (test_select_reference.TensorSelectReferenceTests.test_autograd_no_grad_and_downstream_operations_match_pytorch_2_13) ... ok
test_custom_index_conversion_order_matches_pytorch_2_13 (test_select_reference.TensorSelectReferenceTests.test_custom_index_conversion_order_matches_pytorch_2_13) ... ok
test_supported_binding_bounds_and_scalar_errors_match_pytorch_2_13 (test_select_reference.TensorSelectReferenceTests.test_supported_binding_bounds_and_scalar_errors_match_pytorch_2_13) ... ok
test_tensorbase_descriptor_contract_matches_pytorch_2_13 (test_select_reference.TensorSelectReferenceTests.test_tensorbase_descriptor_contract_matches_pytorch_2_13) ... ok
test_top_level_autograd_no_grad_and_output_number_match_pytorch_2_13 (test_select_reference.TensorSelectReferenceTests.test_top_level_autograd_no_grad_and_output_number_match_pytorch_2_13) ... ok
test_top_level_callable_metadata_and_exports_match_pytorch_2_13 (test_select_reference.TensorSelectReferenceTests.test_top_level_callable_metadata_and_exports_match_pytorch_2_13) ... ok
test_top_level_supported_errors_match_pytorch_2_13 (test_select_reference.TensorSelectReferenceTests.test_top_level_supported_errors_match_pytorch_2_13) ... ok
test_top_level_tensor_like_overrides_match_pytorch_2_13 (test_select_reference.TensorSelectReferenceTests.test_top_level_tensor_like_overrides_match_pytorch_2_13) ... ok
test_top_level_torch_function_modes_match_pytorch_2_13 (test_select_reference.TensorSelectReferenceTests.test_top_level_torch_function_modes_match_pytorch_2_13) ... ok
test_top_level_values_layout_aliasing_and_empties_match_pytorch_2_13 (test_select_reference.TensorSelectReferenceTests.test_top_level_values_layout_aliasing_and_empties_match_pytorch_2_13) ... ok
test_torch_function_mode_dispatch_matches_pytorch_2_13 (test_select_reference.TensorSelectReferenceTests.test_torch_function_mode_dispatch_matches_pytorch_2_13) ... ok
test_values_layout_aliasing_and_empties_match_pytorch_2_13 (test_select_reference.TensorSelectReferenceTests.test_values_layout_aliasing_and_empties_match_pytorch_2_13) ... ok
test_imports_exports_and_unsupported_neighbors (test_sequential_sampler.SequentialSamplerTests.test_imports_exports_and_unsupported_neighbors) ... ok
test_iteration_uses_current_data_source_length (test_sequential_sampler.SequentialSamplerTests.test_iteration_uses_current_data_source_length) ... ok
test_length_delegates_without_caching_and_preserves_errors (test_sequential_sampler.SequentialSamplerTests.test_length_delegates_without_caching_and_preserves_errors) ... ok
test_signature_annotations_inheritance_documentation_and_metadata (test_sequential_sampler.SequentialSamplerTests.test_signature_annotations_inheritance_documentation_and_metadata) ... ok
test_construction_call_forms_match (test_sequential_sampler_reference.SequentialSamplerReferenceTests.test_construction_call_forms_match) ... ok
test_empty_mutable_and_custom_sized_iteration_matches (test_sequential_sampler_reference.SequentialSamplerReferenceTests.test_empty_mutable_and_custom_sized_iteration_matches) ... ok
test_imports_exports_and_unsupported_neighbors_match (test_sequential_sampler_reference.SequentialSamplerReferenceTests.test_imports_exports_and_unsupported_neighbors_match) ... ok
test_length_delegation_and_source_errors_match (test_sequential_sampler_reference.SequentialSamplerReferenceTests.test_length_delegation_and_source_errors_match) ... ok
test_signature_annotations_documentation_and_metadata_match (test_sequential_sampler_reference.SequentialSamplerReferenceTests.test_signature_annotations_documentation_and_metadata_match) ... ok
test_argument_errors_match_pytorch_2_13 (test_serialization_get_crc32_options.SerializationCrc32OptionsTests.test_argument_errors_match_pytorch_2_13) ... ok
test_default_true_is_exact_and_preserves_grad_mode (test_serialization_get_crc32_options.SerializationCrc32OptionsTests.test_default_true_is_exact_and_preserves_grad_mode) ... ok
test_importing_reloading_and_calling_does_not_import_pytorch (test_serialization_get_crc32_options.SerializationCrc32OptionsTests.test_importing_reloading_and_calling_does_not_import_pytorch) ... ok
test_imports_exports_copy_and_pickle_use_the_canonical_module (test_serialization_get_crc32_options.SerializationCrc32OptionsTests.test_imports_exports_copy_and_pickle_use_the_canonical_module) ... ok
test_reimported_submodule_shares_state_with_existing_functions (test_serialization_get_crc32_options.SerializationCrc32OptionsTests.test_reimported_submodule_shares_state_with_existing_functions) ... ok
test_reload_preserves_the_process_state (test_serialization_get_crc32_options.SerializationCrc32OptionsTests.test_reload_preserves_the_process_state) ... ok
test_save_load_and_other_serialization_apis_remain_unsupported (test_serialization_get_crc32_options.SerializationCrc32OptionsTests.test_save_load_and_other_serialization_apis_remain_unsupported) ... ok
test_setter_stores_every_runtime_value_without_coercion (test_serialization_get_crc32_options.SerializationCrc32OptionsTests.test_setter_stores_every_runtime_value_without_coercion) ... ok
test_signature_annotations_documentation_and_module_identity (test_serialization_get_crc32_options.SerializationCrc32OptionsTests.test_signature_annotations_documentation_and_module_identity) ... ok
test_state_is_stable_across_threads_and_grad_modes (test_serialization_get_crc32_options.SerializationCrc32OptionsTests.test_state_is_stable_across_threads_and_grad_modes) ... ok
test_updates_are_process_global_and_visible_across_threads (test_serialization_get_crc32_options.SerializationCrc32OptionsTests.test_updates_are_process_global_and_visible_across_threads) ... ok
test_argument_errors_and_state_preservation_match_pytorch_2_13 (test_serialization_get_crc32_options_reference.SerializationCrc32OptionsReferenceTests.test_argument_errors_and_state_preservation_match_pytorch_2_13) ... ok
test_default_threaded_and_grad_states_match_pytorch_2_13 (test_serialization_get_crc32_options_reference.SerializationCrc32OptionsReferenceTests.test_default_threaded_and_grad_states_match_pytorch_2_13) ... ok
test_imports_exports_copy_and_pickle_match_the_supported_scope (test_serialization_get_crc32_options_reference.SerializationCrc32OptionsReferenceTests.test_imports_exports_copy_and_pickle_match_the_supported_scope) ... ok
test_reimported_submodules_share_state_with_existing_functions (test_serialization_get_crc32_options_reference.SerializationCrc32OptionsReferenceTests.test_reimported_submodules_share_state_with_existing_functions) ... ok
test_runtime_value_acceptance_and_identity_match_pytorch_2_13 (test_serialization_get_crc32_options_reference.SerializationCrc32OptionsReferenceTests.test_runtime_value_acceptance_and_identity_match_pytorch_2_13) ... ok
test_save_load_and_other_serialization_apis_remain_unsupported (test_serialization_get_crc32_options_reference.SerializationCrc32OptionsReferenceTests.test_save_load_and_other_serialization_apis_remain_unsupported) ... ok
test_signature_annotations_documentation_and_identity_match (test_serialization_get_crc32_options_reference.SerializationCrc32OptionsReferenceTests.test_signature_annotations_documentation_and_identity_match) ... ok
test_default_and_enum_members_are_stable_across_threads (test_serialization_get_default_load_endianness.SerializationDefaultLoadEndiannessTests.test_default_and_enum_members_are_stable_across_threads) ... ok
test_default_none_is_exact_and_preserves_grad_mode (test_serialization_get_default_load_endianness.SerializationDefaultLoadEndiannessTests.test_default_none_is_exact_and_preserves_grad_mode) ... ok
test_enum_identity_values_repr_iteration_order_and_aliases (test_serialization_get_default_load_endianness.SerializationDefaultLoadEndiannessTests.test_enum_identity_values_repr_iteration_order_and_aliases) ... ok
test_getter_and_enum_argument_errors_match_pytorch_2_13 (test_serialization_get_default_load_endianness.SerializationDefaultLoadEndiannessTests.test_getter_and_enum_argument_errors_match_pytorch_2_13) ... ok
test_importing_reloading_and_calling_does_not_import_pytorch (test_serialization_get_default_load_endianness.SerializationDefaultLoadEndiannessTests.test_importing_reloading_and_calling_does_not_import_pytorch) ... ok
test_imports_exports_copy_and_pickle_use_canonical_objects (test_serialization_get_default_load_endianness.SerializationDefaultLoadEndiannessTests.test_imports_exports_copy_and_pickle_use_canonical_objects) ... ok
test_reload_and_reimport_rebind_the_enum_and_keep_the_default (test_serialization_get_default_load_endianness.SerializationDefaultLoadEndiannessTests.test_reload_and_reimport_rebind_the_enum_and_keep_the_default) ... ok
test_save_and_load_remain_unsupported (test_serialization_get_default_load_endianness.SerializationDefaultLoadEndiannessTests.test_save_and_load_remain_unsupported) ... ok
test_signature_annotations_documentation_and_module_identity (test_serialization_get_default_load_endianness.SerializationDefaultLoadEndiannessTests.test_signature_annotations_documentation_and_module_identity) ... ok
test_default_threaded_and_grad_states_match_pytorch_2_13 (test_serialization_get_default_load_endianness_reference.SerializationDefaultLoadEndiannessReferenceTests.test_default_threaded_and_grad_states_match_pytorch_2_13) ... ok
test_enum_identity_values_repr_iteration_and_aliases_match (test_serialization_get_default_load_endianness_reference.SerializationDefaultLoadEndiannessReferenceTests.test_enum_identity_values_repr_iteration_and_aliases_match) ... ok
test_getter_and_enum_argument_errors_match_pytorch_2_13 (test_serialization_get_default_load_endianness_reference.SerializationDefaultLoadEndiannessReferenceTests.test_getter_and_enum_argument_errors_match_pytorch_2_13) ... ok
test_imports_exports_copy_and_pickle_match_pytorch_2_13 (test_serialization_get_default_load_endianness_reference.SerializationDefaultLoadEndiannessReferenceTests.test_imports_exports_copy_and_pickle_match_pytorch_2_13) ... ok
test_reload_and_reimport_behavior_matches_pytorch_2_13 (test_serialization_get_default_load_endianness_reference.SerializationDefaultLoadEndiannessReferenceTests.test_reload_and_reimport_behavior_matches_pytorch_2_13) ... ok
test_save_and_load_remain_unsupported (test_serialization_get_default_load_endianness_reference.SerializationDefaultLoadEndiannessReferenceTests.test_save_and_load_remain_unsupported) ... ok
test_setter_acceptance_and_nondefault_states_match_pytorch_2_13 (test_serialization_get_default_load_endianness_reference.SerializationDefaultLoadEndiannessReferenceTests.test_setter_acceptance_and_nondefault_states_match_pytorch_2_13) ... ok
test_signature_annotations_documentation_and_identity_match (test_serialization_get_default_load_endianness_reference.SerializationDefaultLoadEndiannessReferenceTests.test_signature_annotations_documentation_and_identity_match) ... ok
test_argument_errors_match_pytorch_2_13 (test_serialization_get_default_mmap_options.SerializationDefaultMmapOptionsTests.test_argument_errors_match_pytorch_2_13) ... ok
test_default_is_stable_across_threads_and_grad_modes (test_serialization_get_default_mmap_options.SerializationDefaultMmapOptionsTests.test_default_is_stable_across_threads_and_grad_modes) ... ok
test_imports_exports_copy_and_pickle_use_the_canonical_module (test_serialization_get_default_mmap_options.SerializationDefaultMmapOptionsTests.test_imports_exports_copy_and_pickle_use_the_canonical_module) ... ok
test_platform_default_is_exact_and_preserves_grad_mode (test_serialization_get_default_mmap_options.SerializationDefaultMmapOptionsTests.test_platform_default_is_exact_and_preserves_grad_mode) ... ok
test_reload_and_reimport_preserve_the_platform_default (test_serialization_get_default_mmap_options.SerializationDefaultMmapOptionsTests.test_reload_and_reimport_preserve_the_platform_default) ... ok
test_save_and_load_remain_unsupported (test_serialization_get_default_mmap_options.SerializationDefaultMmapOptionsTests.test_save_and_load_remain_unsupported) ... ok
test_signature_annotations_documentation_and_module_identity (test_serialization_get_default_mmap_options.SerializationDefaultMmapOptionsTests.test_signature_annotations_documentation_and_module_identity) ... ok
test_unavailable_map_private_returns_none_without_importing_pytorch (test_serialization_get_default_mmap_options.SerializationDefaultMmapOptionsTests.test_unavailable_map_private_returns_none_without_importing_pytorch) ... ok
test_argument_errors_match_pytorch_2_13 (test_serialization_get_default_mmap_options_reference.SerializationDefaultMmapOptionsReferenceTests.test_argument_errors_match_pytorch_2_13) ... ok
test_imports_exports_copy_and_pickle_match_pytorch_2_13 (test_serialization_get_default_mmap_options_reference.SerializationDefaultMmapOptionsReferenceTests.test_imports_exports_copy_and_pickle_match_pytorch_2_13) ... ok
test_map_shared_mutation_matches_pytorch_2_13 (test_serialization_get_default_mmap_options_reference.SerializationDefaultMmapOptionsReferenceTests.test_map_shared_mutation_matches_pytorch_2_13) ... ok
test_save_and_load_remain_unsupported (test_serialization_get_default_mmap_options_reference.SerializationDefaultMmapOptionsReferenceTests.test_save_and_load_remain_unsupported) ... ok
test_signature_annotations_documentation_and_identity_match (test_serialization_get_default_mmap_options_reference.SerializationDefaultMmapOptionsReferenceTests.test_signature_annotations_documentation_and_identity_match) ... ok
test_supported_default_threaded_and_grad_states_match_pytorch_2_13 (test_serialization_get_default_mmap_options_reference.SerializationDefaultMmapOptionsReferenceTests.test_supported_default_threaded_and_grad_states_match_pytorch_2_13) ... ok
test_importing_reloading_and_calling_does_not_import_pytorch (test_serialization_set_default_load_endianness.SerializationSetDefaultLoadEndiannessTests.test_importing_reloading_and_calling_does_not_import_pytorch) ... ok
test_imports_exports_copy_and_pickle_use_the_canonical_function (test_serialization_set_default_load_endianness.SerializationSetDefaultLoadEndiannessTests.test_imports_exports_copy_and_pickle_use_the_canonical_function) ... ok
test_invalid_types_and_call_errors_preserve_the_current_state (test_serialization_set_default_load_endianness.SerializationSetDefaultLoadEndiannessTests.test_invalid_types_and_call_errors_preserve_the_current_state) ... ok
test_none_and_current_enum_members_update_the_getter_by_identity (test_serialization_set_default_load_endianness.SerializationSetDefaultLoadEndiannessTests.test_none_and_current_enum_members_update_the_getter_by_identity) ... ok
test_reload_and_reimport_preserve_state_and_reject_stale_members (test_serialization_set_default_load_endianness.SerializationSetDefaultLoadEndiannessTests.test_reload_and_reimport_preserve_state_and_reject_stale_members) ... ok
test_save_and_load_remain_unsupported (test_serialization_set_default_load_endianness.SerializationSetDefaultLoadEndiannessTests.test_save_and_load_remain_unsupported) ... ok
test_signature_metadata_documentation_and_module_identity (test_serialization_set_default_load_endianness.SerializationSetDefaultLoadEndiannessTests.test_signature_metadata_documentation_and_module_identity) ... ok
test_updates_are_process_global_and_visible_across_threads (test_serialization_set_default_load_endianness.SerializationSetDefaultLoadEndiannessTests.test_updates_are_process_global_and_visible_across_threads) ... ok
test_imports_exports_copy_and_pickle_match_pytorch_2_13 (test_serialization_set_default_load_endianness_reference.SerializationSetDefaultLoadEndiannessReferenceTests.test_imports_exports_copy_and_pickle_match_pytorch_2_13) ... ok
test_invalid_types_call_errors_and_state_preservation_match (test_serialization_set_default_load_endianness_reference.SerializationSetDefaultLoadEndiannessReferenceTests.test_invalid_types_call_errors_and_state_preservation_match) ... ok
test_mutation_and_identity_match_pytorch_2_13 (test_serialization_set_default_load_endianness_reference.SerializationSetDefaultLoadEndiannessReferenceTests.test_mutation_and_identity_match_pytorch_2_13) ... ok
test_reload_and_reimport_behavior_matches_pytorch_2_13 (test_serialization_set_default_load_endianness_reference.SerializationSetDefaultLoadEndiannessReferenceTests.test_reload_and_reimport_behavior_matches_pytorch_2_13) ... ok
test_save_and_load_remain_unsupported (test_serialization_set_default_load_endianness_reference.SerializationSetDefaultLoadEndiannessReferenceTests.test_save_and_load_remain_unsupported) ... ok
test_signature_metadata_documentation_and_identity_match (test_serialization_set_default_load_endianness_reference.SerializationSetDefaultLoadEndiannessReferenceTests.test_signature_metadata_documentation_and_identity_match) ... ok
test_threaded_setter_calls_match_pytorch_2_13 (test_serialization_set_default_load_endianness_reference.SerializationSetDefaultLoadEndiannessReferenceTests.test_threaded_setter_calls_match_pytorch_2_13) ... ok
test_direct_calls_update_immediately_and_instances_restore (test_serialization_set_default_mmap_options.SerializationSetDefaultMmapOptionsTests.test_direct_calls_update_immediately_and_instances_restore) ... ok
test_imports_exports_copy_and_pickle_use_the_canonical_class (test_serialization_set_default_mmap_options.SerializationSetDefaultMmapOptionsTests.test_imports_exports_copy_and_pickle_use_the_canonical_class) ... ok
test_invalid_flags_and_call_errors_preserve_state (test_serialization_set_default_mmap_options.SerializationSetDefaultMmapOptionsTests.test_invalid_flags_and_call_errors_preserve_state) ... ok
test_nested_contexts_and_exceptional_exits_restore_prior_state (test_serialization_set_default_mmap_options.SerializationSetDefaultMmapOptionsTests.test_nested_contexts_and_exceptional_exits_restore_prior_state) ... ok
test_reload_and_reimport_share_persistent_state_with_old_classes (test_serialization_set_default_mmap_options.SerializationSetDefaultMmapOptionsTests.test_reload_and_reimport_share_persistent_state_with_old_classes) ... ok
test_signature_annotations_documentation_and_class_identity (test_serialization_set_default_mmap_options.SerializationSetDefaultMmapOptionsTests.test_signature_annotations_documentation_and_class_identity) ... ok
test_updates_and_context_restoration_are_process_global (test_serialization_set_default_mmap_options.SerializationSetDefaultMmapOptionsTests.test_updates_and_context_restoration_are_process_global) ... ok
test_windows_platform_guard_matches_pytorch_error (test_serialization_set_default_mmap_options.SerializationSetDefaultMmapOptionsTests.test_windows_platform_guard_matches_pytorch_error) ... ok
test_immediate_nested_and_exceptional_behavior_matches_pytorch_2_13 (test_serialization_set_default_mmap_options_reference.SerializationSetDefaultMmapOptionsReferenceTests.test_immediate_nested_and_exceptional_behavior_matches_pytorch_2_13) ... ok
test_invalid_flags_call_errors_and_windows_guard_match (test_serialization_set_default_mmap_options_reference.SerializationSetDefaultMmapOptionsReferenceTests.test_invalid_flags_call_errors_and_windows_guard_match) ... ok
test_reload_and_reimport_behavior_matches_pytorch_2_13 (test_serialization_set_default_mmap_options_reference.SerializationSetDefaultMmapOptionsReferenceTests.test_reload_and_reimport_behavior_matches_pytorch_2_13) ... ok
test_signature_annotations_documentation_and_identity_match (test_serialization_set_default_mmap_options_reference.SerializationSetDefaultMmapOptionsReferenceTests.test_signature_annotations_documentation_and_identity_match) ... ok
test_binding_errors_match_pytorch_2_13 (test_set_default_device.SetDefaultDeviceTests.test_binding_errors_match_pytorch_2_13) ... ok
test_callable_metadata_matches_pytorch_2_13_shape (test_set_default_device.SetDefaultDeviceTests.test_callable_metadata_matches_pytorch_2_13_shape) ... ok
test_cpu_default_equivalent_requests_are_noops (test_set_default_device.SetDefaultDeviceTests.test_cpu_default_equivalent_requests_are_noops) ... ok
test_factory_outputs_remain_unindexed_cpu_after_every_noop_form (test_set_default_device.SetDefaultDeviceTests.test_factory_outputs_remain_unindexed_cpu_after_every_noop_form) ... ok
test_imports_exports_copy_pickle_and_reload_use_the_canonical_function (test_set_default_device.SetDefaultDeviceTests.test_imports_exports_copy_pickle_and_reload_use_the_canonical_function) ... ok
test_rejects_invalid_argument_values_without_state_changes (test_set_default_device.SetDefaultDeviceTests.test_rejects_invalid_argument_values_without_state_changes) ... ok
test_rejects_mutable_routing_and_non_cpu_default_requests (test_set_default_device.SetDefaultDeviceTests.test_rejects_mutable_routing_and_non_cpu_default_requests) ... ok
test_subprocess_import_and_noop_are_isolated_from_pytorch_and_cuda (test_set_default_device.SetDefaultDeviceTests.test_subprocess_import_and_noop_are_isolated_from_pytorch_and_cuda) ... ok
test_binding_errors_match_pytorch_2_13 (test_set_default_device_reference.SetDefaultDeviceReferenceTests.test_binding_errors_match_pytorch_2_13) ... ok
test_callable_metadata_matches_pytorch_2_13 (test_set_default_device_reference.SetDefaultDeviceReferenceTests.test_callable_metadata_matches_pytorch_2_13) ... ok
test_cpu_default_equivalent_requests_match_pytorch_2_13 (test_set_default_device_reference.SetDefaultDeviceReferenceTests.test_cpu_default_equivalent_requests_match_pytorch_2_13) ... ok
test_imports_exports_copy_and_pickle_match_pytorch_2_13 (test_set_default_device_reference.SetDefaultDeviceReferenceTests.test_imports_exports_copy_and_pickle_match_pytorch_2_13) ... ok
test_callable_metadata_matches_pytorch_2_13 (test_set_default_dtype.SetDefaultDTypeTests.test_callable_metadata_matches_pytorch_2_13) ... ok
test_float32_and_its_alias_are_stateless_noops (test_set_default_dtype.SetDefaultDTypeTests.test_float32_and_its_alias_are_stateless_noops) ... ok
test_invalid_dtype_objects_use_the_pytorch_2_13_error (test_set_default_dtype.SetDefaultDTypeTests.test_invalid_dtype_objects_use_the_pytorch_2_13_error) ... ok
test_positional_only_binding_errors_match_pytorch_2_13 (test_set_default_dtype.SetDefaultDTypeTests.test_positional_only_binding_errors_match_pytorch_2_13) ... ok
test_rebinding_public_getter_does_not_change_validation (test_set_default_dtype.SetDefaultDTypeTests.test_rebinding_public_getter_does_not_change_validation) ... ok
test_callable_metadata_matches_pytorch_2_13 (test_set_default_dtype_reference.SetDefaultDTypeReferenceTests.test_callable_metadata_matches_pytorch_2_13) ... ok
test_float32_and_alias_noops_match_pytorch_2_13 (test_set_default_dtype_reference.SetDefaultDTypeReferenceTests.test_float32_and_alias_noops_match_pytorch_2_13) ... ok
test_invalid_dtype_object_errors_match_pytorch_2_13 (test_set_default_dtype_reference.SetDefaultDTypeReferenceTests.test_invalid_dtype_object_errors_match_pytorch_2_13) ... ok
test_positional_only_binding_errors_match_pytorch_2_13 (test_set_default_dtype_reference.SetDefaultDTypeReferenceTests.test_positional_only_binding_errors_match_pytorch_2_13) ... ok
test_rebinding_public_getter_matches_pytorch_2_13 (test_set_default_dtype_reference.SetDefaultDTypeReferenceTests.test_rebinding_public_getter_matches_pytorch_2_13) ... ok
test_argument_binding_errors_match_pytorch_2_13 (test_set_deterministic_debug_mode.SetDeterministicDebugModeTests.test_argument_binding_errors_match_pytorch_2_13) ... ok
test_callable_metadata_matches_pytorch_2_13 (test_set_deterministic_debug_mode.SetDeterministicDebugModeTests.test_callable_metadata_matches_pytorch_2_13) ... ok
test_default_forms_are_idempotent_noops_across_grad_modes (test_set_deterministic_debug_mode.SetDeterministicDebugModeTests.test_default_forms_are_idempotent_noops_across_grad_modes) ... ok
test_default_state_is_coherent_across_threads (test_set_deterministic_debug_mode.SetDeterministicDebugModeTests.test_default_state_is_coherent_across_threads) ... ok
test_exports_copy_and_pickle_use_the_canonical_module (test_set_deterministic_debug_mode.SetDeterministicDebugModeTests.test_exports_copy_and_pickle_use_the_canonical_module) ... ok
test_importing_calling_and_reloading_do_not_import_pytorch (test_set_deterministic_debug_mode.SetDeterministicDebugModeTests.test_importing_calling_and_reloading_do_not_import_pytorch) ... ok
test_malformed_input_errors_match_pytorch_2_13_spelling (test_set_deterministic_debug_mode.SetDeterministicDebugModeTests.test_malformed_input_errors_match_pytorch_2_13_spelling) ... ok
test_nondefault_modes_are_rejected_without_state_changes (test_set_deterministic_debug_mode.SetDeterministicDebugModeTests.test_nondefault_modes_are_rejected_without_state_changes) ... ok
test_reload_preserves_the_default_state_for_old_and_new_functions (test_set_deterministic_debug_mode.SetDeterministicDebugModeTests.test_reload_preserves_the_default_state_for_old_and_new_functions) ... ok
test_argument_binding_errors_match_pytorch_2_13 (test_set_deterministic_debug_mode_reference.SetDeterministicDebugModeReferenceTests.test_argument_binding_errors_match_pytorch_2_13) ... ok
test_callable_metadata_matches_pytorch_2_13 (test_set_deterministic_debug_mode_reference.SetDeterministicDebugModeReferenceTests.test_callable_metadata_matches_pytorch_2_13) ... ok
test_default_forms_grad_modes_and_threads_match_pytorch_2_13 (test_set_deterministic_debug_mode_reference.SetDeterministicDebugModeReferenceTests.test_default_forms_grad_modes_and_threads_match_pytorch_2_13) ... ok
test_exports_copy_and_pickle_match_pytorch_2_13 (test_set_deterministic_debug_mode_reference.SetDeterministicDebugModeReferenceTests.test_exports_copy_and_pickle_match_pytorch_2_13) ... ok
test_malformed_input_errors_match_pytorch_2_13 (test_set_deterministic_debug_mode_reference.SetDeterministicDebugModeReferenceTests.test_malformed_input_errors_match_pytorch_2_13) ... ok
test_nondefault_modes_remain_an_explicit_difference (test_set_deterministic_debug_mode_reference.SetDeterministicDebugModeReferenceTests.test_nondefault_modes_remain_an_explicit_difference) ... ok
test_argument_binding_errors_match_pytorch_2_13 (test_set_float32_matmul_precision.SetFloat32MatmulPrecisionTests.test_argument_binding_errors_match_pytorch_2_13) ... ok
test_callable_metadata_matches_pytorch_2_13 (test_set_float32_matmul_precision.SetFloat32MatmulPrecisionTests.test_callable_metadata_matches_pytorch_2_13) ... ok
test_exports_copy_and_pickle_use_the_canonical_module (test_set_float32_matmul_precision.SetFloat32MatmulPrecisionTests.test_exports_copy_and_pickle_use_the_canonical_module) ... ok
test_highest_and_high_update_tf32_preference_without_changing_matmul (test_set_float32_matmul_precision.SetFloat32MatmulPrecisionTests.test_highest_and_high_update_tf32_preference_without_changing_matmul) ... ok
test_importing_and_calling_does_not_import_pytorch (test_set_float32_matmul_precision.SetFloat32MatmulPrecisionTests.test_importing_and_calling_does_not_import_pytorch) ... ok
test_medium_precision_mode_is_rejected_without_side_effects (test_set_float32_matmul_precision.SetFloat32MatmulPrecisionTests.test_medium_precision_mode_is_rejected_without_side_effects) ... ok
test_non_string_errors_match_pytorch_2_13_spelling (test_set_float32_matmul_precision.SetFloat32MatmulPrecisionTests.test_non_string_errors_match_pytorch_2_13_spelling) ... ok
test_argument_binding_errors_match_pytorch_2_13 (test_set_float32_matmul_precision_reference.SetFloat32MatmulPrecisionReferenceTests.test_argument_binding_errors_match_pytorch_2_13) ... ok
test_callable_metadata_matches_pytorch_2_13 (test_set_float32_matmul_precision_reference.SetFloat32MatmulPrecisionReferenceTests.test_callable_metadata_matches_pytorch_2_13) ... ok
test_cuda_matmul_allow_tf32_updates_precision_getter (test_set_float32_matmul_precision_reference.SetFloat32MatmulPrecisionReferenceTests.test_cuda_matmul_allow_tf32_updates_precision_getter) ... ok
test_exports_copy_and_pickle_match_pytorch_2_13 (test_set_float32_matmul_precision_reference.SetFloat32MatmulPrecisionReferenceTests.test_exports_copy_and_pickle_match_pytorch_2_13) ... ok
test_medium_precision_mode_remains_an_explicit_difference (test_set_float32_matmul_precision_reference.SetFloat32MatmulPrecisionReferenceTests.test_medium_precision_mode_remains_an_explicit_difference) ... ok
test_non_string_errors_match_pytorch_2_13 (test_set_float32_matmul_precision_reference.SetFloat32MatmulPrecisionReferenceTests.test_non_string_errors_match_pytorch_2_13) ... ok
test_supported_modes_and_bytes_compatibility_match_pytorch_2_13 (test_set_float32_matmul_precision_reference.SetFloat32MatmulPrecisionReferenceTests.test_supported_modes_and_bytes_compatibility_match_pytorch_2_13) ... ok
test_exact_bool_updates_native_state_and_preserves_grad_mode (test_set_warn_always.SetWarnAlwaysTests.test_exact_bool_updates_native_state_and_preserves_grad_mode) ... ok
test_exports_copy_and_pickle_use_the_canonical_module (test_set_warn_always.SetWarnAlwaysTests.test_exports_copy_and_pickle_use_the_canonical_module) ... ok
test_native_warn_once_policy_and_python_warnings_are_independent (test_set_warn_always.SetWarnAlwaysTests.test_native_warn_once_policy_and_python_warnings_are_independent) ... ok
test_positional_only_binding_errors_match_pytorch_2_13 (test_set_warn_always.SetWarnAlwaysTests.test_positional_only_binding_errors_match_pytorch_2_13) ... ok
test_rejects_non_bool_values_without_coercion_or_state_change (test_set_warn_always.SetWarnAlwaysTests.test_rejects_non_bool_values_without_coercion_or_state_change) ... ok
test_reload_preserves_native_state_for_old_and_new_wrappers (test_set_warn_always.SetWarnAlwaysTests.test_reload_preserves_native_state_for_old_and_new_wrappers) ... ok
test_signature_annotations_documentation_and_module_identity (test_set_warn_always.SetWarnAlwaysTests.test_signature_annotations_documentation_and_module_identity) ... ok
test_updates_are_process_global_across_threads (test_set_warn_always.SetWarnAlwaysTests.test_updates_are_process_global_across_threads) ... ok
test_call_shape_and_invalid_value_errors_match_pytorch_2_13 (test_set_warn_always_reference.SetWarnAlwaysReferenceTests.test_call_shape_and_invalid_value_errors_match_pytorch_2_13) ... ok
test_metadata_exports_copying_and_pickling_match_pytorch_2_13 (test_set_warn_always_reference.SetWarnAlwaysReferenceTests.test_metadata_exports_copying_and_pickling_match_pytorch_2_13) ... ok
test_native_warning_policy_matches_pytorch_2_13 (test_set_warn_always_reference.SetWarnAlwaysReferenceTests.test_native_warning_policy_matches_pytorch_2_13) ... ok
test_state_transitions_and_return_values_match_pytorch_2_13 (test_set_warn_always_reference.SetWarnAlwaysReferenceTests.test_state_transitions_and_return_values_match_pytorch_2_13) ... ok
test_shape_returns_canonical_size_from_native_metadata (test_shape.TensorShapeTests.test_shape_returns_canonical_size_from_native_metadata) ... ok
test_tensorbase_descriptor_metadata_and_read_only_errors (test_shape.TensorShapeTests.test_tensorbase_descriptor_metadata_and_read_only_errors) ... ok
test_torch_function_modes_receive_descriptor_get_and_forward (test_shape.TensorShapeTests.test_torch_function_modes_receive_descriptor_get_and_forward) ... ok
test_descriptor_ownership_documentation_and_errors_match (test_shape_reference.TensorShapeReferenceTests.test_descriptor_ownership_documentation_and_errors_match) ... ok
test_scalar_empty_offset_strided_and_extreme_metadata_match (test_shape_reference.TensorShapeReferenceTests.test_scalar_empty_offset_strided_and_extreme_metadata_match) ... ok
test_torch_function_mode_dispatch_matches_pytorch_2_13 (test_shape_reference.TensorShapeReferenceTests.test_torch_function_mode_dispatch_matches_pytorch_2_13) ... ok
test_detached_and_no_grad_inputs_use_the_inference_path (test_sigmoid.TensorSigmoidTests.test_detached_and_no_grad_inputs_use_the_inference_path) ... ok
test_finite_owned_matrices_support_weighted_autograd_and_empty_shapes (test_sigmoid.TensorSigmoidTests.test_finite_owned_matrices_support_weighted_autograd_and_empty_shapes) ... ok
test_finite_owned_rank_five_supports_ncdhw_singletons_empty_shapes_and_composition (test_sigmoid.TensorSigmoidTests.test_finite_owned_rank_five_supports_ncdhw_singletons_empty_shapes_and_composition) ... ok
test_finite_owned_rank_four_supports_singletons_empty_shapes_and_composition (test_sigmoid.TensorSigmoidTests.test_finite_owned_rank_four_supports_singletons_empty_shapes_and_composition) ... ok
test_finite_owned_rank_one_nonleaves_compose_accumulate_and_free_graphs (test_sigmoid.TensorSigmoidTests.test_finite_owned_rank_one_nonleaves_compose_accumulate_and_free_graphs) ... ok
test_finite_owned_rank_six_and_high_rank_autograd (test_sigmoid.TensorSigmoidTests.test_finite_owned_rank_six_and_high_rank_autograd) ... ok
test_finite_owned_rank_three_nonleaves_compose_accumulate_and_free_graphs (test_sigmoid.TensorSigmoidTests.test_finite_owned_rank_three_nonleaves_compose_accumulate_and_free_graphs) ... ok
test_finite_owned_rank_three_supports_singletons_empty_shapes_and_composition (test_sigmoid.TensorSigmoidTests.test_finite_owned_rank_three_supports_singletons_empty_shapes_and_composition) ... ok
test_finite_owned_rank_two_nonleaves_compose_accumulate_and_free_graphs (test_sigmoid.TensorSigmoidTests.test_finite_owned_rank_two_nonleaves_compose_accumulate_and_free_graphs) ... ok
test_finite_owned_scalar_autograd_matches_signed_zero_and_saturation (test_sigmoid.TensorSigmoidTests.test_finite_owned_scalar_autograd_matches_signed_zero_and_saturation) ... ok
test_finite_owned_scalar_nonleaves_compose_accumulate_and_free_graphs (test_sigmoid.TensorSigmoidTests.test_finite_owned_scalar_nonleaves_compose_accumulate_and_free_graphs) ... ok
test_finite_owned_vectors_support_weighted_autograd_and_empty_inputs (test_sigmoid.TensorSigmoidTests.test_finite_owned_vectors_support_weighted_autograd_and_empty_inputs) ... ok
test_scalar_autograd_composes_accumulates_and_obeys_grad_mode (test_sigmoid.TensorSigmoidTests.test_scalar_autograd_composes_accumulates_and_obeys_grad_mode) ... ok
test_tensorbase_descriptor_metadata_and_no_argument_errors (test_sigmoid.TensorSigmoidTests.test_tensorbase_descriptor_metadata_and_no_argument_errors) ... ok
test_top_level_binding_and_type_error_precedence (test_sigmoid.TensorSigmoidTests.test_top_level_binding_and_type_error_precedence) ... ok
test_top_level_builtin_metadata_exports_copying_and_pickling (test_sigmoid.TensorSigmoidTests.test_top_level_builtin_metadata_exports_copying_and_pickling) ... ok
test_top_level_calls_reuse_tensor_sigmoid_values_layouts_and_storage (test_sigmoid.TensorSigmoidTests.test_top_level_calls_reuse_tensor_sigmoid_values_layouts_and_storage) ... ok
test_top_level_concrete_out_is_rejected_without_mutation (test_sigmoid.TensorSigmoidTests.test_top_level_concrete_out_is_rejected_without_mutation) ... ok
test_top_level_is_exposed_and_inplace_forms_remain_unsupported_without_mutation (test_sigmoid.TensorSigmoidTests.test_top_level_is_exposed_and_inplace_forms_remain_unsupported_without_mutation) ... ok
test_top_level_modes_and_overrides_dispatch_before_native_limits (test_sigmoid.TensorSigmoidTests.test_top_level_modes_and_overrides_dispatch_before_native_limits) ... ok
test_top_level_supports_current_sigmoid_autograd_boundary (test_sigmoid.TensorSigmoidTests.test_top_level_supports_current_sigmoid_autograd_boundary) ... ok
test_torch_function_modes_dispatch_before_native_execution (test_sigmoid.TensorSigmoidTests.test_torch_function_modes_dispatch_before_native_execution) ... ok
test_unsupported_tracked_inputs_fail_before_existing_graphs_or_layouts_change (test_sigmoid.TensorSigmoidTests.test_unsupported_tracked_inputs_fail_before_existing_graphs_or_layouts_change) ... ok
test_values_layouts_offsets_empty_tensors_and_fresh_storage (test_sigmoid.TensorSigmoidTests.test_values_layouts_offsets_empty_tensors_and_fresh_storage) ... ok
test_callable_contract_matches_pytorch_2_13 (test_sigmoid_reference.TensorSigmoidReferenceTests.test_callable_contract_matches_pytorch_2_13) ... ok
test_finite_owned_scalar_autograd_bits_match_pytorch_2_13 (test_sigmoid_reference.TensorSigmoidReferenceTests.test_finite_owned_scalar_autograd_bits_match_pytorch_2_13) ... ok
test_owned_rank_one_nonleaf_autograd_matches_pytorch_2_13_across_parent_nodes (test_sigmoid_reference.TensorSigmoidReferenceTests.test_owned_rank_one_nonleaf_autograd_matches_pytorch_2_13_across_parent_nodes) ... ok
test_owned_rank_three_nonleaf_autograd_matches_pytorch_2_13_across_parent_nodes (test_sigmoid_reference.TensorSigmoidReferenceTests.test_owned_rank_three_nonleaf_autograd_matches_pytorch_2_13_across_parent_nodes) ... ok
test_owned_rank_two_nonleaf_autograd_matches_pytorch_2_13_across_parent_nodes (test_sigmoid_reference.TensorSigmoidReferenceTests.test_owned_rank_two_nonleaf_autograd_matches_pytorch_2_13_across_parent_nodes) ... ok
test_owned_scalar_nonleaf_autograd_matches_pytorch_2_13_across_parent_nodes (test_sigmoid_reference.TensorSigmoidReferenceTests.test_owned_scalar_nonleaf_autograd_matches_pytorch_2_13_across_parent_nodes) ... ok
test_rank_five_ncdhw_singletons_empty_shapes_and_autograd_match_pytorch_2_13 (test_sigmoid_reference.TensorSigmoidReferenceTests.test_rank_five_ncdhw_singletons_empty_shapes_and_autograd_match_pytorch_2_13) ... ok
test_rank_four_singletons_empty_shapes_and_autograd_match_pytorch_2_13 (test_sigmoid_reference.TensorSigmoidReferenceTests.test_rank_four_singletons_empty_shapes_and_autograd_match_pytorch_2_13) ... ok
test_rank_one_weighted_autograd_empty_and_graph_lifetime_match_pytorch_2_13 (test_sigmoid_reference.TensorSigmoidReferenceTests.test_rank_one_weighted_autograd_empty_and_graph_lifetime_match_pytorch_2_13) ... ok
test_rank_six_and_high_rank_autograd_match_pytorch_2_13 (test_sigmoid_reference.TensorSigmoidReferenceTests.test_rank_six_and_high_rank_autograd_match_pytorch_2_13) ... ok
test_rank_three_singletons_empty_shapes_and_autograd_match_pytorch_2_13 (test_sigmoid_reference.TensorSigmoidReferenceTests.test_rank_three_singletons_empty_shapes_and_autograd_match_pytorch_2_13) ... ok
test_rank_two_weighted_autograd_empty_shapes_and_graph_lifetime_match_pytorch_2_13 (test_sigmoid_reference.TensorSigmoidReferenceTests.test_rank_two_weighted_autograd_empty_shapes_and_graph_lifetime_match_pytorch_2_13) ... ok
test_scalar_autograd_modes_and_unsupported_boundaries_remain_explicit (test_sigmoid_reference.TensorSigmoidReferenceTests.test_scalar_autograd_modes_and_unsupported_boundaries_remain_explicit) ... ok
test_scalar_backward_uses_the_saved_output_across_rounding_modes (test_sigmoid_reference.TensorSigmoidReferenceTests.test_scalar_backward_uses_the_saved_output_across_rounding_modes) ... ok
test_scalar_composition_accumulation_and_freed_graph_match_pytorch_2_13 (test_sigmoid_reference.TensorSigmoidReferenceTests.test_scalar_composition_accumulation_and_freed_graph_match_pytorch_2_13) ... ok
test_seeded_float32_values_match_pytorch_2_13 (test_sigmoid_reference.TensorSigmoidReferenceTests.test_seeded_float32_values_match_pytorch_2_13) ... ok
test_sigmoid_backward_node_identity_matches_pytorch_2_13 (test_sigmoid_reference.TensorSigmoidReferenceTests.test_sigmoid_backward_node_identity_matches_pytorch_2_13) ... ok
test_top_level_callable_contract_matches_pytorch_2_13 (test_sigmoid_reference.TensorSigmoidReferenceTests.test_top_level_callable_contract_matches_pytorch_2_13) ... ok
test_top_level_is_supported_and_inplace_boundary_remains_unsupported (test_sigmoid_reference.TensorSigmoidReferenceTests.test_top_level_is_supported_and_inplace_boundary_remains_unsupported) ... ok
test_top_level_torch_function_dispatch_matches_pytorch_2_13 (test_sigmoid_reference.TensorSigmoidReferenceTests.test_top_level_torch_function_dispatch_matches_pytorch_2_13) ... ok
test_top_level_values_layouts_offsets_empty_tensors_and_storage_match_pytorch (test_sigmoid_reference.TensorSigmoidReferenceTests.test_top_level_values_layouts_offsets_empty_tensors_and_storage_match_pytorch) ... ok
test_torch_function_mode_dispatch_matches_pytorch_2_13 (test_sigmoid_reference.TensorSigmoidReferenceTests.test_torch_function_mode_dispatch_matches_pytorch_2_13) ... ok
test_values_layouts_offsets_empty_tensors_and_storage_match_pytorch (test_sigmoid_reference.TensorSigmoidReferenceTests.test_values_layouts_offsets_empty_tensors_and_storage_match_pytorch) ... ok
test_autograd_name_repeated_backward_and_no_grad_are_unchanged (test_sin.TensorSinTests.test_autograd_name_repeated_backward_and_no_grad_are_unchanged) ... ok
test_inplace_and_method_out_forms_remain_unsupported (test_sin.TensorSinTests.test_inplace_and_method_out_forms_remain_unsupported) ... ok
test_no_mode_preserves_bits_layouts_and_fresh_storage (test_sin.TensorSinTests.test_no_mode_preserves_bits_layouts_and_fresh_storage) ... ok
test_tensorbase_descriptor_metadata_and_no_argument_errors (test_sin.TensorSinTests.test_tensorbase_descriptor_metadata_and_no_argument_errors) ... ok
test_torch_function_modes_dispatch_before_native_and_restore_stack (test_sin.TensorSinTests.test_torch_function_modes_dispatch_before_native_and_restore_stack) ... ok
test_autograd_preserves_scalar_empty_and_strided_history (test_sin_reference.SinReferenceTests.test_autograd_preserves_scalar_empty_and_strided_history) ... ok
test_callable_contract_matches_pytorch_2_13 (test_sin_reference.SinReferenceTests.test_callable_contract_matches_pytorch_2_13) ... ok
test_detach_no_grad_and_freed_graph_match_pytorch_2_13 (test_sin_reference.SinReferenceTests.test_detach_no_grad_and_freed_graph_match_pytorch_2_13) ... ok
test_sin_backward_name_matches_pytorch_2_13 (test_sin_reference.SinReferenceTests.test_sin_backward_name_matches_pytorch_2_13) ... ok
test_torch_function_mode_dispatch_matches_pytorch_2_13 (test_sin_reference.SinReferenceTests.test_torch_function_mode_dispatch_matches_pytorch_2_13) ... ok
test_vjp_matches_grad_output_times_cosine_of_saved_input (test_sin_reference.SinReferenceTests.test_vjp_matches_grad_output_times_cosine_of_saved_input) ... ok
test_bool_and_custom_index_objects_are_rejected_without_conversion (test_size.TensorSizeTests.test_bool_and_custom_index_objects_are_rejected_without_conversion) ... ok
test_integer_overflow_uses_pytorch_long_long_error (test_size.TensorSizeTests.test_integer_overflow_uses_pytorch_long_long_error) ... ok
test_mode_dispatch_precedes_conversion_but_follows_type_binding (test_size.TensorSizeTests.test_mode_dispatch_precedes_conversion_but_follows_type_binding) ... ok
test_optional_dimension_does_not_add_a_top_level_size_function (test_size.TensorSizeTests.test_optional_dimension_does_not_add_a_top_level_size_function) ... ok
test_optional_dimension_returns_canonical_size_metadata (test_size.TensorSizeTests.test_optional_dimension_returns_canonical_size_metadata) ... ok
test_positive_and_negative_dimensions_read_native_shape_metadata (test_size.TensorSizeTests.test_positive_and_negative_dimensions_read_native_shape_metadata) ... ok
test_python_and_numpy_integer_scalars_are_accepted (test_size.TensorSizeTests.test_python_and_numpy_integer_scalars_are_accepted) ... ok
test_scalar_and_out_of_range_dimensions_match_pytorch_errors (test_size.TensorSizeTests.test_scalar_and_out_of_range_dimensions_match_pytorch_errors) ... ok
test_tensorbase_descriptor_metadata_and_binding_errors (test_size.TensorSizeTests.test_tensorbase_descriptor_metadata_and_binding_errors) ... ok
test_torch_function_modes_receive_original_call_and_forward (test_size.TensorSizeTests.test_torch_function_modes_receive_original_call_and_forward) ... ok
test_descriptor_metadata_and_shared_binding_errors_match (test_size_reference.TensorSizeReferenceTests.test_descriptor_metadata_and_shared_binding_errors_match) ... ok
test_integer_acceptance_rejection_overflow_and_range_match (test_size_reference.TensorSizeReferenceTests.test_integer_acceptance_rejection_overflow_and_range_match) ... ok
test_scalar_empty_offset_strided_and_extreme_metadata_match (test_size_reference.TensorSizeReferenceTests.test_scalar_empty_offset_strided_and_extreme_metadata_match) ... ok
test_torch_function_mode_dispatch_matches_pytorch_2_13 (test_size_reference.TensorSizeReferenceTests.test_torch_function_mode_dispatch_matches_pytorch_2_13) ... ok
test_binary_operators_preserve_reflected_dispatch (test_size_value.SizeValueTests.test_binary_operators_preserve_reflected_dispatch) ... ok
test_construction_normalizes_bool_and_defers_boundary_unpacking (test_size_value.SizeValueTests.test_construction_normalizes_bool_and_defers_boundary_unpacking) ... ok
test_construction_releases_normalized_dimensions_in_order (test_size_value.SizeValueTests.test_construction_releases_normalized_dimensions_in_order) ... ok
test_hash_recomputes_retained_item_hashes (test_size_value.SizeValueTests.test_hash_recomputes_retained_item_hashes) ... ok
test_large_size_allocation_failures_raise_memory_error (test_size_value.SizeValueTests.test_large_size_allocation_failures_raise_memory_error) ... ok
test_numel_equality_hashing_and_signed_overflow_match_tuple_contract (test_size_value.SizeValueTests.test_numel_equality_hashing_and_signed_overflow_match_tuple_contract) ... ok
test_numpy_globals_do_not_control_dimension_validation (test_size_value.SizeValueTests.test_numpy_globals_do_not_control_dimension_validation) ... ok
test_numpy_integer_indexing_is_deferred_until_numeric_use (test_size_value.SizeValueTests.test_numpy_integer_indexing_is_deferred_until_numeric_use) ... ok
test_operator_index_patching_cannot_poison_validation (test_size_value.SizeValueTests.test_operator_index_patching_cannot_poison_validation) ... ok
test_public_type_is_a_positional_only_immutable_tuple_subtype (test_size_value.SizeValueTests.test_public_type_is_a_positional_only_immutable_tuple_subtype) ... ok
test_public_type_is_immutable_and_stable_across_reinitialization (test_size_value.SizeValueTests.test_public_type_is_immutable_and_stable_across_reinitialization) ... ok
test_reduction_copy_and_all_pickle_protocols_reconstruct_size (test_size_value.SizeValueTests.test_reduction_copy_and_all_pickle_protocols_reconstruct_size) ... ok
test_slicing_concatenation_and_repetition_preserve_size (test_size_value.SizeValueTests.test_slicing_concatenation_and_repetition_preserve_size) ... ok
test_tensor_shape_and_size_use_size_without_changing_stride_type (test_size_value.SizeValueTests.test_tensor_shape_and_size_use_size_without_changing_stride_type) ... ok
test_tuple_mutation_protocol_is_not_extended (test_size_value.SizeValueTests.test_tuple_mutation_protocol_is_not_extended) ... ok
test_construction_lifecycle_matches_pytorch_2_13 (test_size_value_reference.SizeValueReferenceTests.test_construction_lifecycle_matches_pytorch_2_13) ... ok
test_construction_namespace_and_errors_match_pytorch_2_13 (test_size_value_reference.SizeValueReferenceTests.test_construction_namespace_and_errors_match_pytorch_2_13) ... ok
test_in_place_construction_memory_matches_pytorch_2_13 (test_size_value_reference.SizeValueReferenceTests.test_in_place_construction_memory_matches_pytorch_2_13) ... ok
test_mutation_protocol_matches_pytorch_2_13 (test_size_value_reference.SizeValueReferenceTests.test_mutation_protocol_matches_pytorch_2_13) ... ok
test_native_type_names_match_pytorch_2_13 (test_size_value_reference.SizeValueReferenceTests.test_native_type_names_match_pytorch_2_13) ... ok
test_non_overridable_type_names_match_pytorch_2_13 (test_size_value_reference.SizeValueReferenceTests.test_non_overridable_type_names_match_pytorch_2_13) ... /data/users/bobren/a/pytorch-rs-burner/.burner/worktrees/composite_17c2e82f/target/python314-checkout/tests/test_size_value_reference.py:270: PendingDeprecationWarning: the matrix subclass is not the recommended way to represent matrices or deal with linear algebra (see https://docs.scipy.org/doc/numpy/user/numpy-for-matlab-users.html). Please adjust your code to use regular ndarray.
  np.matrix([[1]]),
ok
test_numel_equality_hashing_and_boundaries_match_pytorch_2_13 (test_size_value_reference.SizeValueReferenceTests.test_numel_equality_hashing_and_boundaries_match_pytorch_2_13) ... ok
test_numpy_integer_index_overrides_match_pytorch_2_13 (test_size_value_reference.SizeValueReferenceTests.test_numpy_integer_index_overrides_match_pytorch_2_13) ... ok
test_public_type_immutability_matches_pytorch_2_13 (test_size_value_reference.SizeValueReferenceTests.test_public_type_immutability_matches_pytorch_2_13) ... ok
test_reduction_copy_and_pickle_match_pytorch_2_13 (test_size_value_reference.SizeValueReferenceTests.test_reduction_copy_and_pickle_match_pytorch_2_13) ... ok
test_repeated_hashing_matches_pytorch_2_13 (test_size_value_reference.SizeValueReferenceTests.test_repeated_hashing_matches_pytorch_2_13) ... ok
test_slicing_concatenation_and_repetition_match_pytorch_2_13 (test_size_value_reference.SizeValueReferenceTests.test_slicing_concatenation_and_repetition_match_pytorch_2_13) ... ok
test_argument_errors_and_unsupported_forms (test_split.TensorSplitTests.test_argument_errors_and_unsupported_forms) ... ok
test_backward_accumulates_selected_repeated_and_nested_outputs (test_split.TensorSplitTests.test_backward_accumulates_selected_repeated_and_nested_outputs) ... ok
test_cuda_input_is_outside_the_native_cpu_contract (test_split.TensorSplitTests.test_cuda_input_is_outside_the_native_cpu_contract) ... ok
test_empty_dimensions (test_split.TensorSplitTests.test_empty_dimensions) ... ok
test_explicit_sections_and_empty_lists (test_split.TensorSplitTests.test_explicit_sections_and_empty_lists) ... ok
test_no_grad_views_and_untracked_output_numbers (test_split.TensorSplitTests.test_no_grad_views_and_untracked_output_numbers) ... ok
test_section_sum_cannot_wrap_to_empty_dimension (test_split.TensorSplitTests.test_section_sum_cannot_wrap_to_empty_dimension) ... ok
test_transposed_offset_views (test_split.TensorSplitTests.test_transposed_offset_views) ... ok
test_uneven_oversized_and_call_forms (test_split.TensorSplitTests.test_uneven_oversized_and_call_forms) ... ok
test_binding_bounds_and_overflow_errors_match (test_split_reference.TensorSplitReferenceTests.test_binding_bounds_and_overflow_errors_match) ... ok
test_empty_backward_and_no_grad_match (test_split_reference.TensorSplitReferenceTests.test_empty_backward_and_no_grad_match) ... ok
test_integer_subclasses_and_invalid_argument_types_match (test_split_reference.TensorSplitReferenceTests.test_integer_subclasses_and_invalid_argument_types_match) ... ok
test_invalid_section_lengths_sums_scalars_and_dimensions_match (test_split_reference.TensorSplitReferenceTests.test_invalid_section_lengths_sums_scalars_and_dimensions_match) ... ok
test_section_integer_protocol_and_invalid_types_match (test_split_reference.TensorSplitReferenceTests.test_section_integer_protocol_and_invalid_types_match) ... ok
test_section_positional_and_keyword_forms_match (test_split_reference.TensorSplitReferenceTests.test_section_positional_and_keyword_forms_match) ... ok
test_selected_combined_repeated_nested_and_signed_zero_gradients_match (test_split_reference.TensorSplitReferenceTests.test_selected_combined_repeated_nested_and_signed_zero_gradients_match) ... ok
test_values_layout_aliasing_empty_and_oversized_match (test_split_reference.TensorSplitReferenceTests.test_values_layout_aliasing_empty_and_oversized_match) ... ok
test_float32_scalar_empty_offset_and_noncontiguous_tensors (test_sqrt.TensorSqrtTests.test_float32_scalar_empty_offset_and_noncontiguous_tensors) ... ok
test_float32_signed_zero_infinities_and_nans (test_sqrt.TensorSqrtTests.test_float32_signed_zero_infinities_and_nans) ... ok
test_grad_recording_uses_sqrt_backward_and_no_grad_is_supported (test_sqrt.TensorSqrtTests.test_grad_recording_uses_sqrt_backward_and_no_grad_is_supported) ... ok
test_inplace_dtype_and_method_out_extensions_remain_unsupported (test_sqrt.TensorSqrtTests.test_inplace_dtype_and_method_out_extensions_remain_unsupported) ... ok
test_tensorbase_descriptor_metadata_and_no_argument_errors (test_sqrt.TensorSqrtTests.test_tensorbase_descriptor_metadata_and_no_argument_errors) ... ok
test_torch_function_modes_receive_descriptor_and_forward (test_sqrt.TensorSqrtTests.test_torch_function_modes_receive_descriptor_and_forward) ... ok
test_autograd_accumulation_and_graph_freeing_match_pytorch_2_13 (test_sqrt_reference.TensorSqrtReferenceTests.test_autograd_accumulation_and_graph_freeing_match_pytorch_2_13) ... ok
test_autograd_scalar_empty_offset_and_noncontiguous_match_pytorch_2_13 (test_sqrt_reference.TensorSqrtReferenceTests.test_autograd_scalar_empty_offset_and_noncontiguous_match_pytorch_2_13) ... ok
test_autograd_special_values_match_pytorch_2_13_bitwise (test_sqrt_reference.TensorSqrtReferenceTests.test_autograd_special_values_match_pytorch_2_13_bitwise) ... ok
test_callable_contract_matches_pytorch_2_13 (test_sqrt_reference.TensorSqrtReferenceTests.test_callable_contract_matches_pytorch_2_13) ... ok
test_no_grad_matches_pytorch_2_13 (test_sqrt_reference.TensorSqrtReferenceTests.test_no_grad_matches_pytorch_2_13) ... ok
test_seeded_random_values_match_pytorch_2_13 (test_sqrt_reference.TensorSqrtReferenceTests.test_seeded_random_values_match_pytorch_2_13) ... ok
test_torch_function_mode_dispatch_matches_pytorch_2_13 (test_sqrt_reference.TensorSqrtReferenceTests.test_torch_function_mode_dispatch_matches_pytorch_2_13) ... ok
test_values_layout_dtype_and_device_match_pytorch_2_13 (test_sqrt_reference.TensorSqrtReferenceTests.test_values_layout_dtype_and_device_match_pytorch_2_13) ... ok
test_inplace_dtype_and_device_extensions_remain_unsupported (test_square.TensorSquareTests.test_inplace_dtype_and_device_extensions_remain_unsupported) ... ok
test_pow_backward_order_preserves_overflow_subnormal_and_nonfinite_bits (test_square.TensorSquareTests.test_pow_backward_order_preserves_overflow_subnormal_and_nonfinite_bits) ... ok
test_shared_operand_gradients_cover_views_repeated_backward_and_no_grad (test_square.TensorSquareTests.test_shared_operand_gradients_cover_views_repeated_backward_and_no_grad) ... ok
test_tensorbase_descriptor_metadata_and_no_argument_errors (test_square.TensorSquareTests.test_tensorbase_descriptor_metadata_and_no_argument_errors) ... ok
test_top_level_autograd_and_no_grad_reuse_method_path (test_square.TensorSquareTests.test_top_level_autograd_and_no_grad_reuse_method_path) ... ok
test_top_level_binding_and_type_error_precedence (test_square.TensorSquareTests.test_top_level_binding_and_type_error_precedence) ... ok
test_top_level_builtin_metadata_exports_and_pickling (test_square.TensorSquareTests.test_top_level_builtin_metadata_exports_and_pickling) ... ok
test_top_level_concrete_out_is_rejected_without_mutation (test_square.TensorSquareTests.test_top_level_concrete_out_is_rejected_without_mutation) ... ok
test_top_level_modes_and_overrides_observe_original_call (test_square.TensorSquareTests.test_top_level_modes_and_overrides_observe_original_call) ... ok
test_top_level_values_layouts_and_fresh_storage_reuse_method_path (test_square.TensorSquareTests.test_top_level_values_layouts_and_fresh_storage_reuse_method_path) ... ok
test_torch_function_modes_receive_descriptor_and_forward (test_square.TensorSquareTests.test_torch_function_modes_receive_descriptor_and_forward) ... ok
test_values_layout_and_fresh_storage_reuse_shared_multiplication (test_square.TensorSquareTests.test_values_layout_and_fresh_storage_reuse_shared_multiplication) ... ok
test_autograd_scalar_empty_offset_and_noncontiguous_match_pytorch_2_13 (test_square_reference.TensorSquareReferenceTests.test_autograd_scalar_empty_offset_and_noncontiguous_match_pytorch_2_13) ... ok
test_callable_contract_matches_pytorch_2_13 (test_square_reference.TensorSquareReferenceTests.test_callable_contract_matches_pytorch_2_13) ... ok
test_pow_backward_node_identity_matches_pytorch_2_13 (test_square_reference.TensorSquareReferenceTests.test_pow_backward_node_identity_matches_pytorch_2_13) ... ok
test_pow_backward_overflow_subnormal_and_nonfinite_bits_match_pytorch_2_13 (test_square_reference.TensorSquareReferenceTests.test_pow_backward_overflow_subnormal_and_nonfinite_bits_match_pytorch_2_13) ... ok
test_remaining_unsupported_surface_stays_explicit (test_square_reference.TensorSquareReferenceTests.test_remaining_unsupported_surface_stays_explicit) ... ok
test_repeated_backward_graph_freeing_and_no_grad_match_pytorch_2_13 (test_square_reference.TensorSquareReferenceTests.test_repeated_backward_graph_freeing_and_no_grad_match_pytorch_2_13) ... ok
test_seeded_finite_pow_backward_bits_match_pytorch_2_13 (test_square_reference.TensorSquareReferenceTests.test_seeded_finite_pow_backward_bits_match_pytorch_2_13) ... ok
test_seeded_random_values_match_pytorch_2_13_bitwise (test_square_reference.TensorSquareReferenceTests.test_seeded_random_values_match_pytorch_2_13_bitwise) ... ok
test_top_level_autograd_and_no_grad_match_pytorch_2_13 (test_square_reference.TensorSquareReferenceTests.test_top_level_autograd_and_no_grad_match_pytorch_2_13) ... ok
test_top_level_binding_errors_match_pytorch_2_13 (test_square_reference.TensorSquareReferenceTests.test_top_level_binding_errors_match_pytorch_2_13) ... ok
test_top_level_callable_contract_matches_pytorch_2_13 (test_square_reference.TensorSquareReferenceTests.test_top_level_callable_contract_matches_pytorch_2_13) ... ok
test_top_level_modes_and_subclass_dispatch_match_pytorch_2_13 (test_square_reference.TensorSquareReferenceTests.test_top_level_modes_and_subclass_dispatch_match_pytorch_2_13) ... ok
test_top_level_values_layouts_and_fresh_storage_match_pytorch_2_13 (test_square_reference.TensorSquareReferenceTests.test_top_level_values_layouts_and_fresh_storage_match_pytorch_2_13) ... ok
test_torch_function_mode_dispatch_matches_pytorch_2_13 (test_square_reference.TensorSquareReferenceTests.test_torch_function_mode_dispatch_matches_pytorch_2_13) ... ok
test_values_layouts_and_fresh_storage_match_pytorch_2_13 (test_square_reference.TensorSquareReferenceTests.test_values_layouts_and_fresh_storage_match_pytorch_2_13) ... ok
test_invalid_dimensions_types_and_bindings_have_public_errors (test_squeeze.SqueezeTests.test_invalid_dimensions_types_and_bindings_have_public_errors) ... ok
test_method_accepts_variadic_dims_and_keywords_match_pytorch (test_squeeze.SqueezeTests.test_method_accepts_variadic_dims_and_keywords_match_pytorch) ... ok
test_method_and_top_level_squeeze_only_view_metadata (test_squeeze.SqueezeTests.test_method_and_top_level_squeeze_only_view_metadata) ... ok
test_non_contiguous_offset_view_and_stride_aware_consumers (test_squeeze.SqueezeTests.test_non_contiguous_offset_view_and_stride_aware_consumers) ... ok
test_scalars_zero_sizes_negative_dims_and_high_ranks (test_squeeze.SqueezeTests.test_scalars_zero_sizes_negative_dims_and_high_ranks) ... ok
test_non_contiguous_offsets_forms_and_top_level_method_parity (test_squeeze_reference.SqueezeReferenceTests.test_non_contiguous_offsets_forms_and_top_level_method_parity) ... ok
test_scalar_zero_sized_high_rank_and_errors_match_pytorch_2_13 (test_squeeze_reference.SqueezeReferenceTests.test_scalar_zero_sized_high_rank_and_errors_match_pytorch_2_13) ... ok
test_seeded_values_metadata_and_composed_consumers_match_pytorch_2_13 (test_squeeze_reference.SqueezeReferenceTests.test_seeded_values_metadata_and_composed_consumers_match_pytorch_2_13) ... ok
test_empty_mixed_and_length_mismatch_validation (test_stack_dataset.StackDatasetTests.test_empty_mixed_and_length_mismatch_validation) ... ok
test_getitems_delegates_batches_and_falls_back_to_indexing (test_stack_dataset.StackDatasetTests.test_getitems_delegates_batches_and_falls_back_to_indexing) ... ok
test_getitems_preserves_containers_views_and_autograd_lineage (test_stack_dataset.StackDatasetTests.test_getitems_preserves_containers_views_and_autograd_lineage) ... ok
test_getitems_rejects_mismatched_nested_batch_lengths (test_stack_dataset.StackDatasetTests.test_getitems_rejects_mismatched_nested_batch_lengths) ... ok
test_imports_exports_signatures_annotations_and_documentation (test_stack_dataset.StackDatasetTests.test_imports_exports_signatures_annotations_and_documentation) ... ok
test_length_and_integer_indexing_preserve_views_and_autograd (test_stack_dataset.StackDatasetTests.test_length_and_integer_indexing_preserve_views_and_autograd) ... ok
test_positional_and_keyword_datasets_return_matching_containers (test_stack_dataset.StackDatasetTests.test_positional_and_keyword_datasets_return_matching_containers) ... ok
test_empty_mixed_and_length_validation_match_pytorch_2_13 (test_stack_dataset_reference.StackDatasetReferenceTests.test_empty_mixed_and_length_validation_match_pytorch_2_13) ... ok
test_getitems_containers_delegation_and_fallback_match_pytorch_2_13 (test_stack_dataset_reference.StackDatasetReferenceTests.test_getitems_containers_delegation_and_fallback_match_pytorch_2_13) ... ok
test_imports_exports_signatures_annotations_and_docs_match (test_stack_dataset_reference.StackDatasetReferenceTests.test_imports_exports_signatures_annotations_and_docs_match) ... ok
test_positional_and_keyword_integer_indexing_match_pytorch_2_13 (test_stack_dataset_reference.StackDatasetReferenceTests.test_positional_and_keyword_integer_indexing_match_pytorch_2_13) ... ok
test_view_aliasing_and_autograd_lineage_match_pytorch_2_13 (test_stack_dataset_reference.StackDatasetReferenceTests.test_view_aliasing_and_autograd_lineage_match_pytorch_2_13) ... ok
test_errors_and_method_diagnostics (test_subset.SubsetTests.test_errors_and_method_diagnostics) ... ok
test_getitems_delegation_and_fallback (test_subset.SubsetTests.test_getitems_delegation_and_fallback) ... ok
test_imports_exports_annotations_signatures_and_documentation (test_subset.SubsetTests.test_imports_exports_annotations_signatures_and_documentation) ... ok
test_length_integer_indexing_tensor_views_and_autograd_lineage (test_subset.SubsetTests.test_length_integer_indexing_tensor_views_and_autograd_lineage) ... ok
test_list_indexing_maps_once_and_delegates_to_dataset_getitem (test_subset.SubsetTests.test_list_indexing_maps_once_and_delegates_to_dataset_getitem) ... ok
test_subclass_override_guard (test_subset.SubsetTests.test_subclass_override_guard) ... ok
test_imports_exports_annotations_signatures_docs_and_errors_match (test_subset_reference.SubsetReferenceTests.test_imports_exports_annotations_signatures_docs_and_errors_match) ... ok
test_length_integer_indexing_views_and_autograd_match_pytorch_2_13 (test_subset_reference.SubsetReferenceTests.test_length_integer_indexing_views_and_autograd_match_pytorch_2_13) ... ok
test_list_indexing_getitems_delegation_and_fallback_match (test_subset_reference.SubsetReferenceTests.test_list_indexing_getitems_delegation_and_fallback_match) ... ok
test_subclass_override_guard_matches (test_subset_reference.SubsetReferenceTests.test_subclass_override_guard_matches) ... ok
test_autograd_and_no_grad_match_swapdims (test_swapaxes.TensorSwapaxesTests.test_autograd_and_no_grad_match_swapdims) ... ok
test_axis_types_and_ranges_match_pytorch (test_swapaxes.TensorSwapaxesTests.test_axis_types_and_ranges_match_pytorch) ... ok
test_axis_values_convert_axis1_before_axis0 (test_swapaxes.TensorSwapaxesTests.test_axis_values_convert_axis1_before_axis0) ... ok
test_binding_errors_and_validation_precedence_match_pytorch (test_swapaxes.TensorSwapaxesTests.test_binding_errors_and_validation_precedence_match_pytorch) ... ok
test_positional_keyword_and_negative_axes_reuse_transpose_views (test_swapaxes.TensorSwapaxesTests.test_positional_keyword_and_negative_axes_reuse_transpose_views) ... ok
test_public_descriptor_matches_pytorch_shape (test_swapaxes.TensorSwapaxesTests.test_public_descriptor_matches_pytorch_shape) ... ok
test_scalar_empty_and_extreme_metadata (test_swapaxes.TensorSwapaxesTests.test_scalar_empty_and_extreme_metadata) ... ok
test_autograd_and_storage_view_metadata_match_pytorch_2_13 (test_swapaxes_reference.TensorSwapaxesReferenceTests.test_autograd_and_storage_view_metadata_match_pytorch_2_13) ... ok
test_binding_dimension_and_overflow_errors_match_pytorch_2_13 (test_swapaxes_reference.TensorSwapaxesReferenceTests.test_binding_dimension_and_overflow_errors_match_pytorch_2_13) ... ok
test_descriptor_matches_pytorch_2_13 (test_swapaxes_reference.TensorSwapaxesReferenceTests.test_descriptor_matches_pytorch_2_13) ... ok
test_seeded_views_metadata_and_consumers_match_pytorch_2_13 (test_swapaxes_reference.TensorSwapaxesReferenceTests.test_seeded_views_metadata_and_consumers_match_pytorch_2_13) ... ok
test_stateful_dimension_conversion_order_matches_pytorch_2_13 (test_swapaxes_reference.TensorSwapaxesReferenceTests.test_stateful_dimension_conversion_order_matches_pytorch_2_13) ... ok
test_autograd_uses_inverse_swap_and_no_grad_policy (test_swapdims.TensorSwapdimsTests.test_autograd_uses_inverse_swap_and_no_grad_policy) ... ok
test_binding_errors_and_validation_precedence_match_pytorch (test_swapdims.TensorSwapdimsTests.test_binding_errors_and_validation_precedence_match_pytorch) ... ok
test_dimension_values_convert_dim1_before_dim0 (test_swapdims.TensorSwapdimsTests.test_dimension_values_convert_dim1_before_dim0) ... ok
test_dimensions_accept_pytorch_integer_types_and_report_ranges (test_swapdims.TensorSwapdimsTests.test_dimensions_accept_pytorch_integer_types_and_report_ranges) ... ok
test_positional_keyword_and_negative_dimensions_reuse_transpose_views (test_swapdims.TensorSwapdimsTests.test_positional_keyword_and_negative_dimensions_reuse_transpose_views) ... ok
test_public_descriptor_matches_pytorch_shape (test_swapdims.TensorSwapdimsTests.test_public_descriptor_matches_pytorch_shape) ... ok
test_scalar_empty_and_extreme_metadata (test_swapdims.TensorSwapdimsTests.test_scalar_empty_and_extreme_metadata) ... ok
test_autograd_and_storage_view_metadata_match_pytorch_2_13 (test_swapdims_reference.TensorSwapdimsReferenceTests.test_autograd_and_storage_view_metadata_match_pytorch_2_13) ... ok
test_binding_dimension_and_overflow_errors_match_pytorch_2_13 (test_swapdims_reference.TensorSwapdimsReferenceTests.test_binding_dimension_and_overflow_errors_match_pytorch_2_13) ... ok
test_descriptor_matches_pytorch_2_13 (test_swapdims_reference.TensorSwapdimsReferenceTests.test_descriptor_matches_pytorch_2_13) ... ok
test_seeded_views_metadata_and_consumers_match_pytorch_2_13 (test_swapdims_reference.TensorSwapdimsReferenceTests.test_seeded_views_metadata_and_consumers_match_pytorch_2_13) ... ok
test_stateful_dimension_conversion_order_matches_pytorch_2_13 (test_swapdims_reference.TensorSwapdimsReferenceTests.test_stateful_dimension_conversion_order_matches_pytorch_2_13) ... ok
test_autograd_and_no_grad_follow_the_tensor_method (test_t.TorchTTests.test_autograd_and_no_grad_follow_the_tensor_method) ... ok
test_binding_and_tensor_type_errors (test_t.TorchTTests.test_binding_and_tensor_type_errors) ... ok
test_callable_metadata_and_documentation (test_t.TorchTTests.test_callable_metadata_and_documentation) ... ok
test_positional_input_and_legacy_aliases_return_shared_storage_views (test_t.TorchTTests.test_positional_input_and_legacy_aliases_return_shared_storage_views) ... ok
test_rank_guard_preserves_the_tensor_method_error (test_t.TorchTTests.test_rank_guard_preserves_the_tensor_method_error) ... ok
test_binding_and_tensor_type_errors_match_pytorch_2_13 (test_t_reference.TorchTReferenceTests.test_binding_and_tensor_type_errors_match_pytorch_2_13) ... ok
test_callable_metadata_and_export_match_pytorch_2_13 (test_t_reference.TorchTReferenceTests.test_callable_metadata_and_export_match_pytorch_2_13) ... ok
test_offset_autograd_no_grad_and_rank_errors_match_pytorch_2_13 (test_t_reference.TorchTReferenceTests.test_offset_autograd_no_grad_and_rank_errors_match_pytorch_2_13) ... ok
test_seeded_positional_keyword_and_legacy_alias_views_match_pytorch_2_13 (test_t_reference.TorchTReferenceTests.test_seeded_positional_keyword_and_legacy_alias_views_match_pytorch_2_13) ... ok
test_finite_owned_matrices_support_weighted_autograd_and_empty_shapes (test_tanh.TensorTanhTests.test_finite_owned_matrices_support_weighted_autograd_and_empty_shapes) ... ok
test_finite_owned_rank_four_tensors_support_weighted_autograd_and_empty_shapes (test_tanh.TensorTanhTests.test_finite_owned_rank_four_tensors_support_weighted_autograd_and_empty_shapes) ... ok
test_finite_owned_rank_three_tensors_support_weighted_autograd_and_empty_shapes (test_tanh.TensorTanhTests.test_finite_owned_rank_three_tensors_support_weighted_autograd_and_empty_shapes) ... ok
test_finite_owned_scalar_autograd_matches_signed_zero_and_saturation (test_tanh.TensorTanhTests.test_finite_owned_scalar_autograd_matches_signed_zero_and_saturation) ... ok
test_finite_owned_vectors_support_weighted_autograd_and_empty_inputs (test_tanh.TensorTanhTests.test_finite_owned_vectors_support_weighted_autograd_and_empty_inputs) ... ok
test_functional_form_is_exposed_and_inplace_forms_remain_unsupported (test_tanh.TensorTanhTests.test_functional_form_is_exposed_and_inplace_forms_remain_unsupported) ... ok
test_scalar_autograd_composes_accumulates_and_obeys_grad_mode (test_tanh.TensorTanhTests.test_scalar_autograd_composes_accumulates_and_obeys_grad_mode) ... ok
test_tensorbase_descriptor_metadata_and_no_argument_errors (test_tanh.TensorTanhTests.test_tensorbase_descriptor_metadata_and_no_argument_errors) ... ok
test_top_level_binding_and_type_error_precedence (test_tanh.TensorTanhTests.test_top_level_binding_and_type_error_precedence) ... ok
test_top_level_builtin_metadata_exports_copying_and_pickling (test_tanh.TensorTanhTests.test_top_level_builtin_metadata_exports_copying_and_pickling) ... ok
test_top_level_calls_reuse_tensor_tanh_values_layouts_and_storage (test_tanh.TensorTanhTests.test_top_level_calls_reuse_tensor_tanh_values_layouts_and_storage) ... ok
test_top_level_concrete_out_is_rejected_without_mutation (test_tanh.TensorTanhTests.test_top_level_concrete_out_is_rejected_without_mutation) ... ok
test_top_level_modes_and_overrides_dispatch_before_native_limits (test_tanh.TensorTanhTests.test_top_level_modes_and_overrides_dispatch_before_native_limits) ... ok
test_top_level_supports_finite_owned_rank_four_or_lower_autograd (test_tanh.TensorTanhTests.test_top_level_supports_finite_owned_rank_four_or_lower_autograd) ... ok
test_torch_function_modes_dispatch_before_native_execution (test_tanh.TensorTanhTests.test_torch_function_modes_dispatch_before_native_execution) ... ok
test_unsupported_tracked_inputs_fail_before_existing_graphs_or_layouts_change (test_tanh.TensorTanhTests.test_unsupported_tracked_inputs_fail_before_existing_graphs_or_layouts_change) ... ok
test_values_layouts_offsets_empty_tensors_and_fresh_storage (test_tanh.TensorTanhTests.test_values_layouts_offsets_empty_tensors_and_fresh_storage) ... ok
test_autograd_modes_and_unsupported_boundaries_remain_explicit (test_tanh_reference.TensorTanhReferenceTests.test_autograd_modes_and_unsupported_boundaries_remain_explicit) ... ok
test_callable_contract_matches_pytorch_2_13 (test_tanh_reference.TensorTanhReferenceTests.test_callable_contract_matches_pytorch_2_13) ... ok
test_concrete_out_support_boundary_is_explicit_and_nonmutating (test_tanh_reference.TensorTanhReferenceTests.test_concrete_out_support_boundary_is_explicit_and_nonmutating) ... ok
test_finite_owned_scalar_autograd_bits_match_pytorch_2_13 (test_tanh_reference.TensorTanhReferenceTests.test_finite_owned_scalar_autograd_bits_match_pytorch_2_13) ... ok
test_rank_four_weighted_autograd_empty_and_graph_lifetime_match_pytorch_2_13 (test_tanh_reference.TensorTanhReferenceTests.test_rank_four_weighted_autograd_empty_and_graph_lifetime_match_pytorch_2_13) ... ok
test_rank_one_weighted_autograd_empty_and_graph_lifetime_match_pytorch_2_13 (test_tanh_reference.TensorTanhReferenceTests.test_rank_one_weighted_autograd_empty_and_graph_lifetime_match_pytorch_2_13) ... ok
test_rank_three_weighted_autograd_empty_and_graph_lifetime_match_pytorch_2_13 (test_tanh_reference.TensorTanhReferenceTests.test_rank_three_weighted_autograd_empty_and_graph_lifetime_match_pytorch_2_13) ... ok
test_rank_two_weighted_autograd_empty_and_graph_lifetime_match_pytorch_2_13 (test_tanh_reference.TensorTanhReferenceTests.test_rank_two_weighted_autograd_empty_and_graph_lifetime_match_pytorch_2_13) ... ok
test_scalar_backward_uses_the_saved_output_across_rounding_modes (test_tanh_reference.TensorTanhReferenceTests.test_scalar_backward_uses_the_saved_output_across_rounding_modes) ... ok
test_scalar_composition_accumulation_and_freed_graph_match_pytorch_2_13 (test_tanh_reference.TensorTanhReferenceTests.test_scalar_composition_accumulation_and_freed_graph_match_pytorch_2_13) ... ok
test_seeded_random_values_match_pytorch_2_13 (test_tanh_reference.TensorTanhReferenceTests.test_seeded_random_values_match_pytorch_2_13) ... ok
test_tanh_backward_node_identity_matches_pytorch_2_13 (test_tanh_reference.TensorTanhReferenceTests.test_tanh_backward_node_identity_matches_pytorch_2_13) ... ok
test_top_level_binding_errors_match_pytorch_2_13 (test_tanh_reference.TensorTanhReferenceTests.test_top_level_binding_errors_match_pytorch_2_13) ... ok
test_top_level_callable_contract_matches_pytorch_2_13 (test_tanh_reference.TensorTanhReferenceTests.test_top_level_callable_contract_matches_pytorch_2_13) ... ok
test_top_level_declining_override_diagnostics_match_pytorch_2_13 (test_tanh_reference.TensorTanhReferenceTests.test_top_level_declining_override_diagnostics_match_pytorch_2_13) ... ok
test_top_level_modes_and_subclass_dispatch_match_pytorch_2_13 (test_tanh_reference.TensorTanhReferenceTests.test_top_level_modes_and_subclass_dispatch_match_pytorch_2_13) ... ok
test_top_level_values_layouts_and_storage_match_pytorch_2_13 (test_tanh_reference.TensorTanhReferenceTests.test_top_level_values_layouts_and_storage_match_pytorch_2_13) ... ok
test_torch_function_mode_dispatch_matches_pytorch_2_13 (test_tanh_reference.TensorTanhReferenceTests.test_torch_function_mode_dispatch_matches_pytorch_2_13) ... ok
test_values_layouts_offsets_empty_tensors_and_storage_match_pytorch (test_tanh_reference.TensorTanhReferenceTests.test_values_layouts_offsets_empty_tensors_and_storage_match_pytorch) ... ok
test_autograd_no_grad_and_shared_operands_reuse_native_path (test_tensor_add.TensorAddMethodTests.test_autograd_no_grad_and_shared_operands_reuse_native_path) ... ok
test_callable_metadata_copy_pickle_reload_and_unsupported_surface (test_tensor_add.TensorAddMethodTests.test_callable_metadata_copy_pickle_reload_and_unsupported_surface) ... ok
test_descriptor_pickle_survives_package_reinitialization (test_tensor_add.TensorAddMethodTests.test_descriptor_pickle_survives_package_reinitialization) ... ok
test_method_reuses_addition_values_layouts_and_edge_cases (test_tensor_add.TensorAddMethodTests.test_method_reuses_addition_values_layouts_and_edge_cases) ... ok
test_modes_and_overrides_observe_methods_before_native_limits (test_tensor_add.TensorAddMethodTests.test_modes_and_overrides_observe_methods_before_native_limits) ... ok
test_unsupported_arguments_and_boundaries_do_not_mutate (test_tensor_add.TensorAddMethodTests.test_unsupported_arguments_and_boundaries_do_not_mutate) ... ok
test_autograd_and_no_grad_match_pytorch_2_13 (test_tensor_add_reference.TensorAddMethodReferenceTests.test_autograd_and_no_grad_match_pytorch_2_13) ... ok
test_callable_metadata_documentation_copy_and_pickle_match_pytorch_2_13 (test_tensor_add_reference.TensorAddMethodReferenceTests.test_callable_metadata_documentation_copy_and_pickle_match_pytorch_2_13) ... ok
test_common_binding_and_scalar_errors_match_pytorch_2_13 (test_tensor_add_reference.TensorAddMethodReferenceTests.test_common_binding_and_scalar_errors_match_pytorch_2_13) ... ok
test_torch_function_mode_and_operand_dispatch_match_pytorch_2_13 (test_tensor_add_reference.TensorAddMethodReferenceTests.test_torch_function_mode_and_operand_dispatch_match_pytorch_2_13) ... ok
test_values_layouts_ieee_empties_and_argument_forms_match_pytorch_2_13 (test_tensor_add_reference.TensorAddMethodReferenceTests.test_values_layouts_ieee_empties_and_argument_forms_match_pytorch_2_13) ... ok
test_00_scalar_warning_is_once_only_and_points_to_the_caller (test_tensor_adjoint.TensorAdjointTests.test_00_scalar_warning_is_once_only_and_points_to_the_caller) ... ok
test_autograd_and_no_grad_follow_the_mh_view_path (test_tensor_adjoint.TensorAdjointTests.test_autograd_and_no_grad_follow_the_mh_view_path) ... ok
test_matrix_batched_empty_offset_and_strided_views_reuse_mh (test_tensor_adjoint.TensorAdjointTests.test_matrix_batched_empty_offset_and_strided_views_reuse_mh) ... ok
test_not_implemented_reenters_the_declining_top_mode (test_tensor_adjoint.TensorAdjointTests.test_not_implemented_reenters_the_declining_top_mode) ... ok
test_tensorbase_method_descriptor_metadata_and_invalid_calls (test_tensor_adjoint.TensorAdjointTests.test_tensorbase_method_descriptor_metadata_and_invalid_calls) ... ok
test_top_level_autograd_and_no_grad_reuse_the_method_path (test_tensor_adjoint.TensorAdjointTests.test_top_level_autograd_and_no_grad_reuse_the_method_path) ... ok
test_top_level_binding_and_type_error_precedence (test_tensor_adjoint.TensorAdjointTests.test_top_level_binding_and_type_error_precedence) ... ok
test_top_level_call_forms_reuse_matrix_adjoint_views (test_tensor_adjoint.TensorAdjointTests.test_top_level_call_forms_reuse_matrix_adjoint_views) ... ok
test_top_level_callable_metadata_documentation_and_exports (test_tensor_adjoint.TensorAdjointTests.test_top_level_callable_metadata_documentation_and_exports) ... ok
test_top_level_torch_function_modes_and_overrides (test_tensor_adjoint.TensorAdjointTests.test_top_level_torch_function_modes_and_overrides) ... ok
test_top_level_vector_error_and_extreme_empty_boundaries (test_tensor_adjoint.TensorAdjointTests.test_top_level_vector_error_and_extreme_empty_boundaries) ... ok
test_torch_function_modes_receive_method_descriptor_and_forward (test_tensor_adjoint.TensorAdjointTests.test_torch_function_modes_receive_method_descriptor_and_forward) ... ok
test_vector_error_and_extreme_empty_boundaries_match_mh_engine (test_tensor_adjoint.TensorAdjointTests.test_vector_error_and_extreme_empty_boundaries_match_mh_engine) ... ok
test_autograd_and_no_grad_match_pytorch_2_13 (test_tensor_adjoint_reference.TensorAdjointReferenceTests.test_autograd_and_no_grad_match_pytorch_2_13) ... ok
test_matrix_batched_empty_offset_and_strided_views_match_pytorch_2_13 (test_tensor_adjoint_reference.TensorAdjointReferenceTests.test_matrix_batched_empty_offset_and_strided_views_match_pytorch_2_13) ... ok
test_scalar_warning_vector_error_and_extreme_metadata_match_pytorch_2_13 (test_tensor_adjoint_reference.TensorAdjointReferenceTests.test_scalar_warning_vector_error_and_extreme_metadata_match_pytorch_2_13) ... ok
test_tensorbase_descriptor_and_invalid_calls_match_pytorch_2_13 (test_tensor_adjoint_reference.TensorAdjointReferenceTests.test_tensorbase_descriptor_and_invalid_calls_match_pytorch_2_13) ... ok
test_top_level_binding_error_precedence_matches_pytorch_2_13 (test_tensor_adjoint_reference.TensorAdjointReferenceTests.test_top_level_binding_error_precedence_matches_pytorch_2_13) ... ok
test_top_level_call_forms_match_pytorch_2_13 (test_tensor_adjoint_reference.TensorAdjointReferenceTests.test_top_level_call_forms_match_pytorch_2_13) ... ok
test_top_level_torch_function_dispatch_matches_pytorch_2_13 (test_tensor_adjoint_reference.TensorAdjointReferenceTests.test_top_level_torch_function_dispatch_matches_pytorch_2_13) ... ok
test_torch_function_mode_dispatch_matches_pytorch_2_13 (test_tensor_adjoint_reference.TensorAdjointReferenceTests.test_torch_function_mode_dispatch_matches_pytorch_2_13) ... ok
test_six_leading_integer_full_slice_preserves_autograd_and_lifetime (test_tensor_arbitrary_integer_prefix_full_slice.TensorArbitraryIntegerPrefixFullSliceTests.test_six_leading_integer_full_slice_preserves_autograd_and_lifetime) ... ok
test_six_plus_indexing_dispatches_with_the_original_tuple (test_tensor_arbitrary_integer_prefix_full_slice.TensorArbitraryIntegerPrefixFullSliceTests.test_six_plus_indexing_dispatches_with_the_original_tuple) ... ok
test_six_plus_leading_integer_full_slice_reuses_integer_views (test_tensor_arbitrary_integer_prefix_full_slice.TensorArbitraryIntegerPrefixFullSliceTests.test_six_plus_leading_integer_full_slice_reuses_integer_views) ... ok
test_six_plus_prefix_accepts_each_integer_protocol_value_once (test_tensor_arbitrary_integer_prefix_full_slice.TensorArbitraryIntegerPrefixFullSliceTests.test_six_plus_prefix_accepts_each_integer_protocol_value_once) ... ok
test_six_plus_prefix_preserves_validation_order_for_other_indices (test_tensor_arbitrary_integer_prefix_full_slice.TensorArbitraryIntegerPrefixFullSliceTests.test_six_plus_prefix_preserves_validation_order_for_other_indices) ... ok
test_tuple_subclass_can_expand_to_six_integer_indices_and_a_full_slice (test_tensor_arbitrary_integer_prefix_full_slice.TensorArbitraryIntegerPrefixFullSliceTests.test_tuple_subclass_can_expand_to_six_integer_indices_and_a_full_slice) ... ok
test_six_plus_autograd_and_lifetime_match_pytorch_2_13 (test_tensor_arbitrary_integer_prefix_full_slice_reference.TensorArbitraryIntegerPrefixFullSliceReferenceTests.test_six_plus_autograd_and_lifetime_match_pytorch_2_13) ... ok
test_six_plus_dispatch_uses_original_tuple_before_validation (test_tensor_arbitrary_integer_prefix_full_slice_reference.TensorArbitraryIntegerPrefixFullSliceReferenceTests.test_six_plus_dispatch_uses_original_tuple_before_validation) ... ok
test_six_plus_layout_protocol_and_tuple_subclass_match_pytorch_2_13 (test_tensor_arbitrary_integer_prefix_full_slice_reference.TensorArbitraryIntegerPrefixFullSliceReferenceTests.test_six_plus_layout_protocol_and_tuple_subclass_match_pytorch_2_13) ... ok
test_six_plus_validation_order_matches_pytorch_2_13 (test_tensor_arbitrary_integer_prefix_full_slice_reference.TensorArbitraryIntegerPrefixFullSliceReferenceTests.test_six_plus_validation_order_matches_pytorch_2_13) ... ok
test_accumulation_graph_reuse_and_freeing_are_preserved (test_tensor_backward.TensorBackwardTests.test_accumulation_graph_reuse_and_freeing_are_preserved) ... ok
test_default_equivalent_positional_and_keyword_forms (test_tensor_backward.TensorBackwardTests.test_default_equivalent_positional_and_keyword_forms) ... ok
test_option_conversion_errors_are_non_mutating (test_tensor_backward.TensorBackwardTests.test_option_conversion_errors_are_non_mutating) ... ok
test_python_metadata_matches_the_public_method_shape (test_tensor_backward.TensorBackwardTests.test_python_metadata_matches_the_public_method_shape) ... ok
test_scalar_validation_is_preserved (test_tensor_backward.TensorBackwardTests.test_scalar_validation_is_preserved) ... ok
test_signature_binding_errors_are_non_mutating (test_tensor_backward.TensorBackwardTests.test_signature_binding_errors_are_non_mutating) ... ok
test_torch_function_mode_dispatch_remains_unsupported (test_tensor_backward.TensorBackwardTests.test_torch_function_mode_dispatch_remains_unsupported) ... ok
test_unsupported_options_fail_before_gradients_or_graph_state_change (test_tensor_backward.TensorBackwardTests.test_unsupported_options_fail_before_gradients_or_graph_state_change) ... ok
test_accumulation_graph_reuse_and_freeing_match_pytorch_2_13 (test_tensor_backward_reference.TensorBackwardReferenceTests.test_accumulation_graph_reuse_and_freeing_match_pytorch_2_13) ... ok
test_default_equivalent_calls_match_pytorch_2_13 (test_tensor_backward_reference.TensorBackwardReferenceTests.test_default_equivalent_calls_match_pytorch_2_13) ... ok
test_native_scalar_errors_match_pytorch_2_13 (test_tensor_backward_reference.TensorBackwardReferenceTests.test_native_scalar_errors_match_pytorch_2_13) ... ok
test_option_conversion_errors_match_and_do_not_mutate (test_tensor_backward_reference.TensorBackwardReferenceTests.test_option_conversion_errors_match_and_do_not_mutate) ... ok
test_signature_binding_errors_match_and_do_not_mutate (test_tensor_backward_reference.TensorBackwardReferenceTests.test_signature_binding_errors_match_and_do_not_mutate) ... ok
test_signature_documentation_and_ownership_match_pytorch_2_13 (test_tensor_backward_reference.TensorBackwardReferenceTests.test_signature_documentation_and_ownership_match_pytorch_2_13) ... ok
test_boolean_storage_follows_interpreter_and_preserves_source (test_tensor_buffer.TensorBufferTests.test_boolean_storage_follows_interpreter_and_preserves_source) ... ok
test_buffer_only_exporters_are_not_tensor_sequences (test_tensor_buffer.TensorBufferTests.test_buffer_only_exporters_are_not_tensor_sequences) ... ok
test_bytes_reject_but_bytearray_strides_and_reversed_views_work (test_tensor_buffer.TensorBufferTests.test_bytes_reject_but_bytearray_strides_and_reversed_views_work) ... ok
test_empty_buffers_and_explicit_metadata (test_tensor_buffer.TensorBufferTests.test_empty_buffers_and_explicit_metadata) ... ok
test_multidimensional_zero_dimensional_and_unsupported_buffers_fail (test_tensor_buffer.TensorBufferTests.test_multidimensional_zero_dimensional_and_unsupported_buffers_fail) ... ok
test_native_prefixed_formats (test_tensor_buffer.TensorBufferTests.test_native_prefixed_formats) ... ok
test_numeric_array_and_memoryview_formats_copy_as_float32 (test_tensor_buffer.TensorBufferTests.test_numeric_array_and_memoryview_formats_copy_as_float32) ... ok
test_numpy_and_ctypes_sequences_keep_sequence_dispatch (test_tensor_buffer.TensorBufferTests.test_numpy_and_ctypes_sequences_keep_sequence_dispatch) ... ok
test_sequence_length_exceptions_propagate (test_tensor_buffer.TensorBufferTests.test_sequence_length_exceptions_propagate) ... ok
test_tensor_owns_copy_after_exporter_mutation_and_collection (test_tensor_buffer.TensorBufferTests.test_tensor_owns_copy_after_exporter_mutation_and_collection) ... ok
test_all_boolean_storage_bytes_match_pytorch_2_13 (test_tensor_buffer_reference.TensorBufferReferenceTests.test_all_boolean_storage_bytes_match_pytorch_2_13) ... ok
test_boolean_buffer_errors_match_pytorch_2_13 (test_tensor_buffer_reference.TensorBufferReferenceTests.test_boolean_buffer_errors_match_pytorch_2_13) ... ok
test_buffer_errors_match_pytorch_2_13 (test_tensor_buffer_reference.TensorBufferReferenceTests.test_buffer_errors_match_pytorch_2_13) ... ok
test_buffer_only_exporters_are_rejected_like_pytorch_2_13 (test_tensor_buffer_reference.TensorBufferReferenceTests.test_buffer_only_exporters_are_rejected_like_pytorch_2_13) ... ok
test_bytes_and_character_views_match_dtype_sensitive_pytorch_dispatch (test_tensor_buffer_reference.TensorBufferReferenceTests.test_bytes_and_character_views_match_dtype_sensitive_pytorch_dispatch) ... ok
test_float16_edge_value_bits_match_pytorch_2_13 (test_tensor_buffer_reference.TensorBufferReferenceTests.test_float16_edge_value_bits_match_pytorch_2_13) ... ok
test_numeric_buffers_match_pytorch_2_13 (test_tensor_buffer_reference.TensorBufferReferenceTests.test_numeric_buffers_match_pytorch_2_13) ... ok
test_numpy_and_ctypes_sequence_dispatch_matches_pytorch_2_13 (test_tensor_buffer_reference.TensorBufferReferenceTests.test_numpy_and_ctypes_sequence_dispatch_matches_pytorch_2_13) ... ok
test_sequence_length_exceptions_match_pytorch_2_13 (test_tensor_buffer_reference.TensorBufferReferenceTests.test_sequence_length_exceptions_match_pytorch_2_13) ... ok
test_strided_reversed_and_empty_buffers_match_pytorch_2_13 (test_tensor_buffer_reference.TensorBufferReferenceTests.test_strided_reversed_and_empty_buffers_match_pytorch_2_13) ... ok
test_alias_observes_later_internal_gradient_accumulation (test_tensor_data.TensorDataTests.test_alias_observes_later_internal_gradient_accumulation) ... ok
test_aliases_outlive_temporary_tensor_and_view_owners (test_tensor_data.TensorDataTests.test_aliases_outlive_temporary_tensor_and_view_owners) ... ok
test_data_is_an_autograd_boundary_without_changing_the_source_graph (test_tensor_data.TensorDataTests.test_data_is_an_autograd_boundary_without_changing_the_source_graph) ... ok
test_getter_returns_a_fresh_detached_shared_storage_alias (test_tensor_data.TensorDataTests.test_getter_returns_a_fresh_detached_shared_storage_alias) ... ok
test_tensorbase_descriptor_metadata_and_read_only_surface (test_tensor_data.TensorDataTests.test_tensorbase_descriptor_metadata_and_read_only_surface) ... ok
test_torch_function_modes_receive_descriptor_get_and_forward (test_tensor_data.TensorDataTests.test_torch_function_modes_receive_descriptor_get_and_forward) ... ok
test_alias_layout_values_and_autograd_metadata_match_pytorch_2_13 (test_tensor_data_reference.TensorDataReferenceTests.test_alias_layout_values_and_autograd_metadata_match_pytorch_2_13) ... ok
test_alias_lifetime_matches_pytorch_2_13 (test_tensor_data_reference.TensorDataReferenceTests.test_alias_lifetime_matches_pytorch_2_13) ... ok
test_autograd_isolation_and_source_graph_preservation_match (test_tensor_data_reference.TensorDataReferenceTests.test_autograd_isolation_and_source_graph_preservation_match) ... ok
test_getter_descriptor_metadata_matches_pytorch_2_13 (test_tensor_data_reference.TensorDataReferenceTests.test_getter_descriptor_metadata_matches_pytorch_2_13) ... ok
test_torch_function_mode_getter_dispatch_matches_pytorch_2_13 (test_tensor_data_reference.TensorDataReferenceTests.test_torch_function_mode_getter_dispatch_matches_pytorch_2_13) ... ok
test_dataset_inheritance_imports_exports_and_signatures (test_tensor_dataset.TensorDatasetTests.test_dataset_inheritance_imports_exports_and_signatures) ... ok
test_empty_batches_scalars_no_arguments_and_validation (test_tensor_dataset.TensorDatasetTests.test_empty_batches_scalars_no_arguments_and_validation) ... ok
test_index_and_method_diagnostics (test_tensor_dataset.TensorDatasetTests.test_index_and_method_diagnostics) ... ok
test_integer_indexing_preserves_autograd_lineage (test_tensor_dataset.TensorDatasetTests.test_integer_indexing_preserves_autograd_lineage) ... ok
test_length_integer_indexing_layout_and_shared_storage (test_tensor_dataset.TensorDatasetTests.test_length_integer_indexing_layout_and_shared_storage) ... ok
test_autograd_lineage_matches_pytorch_2_13 (test_tensor_dataset_reference.TensorDatasetReferenceTests.test_autograd_lineage_matches_pytorch_2_13) ... ok
test_imports_inheritance_signatures_docs_and_diagnostics_match (test_tensor_dataset_reference.TensorDatasetReferenceTests.test_imports_inheritance_signatures_docs_and_diagnostics_match) ... ok
test_validation_empty_scalar_and_no_argument_cases_match (test_tensor_dataset_reference.TensorDatasetReferenceTests.test_validation_empty_scalar_and_no_argument_cases_match) ... ok
test_values_layout_indexing_slicing_and_aliasing_match_pytorch_2_13 (test_tensor_dataset_reference.TensorDatasetReferenceTests.test_values_layout_indexing_slicing_and_aliasing_match_pytorch_2_13) ... ok
test_active_autograd_is_rejected_but_no_grad_uses_native_division (test_tensor_div.TensorDivisionMethodTests.test_active_autograd_is_rejected_but_no_grad_uses_native_division) ... ok
test_callable_metadata_copy_pickle_reload_and_unsupported_surface (test_tensor_div.TensorDivisionMethodTests.test_callable_metadata_copy_pickle_reload_and_unsupported_surface) ... ok
test_methods_reuse_true_division_values_layouts_and_edge_cases (test_tensor_div.TensorDivisionMethodTests.test_methods_reuse_true_division_values_layouts_and_edge_cases) ... ok
test_modes_and_overrides_observe_valid_calls_before_native_limits (test_tensor_div.TensorDivisionMethodTests.test_modes_and_overrides_observe_valid_calls_before_native_limits) ... ok
test_unsupported_arguments_and_boundaries_do_not_mutate (test_tensor_div.TensorDivisionMethodTests.test_unsupported_arguments_and_boundaries_do_not_mutate) ... ok
test_broadcast_views_empties_and_real_scalars_match_pytorch_2_13 (test_tensor_div_reference.TensorDivisionMethodReferenceTests.test_broadcast_views_empties_and_real_scalars_match_pytorch_2_13) ... ok
test_descriptor_metadata_copy_pickle_and_reload_match_pytorch_2_13 (test_tensor_div_reference.TensorDivisionMethodReferenceTests.test_descriptor_metadata_copy_pickle_and_reload_match_pytorch_2_13) ... ok
test_no_grad_matches_pytorch_2_13_for_autograd_operands (test_tensor_div_reference.TensorDivisionMethodReferenceTests.test_no_grad_matches_pytorch_2_13_for_autograd_operands) ... ok
test_supported_argument_errors_match_pytorch_2_13 (test_tensor_div_reference.TensorDivisionMethodReferenceTests.test_supported_argument_errors_match_pytorch_2_13) ... ok
test_bare_ellipsis_alias_autograd_gradient_and_no_grad_leaf_status (test_tensor_ellipsis.TensorEllipsisIndexTests.test_bare_ellipsis_alias_autograd_gradient_and_no_grad_leaf_status) ... ok
test_bare_ellipsis_alias_survives_source_lifetime (test_tensor_ellipsis.TensorEllipsisIndexTests.test_bare_ellipsis_alias_survives_source_lifetime) ... ok
test_bare_ellipsis_dispatches_through_tensorbase_mode_before_parsing (test_tensor_ellipsis.TensorEllipsisIndexTests.test_bare_ellipsis_dispatches_through_tensorbase_mode_before_parsing) ... ok
test_bare_ellipsis_returns_a_distinct_exact_metadata_alias (test_tensor_ellipsis.TensorEllipsisIndexTests.test_bare_ellipsis_returns_a_distinct_exact_metadata_alias) ... ok
test_integer_indexing_remains_supported_and_other_forms_stay_unsupported (test_tensor_ellipsis.TensorEllipsisIndexTests.test_integer_indexing_remains_supported_and_other_forms_stay_unsupported) ... ok
test_singleton_tuple_alias_autograd_gradient_and_no_grad_leaf_status (test_tensor_ellipsis.TensorEllipsisIndexTests.test_singleton_tuple_alias_autograd_gradient_and_no_grad_leaf_status) ... ok
test_singleton_tuple_alias_survives_source_lifetime (test_tensor_ellipsis.TensorEllipsisIndexTests.test_singleton_tuple_alias_survives_source_lifetime) ... ok
test_singleton_tuple_dispatches_with_the_original_index (test_tensor_ellipsis.TensorEllipsisIndexTests.test_singleton_tuple_dispatches_with_the_original_index) ... ok
test_singleton_tuple_ellipsis_returns_a_distinct_exact_metadata_alias (test_tensor_ellipsis.TensorEllipsisIndexTests.test_singleton_tuple_ellipsis_returns_a_distinct_exact_metadata_alias) ... ok
test_bare_ellipsis_autograd_and_no_grad_match_pytorch_2_13 (test_tensor_ellipsis_reference.TensorEllipsisIndexReferenceTests.test_bare_ellipsis_autograd_and_no_grad_match_pytorch_2_13) ... ok
test_bare_ellipsis_layout_aliases_match_pytorch_2_13 (test_tensor_ellipsis_reference.TensorEllipsisIndexReferenceTests.test_bare_ellipsis_layout_aliases_match_pytorch_2_13) ... ok
test_bare_ellipsis_source_lifetime_matches_pytorch_2_13 (test_tensor_ellipsis_reference.TensorEllipsisIndexReferenceTests.test_bare_ellipsis_source_lifetime_matches_pytorch_2_13) ... ok
test_bare_ellipsis_tensorbase_mode_dispatch_matches_pytorch_2_13 (test_tensor_ellipsis_reference.TensorEllipsisIndexReferenceTests.test_bare_ellipsis_tensorbase_mode_dispatch_matches_pytorch_2_13) ... ok
test_singleton_tuple_autograd_and_no_grad_match_pytorch_2_13 (test_tensor_ellipsis_reference.TensorEllipsisIndexReferenceTests.test_singleton_tuple_autograd_and_no_grad_match_pytorch_2_13) ... ok
test_singleton_tuple_layout_aliases_match_pytorch_2_13 (test_tensor_ellipsis_reference.TensorEllipsisIndexReferenceTests.test_singleton_tuple_layout_aliases_match_pytorch_2_13) ... ok
test_singleton_tuple_mode_dispatch_matches_pytorch_2_13 (test_tensor_ellipsis_reference.TensorEllipsisIndexReferenceTests.test_singleton_tuple_mode_dispatch_matches_pytorch_2_13) ... ok
test_singleton_tuple_source_lifetime_matches_pytorch_2_13 (test_tensor_ellipsis_reference.TensorEllipsisIndexReferenceTests.test_singleton_tuple_source_lifetime_matches_pytorch_2_13) ... ok
test_channels_last_requests_materialize_and_preserve_autograd (test_tensor_float_method.TensorFloatMethodTests.test_channels_last_requests_materialize_and_preserve_autograd) ... ok
test_channels_last_respects_no_grad (test_tensor_float_method.TensorFloatMethodTests.test_channels_last_respects_no_grad) ... ok
test_float32_identity_requests_return_exact_receiver (test_tensor_float_method.TensorFloatMethodTests.test_float32_identity_requests_return_exact_receiver) ... ok
test_rank_binding_and_memory_format_errors (test_tensor_float_method.TensorFloatMethodTests.test_rank_binding_and_memory_format_errors) ... ok
test_tensorbase_descriptor_metadata_documentation_and_unbound_calls (test_tensor_float_method.TensorFloatMethodTests.test_tensorbase_descriptor_metadata_documentation_and_unbound_calls) ... ok
test_channels_last_materialization_and_autograd_match_pytorch_2_13 (test_tensor_float_method_reference.TensorFloatMethodReferenceTests.test_channels_last_materialization_and_autograd_match_pytorch_2_13) ... ok
test_descriptor_documentation_and_binding_match_pytorch_2_13 (test_tensor_float_method_reference.TensorFloatMethodReferenceTests.test_descriptor_documentation_and_binding_match_pytorch_2_13) ... ok
test_extreme_empty_copy_validation_order_matches_pytorch_2_13 (test_tensor_float_method_reference.TensorFloatMethodReferenceTests.test_extreme_empty_copy_validation_order_matches_pytorch_2_13) ... ok
test_float32_identity_formats_match_pytorch_2_13 (test_tensor_float_method_reference.TensorFloatMethodReferenceTests.test_float32_identity_formats_match_pytorch_2_13) ... ok
test_no_grad_behavior_matches_pytorch_2_13 (test_tensor_float_method_reference.TensorFloatMethodReferenceTests.test_no_grad_behavior_matches_pytorch_2_13) ... ok
test_callable_metadata_direct_errors_and_pickling (test_tensor_format.TensorFormatTests.test_callable_metadata_direct_errors_and_pickling) ... ok
test_mode_dispatch_receives_self_and_format_spec (test_tensor_format.TensorFormatTests.test_mode_dispatch_receives_self_and_format_spec) ... ok
test_non_scalar_empty_format_uses_str_and_errors_are_non_mutating (test_tensor_format.TensorFormatTests.test_non_scalar_empty_format_uses_str_and_errors_are_non_mutating) ... ok
test_requires_grad_warning_is_absent_in_a_fresh_process (test_tensor_format.TensorFormatTests.test_requires_grad_warning_is_absent_in_a_fresh_process) ... ok
test_scalar_float32_formatting_uses_the_detached_python_value (test_tensor_format.TensorFormatTests.test_scalar_float32_formatting_uses_the_detached_python_value) ... ok
test_scalar_formatting_does_not_warn_or_change_the_graph (test_tensor_format.TensorFormatTests.test_scalar_formatting_does_not_warn_or_change_the_graph) ... ok
test_unbound_override_receives_the_two_positional_arguments (test_tensor_format.TensorFormatTests.test_unbound_override_receives_the_two_positional_arguments) ... ok
test_z_reload_replaces_the_method_without_breaking_the_native_class (test_tensor_format.TensorFormatTests.test_z_reload_replaces_the_method_without_breaking_the_native_class) ... ok
test_callable_contract_matches_pytorch_2_13 (test_tensor_format_reference.TensorFormatReferenceTests.test_callable_contract_matches_pytorch_2_13) ... ok
test_override_and_mode_dispatch_match_pytorch_2_13 (test_tensor_format_reference.TensorFormatReferenceTests.test_override_and_mode_dispatch_match_pytorch_2_13) ... ok
test_scalar_values_and_format_errors_match_pytorch_2_13 (test_tensor_format_reference.TensorFormatReferenceTests.test_scalar_values_and_format_errors_match_pytorch_2_13) ... ok
test_storage_graph_warning_and_non_scalar_behavior_match_pytorch_2_13 (test_tensor_format_reference.TensorFormatReferenceTests.test_storage_graph_warning_and_non_scalar_behavior_match_pytorch_2_13) ... ok
test_double_full_slice_tuple_dispatches_with_original_index (test_tensor_full_slice.TensorFullSliceIndexTests.test_double_full_slice_tuple_dispatches_with_original_index) ... ok
test_double_full_slice_tuple_requires_rank_two (test_tensor_full_slice.TensorFullSliceIndexTests.test_double_full_slice_tuple_requires_rank_two) ... ok
test_double_full_slice_tuple_returns_a_distinct_exact_metadata_alias (test_tensor_full_slice.TensorFullSliceIndexTests.test_double_full_slice_tuple_returns_a_distinct_exact_metadata_alias) ... ok
test_double_full_slice_tuple_survives_source_lifetime (test_tensor_full_slice.TensorFullSliceIndexTests.test_double_full_slice_tuple_survives_source_lifetime) ... ok
test_double_full_slice_tuple_uses_alias_autograd_semantics (test_tensor_full_slice.TensorFullSliceIndexTests.test_double_full_slice_tuple_uses_alias_autograd_semantics) ... ok
test_empty_tuple_uses_alias_autograd_semantics (test_tensor_full_slice.TensorFullSliceIndexTests.test_empty_tuple_uses_alias_autograd_semantics) ... ok
test_existing_indices_and_remaining_unsupported_slice_forms (test_tensor_full_slice.TensorFullSliceIndexTests.test_existing_indices_and_remaining_unsupported_slice_forms) ... ok
test_five_leading_integer_full_slice_accepts_integer_protocol_values (test_tensor_full_slice.TensorFullSliceIndexTests.test_five_leading_integer_full_slice_accepts_integer_protocol_values) ... ok
test_five_leading_integer_full_slice_dispatches_with_original_tuple (test_tensor_full_slice.TensorFullSliceIndexTests.test_five_leading_integer_full_slice_dispatches_with_original_tuple) ... ok
test_five_leading_integer_full_slice_preserves_integer_errors (test_tensor_full_slice.TensorFullSliceIndexTests.test_five_leading_integer_full_slice_preserves_integer_errors) ... ok
test_five_leading_integer_full_slice_reuses_the_integer_tuple_view (test_tensor_full_slice.TensorFullSliceIndexTests.test_five_leading_integer_full_slice_reuses_the_integer_tuple_view) ... ok
test_five_leading_integer_full_slice_survives_source_lifetime (test_tensor_full_slice.TensorFullSliceIndexTests.test_five_leading_integer_full_slice_survives_source_lifetime) ... ok
test_five_leading_integer_full_slice_uses_integer_autograd_semantics (test_tensor_full_slice.TensorFullSliceIndexTests.test_five_leading_integer_full_slice_uses_integer_autograd_semantics) ... ok
test_four_leading_integer_full_slice_accepts_integer_protocol_values (test_tensor_full_slice.TensorFullSliceIndexTests.test_four_leading_integer_full_slice_accepts_integer_protocol_values) ... ok
test_four_leading_integer_full_slice_dispatches_with_original_tuple (test_tensor_full_slice.TensorFullSliceIndexTests.test_four_leading_integer_full_slice_dispatches_with_original_tuple) ... ok
test_four_leading_integer_full_slice_preserves_integer_errors (test_tensor_full_slice.TensorFullSliceIndexTests.test_four_leading_integer_full_slice_preserves_integer_errors) ... ok
test_four_leading_integer_full_slice_reuses_the_integer_tuple_view (test_tensor_full_slice.TensorFullSliceIndexTests.test_four_leading_integer_full_slice_reuses_the_integer_tuple_view) ... ok
test_four_leading_integer_full_slice_survives_source_lifetime (test_tensor_full_slice.TensorFullSliceIndexTests.test_four_leading_integer_full_slice_survives_source_lifetime) ... ok
test_four_leading_integer_full_slice_uses_integer_autograd_semantics (test_tensor_full_slice.TensorFullSliceIndexTests.test_four_leading_integer_full_slice_uses_integer_autograd_semantics) ... ok
test_full_slice_dispatches_through_tensorbase_mode_before_indexing (test_tensor_full_slice.TensorFullSliceIndexTests.test_full_slice_dispatches_through_tensorbase_mode_before_indexing) ... ok
test_full_slice_ellipsis_tuples_count_only_slices_against_rank (test_tensor_full_slice.TensorFullSliceIndexTests.test_full_slice_ellipsis_tuples_count_only_slices_against_rank) ... ok
test_full_slice_ellipsis_tuples_dispatch_with_original_index (test_tensor_full_slice.TensorFullSliceIndexTests.test_full_slice_ellipsis_tuples_dispatch_with_original_index) ... ok
test_full_slice_ellipsis_tuples_return_exact_metadata_aliases (test_tensor_full_slice.TensorFullSliceIndexTests.test_full_slice_ellipsis_tuples_return_exact_metadata_aliases) ... ok
test_full_slice_ellipsis_tuples_survive_source_lifetime (test_tensor_full_slice.TensorFullSliceIndexTests.test_full_slice_ellipsis_tuples_survive_source_lifetime) ... ok
test_full_slice_ellipsis_tuples_use_alias_autograd_semantics (test_tensor_full_slice.TensorFullSliceIndexTests.test_full_slice_ellipsis_tuples_use_alias_autograd_semantics) ... ok
test_full_slice_returns_a_distinct_exact_metadata_alias (test_tensor_full_slice.TensorFullSliceIndexTests.test_full_slice_returns_a_distinct_exact_metadata_alias) ... ok
test_leading_integer_full_slice_accepts_integer_protocol_values (test_tensor_full_slice.TensorFullSliceIndexTests.test_leading_integer_full_slice_accepts_integer_protocol_values) ... ok
test_leading_integer_full_slice_dispatches_with_original_tuple (test_tensor_full_slice.TensorFullSliceIndexTests.test_leading_integer_full_slice_dispatches_with_original_tuple) ... ok
test_leading_integer_full_slice_preserves_rank_and_bounds_errors (test_tensor_full_slice.TensorFullSliceIndexTests.test_leading_integer_full_slice_preserves_rank_and_bounds_errors) ... ok
test_leading_integer_full_slice_reuses_the_integer_view (test_tensor_full_slice.TensorFullSliceIndexTests.test_leading_integer_full_slice_reuses_the_integer_view) ... ok
test_leading_integer_full_slice_survives_source_lifetime (test_tensor_full_slice.TensorFullSliceIndexTests.test_leading_integer_full_slice_survives_source_lifetime) ... ok
test_leading_integer_full_slice_uses_integer_autograd_semantics (test_tensor_full_slice.TensorFullSliceIndexTests.test_leading_integer_full_slice_uses_integer_autograd_semantics) ... ok
test_scalar_full_slice_raises_the_exact_pytorch_error (test_tensor_full_slice.TensorFullSliceIndexTests.test_scalar_full_slice_raises_the_exact_pytorch_error) ... ok
test_scalar_singleton_full_slice_tuple_raises_too_many_indices (test_tensor_full_slice.TensorFullSliceIndexTests.test_scalar_singleton_full_slice_tuple_raises_too_many_indices) ... ok
test_singleton_full_slice_tuple_dispatches_with_original_index (test_tensor_full_slice.TensorFullSliceIndexTests.test_singleton_full_slice_tuple_dispatches_with_original_index) ... ok
test_singleton_full_slice_tuple_returns_a_distinct_exact_metadata_alias (test_tensor_full_slice.TensorFullSliceIndexTests.test_singleton_full_slice_tuple_returns_a_distinct_exact_metadata_alias) ... ok
test_singleton_full_slice_tuple_survives_source_lifetime (test_tensor_full_slice.TensorFullSliceIndexTests.test_singleton_full_slice_tuple_survives_source_lifetime) ... ok
test_singleton_full_slice_tuple_uses_alias_autograd_semantics (test_tensor_full_slice.TensorFullSliceIndexTests.test_singleton_full_slice_tuple_uses_alias_autograd_semantics) ... ok
test_slice_autograd_gradient_node_and_no_grad_leaf_status (test_tensor_full_slice.TensorFullSliceIndexTests.test_slice_autograd_gradient_node_and_no_grad_leaf_status) ... ok
test_slice_storage_and_autograd_survive_source_lifetime (test_tensor_full_slice.TensorFullSliceIndexTests.test_slice_storage_and_autograd_survive_source_lifetime) ... ok
test_three_leading_integer_full_slice_accepts_integer_protocol_values (test_tensor_full_slice.TensorFullSliceIndexTests.test_three_leading_integer_full_slice_accepts_integer_protocol_values) ... ok
test_three_leading_integer_full_slice_dispatches_with_original_tuple (test_tensor_full_slice.TensorFullSliceIndexTests.test_three_leading_integer_full_slice_dispatches_with_original_tuple) ... ok
test_three_leading_integer_full_slice_preserves_integer_errors (test_tensor_full_slice.TensorFullSliceIndexTests.test_three_leading_integer_full_slice_preserves_integer_errors) ... ok
test_three_leading_integer_full_slice_reuses_the_integer_tuple_view (test_tensor_full_slice.TensorFullSliceIndexTests.test_three_leading_integer_full_slice_reuses_the_integer_tuple_view) ... ok
test_three_leading_integer_full_slice_survives_source_lifetime (test_tensor_full_slice.TensorFullSliceIndexTests.test_three_leading_integer_full_slice_survives_source_lifetime) ... ok
test_three_leading_integer_full_slice_uses_integer_autograd_semantics (test_tensor_full_slice.TensorFullSliceIndexTests.test_three_leading_integer_full_slice_uses_integer_autograd_semantics) ... ok
test_three_or_more_full_slice_tuples_dispatch_with_original_index (test_tensor_full_slice.TensorFullSliceIndexTests.test_three_or_more_full_slice_tuples_dispatch_with_original_index) ... ok
test_three_or_more_full_slice_tuples_require_sufficient_rank (test_tensor_full_slice.TensorFullSliceIndexTests.test_three_or_more_full_slice_tuples_require_sufficient_rank) ... ok
test_three_or_more_full_slice_tuples_return_exact_metadata_aliases (test_tensor_full_slice.TensorFullSliceIndexTests.test_three_or_more_full_slice_tuples_return_exact_metadata_aliases) ... ok
test_three_or_more_full_slice_tuples_survive_source_lifetime (test_tensor_full_slice.TensorFullSliceIndexTests.test_three_or_more_full_slice_tuples_survive_source_lifetime) ... ok
test_three_or_more_full_slice_tuples_use_alias_autograd_semantics (test_tensor_full_slice.TensorFullSliceIndexTests.test_three_or_more_full_slice_tuples_use_alias_autograd_semantics) ... ok
test_tuple_subclasses_are_normalized_through_overridden_iteration (test_tensor_full_slice.TensorFullSliceIndexTests.test_tuple_subclasses_are_normalized_through_overridden_iteration) ... ok
test_two_leading_integer_full_slice_accepts_integer_protocol_values (test_tensor_full_slice.TensorFullSliceIndexTests.test_two_leading_integer_full_slice_accepts_integer_protocol_values) ... ok
test_two_leading_integer_full_slice_dispatches_with_original_tuple (test_tensor_full_slice.TensorFullSliceIndexTests.test_two_leading_integer_full_slice_dispatches_with_original_tuple) ... ok
test_two_leading_integer_full_slice_preserves_integer_errors (test_tensor_full_slice.TensorFullSliceIndexTests.test_two_leading_integer_full_slice_preserves_integer_errors) ... ok
test_two_leading_integer_full_slice_reuses_the_integer_tuple_view (test_tensor_full_slice.TensorFullSliceIndexTests.test_two_leading_integer_full_slice_reuses_the_integer_tuple_view) ... ok
test_two_leading_integer_full_slice_survives_source_lifetime (test_tensor_full_slice.TensorFullSliceIndexTests.test_two_leading_integer_full_slice_survives_source_lifetime) ... ok
test_two_leading_integer_full_slice_uses_integer_autograd_semantics (test_tensor_full_slice.TensorFullSliceIndexTests.test_two_leading_integer_full_slice_uses_integer_autograd_semantics) ... ok
test_autograd_node_gradient_and_no_grad_status_match_pytorch_2_13 (test_tensor_full_slice_reference.TensorFullSliceIndexReferenceTests.test_autograd_node_gradient_and_no_grad_status_match_pytorch_2_13) ... ok
test_double_full_slice_lower_rank_errors_match_pytorch_2_13 (test_tensor_full_slice_reference.TensorFullSliceIndexReferenceTests.test_double_full_slice_lower_rank_errors_match_pytorch_2_13) ... ok
test_double_full_slice_tuple_autograd_matches_pytorch_2_13 (test_tensor_full_slice_reference.TensorFullSliceIndexReferenceTests.test_double_full_slice_tuple_autograd_matches_pytorch_2_13) ... ok
test_double_full_slice_tuple_layout_aliases_match_pytorch_2_13 (test_tensor_full_slice_reference.TensorFullSliceIndexReferenceTests.test_double_full_slice_tuple_layout_aliases_match_pytorch_2_13) ... ok
test_double_full_slice_tuple_mode_dispatch_matches_pytorch_2_13 (test_tensor_full_slice_reference.TensorFullSliceIndexReferenceTests.test_double_full_slice_tuple_mode_dispatch_matches_pytorch_2_13) ... ok
test_double_full_slice_tuple_source_lifetime_matches_pytorch_2_13 (test_tensor_full_slice_reference.TensorFullSliceIndexReferenceTests.test_double_full_slice_tuple_source_lifetime_matches_pytorch_2_13) ... ok
test_empty_tuple_autograd_matches_pytorch_2_13 (test_tensor_full_slice_reference.TensorFullSliceIndexReferenceTests.test_empty_tuple_autograd_matches_pytorch_2_13) ... ok
test_five_leading_integer_full_slice_autograd_matches_pytorch_2_13 (test_tensor_full_slice_reference.TensorFullSliceIndexReferenceTests.test_five_leading_integer_full_slice_autograd_matches_pytorch_2_13) ... ok
test_five_leading_integer_full_slice_errors_match_pytorch_2_13 (test_tensor_full_slice_reference.TensorFullSliceIndexReferenceTests.test_five_leading_integer_full_slice_errors_match_pytorch_2_13) ... ok
test_five_leading_integer_full_slice_layout_and_protocol_match_pytorch_2_13 (test_tensor_full_slice_reference.TensorFullSliceIndexReferenceTests.test_five_leading_integer_full_slice_layout_and_protocol_match_pytorch_2_13) ... ok
test_five_leading_integer_full_slice_lifetime_matches_pytorch_2_13 (test_tensor_full_slice_reference.TensorFullSliceIndexReferenceTests.test_five_leading_integer_full_slice_lifetime_matches_pytorch_2_13) ... ok
test_five_leading_integer_full_slice_mode_dispatch_matches_pytorch_2_13 (test_tensor_full_slice_reference.TensorFullSliceIndexReferenceTests.test_five_leading_integer_full_slice_mode_dispatch_matches_pytorch_2_13) ... ok
test_four_leading_integer_full_slice_autograd_matches_pytorch_2_13 (test_tensor_full_slice_reference.TensorFullSliceIndexReferenceTests.test_four_leading_integer_full_slice_autograd_matches_pytorch_2_13) ... ok
test_four_leading_integer_full_slice_errors_match_pytorch_2_13 (test_tensor_full_slice_reference.TensorFullSliceIndexReferenceTests.test_four_leading_integer_full_slice_errors_match_pytorch_2_13) ... ok
test_four_leading_integer_full_slice_layout_and_protocol_match_pytorch_2_13 (test_tensor_full_slice_reference.TensorFullSliceIndexReferenceTests.test_four_leading_integer_full_slice_layout_and_protocol_match_pytorch_2_13) ... ok
test_four_leading_integer_full_slice_lifetime_matches_pytorch_2_13 (test_tensor_full_slice_reference.TensorFullSliceIndexReferenceTests.test_four_leading_integer_full_slice_lifetime_matches_pytorch_2_13) ... ok
test_four_leading_integer_full_slice_mode_dispatch_matches_pytorch_2_13 (test_tensor_full_slice_reference.TensorFullSliceIndexReferenceTests.test_four_leading_integer_full_slice_mode_dispatch_matches_pytorch_2_13) ... ok
test_full_slice_ellipsis_rank_errors_match_pytorch_2_13 (test_tensor_full_slice_reference.TensorFullSliceIndexReferenceTests.test_full_slice_ellipsis_rank_errors_match_pytorch_2_13) ... ok
test_full_slice_ellipsis_tuple_autograd_matches_pytorch_2_13 (test_tensor_full_slice_reference.TensorFullSliceIndexReferenceTests.test_full_slice_ellipsis_tuple_autograd_matches_pytorch_2_13) ... ok
test_full_slice_ellipsis_tuple_layout_aliases_match_pytorch_2_13 (test_tensor_full_slice_reference.TensorFullSliceIndexReferenceTests.test_full_slice_ellipsis_tuple_layout_aliases_match_pytorch_2_13) ... ok
test_full_slice_ellipsis_tuple_mode_dispatch_matches_pytorch_2_13 (test_tensor_full_slice_reference.TensorFullSliceIndexReferenceTests.test_full_slice_ellipsis_tuple_mode_dispatch_matches_pytorch_2_13) ... ok
test_full_slice_ellipsis_tuple_source_lifetime_matches_pytorch_2_13 (test_tensor_full_slice_reference.TensorFullSliceIndexReferenceTests.test_full_slice_ellipsis_tuple_source_lifetime_matches_pytorch_2_13) ... ok
test_layout_values_aliasing_dtype_and_device_match_pytorch_2_13 (test_tensor_full_slice_reference.TensorFullSliceIndexReferenceTests.test_layout_values_aliasing_dtype_and_device_match_pytorch_2_13) ... ok
test_leading_integer_full_slice_autograd_matches_pytorch_2_13 (test_tensor_full_slice_reference.TensorFullSliceIndexReferenceTests.test_leading_integer_full_slice_autograd_matches_pytorch_2_13) ... ok
test_leading_integer_full_slice_errors_match_pytorch_2_13 (test_tensor_full_slice_reference.TensorFullSliceIndexReferenceTests.test_leading_integer_full_slice_errors_match_pytorch_2_13) ... ok
test_leading_integer_full_slice_layout_and_protocol_match_pytorch_2_13 (test_tensor_full_slice_reference.TensorFullSliceIndexReferenceTests.test_leading_integer_full_slice_layout_and_protocol_match_pytorch_2_13) ... ok
test_leading_integer_full_slice_lifetime_matches_pytorch_2_13 (test_tensor_full_slice_reference.TensorFullSliceIndexReferenceTests.test_leading_integer_full_slice_lifetime_matches_pytorch_2_13) ... ok
test_leading_integer_full_slice_mode_dispatch_matches_pytorch_2_13 (test_tensor_full_slice_reference.TensorFullSliceIndexReferenceTests.test_leading_integer_full_slice_mode_dispatch_matches_pytorch_2_13) ... ok
test_scalar_error_matches_pytorch_2_13 (test_tensor_full_slice_reference.TensorFullSliceIndexReferenceTests.test_scalar_error_matches_pytorch_2_13) ... ok
test_singleton_tuple_autograd_matches_pytorch_2_13 (test_tensor_full_slice_reference.TensorFullSliceIndexReferenceTests.test_singleton_tuple_autograd_matches_pytorch_2_13) ... ok
test_singleton_tuple_layout_aliases_match_pytorch_2_13 (test_tensor_full_slice_reference.TensorFullSliceIndexReferenceTests.test_singleton_tuple_layout_aliases_match_pytorch_2_13) ... ok
test_singleton_tuple_mode_dispatch_matches_pytorch_2_13 (test_tensor_full_slice_reference.TensorFullSliceIndexReferenceTests.test_singleton_tuple_mode_dispatch_matches_pytorch_2_13) ... ok
test_singleton_tuple_scalar_error_matches_pytorch_2_13 (test_tensor_full_slice_reference.TensorFullSliceIndexReferenceTests.test_singleton_tuple_scalar_error_matches_pytorch_2_13) ... ok
test_singleton_tuple_source_lifetime_matches_pytorch_2_13 (test_tensor_full_slice_reference.TensorFullSliceIndexReferenceTests.test_singleton_tuple_source_lifetime_matches_pytorch_2_13) ... ok
test_source_lifetime_matches_pytorch_2_13 (test_tensor_full_slice_reference.TensorFullSliceIndexReferenceTests.test_source_lifetime_matches_pytorch_2_13) ... ok
test_tensorbase_mode_dispatch_matches_pytorch_2_13 (test_tensor_full_slice_reference.TensorFullSliceIndexReferenceTests.test_tensorbase_mode_dispatch_matches_pytorch_2_13) ... ok
test_three_leading_integer_full_slice_autograd_matches_pytorch_2_13 (test_tensor_full_slice_reference.TensorFullSliceIndexReferenceTests.test_three_leading_integer_full_slice_autograd_matches_pytorch_2_13) ... ok
test_three_leading_integer_full_slice_errors_match_pytorch_2_13 (test_tensor_full_slice_reference.TensorFullSliceIndexReferenceTests.test_three_leading_integer_full_slice_errors_match_pytorch_2_13) ... ok
test_three_leading_integer_full_slice_layout_and_protocol_match_pytorch_2_13 (test_tensor_full_slice_reference.TensorFullSliceIndexReferenceTests.test_three_leading_integer_full_slice_layout_and_protocol_match_pytorch_2_13) ... ok
test_three_leading_integer_full_slice_lifetime_matches_pytorch_2_13 (test_tensor_full_slice_reference.TensorFullSliceIndexReferenceTests.test_three_leading_integer_full_slice_lifetime_matches_pytorch_2_13) ... ok
test_three_leading_integer_full_slice_mode_dispatch_matches_pytorch_2_13 (test_tensor_full_slice_reference.TensorFullSliceIndexReferenceTests.test_three_leading_integer_full_slice_mode_dispatch_matches_pytorch_2_13) ... ok
test_three_or_more_full_slice_lower_rank_errors_match_pytorch_2_13 (test_tensor_full_slice_reference.TensorFullSliceIndexReferenceTests.test_three_or_more_full_slice_lower_rank_errors_match_pytorch_2_13) ... ok
test_three_or_more_full_slice_tuple_autograd_matches_pytorch_2_13 (test_tensor_full_slice_reference.TensorFullSliceIndexReferenceTests.test_three_or_more_full_slice_tuple_autograd_matches_pytorch_2_13) ... ok
test_three_or_more_full_slice_tuple_layout_aliases_match_pytorch_2_13 (test_tensor_full_slice_reference.TensorFullSliceIndexReferenceTests.test_three_or_more_full_slice_tuple_layout_aliases_match_pytorch_2_13) ... ok
test_three_or_more_full_slice_tuple_mode_dispatch_matches_pytorch_2_13 (test_tensor_full_slice_reference.TensorFullSliceIndexReferenceTests.test_three_or_more_full_slice_tuple_mode_dispatch_matches_pytorch_2_13) ... ok
test_three_or_more_full_slice_tuple_source_lifetime_matches_pytorch_2_13 (test_tensor_full_slice_reference.TensorFullSliceIndexReferenceTests.test_three_or_more_full_slice_tuple_source_lifetime_matches_pytorch_2_13) ... ok
test_tuple_subclass_iteration_matches_pytorch_2_13 (test_tensor_full_slice_reference.TensorFullSliceIndexReferenceTests.test_tuple_subclass_iteration_matches_pytorch_2_13) ... ok
test_two_leading_integer_full_slice_autograd_matches_pytorch_2_13 (test_tensor_full_slice_reference.TensorFullSliceIndexReferenceTests.test_two_leading_integer_full_slice_autograd_matches_pytorch_2_13) ... ok
test_two_leading_integer_full_slice_errors_match_pytorch_2_13 (test_tensor_full_slice_reference.TensorFullSliceIndexReferenceTests.test_two_leading_integer_full_slice_errors_match_pytorch_2_13) ... ok
test_two_leading_integer_full_slice_layout_and_protocol_match_pytorch_2_13 (test_tensor_full_slice_reference.TensorFullSliceIndexReferenceTests.test_two_leading_integer_full_slice_layout_and_protocol_match_pytorch_2_13) ... ok
test_two_leading_integer_full_slice_lifetime_matches_pytorch_2_13 (test_tensor_full_slice_reference.TensorFullSliceIndexReferenceTests.test_two_leading_integer_full_slice_lifetime_matches_pytorch_2_13) ... ok
test_two_leading_integer_full_slice_mode_dispatch_matches_pytorch_2_13 (test_tensor_full_slice_reference.TensorFullSliceIndexReferenceTests.test_two_leading_integer_full_slice_mode_dispatch_matches_pytorch_2_13) ... ok
test_00_scalar_warning_is_once_only_and_points_to_the_caller (test_tensor_h.TensorHermitianTransposeTests.test_00_scalar_warning_is_once_only_and_points_to_the_caller) ... ok
test_autograd_and_no_grad_follow_the_native_view_path (test_tensor_h.TensorHermitianTransposeTests.test_autograd_and_no_grad_follow_the_native_view_path) ... ok
test_matrix_empty_offset_and_strided_views_reuse_transpose (test_tensor_h.TensorHermitianTransposeTests.test_matrix_empty_offset_and_strided_views_reuse_transpose) ... ok
test_tensorbase_descriptor_is_documented_and_read_only (test_tensor_h.TensorHermitianTransposeTests.test_tensorbase_descriptor_is_documented_and_read_only) ... ok
test_torch_function_modes_receive_descriptor_get_and_forward (test_tensor_h.TensorHermitianTransposeTests.test_torch_function_modes_receive_descriptor_get_and_forward) ... ok
test_vectors_and_batched_tensors_raise_rank_specific_errors (test_tensor_h.TensorHermitianTransposeTests.test_vectors_and_batched_tensors_raise_rank_specific_errors) ... ok
test_autograd_and_no_grad_match_pytorch_2_13 (test_tensor_h_reference.TensorHermitianTransposeReferenceTests.test_autograd_and_no_grad_match_pytorch_2_13) ... ok
test_matrix_empty_offset_and_strided_views_match_pytorch_2_13 (test_tensor_h_reference.TensorHermitianTransposeReferenceTests.test_matrix_empty_offset_and_strided_views_match_pytorch_2_13) ... ok
test_scalar_warning_rank_errors_and_extreme_metadata_match_pytorch_2_13 (test_tensor_h_reference.TensorHermitianTransposeReferenceTests.test_scalar_warning_rank_errors_and_extreme_metadata_match_pytorch_2_13) ... ok
test_tensorbase_descriptor_and_documentation_match_pytorch_2_13 (test_tensor_h_reference.TensorHermitianTransposeReferenceTests.test_tensorbase_descriptor_and_documentation_match_pytorch_2_13) ... ok
test_torch_function_mode_dispatch_matches_pytorch_2_13 (test_tensor_h_reference.TensorHermitianTransposeReferenceTests.test_torch_function_mode_dispatch_matches_pytorch_2_13) ... ok
test_complex_dtypes_and_imaginary_views_remain_unsupported (test_tensor_imag.TensorImagTests.test_complex_dtypes_and_imaginary_views_remain_unsupported) ... ok
test_every_supported_tensor_raises_fresh_errors_without_side_effects (test_tensor_imag.TensorImagTests.test_every_supported_tensor_raises_fresh_errors_without_side_effects) ... ok
test_tensorbase_descriptor_metadata_and_mutation_errors_match (test_tensor_imag.TensorImagTests.test_tensorbase_descriptor_metadata_and_mutation_errors_match) ... ok
test_top_level_binding_errors_and_unsupported_scope (test_tensor_imag.TensorImagTests.test_top_level_binding_errors_and_unsupported_scope) ... ok
test_top_level_callable_metadata_copy_pickle_and_exports (test_tensor_imag.TensorImagTests.test_top_level_callable_metadata_copy_pickle_and_exports) ... ok
test_top_level_declining_mode_reports_variable_function_error (test_tensor_imag.TensorImagTests.test_top_level_declining_mode_reports_variable_function_error) ... ok
test_top_level_imag_ignores_tensor_class_shadowing (test_tensor_imag.TensorImagTests.test_top_level_imag_ignores_tensor_class_shadowing) ... ok
test_top_level_supported_tensors_raise_same_error_without_side_effects (test_tensor_imag.TensorImagTests.test_top_level_supported_tensors_raise_same_error_without_side_effects) ... ok
test_top_level_torch_function_modes_and_overrides (test_tensor_imag.TensorImagTests.test_top_level_torch_function_modes_and_overrides) ... ok
test_torch_function_modes_intercept_reads_and_not_mutations (test_tensor_imag.TensorImagTests.test_torch_function_modes_intercept_reads_and_not_mutations) ... ok
test_autograd_graph_preservation_matches_pytorch_2_13 (test_tensor_imag_reference.TensorImagReferenceTests.test_autograd_graph_preservation_matches_pytorch_2_13) ... ok
test_descriptor_and_mutation_semantics_match_pytorch_2_13 (test_tensor_imag_reference.TensorImagReferenceTests.test_descriptor_and_mutation_semantics_match_pytorch_2_13) ... ok
test_float32_errors_and_side_effect_boundaries_match_pytorch_2_13 (test_tensor_imag_reference.TensorImagReferenceTests.test_float32_errors_and_side_effect_boundaries_match_pytorch_2_13) ... ok
test_scope_keeps_complex_dtypes_and_imaginary_views_unsupported (test_tensor_imag_reference.TensorImagReferenceTests.test_scope_keeps_complex_dtypes_and_imaginary_views_unsupported) ... ok
test_top_level_autograd_and_no_grad_match_pytorch_2_13 (test_tensor_imag_reference.TensorImagReferenceTests.test_top_level_autograd_and_no_grad_match_pytorch_2_13) ... ok
test_top_level_binding_and_type_errors_match_pytorch_2_13 (test_tensor_imag_reference.TensorImagReferenceTests.test_top_level_binding_and_type_errors_match_pytorch_2_13) ... ok
test_top_level_callable_metadata_and_wildcard_import_match (test_tensor_imag_reference.TensorImagReferenceTests.test_top_level_callable_metadata_and_wildcard_import_match) ... ok
test_top_level_float32_errors_and_side_effects_match_pytorch_2_13 (test_tensor_imag_reference.TensorImagReferenceTests.test_top_level_float32_errors_and_side_effects_match_pytorch_2_13) ... ok
test_top_level_imag_ignores_tensor_class_shadowing_like_pytorch (test_tensor_imag_reference.TensorImagReferenceTests.test_top_level_imag_ignores_tensor_class_shadowing_like_pytorch) ... ok
test_top_level_torch_function_dispatch_matches_pytorch_2_13 (test_tensor_imag_reference.TensorImagReferenceTests.test_top_level_torch_function_dispatch_matches_pytorch_2_13) ... ok
test_torch_function_mode_semantics_match_pytorch_2_13 (test_tensor_imag_reference.TensorImagReferenceTests.test_torch_function_mode_semantics_match_pytorch_2_13) ... ok
test_tensorbase_descriptor_is_documented_and_read_only (test_tensor_itemsize.TensorItemsizeTests.test_tensorbase_descriptor_is_documented_and_read_only) ... ok
test_width_uses_dtype_metadata_without_accessing_storage (test_tensor_itemsize.TensorItemsizeTests.test_width_uses_dtype_metadata_without_accessing_storage) ... ok
test_descriptor_ownership_documentation_and_errors_match (test_tensor_itemsize_reference.TensorItemsizeReferenceTests.test_descriptor_ownership_documentation_and_errors_match) ... ok
test_scalar_empty_offset_strided_and_autograd_tensors_match (test_tensor_itemsize_reference.TensorItemsizeReferenceTests.test_scalar_empty_offset_strided_and_autograd_tensors_match) ... ok
test_callable_metadata_documentation_pickling_and_exports (test_tensor_mean.TensorMeanTests.test_callable_metadata_documentation_pickling_and_exports) ... ok
test_keepdim_full_reduction_preserves_no_grad_and_final_scalar_backward (test_tensor_mean.TensorMeanTests.test_keepdim_full_reduction_preserves_no_grad_and_final_scalar_backward) ... ok
test_keepdim_full_reduction_preserves_rank_values_and_metadata (test_tensor_mean.TensorMeanTests.test_keepdim_full_reduction_preserves_rank_values_and_metadata) ... ok
test_mean_preserves_first_order_autograd_and_no_grad (test_tensor_mean.TensorMeanTests.test_mean_preserves_first_order_autograd_and_no_grad) ... ok
test_method_rejects_invalid_arguments_and_unsupported_reductions (test_tensor_mean.TensorMeanTests.test_method_rejects_invalid_arguments_and_unsupported_reductions) ... ok
test_rank_one_dim_error_ordering (test_tensor_mean.TensorMeanTests.test_rank_one_dim_error_ordering) ... ok
test_rank_one_dim_reductions_reuse_full_mean_values_and_metadata (test_tensor_mean.TensorMeanTests.test_rank_one_dim_reductions_reuse_full_mean_values_and_metadata) ... ok
test_rank_one_dim_reductions_reuse_full_mean_vjp (test_tensor_mean.TensorMeanTests.test_rank_one_dim_reductions_reuse_full_mean_vjp) ... ok
test_rank_one_transpose_selected_offset_mean_edges (test_tensor_mean.TensorMeanTests.test_rank_one_transpose_selected_offset_mean_edges) ... ok
test_supported_forms_match_sum_divided_by_count_metadata_and_storage (test_tensor_mean.TensorMeanTests.test_supported_forms_match_sum_divided_by_count_metadata_and_storage) ... ok
test_top_level_modes_and_overrides_observe_calls_before_native_limits (test_tensor_mean.TensorMeanTests.test_top_level_modes_and_overrides_observe_calls_before_native_limits) ... ok
test_top_level_rejects_invalid_arguments_and_unsupported_reductions (test_tensor_mean.TensorMeanTests.test_top_level_rejects_invalid_arguments_and_unsupported_reductions) ... ok
test_callable_metadata_matches_pytorch_2_13 (test_tensor_mean_reference.TensorMeanReferenceTests.test_callable_metadata_matches_pytorch_2_13) ... ok
test_first_order_autograd_and_no_grad_match_pytorch_2_13 (test_tensor_mean_reference.TensorMeanReferenceTests.test_first_order_autograd_and_no_grad_match_pytorch_2_13) ... ok
test_invalid_dtype_and_argument_errors_match_pytorch_2_13 (test_tensor_mean_reference.TensorMeanReferenceTests.test_invalid_dtype_and_argument_errors_match_pytorch_2_13) ... ok
test_keepdim_first_order_autograd_and_no_grad_match_pytorch_2_13 (test_tensor_mean_reference.TensorMeanReferenceTests.test_keepdim_first_order_autograd_and_no_grad_match_pytorch_2_13) ... ok
test_multidimension_out_and_cross_dtype_reductions_remain_unsupported (test_tensor_mean_reference.TensorMeanReferenceTests.test_multidimension_out_and_cross_dtype_reductions_remain_unsupported) ... ok
test_rank_one_dim_backward_through_sum_matches_pytorch_2_13 (test_tensor_mean_reference.TensorMeanReferenceTests.test_rank_one_dim_backward_through_sum_matches_pytorch_2_13) ... ok
test_rank_one_dim_error_ordering_matches_pytorch_2_13 (test_tensor_mean_reference.TensorMeanReferenceTests.test_rank_one_dim_error_ordering_matches_pytorch_2_13) ... ok
test_rank_one_dim_reductions_match_pytorch_2_13 (test_tensor_mean_reference.TensorMeanReferenceTests.test_rank_one_dim_reductions_match_pytorch_2_13) ... ok
test_supported_values_metadata_and_storage_match_pytorch_2_13 (test_tensor_mean_reference.TensorMeanReferenceTests.test_supported_values_metadata_and_storage_match_pytorch_2_13) ... ok
test_00_scalar_warning_is_once_only_and_points_to_the_caller (test_tensor_mh.TensorConjugateTransposeTests.test_00_scalar_warning_is_once_only_and_points_to_the_caller) ... ok
test_autograd_and_no_grad_follow_the_native_view_path (test_tensor_mh.TensorConjugateTransposeTests.test_autograd_and_no_grad_follow_the_native_view_path) ... ok
test_matrix_batched_empty_offset_and_strided_views_reuse_transpose (test_tensor_mh.TensorConjugateTransposeTests.test_matrix_batched_empty_offset_and_strided_views_reuse_transpose) ... ok
test_not_implemented_reenters_the_declining_top_mode (test_tensor_mh.TensorConjugateTransposeTests.test_not_implemented_reenters_the_declining_top_mode) ... ok
test_scalar_vector_and_extreme_empty_boundaries_match_matrix_api (test_tensor_mh.TensorConjugateTransposeTests.test_scalar_vector_and_extreme_empty_boundaries_match_matrix_api) ... ok
test_tensorbase_descriptor_is_documented_and_read_only (test_tensor_mh.TensorConjugateTransposeTests.test_tensorbase_descriptor_is_documented_and_read_only) ... ok
test_torch_function_modes_receive_descriptor_get_and_forward (test_tensor_mh.TensorConjugateTransposeTests.test_torch_function_modes_receive_descriptor_get_and_forward) ... ok
test_autograd_and_no_grad_match_pytorch_2_13 (test_tensor_mh_reference.TensorConjugateTransposeReferenceTests.test_autograd_and_no_grad_match_pytorch_2_13) ... ok
test_matrix_batched_empty_offset_and_strided_views_match_pytorch_2_13 (test_tensor_mh_reference.TensorConjugateTransposeReferenceTests.test_matrix_batched_empty_offset_and_strided_views_match_pytorch_2_13) ... ok
test_scalar_warning_vector_error_and_extreme_metadata_match_pytorch_2_13 (test_tensor_mh_reference.TensorConjugateTransposeReferenceTests.test_scalar_warning_vector_error_and_extreme_metadata_match_pytorch_2_13) ... ok
test_tensorbase_descriptor_and_documentation_match_pytorch_2_13 (test_tensor_mh_reference.TensorConjugateTransposeReferenceTests.test_tensorbase_descriptor_and_documentation_match_pytorch_2_13) ... ok
test_torch_function_mode_dispatch_matches_pytorch_2_13 (test_tensor_mh_reference.TensorConjugateTransposeReferenceTests.test_torch_function_mode_dispatch_matches_pytorch_2_13) ... ok
test_named_dimension_apis_remain_unsupported (test_tensor_name.TensorNameTests.test_named_dimension_apis_remain_unsupported) ... ok
test_supported_tensors_have_exact_none_name_without_side_effects (test_tensor_name.TensorNameTests.test_supported_tensors_have_exact_none_name_without_side_effects) ... ok
test_tensorbase_descriptor_metadata_and_read_only_errors (test_tensor_name.TensorNameTests.test_tensorbase_descriptor_metadata_and_read_only_errors) ... ok
test_torch_function_modes_receive_descriptor_get_and_forward (test_tensor_name.TensorNameTests.test_torch_function_modes_receive_descriptor_get_and_forward) ... ok
test_descriptor_and_mutation_contract_match_pytorch_2_13 (test_tensor_name_reference.TensorNameReferenceTests.test_descriptor_and_mutation_contract_match_pytorch_2_13) ... ok
test_named_dimension_apis_remain_equally_unsupported (test_tensor_name_reference.TensorNameReferenceTests.test_named_dimension_apis_remain_equally_unsupported) ... ok
test_supported_tensor_values_match_pytorch_2_13 (test_tensor_name_reference.TensorNameReferenceTests.test_supported_tensor_values_match_pytorch_2_13) ... ok
test_torch_function_mode_dispatch_matches_pytorch_2_13 (test_tensor_name_reference.TensorNameReferenceTests.test_torch_function_mode_dispatch_matches_pytorch_2_13) ... ok
test_autograd_and_no_grad_cover_every_supported_layout (test_tensor_newaxis.TensorNewAxisIndexTests.test_autograd_and_no_grad_cover_every_supported_layout) ... ok
test_bare_none_and_torch_newaxis_use_the_leading_unsqueeze_view (test_tensor_newaxis.TensorNewAxisIndexTests.test_bare_none_and_torch_newaxis_use_the_leading_unsqueeze_view) ... ok
test_exact_trailing_none_and_newaxis_use_the_trailing_unsqueeze_view (test_tensor_newaxis.TensorNewAxisIndexTests.test_exact_trailing_none_and_newaxis_use_the_trailing_unsqueeze_view) ... ok
test_extreme_empty_leading_stride_uses_signed_wrapping (test_tensor_newaxis.TensorNewAxisIndexTests.test_extreme_empty_leading_stride_uses_signed_wrapping) ... ok
test_full_slice_newaxis_tuple_uses_middle_unsqueeze_view (test_tensor_newaxis.TensorNewAxisIndexTests.test_full_slice_newaxis_tuple_uses_middle_unsqueeze_view) ... ok
test_integer_newaxis_tuple_preserves_pytorch_stride_order (test_tensor_newaxis.TensorNewAxisIndexTests.test_integer_newaxis_tuple_preserves_pytorch_stride_order) ... ok
test_middle_autograd_and_no_grad_cover_every_supported_layout (test_tensor_newaxis.TensorNewAxisIndexTests.test_middle_autograd_and_no_grad_cover_every_supported_layout) ... ok
test_newaxis_is_the_public_none_alias (test_tensor_newaxis.TensorNewAxisIndexTests.test_newaxis_is_the_public_none_alias) ... ok
test_other_newaxis_forms_remain_unsupported (test_tensor_newaxis.TensorNewAxisIndexTests.test_other_newaxis_forms_remain_unsupported) ... ok
test_public_unsqueeze_metadata_exports_and_unsupported_surface (test_tensor_newaxis.TensorNewAxisIndexTests.test_public_unsqueeze_metadata_exports_and_unsupported_surface) ... ok
test_public_unsqueeze_no_grad_and_full_sum_backward (test_tensor_newaxis.TensorNewAxisIndexTests.test_public_unsqueeze_no_grad_and_full_sum_backward) ... ok
test_public_unsqueeze_valid_dims_use_shared_storage_views (test_tensor_newaxis.TensorNewAxisIndexTests.test_public_unsqueeze_valid_dims_use_shared_storage_views) ... ok
test_storage_and_autograd_survive_source_lifetime (test_tensor_newaxis.TensorNewAxisIndexTests.test_storage_and_autograd_survive_source_lifetime) ... ok
test_torch_function_mode_observes_none_before_indexing (test_tensor_newaxis.TensorNewAxisIndexTests.test_torch_function_mode_observes_none_before_indexing) ... ok
test_torch_function_mode_observes_the_exact_trailing_tuple (test_tensor_newaxis.TensorNewAxisIndexTests.test_torch_function_mode_observes_the_exact_trailing_tuple) ... ok
test_trailing_autograd_and_no_grad_cover_every_supported_layout (test_tensor_newaxis.TensorNewAxisIndexTests.test_trailing_autograd_and_no_grad_cover_every_supported_layout) ... ok
test_trailing_storage_and_autograd_survive_source_lifetime (test_tensor_newaxis.TensorNewAxisIndexTests.test_trailing_storage_and_autograd_survive_source_lifetime) ... ok
test_autograd_and_no_grad_match_pytorch_2_13_for_every_layout (test_tensor_newaxis_reference.TensorNewAxisIndexReferenceTests.test_autograd_and_no_grad_match_pytorch_2_13_for_every_layout) ... ok
test_exact_trailing_layout_value_and_aliasing_match_pytorch_2_13 (test_tensor_newaxis_reference.TensorNewAxisIndexReferenceTests.test_exact_trailing_layout_value_and_aliasing_match_pytorch_2_13) ... ok
test_extreme_empty_stride_boundaries_match_pytorch_2_13 (test_tensor_newaxis_reference.TensorNewAxisIndexReferenceTests.test_extreme_empty_stride_boundaries_match_pytorch_2_13) ... ok
test_layout_value_and_aliasing_contracts_match_pytorch_2_13 (test_tensor_newaxis_reference.TensorNewAxisIndexReferenceTests.test_layout_value_and_aliasing_contracts_match_pytorch_2_13) ... ok
test_mixed_newaxis_autograd_no_grad_and_full_sum_match_pytorch_2_13 (test_tensor_newaxis_reference.TensorNewAxisIndexReferenceTests.test_mixed_newaxis_autograd_no_grad_and_full_sum_match_pytorch_2_13) ... ok
test_mixed_newaxis_layout_value_and_aliasing_match_pytorch_2_13 (test_tensor_newaxis_reference.TensorNewAxisIndexReferenceTests.test_mixed_newaxis_layout_value_and_aliasing_match_pytorch_2_13) ... ok
test_newaxis_namespace_matches_pytorch_2_13 (test_tensor_newaxis_reference.TensorNewAxisIndexReferenceTests.test_newaxis_namespace_matches_pytorch_2_13) ... ok
test_public_unsqueeze_autograd_no_grad_and_full_sum_match_pytorch_2_13 (test_tensor_newaxis_reference.TensorNewAxisIndexReferenceTests.test_public_unsqueeze_autograd_no_grad_and_full_sum_match_pytorch_2_13) ... ok
test_public_unsqueeze_layouts_match_pytorch_2_13 (test_tensor_newaxis_reference.TensorNewAxisIndexReferenceTests.test_public_unsqueeze_layouts_match_pytorch_2_13) ... ok
test_source_lifetime_matches_pytorch_2_13 (test_tensor_newaxis_reference.TensorNewAxisIndexReferenceTests.test_source_lifetime_matches_pytorch_2_13) ... ok
test_supported_newaxis_validation_errors_match_pytorch_2_13 (test_tensor_newaxis_reference.TensorNewAxisIndexReferenceTests.test_supported_newaxis_validation_errors_match_pytorch_2_13) ... ok
test_torch_function_mode_behavior_matches_pytorch_2_13 (test_tensor_newaxis_reference.TensorNewAxisIndexReferenceTests.test_torch_function_mode_behavior_matches_pytorch_2_13) ... ok
test_trailing_autograd_and_no_grad_match_pytorch_2_13 (test_tensor_newaxis_reference.TensorNewAxisIndexReferenceTests.test_trailing_autograd_and_no_grad_match_pytorch_2_13) ... ok
test_trailing_source_lifetime_matches_pytorch_2_13 (test_tensor_newaxis_reference.TensorNewAxisIndexReferenceTests.test_trailing_source_lifetime_matches_pytorch_2_13) ... ok
test_trailing_torch_function_mode_matches_pytorch_2_13 (test_tensor_newaxis_reference.TensorNewAxisIndexReferenceTests.test_trailing_torch_function_mode_matches_pytorch_2_13) ... ok
test_direct_range_slices_preserve_metadata_values_and_aliasing (test_tensor_range_slice.TensorRangeSliceTests.test_direct_range_slices_preserve_metadata_values_and_aliasing) ... ok
test_full_span_tuple_range_slices_are_aliases (test_tensor_range_slice.TensorRangeSliceTests.test_full_span_tuple_range_slices_are_aliases) ... ok
test_full_span_tuple_range_slices_reuse_alias_and_select_nodes (test_tensor_range_slice.TensorRangeSliceTests.test_full_span_tuple_range_slices_reuse_alias_and_select_nodes) ... ok
test_integer_prefix_trailing_range_slice (test_tensor_range_slice.TensorRangeSliceTests.test_integer_prefix_trailing_range_slice) ... ok
test_range_slice_backward_through_sum (test_tensor_range_slice.TensorRangeSliceTests.test_range_slice_backward_through_sum) ... ok
test_transposed_offset_and_empty_sources_preserve_view_metadata (test_tensor_range_slice.TensorRangeSliceTests.test_transposed_offset_and_empty_sources_preserve_view_metadata) ... ok
test_tuple_range_slice_backward_through_sum (test_tensor_range_slice.TensorRangeSliceTests.test_tuple_range_slice_backward_through_sum) ... ok
test_tuple_range_slices_with_full_slices_and_ellipsis_preserve_view_metadata (test_tensor_range_slice.TensorRangeSliceTests.test_tuple_range_slices_with_full_slices_and_ellipsis_preserve_view_metadata) ... ok
test_unsupported_slice_forms_stay_unsupported (test_tensor_range_slice.TensorRangeSliceTests.test_unsupported_slice_forms_stay_unsupported) ... ok
test_backward_through_sum_matches_pytorch_2_13 (test_tensor_range_slice_reference.TensorRangeSliceReferenceTests.test_backward_through_sum_matches_pytorch_2_13) ... ok
test_scalar_slice_errors_match_pytorch_2_13 (test_tensor_range_slice_reference.TensorRangeSliceReferenceTests.test_scalar_slice_errors_match_pytorch_2_13) ... ok
test_tuple_slice_errors_match_pytorch_2_13 (test_tensor_range_slice_reference.TensorRangeSliceReferenceTests.test_tuple_slice_errors_match_pytorch_2_13) ... ok
test_values_layout_aliasing_and_empties_match_pytorch_2_13 (test_tensor_range_slice_reference.TensorRangeSliceReferenceTests.test_values_layout_aliasing_and_empties_match_pytorch_2_13) ... ok
test_leaf_and_non_leaf_graphs_are_not_changed (test_tensor_real.TensorRealTests.test_leaf_and_non_leaf_graphs_are_not_changed) ... ok
test_not_implemented_reenters_the_declining_top_mode (test_tensor_real.TensorRealTests.test_not_implemented_reenters_the_declining_top_mode) ... ok
test_supported_tensors_return_the_exact_receiver_without_side_effects (test_tensor_real.TensorRealTests.test_supported_tensors_return_the_exact_receiver_without_side_effects) ... ok
test_tensorbase_descriptor_is_documented_and_read_only (test_tensor_real.TensorRealTests.test_tensorbase_descriptor_is_documented_and_read_only) ... ok
test_top_level_binding_errors_and_unsupported_scope (test_tensor_real.TensorRealTests.test_top_level_binding_errors_and_unsupported_scope) ... ok
test_top_level_callable_metadata_pickling_and_exports (test_tensor_real.TensorRealTests.test_top_level_callable_metadata_pickling_and_exports) ... ok
test_top_level_leaf_and_non_leaf_graphs_are_not_changed (test_tensor_real.TensorRealTests.test_top_level_leaf_and_non_leaf_graphs_are_not_changed) ... ok
test_top_level_real_ignores_tensor_class_shadowing (test_tensor_real.TensorRealTests.test_top_level_real_ignores_tensor_class_shadowing) ... ok
test_top_level_supported_tensors_return_the_exact_receiver (test_tensor_real.TensorRealTests.test_top_level_supported_tensors_return_the_exact_receiver) ... ok
test_top_level_torch_function_modes_and_overrides (test_tensor_real.TensorRealTests.test_top_level_torch_function_modes_and_overrides) ... ok
test_torch_function_modes_receive_descriptor_get_and_forward (test_tensor_real.TensorRealTests.test_torch_function_modes_receive_descriptor_get_and_forward) ... ok
test_descriptor_ownership_documentation_and_identity_match (test_tensor_real_reference.TensorRealReferenceTests.test_descriptor_ownership_documentation_and_identity_match) ... ok
test_leaf_and_non_leaf_autograd_identity_matches (test_tensor_real_reference.TensorRealReferenceTests.test_leaf_and_non_leaf_autograd_identity_matches) ... ok
test_scalar_empty_offset_strided_leaf_and_non_leaf_tensors_match (test_tensor_real_reference.TensorRealReferenceTests.test_scalar_empty_offset_strided_leaf_and_non_leaf_tensors_match) ... ok
test_scope_adds_real_without_complex_support (test_tensor_real_reference.TensorRealReferenceTests.test_scope_adds_real_without_complex_support) ... ok
test_top_level_binding_and_type_errors_match_pytorch_2_13 (test_tensor_real_reference.TensorRealReferenceTests.test_top_level_binding_and_type_errors_match_pytorch_2_13) ... ok
test_top_level_callable_metadata_and_wildcard_import_match (test_tensor_real_reference.TensorRealReferenceTests.test_top_level_callable_metadata_and_wildcard_import_match) ... ok
test_top_level_leaf_and_non_leaf_autograd_identity_matches (test_tensor_real_reference.TensorRealReferenceTests.test_top_level_leaf_and_non_leaf_autograd_identity_matches) ... ok
test_top_level_real_ignores_tensor_class_shadowing_like_pytorch (test_tensor_real_reference.TensorRealReferenceTests.test_top_level_real_ignores_tensor_class_shadowing_like_pytorch) ... ok
test_top_level_scalar_empty_offset_strided_leaf_and_non_leaf_match (test_tensor_real_reference.TensorRealReferenceTests.test_top_level_scalar_empty_offset_strided_leaf_and_non_leaf_match) ... ok
test_top_level_torch_function_dispatch_matches_pytorch_2_13 (test_tensor_real_reference.TensorRealReferenceTests.test_top_level_torch_function_dispatch_matches_pytorch_2_13) ... ok
test_torch_function_mode_dispatch_matches_pytorch_2_13 (test_tensor_real_reference.TensorRealReferenceTests.test_torch_function_mode_dispatch_matches_pytorch_2_13) ... ok
test_existing_graph_observes_current_leaf_flag_at_backward_time (test_tensor_requires_grad.TensorRequiresGradInplaceTests.test_existing_graph_observes_current_leaf_flag_at_backward_time) ... ok
test_fresh_leaf_default_true_and_repeated_toggles_keep_identity (test_tensor_requires_grad.TensorRequiresGradInplaceTests.test_fresh_leaf_default_true_and_repeated_toggles_keep_identity) ... ok
test_invalid_arguments_use_strict_bool_binding (test_tensor_requires_grad.TensorRequiresGradInplaceTests.test_invalid_arguments_use_strict_bool_binding) ... ok
test_leaf_views_created_under_no_grad_keep_inherited_flag (test_tensor_requires_grad.TensorRequiresGradInplaceTests.test_leaf_views_created_under_no_grad_keep_inherited_flag) ... ok
test_leaf_views_created_under_no_grad_track_base_until_promoted (test_tensor_requires_grad.TensorRequiresGradInplaceTests.test_leaf_views_created_under_no_grad_track_base_until_promoted) ... ok
test_nested_leaf_views_created_under_no_grad_keep_source_inheritance (test_tensor_requires_grad.TensorRequiresGradInplaceTests.test_nested_leaf_views_created_under_no_grad_keep_source_inheritance) ... ok
test_no_grad_context_does_not_control_the_leaf_mutator (test_tensor_requires_grad.TensorRequiresGradInplaceTests.test_no_grad_context_does_not_control_the_leaf_mutator) ... ok
test_no_grad_descendants_of_tracked_views_follow_base_toggles (test_tensor_requires_grad.TensorRequiresGradInplaceTests.test_no_grad_descendants_of_tracked_views_follow_base_toggles) ... ok
test_promoted_no_grad_descendants_of_tracked_views_follow_base_disable (test_tensor_requires_grad.TensorRequiresGradInplaceTests.test_promoted_no_grad_descendants_of_tracked_views_follow_base_disable) ... ok
test_promoted_no_grad_view_accumulates_preexisting_graph_after_disable (test_tensor_requires_grad.TensorRequiresGradInplaceTests.test_promoted_no_grad_view_accumulates_preexisting_graph_after_disable) ... ok
test_tensorbase_descriptor_documentation_and_dispatch (test_tensor_requires_grad.TensorRequiresGradInplaceTests.test_tensorbase_descriptor_documentation_and_dispatch) ... ok
test_torch_function_modes_receive_requires_grad_method_and_forward (test_tensor_requires_grad.TensorRequiresGradInplaceTests.test_torch_function_modes_receive_requires_grad_method_and_forward) ... ok
test_views_and_non_leaves_match_supported_boundary (test_tensor_requires_grad.TensorRequiresGradInplaceTests.test_views_and_non_leaves_match_supported_boundary) ... ok
test_descriptor_documentation_and_call_shape_match_pytorch_2_13 (test_tensor_requires_grad_reference.TensorRequiresGradInplaceReferenceTests.test_descriptor_documentation_and_call_shape_match_pytorch_2_13) ... ok
test_fresh_leaf_toggles_match_pytorch_2_13 (test_tensor_requires_grad_reference.TensorRequiresGradInplaceReferenceTests.test_fresh_leaf_toggles_match_pytorch_2_13) ... ok
test_invalid_arguments_match_pytorch_2_13 (test_tensor_requires_grad_reference.TensorRequiresGradInplaceReferenceTests.test_invalid_arguments_match_pytorch_2_13) ... ok
test_leaves_with_existing_grad_match_pytorch_2_13 (test_tensor_requires_grad_reference.TensorRequiresGradInplaceReferenceTests.test_leaves_with_existing_grad_match_pytorch_2_13) ... ok
test_nested_no_grad_leaf_views_match_pytorch_2_13 (test_tensor_requires_grad_reference.TensorRequiresGradInplaceReferenceTests.test_nested_no_grad_leaf_views_match_pytorch_2_13) ... ok
test_no_grad_context_behavior_matches_pytorch_2_13 (test_tensor_requires_grad_reference.TensorRequiresGradInplaceReferenceTests.test_no_grad_context_behavior_matches_pytorch_2_13) ... ok
test_no_grad_descendants_of_tracked_views_match_pytorch_2_13 (test_tensor_requires_grad_reference.TensorRequiresGradInplaceReferenceTests.test_no_grad_descendants_of_tracked_views_match_pytorch_2_13) ... ok
test_no_grad_leaf_views_match_pytorch_2_13 (test_tensor_requires_grad_reference.TensorRequiresGradInplaceReferenceTests.test_no_grad_leaf_views_match_pytorch_2_13) ... ok
test_no_grad_leaf_views_track_base_toggles_until_promoted (test_tensor_requires_grad_reference.TensorRequiresGradInplaceReferenceTests.test_no_grad_leaf_views_track_base_toggles_until_promoted) ... ok
test_promoted_no_grad_view_preexisting_graph_matches_pytorch_2_13 (test_tensor_requires_grad_reference.TensorRequiresGradInplaceReferenceTests.test_promoted_no_grad_view_preexisting_graph_matches_pytorch_2_13) ... ok
test_torch_function_mode_dispatch_matches_pytorch_2_13 (test_tensor_requires_grad_reference.TensorRequiresGradInplaceReferenceTests.test_torch_function_mode_dispatch_matches_pytorch_2_13) ... ok
test_views_and_non_leaves_match_pytorch_2_13 (test_tensor_requires_grad_reference.TensorRequiresGradInplaceReferenceTests.test_views_and_non_leaves_match_pytorch_2_13) ... /data/users/bobren/a/pytorch-rs-burner/.burner/worktrees/composite_17c2e82f/target/python314-checkout/tests/test_tensor_requires_grad_reference.py:178: UserWarning: The .grad attribute of a Tensor that is not a leaf Tensor is being accessed. Its .grad attribute won't be populated during autograd.backward(). If you indeed want the .grad field to be populated for a non-leaf Tensor, use .retain_grad() on the non-leaf Tensor. If you access the non-leaf Tensor by mistake, make sure you access the leaf Tensor instead. See github.com/pytorch/pytorch/pull/30531 for more information. (Triggered internally at /__w/pytorch/pytorch/build/aten/src/ATen/core/TensorBody.h:493.)
  "non_leaf_grad": self.grad_payload(non_leaf.grad),
/data/users/bobren/a/pytorch-rs-burner/.burner/worktrees/composite_17c2e82f/target/python314-checkout/tests/test_tensor_requires_grad_reference.py:179: UserWarning: The .grad attribute of a Tensor that is not a leaf Tensor is being accessed. Its .grad attribute won't be populated during autograd.backward(). If you indeed want the .grad field to be populated for a non-leaf Tensor, use .retain_grad() on the non-leaf Tensor. If you access the non-leaf Tensor by mistake, make sure you access the leaf Tensor instead. See github.com/pytorch/pytorch/pull/30531 for more information. (Triggered internally at /__w/pytorch/pytorch/build/aten/src/ATen/core/TensorBody.h:493.)
  "view_grad": self.grad_payload(view.grad),
ok
test_autograd_no_grad_and_shared_operands_reuse_native_path (test_tensor_sub.TensorSubMethodTests.test_autograd_no_grad_and_shared_operands_reuse_native_path) ... ok
test_callable_metadata_copy_pickle_reload_and_unsupported_surface (test_tensor_sub.TensorSubMethodTests.test_callable_metadata_copy_pickle_reload_and_unsupported_surface) ... ok
test_descriptor_pickle_survives_package_reinitialization (test_tensor_sub.TensorSubMethodTests.test_descriptor_pickle_survives_package_reinitialization) ... ok
test_methods_reuse_subtraction_values_layouts_and_edge_cases (test_tensor_sub.TensorSubMethodTests.test_methods_reuse_subtraction_values_layouts_and_edge_cases) ... ok
test_modes_and_overrides_observe_methods_before_native_limits (test_tensor_sub.TensorSubMethodTests.test_modes_and_overrides_observe_methods_before_native_limits) ... ok
test_unsupported_arguments_and_boundaries_do_not_mutate (test_tensor_sub.TensorSubMethodTests.test_unsupported_arguments_and_boundaries_do_not_mutate) ... ok
test_autograd_and_no_grad_match_pytorch_2_13 (test_tensor_sub_reference.TensorSubMethodReferenceTests.test_autograd_and_no_grad_match_pytorch_2_13) ... ok
test_callable_metadata_documentation_copy_and_pickle_match_pytorch_2_13 (test_tensor_sub_reference.TensorSubMethodReferenceTests.test_callable_metadata_documentation_copy_and_pickle_match_pytorch_2_13) ... ok
test_common_binding_and_scalar_errors_match_pytorch_2_13 (test_tensor_sub_reference.TensorSubMethodReferenceTests.test_common_binding_and_scalar_errors_match_pytorch_2_13) ... ok
test_same_shape_matching_dense_active_autograd_matches_pytorch_2_13 (test_tensor_sub_reference.TensorSubMethodReferenceTests.test_same_shape_matching_dense_active_autograd_matches_pytorch_2_13) ... ok
test_same_shape_matching_dense_views_match_pytorch_2_13 (test_tensor_sub_reference.TensorSubMethodReferenceTests.test_same_shape_matching_dense_views_match_pytorch_2_13) ... ok
test_torch_function_mode_and_operand_dispatch_match_pytorch_2_13 (test_tensor_sub_reference.TensorSubMethodReferenceTests.test_torch_function_mode_and_operand_dispatch_match_pytorch_2_13) ... ok
test_values_layouts_ieee_empties_and_argument_forms_match_pytorch_2_13 (test_tensor_sub_reference.TensorSubMethodReferenceTests.test_values_layouts_ieee_empties_and_argument_forms_match_pytorch_2_13) ... ok
test_descriptor_documentation_and_unbound_dtype_calls (test_tensor_sum.TensorSumTests.test_descriptor_documentation_and_unbound_dtype_calls) ... ok
test_dtype_forms_preserve_autograd_accumulation_and_empty_gradients (test_tensor_sum.TensorSumTests.test_dtype_forms_preserve_autograd_accumulation_and_empty_gradients) ... ok
test_dtype_only_forms_reuse_full_reduction_values_and_metadata (test_tensor_sum.TensorSumTests.test_dtype_only_forms_reuse_full_reduction_values_and_metadata) ... ok
test_invalid_dtype_and_argument_errors_match_the_pytorch_overload (test_tensor_sum.TensorSumTests.test_invalid_dtype_and_argument_errors_match_the_pytorch_overload) ... ok
test_keepdim_full_reduction_preserves_no_grad_and_final_scalar_backward (test_tensor_sum.TensorSumTests.test_keepdim_full_reduction_preserves_no_grad_and_final_scalar_backward) ... ok
test_keepdim_full_reduction_preserves_rank_values_and_metadata (test_tensor_sum.TensorSumTests.test_keepdim_full_reduction_preserves_rank_values_and_metadata) ... ok
test_multi_dim_out_rank_dtype_device_and_subclass_boundaries_remain_unsupported (test_tensor_sum.TensorSumTests.test_multi_dim_out_rank_dtype_device_and_subclass_boundaries_remain_unsupported) ... ok
test_rank_11_offset_permuted_sum_cases_cover_boundary_behaviors (test_tensor_sum.TensorSumTests.test_rank_11_offset_permuted_sum_cases_cover_boundary_behaviors) ... ok
test_rank_12_offset_permuted_sum_cases_cover_boundary_behaviors (test_tensor_sum.TensorSumTests.test_rank_12_offset_permuted_sum_cases_cover_boundary_behaviors) ... ok
test_rank_one_dim_error_ordering (test_tensor_sum.TensorSumTests.test_rank_one_dim_error_ordering) ... ok
test_rank_one_dim_reductions_reuse_full_sum_values_and_metadata (test_tensor_sum.TensorSumTests.test_rank_one_dim_reductions_reuse_full_sum_values_and_metadata) ... ok
test_rank_one_dim_reductions_reuse_full_sum_vjp (test_tensor_sum.TensorSumTests.test_rank_one_dim_reductions_reuse_full_sum_vjp) ... ok
test_rank_one_transpose_selected_offset_sum_edges (test_tensor_sum.TensorSumTests.test_rank_one_transpose_selected_offset_sum_edges) ... ok
test_rank_one_transpose_selected_offset_sum_empty_no_grad_and_repeated_backward (test_tensor_sum.TensorSumTests.test_rank_one_transpose_selected_offset_sum_empty_no_grad_and_repeated_backward) ... ok
test_rank_two_single_dim_reductions_expand_backward_to_input (test_tensor_sum.TensorSumTests.test_rank_two_single_dim_reductions_expand_backward_to_input) ... ok
test_rank_two_single_dim_reductions_match_values_and_metadata (test_tensor_sum.TensorSumTests.test_rank_two_single_dim_reductions_match_values_and_metadata) ... ok
test_autograd_accumulation_empty_and_no_grad_match_pytorch_2_13 (test_tensor_sum_reference.TensorSumReferenceTests.test_autograd_accumulation_empty_and_no_grad_match_pytorch_2_13) ... ok
test_descriptor_shape_and_documentation_match_pytorch_2_13 (test_tensor_sum_reference.TensorSumReferenceTests.test_descriptor_shape_and_documentation_match_pytorch_2_13) ... ok
test_invalid_dtype_and_argument_errors_match_pytorch_2_13 (test_tensor_sum_reference.TensorSumReferenceTests.test_invalid_dtype_and_argument_errors_match_pytorch_2_13) ... ok
test_keepdim_autograd_and_no_grad_match_pytorch_2_13 (test_tensor_sum_reference.TensorSumReferenceTests.test_keepdim_autograd_and_no_grad_match_pytorch_2_13) ... ok
test_multi_dim_rank_device_subclass_and_cross_dtype_boundaries_remain_unsupported (test_tensor_sum_reference.TensorSumReferenceTests.test_multi_dim_rank_device_subclass_and_cross_dtype_boundaries_remain_unsupported) ... ok
test_rank_10_offset_permuted_sum_cases_match_pytorch_2_13 (test_tensor_sum_reference.TensorSumReferenceTests.test_rank_10_offset_permuted_sum_cases_match_pytorch_2_13) ... ok
test_rank_11_offset_permuted_sum_cases_match_pytorch_2_13 (test_tensor_sum_reference.TensorSumReferenceTests.test_rank_11_offset_permuted_sum_cases_match_pytorch_2_13) ... ok
test_rank_12_offset_permuted_sum_cases_match_pytorch_2_13 (test_tensor_sum_reference.TensorSumReferenceTests.test_rank_12_offset_permuted_sum_cases_match_pytorch_2_13) ... ok
test_rank_9_offset_permuted_sum_cases_match_pytorch_2_13 (test_tensor_sum_reference.TensorSumReferenceTests.test_rank_9_offset_permuted_sum_cases_match_pytorch_2_13) ... ok
test_rank_one_dim_backward_through_sum_matches_pytorch_2_13 (test_tensor_sum_reference.TensorSumReferenceTests.test_rank_one_dim_backward_through_sum_matches_pytorch_2_13) ... ok
test_rank_one_dim_error_ordering_matches_pytorch_2_13 (test_tensor_sum_reference.TensorSumReferenceTests.test_rank_one_dim_error_ordering_matches_pytorch_2_13) ... ok
test_rank_one_dim_reductions_match_pytorch_2_13 (test_tensor_sum_reference.TensorSumReferenceTests.test_rank_one_dim_reductions_match_pytorch_2_13) ... ok
test_rank_one_transpose_selected_offset_sum_autograd_match_pytorch_2_13 (test_tensor_sum_reference.TensorSumReferenceTests.test_rank_one_transpose_selected_offset_sum_autograd_match_pytorch_2_13) ... ok
test_rank_one_transpose_selected_offset_sum_edges_match_pytorch_2_13 (test_tensor_sum_reference.TensorSumReferenceTests.test_rank_one_transpose_selected_offset_sum_edges_match_pytorch_2_13) ... ok
test_rank_two_single_dim_backward_through_scalar_loss_matches_pytorch_2_13 (test_tensor_sum_reference.TensorSumReferenceTests.test_rank_two_single_dim_backward_through_scalar_loss_matches_pytorch_2_13) ... ok
test_rank_two_single_dim_reductions_match_pytorch_2_13 (test_tensor_sum_reference.TensorSumReferenceTests.test_rank_two_single_dim_reductions_match_pytorch_2_13) ... ok
test_values_scalar_shape_empty_and_noncontiguous_match_pytorch_2_13 (test_tensor_sum_reference.TensorSumReferenceTests.test_values_scalar_shape_empty_and_noncontiguous_match_pytorch_2_13) ... ok
test_00_t_and_mt_warnings_are_once_only_and_point_to_the_caller (test_tensor_t.TensorTransposePropertyTests.test_00_t_and_mt_warnings_are_once_only_and_point_to_the_caller) ... ok
test_extreme_zero_sized_boundaries (test_tensor_t.TensorTransposePropertyTests.test_extreme_zero_sized_boundaries) ... ok
test_offset_singleton_empty_high_rank_and_lifetime_views (test_tensor_t.TensorTransposePropertyTests.test_offset_singleton_empty_high_rank_and_lifetime_views) ... ok
test_scalar_vector_errors_identity_and_read_only_descriptors (test_tensor_t.TensorTransposePropertyTests.test_scalar_vector_errors_identity_and_read_only_descriptors) ... ok
test_stride_aware_consumers_and_view_combinations (test_tensor_t.TensorTransposePropertyTests.test_stride_aware_consumers_and_view_combinations) ... ok
test_values_metadata_composition_and_transpose_equivalence (test_tensor_t.TensorTransposePropertyTests.test_values_metadata_composition_and_transpose_equivalence) ... ok
test_offsets_strides_empties_lifetime_and_double_transpose (test_tensor_t_method.TensorTMethodTests.test_offsets_strides_empties_lifetime_and_double_transpose) ... ok
test_rank_guard_and_no_argument_binding_contract (test_tensor_t_method.TensorTMethodTests.test_rank_guard_and_no_argument_binding_contract) ... ok
test_scalar_vector_and_matrix_are_unwarned_alias_views (test_tensor_t_method.TensorTMethodTests.test_scalar_vector_and_matrix_are_unwarned_alias_views) ... ok
test_t_records_the_inverse_autograd_transform (test_tensor_t_method.TensorTMethodTests.test_t_records_the_inverse_autograd_transform) ... ok
test_no_argument_descriptor_and_bound_errors_match_pytorch_2_13 (test_tensor_t_method_reference.TensorTMethodReferenceTests.test_no_argument_descriptor_and_bound_errors_match_pytorch_2_13) ... ok
test_offset_empty_and_autograd_match_pytorch_2_13 (test_tensor_t_method_reference.TensorTMethodReferenceTests.test_offset_empty_and_autograd_match_pytorch_2_13) ... ok
test_seeded_views_rank_errors_and_warnings_match_pytorch_2_13 (test_tensor_t_method_reference.TensorTMethodReferenceTests.test_seeded_views_rank_errors_and_warnings_match_pytorch_2_13) ... ok
test_empty_offset_memory_format_and_overflow_metadata_match (test_tensor_t_reference.TensorTransposePropertyReferenceTests.test_empty_offset_memory_format_and_overflow_metadata_match) ... ok
test_seeded_t_and_mt_views_and_consumers_match_pytorch_2_13 (test_tensor_t_reference.TensorTransposePropertyReferenceTests.test_seeded_t_and_mt_views_and_consumers_match_pytorch_2_13) ... ok
test_warning_categories_messages_once_behavior_and_stack_match (test_tensor_t_reference.TensorTransposePropertyReferenceTests.test_warning_categories_messages_once_behavior_and_stack_match) ... ok
test_copy_and_indexed_cpu_requests_materialize_fresh_clones (test_tensor_to.TensorToTests.test_copy_and_indexed_cpu_requests_materialize_fresh_clones) ... ok
test_copy_true_preserves_autograd_and_no_grad_behavior (test_tensor_to.TensorToTests.test_copy_true_preserves_autograd_and_no_grad_behavior) ... ok
test_copy_true_records_to_copy_autograd_node_in_public_errors (test_tensor_to.TensorToTests.test_copy_true_records_to_copy_autograd_node_in_public_errors) ... ok
test_default_equivalent_requests_return_exact_receiver (test_tensor_to.TensorToTests.test_default_equivalent_requests_return_exact_receiver) ... ok
test_device_like_torch_function_overrides_outside_device_slots_dispatch (test_tensor_to.TensorToTests.test_device_like_torch_function_overrides_outside_device_slots_dispatch) ... ok
test_device_subclasses_with_torch_function_parse_as_native_devices (test_tensor_to.TensorToTests.test_device_subclasses_with_torch_function_parse_as_native_devices) ... ok
test_tensorbase_descriptor_metadata_documentation_and_unbound_calls (test_tensor_to.TensorToTests.test_tensorbase_descriptor_metadata_documentation_and_unbound_calls) ... ok
test_torch_function_modes_receive_original_calls_and_forward (test_tensor_to.TensorToTests.test_torch_function_modes_receive_original_calls_and_forward) ... ok
test_torch_function_override_descriptor_lookup_is_not_prescanned (test_tensor_to.TensorToTests.test_torch_function_override_descriptor_lookup_is_not_prescanned) ... ok
test_torch_function_overrides_receive_original_calls (test_tensor_to.TensorToTests.test_torch_function_overrides_receive_original_calls) ... ok
test_torch_function_transient_attribute_error_uses_slot_policy (test_tensor_to.TensorToTests.test_torch_function_transient_attribute_error_uses_slot_policy) ... ok
test_unsupported_forms_fail_closed (test_tensor_to.TensorToTests.test_unsupported_forms_fail_closed) ... ok
test_copy_and_indexed_cpu_forms_match_pytorch_2_13 (test_tensor_to_reference.TensorToReferenceTests.test_copy_and_indexed_cpu_forms_match_pytorch_2_13) ... ok
test_copy_true_grad_fn_metadata_matches_pytorch_2_13 (test_tensor_to_reference.TensorToReferenceTests.test_copy_true_grad_fn_metadata_matches_pytorch_2_13) ... ok
test_descriptor_documentation_and_binding_match_pytorch_2_13 (test_tensor_to_reference.TensorToReferenceTests.test_descriptor_documentation_and_binding_match_pytorch_2_13) ... ok
test_device_like_overrides_outside_device_slots_match_pytorch_2_13 (test_tensor_to_reference.TensorToReferenceTests.test_device_like_overrides_outside_device_slots_match_pytorch_2_13) ... ok
test_device_string_subclasses_parse_as_devices_without_dispatch (test_tensor_to_reference.TensorToReferenceTests.test_device_string_subclasses_parse_as_devices_without_dispatch) ... ok
test_grad_and_no_grad_behavior_matches_pytorch_2_13 (test_tensor_to_reference.TensorToReferenceTests.test_grad_and_no_grad_behavior_matches_pytorch_2_13) ... ok
test_identity_forms_match_pytorch_2_13 (test_tensor_to_reference.TensorToReferenceTests.test_identity_forms_match_pytorch_2_13) ... ok
test_torch_function_descriptor_lookup_counts_match_pytorch_2_13 (test_tensor_to_reference.TensorToReferenceTests.test_torch_function_descriptor_lookup_counts_match_pytorch_2_13) ... ok
test_torch_function_dispatch_matches_pytorch_2_13 (test_tensor_to_reference.TensorToReferenceTests.test_torch_function_dispatch_matches_pytorch_2_13) ... ok
test_unsupported_conversions_fail_closed (test_tensor_to_reference.TensorToReferenceTests.test_unsupported_conversions_fail_closed) ... ok
test_empty_and_multi_element_tensors_are_ambiguous (test_tensor_truthiness.TensorTruthinessTests.test_empty_and_multi_element_tensors_are_ambiguous) ... ok
test_is_nonzero_no_argument_method_contract (test_tensor_truthiness.TensorTruthinessTests.test_is_nonzero_no_argument_method_contract) ... ok
test_one_element_offset_views_use_their_strided_value (test_tensor_truthiness.TensorTruthinessTests.test_one_element_offset_views_use_their_strided_value) ... ok
test_scalar_signed_zero_and_non_finite_values (test_tensor_truthiness.TensorTruthinessTests.test_scalar_signed_zero_and_non_finite_values) ... ok
test_ambiguity_errors_match_pytorch_2_13 (test_tensor_truthiness_reference.TensorTruthinessReferenceTests.test_ambiguity_errors_match_pytorch_2_13) ... ok
test_is_nonzero_method_contract_matches_pytorch_2_13 (test_tensor_truthiness_reference.TensorTruthinessReferenceTests.test_is_nonzero_method_contract_matches_pytorch_2_13) ... ok
test_one_element_strided_views_match_pytorch_2_13 (test_tensor_truthiness_reference.TensorTruthinessReferenceTests.test_one_element_strided_views_match_pytorch_2_13) ... ok
test_scalar_values_match_pytorch_2_13 (test_tensor_truthiness_reference.TensorTruthinessReferenceTests.test_scalar_values_match_pytorch_2_13) ... ok
test_argument_errors_and_unsupported_targets_do_not_mutate (test_tensor_type.TensorTypeTests.test_argument_errors_and_unsupported_targets_do_not_mutate) ... ok
test_every_supported_tensor_reports_cpu_float32_without_mutation (test_tensor_type.TensorTypeTests.test_every_supported_tensor_reports_cpu_float32_without_mutation) ... ok
test_receiver_errors_match_pytorch_2_13 (test_tensor_type.TensorTypeTests.test_receiver_errors_match_pytorch_2_13) ... ok
test_supported_conversions_return_the_exact_tensor_without_mutation (test_tensor_type.TensorTypeTests.test_supported_conversions_return_the_exact_tensor_without_mutation) ... ok
test_tensorbase_descriptor_metadata_and_bound_unbound_calls (test_tensor_type.TensorTypeTests.test_tensorbase_descriptor_metadata_and_bound_unbound_calls) ... ok
test_torch_function_modes_receive_descriptor_and_forward (test_tensor_type.TensorTypeTests.test_torch_function_modes_receive_descriptor_and_forward) ... ok
test_binding_and_strict_bool_errors_match_pytorch_2_13 (test_tensor_type_reference.TensorTypeReferenceTests.test_binding_and_strict_bool_errors_match_pytorch_2_13) ... ok
test_cpu_float32_query_matches_pytorch_2_13 (test_tensor_type_reference.TensorTypeReferenceTests.test_cpu_float32_query_matches_pytorch_2_13) ... ok
test_descriptor_metadata_and_bound_unbound_calls_match_pytorch_2_13 (test_tensor_type_reference.TensorTypeReferenceTests.test_descriptor_metadata_and_bound_unbound_calls_match_pytorch_2_13) ... ok
test_h100_cuda_type_name_and_transfer_boundary (test_tensor_type_reference.TensorTypeReferenceTests.test_h100_cuda_type_name_and_transfer_boundary) ... ok
test_other_targets_and_deprecated_async_remain_unsupported (test_tensor_type_reference.TensorTypeReferenceTests.test_other_targets_and_deprecated_async_remain_unsupported) ... ok
test_receiver_errors_match_pytorch_2_13 (test_tensor_type_reference.TensorTypeReferenceTests.test_receiver_errors_match_pytorch_2_13) ... ok
test_torch_function_mode_dispatch_matches_pytorch_2_13 (test_tensor_type_reference.TensorTypeReferenceTests.test_torch_function_mode_dispatch_matches_pytorch_2_13) ... ok
test_descriptor_ownership_and_documentation_match_pytorch_2_13 (test_to_dense.TensorToDenseTests.test_descriptor_ownership_and_documentation_match_pytorch_2_13) ... ok
test_no_grad_returns_same_autograd_tensor_and_graph (test_to_dense.TensorToDenseTests.test_no_grad_returns_same_autograd_tensor_and_graph) ... ok
test_strided_tensors_return_exact_receiver_without_changes (test_to_dense.TensorToDenseTests.test_strided_tensors_return_exact_receiver_without_changes) ... ok
test_surface_remains_no_argument_and_strided_only (test_to_dense.TensorToDenseTests.test_surface_remains_no_argument_and_strided_only) ... ok
test_torch_function_modes_match_tensorbase_method_dispatch (test_to_dense.TensorToDenseTests.test_torch_function_modes_match_tensorbase_method_dispatch) ... ok
test_descriptor_ownership_and_documentation_match_pytorch_2_13 (test_to_dense_reference.TensorToDenseReferenceTests.test_descriptor_ownership_and_documentation_match_pytorch_2_13) ... ok
test_no_grad_identity_matches_pytorch_2_13 (test_to_dense_reference.TensorToDenseReferenceTests.test_no_grad_identity_matches_pytorch_2_13) ... ok
test_reference_sparse_tensor_bounds_unsupported_conversion_path (test_to_dense_reference.TensorToDenseReferenceTests.test_reference_sparse_tensor_bounds_unsupported_conversion_path) ... ok
test_scope_excludes_dtype_and_masked_grad_overloads (test_to_dense_reference.TensorToDenseReferenceTests.test_scope_excludes_dtype_and_masked_grad_overloads) ... ok
test_supported_strided_identity_matches_pytorch_2_13 (test_to_dense_reference.TensorToDenseReferenceTests.test_supported_strided_identity_matches_pytorch_2_13) ... ok
test_torch_function_mode_dispatch_matches_pytorch_2_13 (test_to_dense_reference.TensorToDenseReferenceTests.test_torch_function_mode_dispatch_matches_pytorch_2_13) ... ok
test_autograd_no_grad_and_full_sum_backward_reuse_tensor_add (test_top_level_add.TopLevelAddTests.test_autograd_no_grad_and_full_sum_backward_reuse_tensor_add) ... ok
test_callable_metadata_copy_pickle_reload_and_exports (test_top_level_add.TopLevelAddTests.test_callable_metadata_copy_pickle_reload_and_exports) ... ok
test_scalar_left_values_layouts_empty_and_special_bits (test_top_level_add.TopLevelAddTests.test_scalar_left_values_layouts_empty_and_special_bits) ... ok
test_scalar_other_values_layouts_empty_and_special_bits (test_top_level_add.TopLevelAddTests.test_scalar_other_values_layouts_empty_and_special_bits) ... ok
test_tensor_tensor_values_broadcast_empty_offsets_and_special_bits (test_top_level_add.TopLevelAddTests.test_tensor_tensor_values_broadcast_empty_offsets_and_special_bits) ... ok
test_torch_function_modes_and_overrides_observe_original_calls (test_top_level_add.TopLevelAddTests.test_torch_function_modes_and_overrides_observe_original_calls) ... ok
test_unsupported_surface_errors_do_not_mutate_inputs (test_top_level_add.TopLevelAddTests.test_unsupported_surface_errors_do_not_mutate_inputs) ... ok
test_autograd_empties_shared_operands_and_no_grad_match_pytorch_2_13 (test_top_level_add_reference.TopLevelAddReferenceTests.test_autograd_empties_shared_operands_and_no_grad_match_pytorch_2_13) ... ok
test_scalar_left_values_layouts_empty_and_ieee_match_pytorch_2_13 (test_top_level_add_reference.TopLevelAddReferenceTests.test_scalar_left_values_layouts_empty_and_ieee_match_pytorch_2_13) ... ok
test_scalar_other_values_layouts_empty_and_ieee_match_pytorch_2_13 (test_top_level_add_reference.TopLevelAddReferenceTests.test_scalar_other_values_layouts_empty_and_ieee_match_pytorch_2_13) ... ok
test_tensor_tensor_values_layouts_and_ieee_match_pytorch_2_13 (test_top_level_add_reference.TopLevelAddReferenceTests.test_tensor_tensor_values_layouts_and_ieee_match_pytorch_2_13) ... ok
test_torch_function_mode_and_operand_dispatch_match_pytorch_2_13 (test_top_level_add_reference.TopLevelAddReferenceTests.test_torch_function_mode_and_operand_dispatch_match_pytorch_2_13) ... ok
test_autograd_accumulates_repeated_inputs_and_no_grad_disables_recording (test_top_level_cat.TopLevelCatTests.test_autograd_accumulates_repeated_inputs_and_no_grad_disables_recording) ... ok
test_concat_alias_torch_function_dispatch_uses_alias_callable (test_top_level_cat.TopLevelCatTests.test_concat_alias_torch_function_dispatch_uses_alias_callable) ... ok
test_concat_aliases_preserve_cat_fail_closed_boundaries (test_top_level_cat.TopLevelCatTests.test_concat_aliases_preserve_cat_fail_closed_boundaries) ... ok
test_concat_aliases_share_supported_1d_cat_path (test_top_level_cat.TopLevelCatTests.test_concat_aliases_share_supported_1d_cat_path) ... ok
test_list_tuple_empty_operands_order_metadata_and_fresh_storage (test_top_level_cat.TopLevelCatTests.test_list_tuple_empty_operands_order_metadata_and_fresh_storage) ... ok
test_public_callable_surface (test_top_level_cat.TopLevelCatTests.test_public_callable_surface) ... ok
test_rank_two_concat_aliases_share_supported_cat_path (test_top_level_cat.TopLevelCatTests.test_rank_two_concat_aliases_share_supported_cat_path) ... ok
test_rank_two_row_column_empty_and_noncontiguous_inputs (test_top_level_cat.TopLevelCatTests.test_rank_two_row_column_empty_and_noncontiguous_inputs) ... ok
test_rejects_unsupported_dimensions (test_top_level_cat.TopLevelCatTests.test_rejects_unsupported_dimensions) ... ok
test_rejects_unsupported_inputs_before_touching_out (test_top_level_cat.TopLevelCatTests.test_rejects_unsupported_inputs_before_touching_out) ... ok
test_torch_function_argument_overrides_dispatch_in_pytorch_order (test_top_level_cat.TopLevelCatTests.test_torch_function_argument_overrides_dispatch_in_pytorch_order) ... ok
test_torch_function_modes_intercept_forward_and_decline (test_top_level_cat.TopLevelCatTests.test_torch_function_modes_intercept_forward_and_decline) ... ok
test_autograd_repeated_inputs_and_no_grad_match_pytorch_2_13 (test_top_level_cat_reference.TopLevelCatReferenceTests.test_autograd_repeated_inputs_and_no_grad_match_pytorch_2_13) ... ok
test_axis_dim_conflicts_match_pytorch_2_13 (test_top_level_cat_reference.TopLevelCatReferenceTests.test_axis_dim_conflicts_match_pytorch_2_13) ... ok
test_concat_alias_values_metadata_storage_and_exports_match_pytorch_2_13 (test_top_level_cat_reference.TopLevelCatReferenceTests.test_concat_alias_values_metadata_storage_and_exports_match_pytorch_2_13) ... ok
test_list_tuple_empty_operands_order_metadata_and_storage_match_pytorch_2_13 (test_top_level_cat_reference.TopLevelCatReferenceTests.test_list_tuple_empty_operands_order_metadata_and_storage_match_pytorch_2_13) ... ok
test_rank_two_row_column_empty_and_noncontiguous_inputs_match_pytorch_2_13 (test_top_level_cat_reference.TopLevelCatReferenceTests.test_rank_two_row_column_empty_and_noncontiguous_inputs_match_pytorch_2_13) ... ok
test_representative_errors_match_pytorch_2_13 (test_top_level_cat_reference.TopLevelCatReferenceTests.test_representative_errors_match_pytorch_2_13) ... ok
test_torch_function_dispatch_matches_pytorch_2_13 (test_top_level_cat_reference.TopLevelCatReferenceTests.test_torch_function_dispatch_matches_pytorch_2_13) ... ok
test_large_empty_columns_forward_and_backward_finish (test_top_level_column_stack.TopLevelColumnStackTests.test_large_empty_columns_forward_and_backward_finish) ... ok
test_mode_can_intercept_unsupported_native_inputs (test_top_level_column_stack.TopLevelColumnStackTests.test_mode_can_intercept_unsupported_native_inputs) ... ok
test_out_rank_and_argument_boundaries (test_top_level_column_stack.TopLevelColumnStackTests.test_out_rank_and_argument_boundaries) ... ok
test_public_export (test_top_level_column_stack.TopLevelColumnStackTests.test_public_export) ... ok
test_scalars_vectors_and_columns (test_top_level_column_stack.TopLevelColumnStackTests.test_scalars_vectors_and_columns) ... ok
test_single_input_has_independent_storage (test_top_level_column_stack.TopLevelColumnStackTests.test_single_input_has_independent_storage) ... ok
test_vectors_are_columns_and_empty_vectors_keep_their_row_count (test_top_level_column_stack.TopLevelColumnStackTests.test_vectors_are_columns_and_empty_vectors_keep_their_row_count) ... ok
test_argument_errors_and_precedence (test_top_level_column_stack_reference.TopLevelColumnStackReferenceTests.test_argument_errors_and_precedence) ... ok
test_gradients_through_views_repeated_inputs_and_empties (test_top_level_column_stack_reference.TopLevelColumnStackReferenceTests.test_gradients_through_views_repeated_inputs_and_empties) ... ok
test_public_callable_metadata (test_top_level_column_stack_reference.TopLevelColumnStackReferenceTests.test_public_callable_metadata) ... ok
test_real_cuda_inputs_are_explicitly_rejected (test_top_level_column_stack_reference.TopLevelColumnStackReferenceTests.test_real_cuda_inputs_are_explicitly_rejected) ... ok
test_scalar_vector_matrix_empty_shape_combinations (test_top_level_column_stack_reference.TopLevelColumnStackReferenceTests.test_scalar_vector_matrix_empty_shape_combinations) ... ok
test_sequence_out_and_mode_override_dispatch (test_top_level_column_stack_reference.TopLevelColumnStackReferenceTests.test_sequence_out_and_mode_override_dispatch) ... ok
test_strided_offset_views_special_values_and_single_inputs (test_top_level_column_stack_reference.TopLevelColumnStackReferenceTests.test_strided_offset_views_special_values_and_single_inputs) ... ok
test_backend_none_resolves_default_and_registered_backend_names (test_top_level_compile.TorchCompileEntrypointTests.test_backend_none_resolves_default_and_registered_backend_names) ... ok
test_callable_backend_cannot_spoof_the_native_eager_path (test_top_level_compile.TorchCompileEntrypointTests.test_callable_backend_cannot_spoof_the_native_eager_path) ... ok
test_compiler_reset_clears_eager_fullgraph_compile_cache (test_top_level_compile.TorchCompileEntrypointTests.test_compiler_reset_clears_eager_fullgraph_compile_cache) ... ok
test_decorator_form_snapshots_default_backend_at_factory_time (test_top_level_compile.TorchCompileEntrypointTests.test_decorator_form_snapshots_default_backend_at_factory_time) ... ok
test_direct_and_decorator_forms_raise_before_user_or_backend_code_runs (test_top_level_compile.TorchCompileEntrypointTests.test_direct_and_decorator_forms_raise_before_user_or_backend_code_runs) ... ok
test_disable_true_returns_the_original_callable (test_top_level_compile.TorchCompileEntrypointTests.test_disable_true_returns_the_original_callable) ... ok
test_eager_fullgraph_cache_key_tracks_global_tensor_rebinding (test_top_level_compile.TorchCompileEntrypointTests.test_eager_fullgraph_cache_key_tracks_global_tensor_rebinding) ... ok
test_eager_fullgraph_cache_key_tracks_helper_code_mutation (test_top_level_compile.TorchCompileEntrypointTests.test_eager_fullgraph_cache_key_tracks_helper_code_mutation) ... ok
test_eager_fullgraph_cache_key_tracks_helper_global_rebinding (test_top_level_compile.TorchCompileEntrypointTests.test_eager_fullgraph_cache_key_tracks_helper_global_rebinding) ... ok
test_eager_fullgraph_cached_graphs_still_check_tensor_method_guards (test_top_level_compile.TorchCompileEntrypointTests.test_eager_fullgraph_cached_graphs_still_check_tensor_method_guards) ... ok
test_eager_fullgraph_cached_no_helper_calls_do_not_rescan_bytecode (test_top_level_compile.TorchCompileEntrypointTests.test_eager_fullgraph_cached_no_helper_calls_do_not_rescan_bytecode) ... ok
test_eager_fullgraph_caches_graphs_by_code_and_input_metadata (test_top_level_compile.TorchCompileEntrypointTests.test_eager_fullgraph_caches_graphs_by_code_and_input_metadata) ... ok
test_eager_fullgraph_caches_two_input_graphs_by_all_input_metadata (test_top_level_compile.TorchCompileEntrypointTests.test_eager_fullgraph_caches_two_input_graphs_by_all_input_metadata) ... ok
test_eager_fullgraph_dynamic_false_uses_metadata_specialized_cache (test_top_level_compile.TorchCompileEntrypointTests.test_eager_fullgraph_dynamic_false_uses_metadata_specialized_cache) ... ok
test_eager_fullgraph_dynamic_true_reuses_shapes_and_recompiles_strides (test_top_level_compile.TorchCompileEntrypointTests.test_eager_fullgraph_dynamic_true_reuses_shapes_and_recompiles_strides) ... ok
test_eager_fullgraph_executes_global_tensor_constants_natively (test_top_level_compile.TorchCompileEntrypointTests.test_eager_fullgraph_executes_global_tensor_constants_natively) ... ok
test_eager_fullgraph_executes_supported_tensor_programs_natively (test_top_level_compile.TorchCompileEntrypointTests.test_eager_fullgraph_executes_supported_tensor_programs_natively) ... ok
test_eager_fullgraph_executes_tuple_list_outputs_natively (test_top_level_compile.TorchCompileEntrypointTests.test_eager_fullgraph_executes_tuple_list_outputs_natively) ... ok
test_eager_fullgraph_executes_two_input_broadcasting_programs_natively (test_top_level_compile.TorchCompileEntrypointTests.test_eager_fullgraph_executes_two_input_broadcasting_programs_natively) ... ok
test_eager_fullgraph_false_executes_no_break_program_natively (test_top_level_compile.TorchCompileEntrypointTests.test_eager_fullgraph_false_executes_no_break_program_natively) ... ok
test_eager_fullgraph_false_rejects_graph_breaks_without_fallback (test_top_level_compile.TorchCompileEntrypointTests.test_eager_fullgraph_false_rejects_graph_breaks_without_fallback) ... ok
test_eager_fullgraph_inactive_branch_global_tensor_rebinding_does_not_recompile (test_top_level_compile.TorchCompileEntrypointTests.test_eager_fullgraph_inactive_branch_global_tensor_rebinding_does_not_recompile) ... ok
test_eager_fullgraph_inactive_branch_helper_rebinding_does_not_recompile (test_top_level_compile.TorchCompileEntrypointTests.test_eager_fullgraph_inactive_branch_helper_rebinding_does_not_recompile) ... ok
test_eager_fullgraph_inlines_helper_for_tuple_list_outputs (test_top_level_compile.TorchCompileEntrypointTests.test_eager_fullgraph_inlines_helper_for_tuple_list_outputs) ... ok
test_eager_fullgraph_inlines_same_module_helper_without_running_user_code (test_top_level_compile.TorchCompileEntrypointTests.test_eager_fullgraph_inlines_same_module_helper_without_running_user_code) ... ok
test_eager_fullgraph_inlines_two_argument_helper_natively (test_top_level_compile.TorchCompileEntrypointTests.test_eager_fullgraph_inlines_two_argument_helper_natively) ... ok
test_eager_fullgraph_lowering_uses_global_tensor_cache_snapshot (test_top_level_compile.TorchCompileEntrypointTests.test_eager_fullgraph_lowering_uses_global_tensor_cache_snapshot) ... ok
test_eager_fullgraph_lowering_uses_helper_binding_cache_snapshot (test_top_level_compile.TorchCompileEntrypointTests.test_eager_fullgraph_lowering_uses_helper_binding_cache_snapshot) ... ok
test_eager_fullgraph_lowering_uses_helper_code_cache_snapshot (test_top_level_compile.TorchCompileEntrypointTests.test_eager_fullgraph_lowering_uses_helper_code_cache_snapshot) ... ok
test_eager_fullgraph_preserves_output_container_aliasing (test_top_level_compile.TorchCompileEntrypointTests.test_eager_fullgraph_preserves_output_container_aliasing) ... ok
test_eager_fullgraph_recompile_limit_one_is_atomic_for_concurrent_misses (test_top_level_compile.TorchCompileEntrypointTests.test_eager_fullgraph_recompile_limit_one_is_atomic_for_concurrent_misses) ... ok
test_eager_fullgraph_recompile_limit_one_rejects_second_input_change (test_top_level_compile.TorchCompileEntrypointTests.test_eager_fullgraph_recompile_limit_one_rejects_second_input_change) ... ok
test_eager_fullgraph_recompile_limit_one_rejects_shape_change (test_top_level_compile.TorchCompileEntrypointTests.test_eager_fullgraph_recompile_limit_one_rejects_shape_change) ... ok
test_eager_fullgraph_recompile_limit_rejects_invalid_values (test_top_level_compile.TorchCompileEntrypointTests.test_eager_fullgraph_recompile_limit_rejects_invalid_values) ... ok
test_eager_fullgraph_recompile_limit_zero_rejects_first_graph (test_top_level_compile.TorchCompileEntrypointTests.test_eager_fullgraph_recompile_limit_zero_rejects_first_graph) ... ok
test_eager_fullgraph_rejects_callable_object_without_metadata_side_effects (test_top_level_compile.TorchCompileEntrypointTests.test_eager_fullgraph_rejects_callable_object_without_metadata_side_effects) ... ok
test_eager_fullgraph_rejects_isolate_recompiles_control (test_top_level_compile.TorchCompileEntrypointTests.test_eager_fullgraph_rejects_isolate_recompiles_control) ... ok
test_eager_fullgraph_rejects_kwargs_without_running_model (test_top_level_compile.TorchCompileEntrypointTests.test_eager_fullgraph_rejects_kwargs_without_running_model) ... ok
test_eager_fullgraph_rejects_non_tensor_global_operands_safely (test_top_level_compile.TorchCompileEntrypointTests.test_eager_fullgraph_rejects_non_tensor_global_operands_safely) ... ok
test_eager_fullgraph_rejects_patched_tensor_operation_bindings (test_top_level_compile.TorchCompileEntrypointTests.test_eager_fullgraph_rejects_patched_tensor_operation_bindings) ... ok
test_eager_fullgraph_rejects_two_input_unsupported_forms (test_top_level_compile.TorchCompileEntrypointTests.test_eager_fullgraph_rejects_two_input_unsupported_forms) ... ok
test_eager_fullgraph_rejects_unsupported_programs_without_running_them (test_top_level_compile.TorchCompileEntrypointTests.test_eager_fullgraph_rejects_unsupported_programs_without_running_them) ... ok
test_eager_fullgraph_relowers_for_runtime_input_metadata (test_top_level_compile.TorchCompileEntrypointTests.test_eager_fullgraph_relowers_for_runtime_input_metadata) ... ok
test_eager_fullgraph_requires_grad_branch_rejects_patched_descriptor (test_top_level_compile.TorchCompileEntrypointTests.test_eager_fullgraph_requires_grad_branch_rejects_patched_descriptor) ... ok
test_eager_fullgraph_requires_grad_branch_uses_metadata_cache (test_top_level_compile.TorchCompileEntrypointTests.test_eager_fullgraph_requires_grad_branch_uses_metadata_cache) ... ok
test_importing_and_calling_compile_shell_does_not_import_pytorch (test_top_level_compile.TorchCompileEntrypointTests.test_importing_and_calling_compile_shell_does_not_import_pytorch) ... ok
test_invalid_backend_names_and_types_fail_without_invocation (test_top_level_compile.TorchCompileEntrypointTests.test_invalid_backend_names_and_types_fail_without_invocation) ... ok
test_invalid_bound_models_and_configurations_fail_before_execution (test_top_level_compile.TorchCompileEntrypointTests.test_invalid_bound_models_and_configurations_fail_before_execution) ... ok
test_signature_metadata_exports_copy_pickle_and_reload (test_top_level_compile.TorchCompileEntrypointTests.test_signature_metadata_exports_copy_pickle_and_reload) ... ok
test_active_autograd_is_rejected_but_no_grad_uses_native_division (test_top_level_div.TopLevelDivTests.test_active_autograd_is_rejected_but_no_grad_uses_native_division) ... ok
test_metadata_exports_reload_copy_pickle_and_unsupported_surface (test_top_level_div.TopLevelDivTests.test_metadata_exports_reload_copy_pickle_and_unsupported_surface) ... ok
test_supported_calls_reuse_tensor_division_values_layouts_and_edge_cases (test_top_level_div.TopLevelDivTests.test_supported_calls_reuse_tensor_division_values_layouts_and_edge_cases) ... ok
test_torch_function_modes_and_overrides_observe_boundaries (test_top_level_div.TopLevelDivTests.test_torch_function_modes_and_overrides_observe_boundaries) ... ok
test_callable_metadata_documentation_and_exports_match_pytorch_2_13 (test_top_level_div_reference.TopLevelDivReferenceTests.test_callable_metadata_documentation_and_exports_match_pytorch_2_13) ... ok
test_no_grad_operands_match_pytorch_2_13 (test_top_level_div_reference.TopLevelDivReferenceTests.test_no_grad_operands_match_pytorch_2_13) ... ok
test_reload_preserves_top_level_division_callables (test_top_level_div_reference.TopLevelDivReferenceTests.test_reload_preserves_top_level_division_callables) ... ok
test_torch_function_dispatch_boundaries_match_pytorch_2_13 (test_top_level_div_reference.TopLevelDivReferenceTests.test_torch_function_dispatch_boundaries_match_pytorch_2_13) ... ok
test_values_layouts_empty_ieee_and_argument_forms_match_pytorch_2_13 (test_top_level_div_reference.TopLevelDivReferenceTests.test_values_layouts_empty_ieee_and_argument_forms_match_pytorch_2_13) ... ok
test_concrete_out_and_higher_input_ranks_are_rejected (test_top_level_dstack.TopLevelDstackTests.test_concrete_out_and_higher_input_ranks_are_rejected) ... ok
test_empty_dimensions_keep_normalized_shape (test_top_level_dstack.TopLevelDstackTests.test_empty_dimensions_keep_normalized_shape) ... ok
test_mixed_ranks_and_depth_order (test_top_level_dstack.TopLevelDstackTests.test_mixed_ranks_and_depth_order) ... ok
test_mode_intercepts_unsupported_native_calls_after_binding (test_top_level_dstack.TopLevelDstackTests.test_mode_intercepts_unsupported_native_calls_after_binding) ... ok
test_public_export (test_top_level_dstack.TopLevelDstackTests.test_public_export) ... ok
test_single_input_storage_is_independent (test_top_level_dstack.TopLevelDstackTests.test_single_input_storage_is_independent) ... ok
test_argument_errors_and_precedence (test_top_level_dstack_reference.TopLevelDstackReferenceTests.test_argument_errors_and_precedence) ... ok
test_gradients_through_views_repeated_inputs_and_empties (test_top_level_dstack_reference.TopLevelDstackReferenceTests.test_gradients_through_views_repeated_inputs_and_empties) ... ok
test_public_callable_metadata (test_top_level_dstack_reference.TopLevelDstackReferenceTests.test_public_callable_metadata) ... ok
test_real_cuda_inputs_are_explicitly_rejected (test_top_level_dstack_reference.TopLevelDstackReferenceTests.test_real_cuda_inputs_are_explicitly_rejected) ... ok
test_scalar_vector_matrix_empty_shape_combinations (test_top_level_dstack_reference.TopLevelDstackReferenceTests.test_scalar_vector_matrix_empty_shape_combinations) ... ok
test_sequence_out_and_mode_override_dispatch (test_top_level_dstack_reference.TopLevelDstackReferenceTests.test_sequence_out_and_mode_override_dispatch) ... ok
test_strided_offset_views_special_values_and_single_inputs (test_top_level_dstack_reference.TopLevelDstackReferenceTests.test_strided_offset_views_special_values_and_single_inputs) ... ok
test_accumulation_graph_freeing_no_grad_and_detach_reuse_method_path (test_top_level_exp.TopLevelExpTests.test_accumulation_graph_freeing_no_grad_and_detach_reuse_method_path) ... ok
test_autograd_scalar_empty_offset_and_strided_reuse_tensor_exp_vjp (test_top_level_exp.TopLevelExpTests.test_autograd_scalar_empty_offset_and_strided_reuse_tensor_exp_vjp) ... ok
test_binding_and_type_error_precedence_matches_pytorch_2_13 (test_top_level_exp.TopLevelExpTests.test_binding_and_type_error_precedence_matches_pytorch_2_13) ... ok
test_callable_metadata_documentation_pickling_and_exports (test_top_level_exp.TopLevelExpTests.test_callable_metadata_documentation_pickling_and_exports) ... ok
test_concrete_out_tensor_is_rejected_without_mutation (test_top_level_exp.TopLevelExpTests.test_concrete_out_tensor_is_rejected_without_mutation) ... ok
test_extreme_empty_metadata_error_matches_tensor_exp (test_top_level_exp.TopLevelExpTests.test_extreme_empty_metadata_error_matches_tensor_exp) ... ok
test_modes_and_overrides_observe_calls_before_native_limits (test_top_level_exp.TopLevelExpTests.test_modes_and_overrides_observe_calls_before_native_limits) ... ok
test_supported_calls_reuse_tensor_exp_values_and_layouts (test_top_level_exp.TopLevelExpTests.test_supported_calls_reuse_tensor_exp_values_and_layouts) ... ok
test_binding_and_type_errors_match_pytorch_2_13 (test_top_level_exp_reference.TopLevelExpReferenceTests.test_binding_and_type_errors_match_pytorch_2_13) ... ok
test_callable_ownership_documentation_and_pickling_match_pytorch_2_13 (test_top_level_exp_reference.TopLevelExpReferenceTests.test_callable_ownership_documentation_and_pickling_match_pytorch_2_13) ... ok
test_composition_accumulation_repeated_backward_and_no_grad_match (test_top_level_exp_reference.TopLevelExpReferenceTests.test_composition_accumulation_repeated_backward_and_no_grad_match) ... ok
test_declining_override_diagnostic_matches_pytorch_2_13 (test_top_level_exp_reference.TopLevelExpReferenceTests.test_declining_override_diagnostic_matches_pytorch_2_13) ... ok
test_modes_and_overrides_match_pytorch_2_13 (test_top_level_exp_reference.TopLevelExpReferenceTests.test_modes_and_overrides_match_pytorch_2_13) ... ok
test_scalar_empty_contiguous_offset_and_strided_autograd_match_pytorch_2_13 (test_top_level_exp_reference.TopLevelExpReferenceTests.test_scalar_empty_contiguous_offset_and_strided_autograd_match_pytorch_2_13) ... ok
test_scalar_empty_offset_strided_and_edge_results_match_pytorch_2_13 (test_top_level_exp_reference.TopLevelExpReferenceTests.test_scalar_empty_offset_strided_and_edge_results_match_pytorch_2_13) ... ok
test_mode_can_intercept_unsupported_native_inputs (test_top_level_hstack.TopLevelHstackTests.test_mode_can_intercept_unsupported_native_inputs) ... ok
test_out_rank_and_argument_boundaries (test_top_level_hstack.TopLevelHstackTests.test_out_rank_and_argument_boundaries) ... ok
test_public_export (test_top_level_hstack.TopLevelHstackTests.test_public_export) ... ok
test_scalars_vectors_and_columns (test_top_level_hstack.TopLevelHstackTests.test_scalars_vectors_and_columns) ... ok
test_single_input_has_independent_storage (test_top_level_hstack.TopLevelHstackTests.test_single_input_has_independent_storage) ... ok
test_argument_errors_and_precedence (test_top_level_hstack_reference.TopLevelHstackReferenceTests.test_argument_errors_and_precedence) ... ok
test_gradients_through_views_repeated_inputs_and_empties (test_top_level_hstack_reference.TopLevelHstackReferenceTests.test_gradients_through_views_repeated_inputs_and_empties) ... ok
test_public_callable_metadata (test_top_level_hstack_reference.TopLevelHstackReferenceTests.test_public_callable_metadata) ... ok
test_real_cuda_inputs_are_explicitly_rejected (test_top_level_hstack_reference.TopLevelHstackReferenceTests.test_real_cuda_inputs_are_explicitly_rejected) ... ok
test_scalar_vector_matrix_empty_shape_combinations (test_top_level_hstack_reference.TopLevelHstackReferenceTests.test_scalar_vector_matrix_empty_shape_combinations) ... ok
test_sequence_out_and_mode_override_dispatch (test_top_level_hstack_reference.TopLevelHstackReferenceTests.test_sequence_out_and_mode_override_dispatch) ... ok
test_strided_offset_views_special_values_and_first_operand_axis (test_top_level_hstack_reference.TopLevelHstackReferenceTests.test_strided_offset_views_special_values_and_first_operand_axis) ... ok
test_autograd_shared_operands_empties_and_no_grad_reuse_native_paths (test_top_level_mul.TopLevelMulTests.test_autograd_shared_operands_empties_and_no_grad_reuse_native_paths) ... ok
test_errors_callable_metadata_pickling_exports_and_unsupported_surface (test_top_level_mul.TopLevelMulTests.test_errors_callable_metadata_pickling_exports_and_unsupported_surface) ... ok
test_operand_overrides_order_types_and_declining_errors (test_top_level_mul.TopLevelMulTests.test_operand_overrides_order_types_and_declining_errors) ... ok
test_positional_keyword_broadcast_scalar_layout_and_edge_values (test_top_level_mul.TopLevelMulTests.test_positional_keyword_broadcast_scalar_layout_and_edge_values) ... ok
test_torch_function_modes_receive_original_calls_and_can_forward (test_top_level_mul.TopLevelMulTests.test_torch_function_modes_receive_original_calls_and_can_forward) ... ok
test_autograd_shared_operands_empties_and_no_grad_match_pytorch_2_13 (test_top_level_mul_reference.TopLevelMulReferenceTests.test_autograd_shared_operands_empties_and_no_grad_match_pytorch_2_13) ... ok
test_binding_type_shape_and_scalar_errors_match_pytorch_2_13 (test_top_level_mul_reference.TopLevelMulReferenceTests.test_binding_type_shape_and_scalar_errors_match_pytorch_2_13) ... ok
test_callable_metadata_documentation_and_exports_match_pytorch_2_13 (test_top_level_mul_reference.TopLevelMulReferenceTests.test_callable_metadata_documentation_and_exports_match_pytorch_2_13) ... ok
test_torch_function_mode_and_operand_dispatch_match_pytorch_2_13 (test_top_level_mul_reference.TopLevelMulReferenceTests.test_torch_function_mode_and_operand_dispatch_match_pytorch_2_13) ... ok
test_values_layouts_ieee_empties_and_argument_forms_match_pytorch_2_13 (test_top_level_mul_reference.TopLevelMulReferenceTests.test_values_layouts_ieee_empties_and_argument_forms_match_pytorch_2_13) ... ok
test_errors_metadata_pickling_exports_and_unsupported_surface (test_top_level_multiply.TopLevelMultiplyTests.test_errors_metadata_pickling_exports_and_unsupported_surface) ... ok
test_modes_receive_the_distinct_callable_and_can_forward (test_top_level_multiply.TopLevelMultiplyTests.test_modes_receive_the_distinct_callable_and_can_forward) ... ok
test_overrides_receive_the_distinct_callable_and_declining_errors (test_top_level_multiply.TopLevelMultiplyTests.test_overrides_receive_the_distinct_callable_and_declining_errors) ... ok
test_supported_calls_reuse_mul_values_layouts_and_autograd (test_top_level_multiply.TopLevelMultiplyTests.test_supported_calls_reuse_mul_values_layouts_and_autograd) ... ok
test_binding_type_shape_and_scalar_errors_match_pytorch_2_13 (test_top_level_multiply_reference.TopLevelMultiplyReferenceTests.test_binding_type_shape_and_scalar_errors_match_pytorch_2_13) ... ok
test_callable_metadata_documentation_and_exports_match_pytorch_2_13 (test_top_level_multiply_reference.TopLevelMultiplyReferenceTests.test_callable_metadata_documentation_and_exports_match_pytorch_2_13) ... ok
test_modes_overrides_and_forwarding_match_pytorch_2_13 (test_top_level_multiply_reference.TopLevelMultiplyReferenceTests.test_modes_overrides_and_forwarding_match_pytorch_2_13) ... ok
test_supported_values_layouts_scalars_and_autograd_match_pytorch_2_13 (test_top_level_multiply_reference.TopLevelMultiplyReferenceTests.test_supported_values_layouts_scalars_and_autograd_match_pytorch_2_13) ... ok
test_autograd_no_grad_and_repeated_backward_reuse_tensor_negation (test_top_level_neg.TopLevelNegTests.test_autograd_no_grad_and_repeated_backward_reuse_tensor_negation) ... ok
test_binding_and_type_error_precedence_matches_pytorch_2_13 (test_top_level_neg.TopLevelNegTests.test_binding_and_type_error_precedence_matches_pytorch_2_13) ... ok
test_callable_metadata_pickling_exports_and_unsupported_inplace_aliases (test_top_level_neg.TopLevelNegTests.test_callable_metadata_pickling_exports_and_unsupported_inplace_aliases) ... ok
test_concrete_out_tensor_is_rejected_without_mutation (test_top_level_neg.TopLevelNegTests.test_concrete_out_tensor_is_rejected_without_mutation) ... ok
test_extreme_empty_metadata_errors_reuse_tensor_neg_path (test_top_level_neg.TopLevelNegTests.test_extreme_empty_metadata_errors_reuse_tensor_neg_path) ... ok
test_modes_and_overrides_observe_calls_before_native_limits (test_top_level_neg.TopLevelNegTests.test_modes_and_overrides_observe_calls_before_native_limits) ... ok
test_supported_calls_reuse_tensor_neg_values_bits_and_layouts (test_top_level_neg.TopLevelNegTests.test_supported_calls_reuse_tensor_neg_values_bits_and_layouts) ... ok
test_autograd_repeated_backward_and_no_grad_match_pytorch_2_13 (test_top_level_neg_reference.TopLevelNegReferenceTests.test_autograd_repeated_backward_and_no_grad_match_pytorch_2_13) ... ok
test_binding_and_type_errors_match_pytorch_2_13 (test_top_level_neg_reference.TopLevelNegReferenceTests.test_binding_and_type_errors_match_pytorch_2_13) ... ok
test_callable_metadata_and_pickling_match_pytorch_2_13 (test_top_level_neg_reference.TopLevelNegReferenceTests.test_callable_metadata_and_pickling_match_pytorch_2_13) ... ok
test_declining_override_diagnostics_match_pytorch_2_13 (test_top_level_neg_reference.TopLevelNegReferenceTests.test_declining_override_diagnostics_match_pytorch_2_13) ... ok
test_modes_and_subclass_overrides_match_pytorch_2_13 (test_top_level_neg_reference.TopLevelNegReferenceTests.test_modes_and_subclass_overrides_match_pytorch_2_13) ... ok
test_values_float_bits_and_layouts_match_pytorch_2_13 (test_top_level_neg_reference.TopLevelNegReferenceTests.test_values_float_bits_and_layouts_match_pytorch_2_13) ... ok
test_autograd_no_grad_and_repeated_backward_reuse_tensor_negation (test_top_level_negative.TopLevelNegativeTests.test_autograd_no_grad_and_repeated_backward_reuse_tensor_negation) ... ok
test_binding_and_type_error_precedence_matches_pytorch_2_13 (test_top_level_negative.TopLevelNegativeTests.test_binding_and_type_error_precedence_matches_pytorch_2_13) ... ok
test_callable_metadata_pickling_exports_and_unsupported_inplace_aliases (test_top_level_negative.TopLevelNegativeTests.test_callable_metadata_pickling_exports_and_unsupported_inplace_aliases) ... ok
test_concrete_out_tensor_is_rejected_without_mutation (test_top_level_negative.TopLevelNegativeTests.test_concrete_out_tensor_is_rejected_without_mutation) ... ok
test_extreme_empty_metadata_errors_reuse_tensor_negative_path (test_top_level_negative.TopLevelNegativeTests.test_extreme_empty_metadata_errors_reuse_tensor_negative_path) ... ok
test_modes_and_overrides_observe_calls_before_native_limits (test_top_level_negative.TopLevelNegativeTests.test_modes_and_overrides_observe_calls_before_native_limits) ... ok
test_supported_calls_reuse_tensor_negative_values_bits_and_layouts (test_top_level_negative.TopLevelNegativeTests.test_supported_calls_reuse_tensor_negative_values_bits_and_layouts) ... ok
test_autograd_repeated_backward_and_no_grad_match_pytorch_2_13 (test_top_level_negative_reference.TopLevelNegativeReferenceTests.test_autograd_repeated_backward_and_no_grad_match_pytorch_2_13) ... ok
test_binding_and_type_errors_match_pytorch_2_13 (test_top_level_negative_reference.TopLevelNegativeReferenceTests.test_binding_and_type_errors_match_pytorch_2_13) ... ok
test_callable_metadata_and_pickling_match_pytorch_2_13 (test_top_level_negative_reference.TopLevelNegativeReferenceTests.test_callable_metadata_and_pickling_match_pytorch_2_13) ... ok
test_declining_override_diagnostics_match_pytorch_2_13 (test_top_level_negative_reference.TopLevelNegativeReferenceTests.test_declining_override_diagnostics_match_pytorch_2_13) ... ok
test_modes_and_subclass_overrides_match_pytorch_2_13 (test_top_level_negative_reference.TopLevelNegativeReferenceTests.test_modes_and_subclass_overrides_match_pytorch_2_13) ... ok
test_values_float_bits_and_layouts_match_pytorch_2_13 (test_top_level_negative_reference.TopLevelNegativeReferenceTests.test_values_float_bits_and_layouts_match_pytorch_2_13) ... ok
test_autograd_empty_backward_and_no_grad_reuse_method_semantics (test_top_level_permute.TopLevelPermuteTests.test_autograd_empty_backward_and_no_grad_reuse_method_semantics) ... ok
test_callable_metadata_documentation_and_exports_match_pytorch (test_top_level_permute.TopLevelPermuteTests.test_callable_metadata_documentation_and_exports_match_pytorch) ... ok
test_dimension_types_and_binding_error_precedence_match_pytorch (test_top_level_permute.TopLevelPermuteTests.test_dimension_types_and_binding_error_precedence_match_pytorch) ... ok
test_index_conversion_order_matches_the_legacy_binding (test_top_level_permute.TopLevelPermuteTests.test_index_conversion_order_matches_the_legacy_binding) ... ok
test_rank_duplicate_and_range_errors_match_pytorch (test_top_level_permute.TopLevelPermuteTests.test_rank_duplicate_and_range_errors_match_pytorch) ... ok
test_scalars_empties_and_extreme_metadata_preserve_aliasing (test_top_level_permute.TopLevelPermuteTests.test_scalars_empties_and_extreme_metadata_preserve_aliasing) ... ok
test_tuple_list_keyword_and_legacy_input_forms_are_native_views (test_top_level_permute.TopLevelPermuteTests.test_tuple_list_keyword_and_legacy_input_forms_are_native_views) ... ok
test_autograd_empty_backward_and_no_grad_match_pytorch_2_13 (test_top_level_permute_reference.TopLevelPermuteReferenceTests.test_autograd_empty_backward_and_no_grad_match_pytorch_2_13) ... ok
test_callable_metadata_documentation_and_exports_match_pytorch_2_13 (test_top_level_permute_reference.TopLevelPermuteReferenceTests.test_callable_metadata_documentation_and_exports_match_pytorch_2_13) ... ok
test_index_conversion_order_matches_pytorch_2_13 (test_top_level_permute_reference.TopLevelPermuteReferenceTests.test_index_conversion_order_matches_pytorch_2_13) ... ok
test_scalar_empty_rank_duplicate_range_and_binding_errors_match (test_top_level_permute_reference.TopLevelPermuteReferenceTests.test_scalar_empty_rank_duplicate_range_and_binding_errors_match) ... ok
test_seeded_forms_values_layout_and_aliasing_match_pytorch_2_13 (test_top_level_permute_reference.TopLevelPermuteReferenceTests.test_seeded_forms_values_layout_and_aliasing_match_pytorch_2_13) ... ok
test_all_call_forms_delegate_to_the_native_view_or_copy_engine (test_top_level_ravel.TopLevelRavelTests.test_all_call_forms_delegate_to_the_native_view_or_copy_engine) ... ok
test_autograd_empty_backward_and_no_grad_match_tensor_ravel (test_top_level_ravel.TopLevelRavelTests.test_autograd_empty_backward_and_no_grad_match_tensor_ravel) ... ok
test_binding_and_type_errors_match_the_legacy_schema (test_top_level_ravel.TopLevelRavelTests.test_binding_and_type_errors_match_the_legacy_schema) ... ok
test_callable_metadata_documentation_ownership_exports_and_pickling (test_top_level_ravel.TopLevelRavelTests.test_callable_metadata_documentation_ownership_exports_and_pickling) ... ok
test_overrides_and_modes_receive_the_original_top_level_call (test_top_level_ravel.TopLevelRavelTests.test_overrides_and_modes_receive_the_original_top_level_call) ... ok
test_view_and_copy_outputs_outlive_their_sources (test_top_level_ravel.TopLevelRavelTests.test_view_and_copy_outputs_outlive_their_sources) ... ok
test_autograd_empty_backward_and_no_grad_match_pytorch_2_13 (test_top_level_ravel_reference.TopLevelRavelReferenceTests.test_autograd_empty_backward_and_no_grad_match_pytorch_2_13) ... ok
test_binding_and_type_errors_match_pytorch_2_13 (test_top_level_ravel_reference.TopLevelRavelReferenceTests.test_binding_and_type_errors_match_pytorch_2_13) ... ok
test_callable_metadata_documentation_and_exports_match_pytorch_2_13 (test_top_level_ravel_reference.TopLevelRavelReferenceTests.test_callable_metadata_documentation_and_exports_match_pytorch_2_13) ... ok
test_layouts_aliasing_call_forms_and_lifetimes_match_pytorch_2_13 (test_top_level_ravel_reference.TopLevelRavelReferenceTests.test_layouts_aliasing_call_forms_and_lifetimes_match_pytorch_2_13) ... ok
test_overrides_and_modes_match_pytorch_2_13 (test_top_level_ravel_reference.TopLevelRavelReferenceTests.test_overrides_and_modes_match_pytorch_2_13) ... ok
test_autograd_records_saved_input_vjp_and_no_grad_is_allowed (test_top_level_reciprocal.TopLevelReciprocalTests.test_autograd_records_saved_input_vjp_and_no_grad_is_allowed) ... ok
test_binding_and_type_error_precedence_matches_pytorch_2_13 (test_top_level_reciprocal.TopLevelReciprocalTests.test_binding_and_type_error_precedence_matches_pytorch_2_13) ... ok
test_callable_metadata_copying_pickling_and_exports (test_top_level_reciprocal.TopLevelReciprocalTests.test_callable_metadata_copying_pickling_and_exports) ... ok
test_concrete_out_is_rejected_without_mutation (test_top_level_reciprocal.TopLevelReciprocalTests.test_concrete_out_is_rejected_without_mutation) ... ok
test_modes_and_overrides_observe_calls_before_native_limits (test_top_level_reciprocal.TopLevelReciprocalTests.test_modes_and_overrides_observe_calls_before_native_limits) ... ok
test_other_dtypes_and_devices_remain_unsupported (test_top_level_reciprocal.TopLevelReciprocalTests.test_other_dtypes_and_devices_remain_unsupported) ... ok
test_supported_calls_reuse_reflected_division_bits_and_unary_layouts (test_top_level_reciprocal.TopLevelReciprocalTests.test_supported_calls_reuse_reflected_division_bits_and_unary_layouts) ... ok
test_tensor_method_is_exposed_while_inplace_forms_remain_unsupported (test_top_level_reciprocal.TopLevelReciprocalTests.test_tensor_method_is_exposed_while_inplace_forms_remain_unsupported) ... ok
test_autograd_supported_forms_match_pytorch_2_13 (test_top_level_reciprocal_reference.TopLevelReciprocalReferenceTests.test_autograd_supported_forms_match_pytorch_2_13) ... ok
test_binding_and_type_errors_match_pytorch_2_13 (test_top_level_reciprocal_reference.TopLevelReciprocalReferenceTests.test_binding_and_type_errors_match_pytorch_2_13) ... ok
test_callable_contract_matches_pytorch_2_13 (test_top_level_reciprocal_reference.TopLevelReciprocalReferenceTests.test_callable_contract_matches_pytorch_2_13) ... ok
test_declining_override_diagnostic_matches_pytorch_2_13 (test_top_level_reciprocal_reference.TopLevelReciprocalReferenceTests.test_declining_override_diagnostic_matches_pytorch_2_13) ... ok
test_deliberately_unsupported_surface_remains_narrow (test_top_level_reciprocal_reference.TopLevelReciprocalReferenceTests.test_deliberately_unsupported_surface_remains_narrow) ... ok
test_modes_and_subclass_overrides_match_pytorch_2_13 (test_top_level_reciprocal_reference.TopLevelReciprocalReferenceTests.test_modes_and_subclass_overrides_match_pytorch_2_13) ... ok
test_requires_grad_inputs_match_inside_no_grad (test_top_level_reciprocal_reference.TopLevelReciprocalReferenceTests.test_requires_grad_inputs_match_inside_no_grad) ... ok
test_scalar_empty_offset_noncontiguous_and_ieee_bits_match_pytorch_2_13 (test_top_level_reciprocal_reference.TopLevelReciprocalReferenceTests.test_scalar_empty_offset_noncontiguous_and_ieee_bits_match_pytorch_2_13) ... ok
test_autograd_scalar_empty_offset_and_strided_reuse_tensor_sine_vjp (test_top_level_sin.TopLevelSinTests.test_autograd_scalar_empty_offset_and_strided_reuse_tensor_sine_vjp) ... ok
test_binding_and_type_error_precedence_matches_pytorch_2_13 (test_top_level_sin.TopLevelSinTests.test_binding_and_type_error_precedence_matches_pytorch_2_13) ... ok
test_callable_metadata_documentation_pickling_and_exports (test_top_level_sin.TopLevelSinTests.test_callable_metadata_documentation_pickling_and_exports) ... ok
test_concrete_out_tensor_is_rejected_without_mutation (test_top_level_sin.TopLevelSinTests.test_concrete_out_tensor_is_rejected_without_mutation) ... ok
test_extreme_empty_metadata_error_matches_tensor_sin (test_top_level_sin.TopLevelSinTests.test_extreme_empty_metadata_error_matches_tensor_sin) ... ok
test_gradient_accumulation_no_grad_and_freed_graph_reuse_method_path (test_top_level_sin.TopLevelSinTests.test_gradient_accumulation_no_grad_and_freed_graph_reuse_method_path) ... ok
test_modes_and_overrides_observe_calls_before_native_limits (test_top_level_sin.TopLevelSinTests.test_modes_and_overrides_observe_calls_before_native_limits) ... ok
test_supported_calls_reuse_tensor_sin_values_and_layouts (test_top_level_sin.TopLevelSinTests.test_supported_calls_reuse_tensor_sin_values_and_layouts) ... ok
test_accumulation_no_grad_and_freed_graph_match_pytorch_2_13 (test_top_level_sin_reference.TopLevelSinReferenceTests.test_accumulation_no_grad_and_freed_graph_match_pytorch_2_13) ... ok
test_binding_and_type_errors_match_pytorch_2_13 (test_top_level_sin_reference.TopLevelSinReferenceTests.test_binding_and_type_errors_match_pytorch_2_13) ... ok
test_callable_ownership_documentation_and_pickling_match_pytorch_2_13 (test_top_level_sin_reference.TopLevelSinReferenceTests.test_callable_ownership_documentation_and_pickling_match_pytorch_2_13) ... ok
test_declining_override_diagnostic_matches_pytorch_2_13 (test_top_level_sin_reference.TopLevelSinReferenceTests.test_declining_override_diagnostic_matches_pytorch_2_13) ... ok
test_modes_and_overrides_match_pytorch_2_13 (test_top_level_sin_reference.TopLevelSinReferenceTests.test_modes_and_overrides_match_pytorch_2_13) ... ok
test_scalar_empty_offset_and_strided_autograd_match_pytorch_2_13 (test_top_level_sin_reference.TopLevelSinReferenceTests.test_scalar_empty_offset_and_strided_autograd_match_pytorch_2_13) ... ok
test_scalar_empty_offset_strided_and_edge_results_match_pytorch_2_13 (test_top_level_sin_reference.TopLevelSinReferenceTests.test_scalar_empty_offset_strided_and_edge_results_match_pytorch_2_13) ... ok
test_exports_signature_and_call_forms (test_top_level_split.TopLevelSplitTests.test_exports_signature_and_call_forms) ... ok
test_only_tensor_operand_dispatches_and_binding_precedes_dispatch (test_top_level_split.TopLevelSplitTests.test_only_tensor_operand_dispatches_and_binding_precedes_dispatch) ... ok
test_real_cuda_input_is_rejected (test_top_level_split.TopLevelSplitTests.test_real_cuda_input_is_rejected) ... ok
test_unsupported_metadata_is_explicit (test_top_level_split.TopLevelSplitTests.test_unsupported_metadata_is_explicit) ... ok
test_accepting_forwarding_nested_and_declining_modes_match (test_top_level_split_reference.TopLevelSplitReferenceTests.test_accepting_forwarding_nested_and_declining_modes_match) ... ok
test_binding_bounds_and_overflow_errors_match (test_top_level_split_reference.TopLevelSplitReferenceTests.test_binding_bounds_and_overflow_errors_match) ... ok
test_declining_override_and_mode_fallback_match (test_top_level_split_reference.TopLevelSplitReferenceTests.test_declining_override_and_mode_fallback_match) ... ok
test_empty_backward_and_no_grad_match (test_top_level_split_reference.TopLevelSplitReferenceTests.test_empty_backward_and_no_grad_match) ... ok
test_integer_subclasses_and_invalid_argument_types_match (test_top_level_split_reference.TopLevelSplitReferenceTests.test_integer_subclasses_and_invalid_argument_types_match) ... ok
test_invalid_section_lengths_sums_scalars_and_dimensions_match (test_top_level_split_reference.TopLevelSplitReferenceTests.test_invalid_section_lengths_sums_scalars_and_dimensions_match) ... ok
test_operand_overrides_match (test_top_level_split_reference.TopLevelSplitReferenceTests.test_operand_overrides_match) ... ok
test_public_binding_and_signature_match (test_top_level_split_reference.TopLevelSplitReferenceTests.test_public_binding_and_signature_match) ... ok
test_section_integer_protocol_and_invalid_types_match (test_top_level_split_reference.TopLevelSplitReferenceTests.test_section_integer_protocol_and_invalid_types_match) ... ok
test_section_positional_and_keyword_forms_match (test_top_level_split_reference.TopLevelSplitReferenceTests.test_section_positional_and_keyword_forms_match) ... ok
test_selected_combined_repeated_nested_and_signed_zero_gradients_match (test_top_level_split_reference.TopLevelSplitReferenceTests.test_selected_combined_repeated_nested_and_signed_zero_gradients_match) ... ok
test_storage_aliasing_and_lifetime_match (test_top_level_split_reference.TopLevelSplitReferenceTests.test_storage_aliasing_and_lifetime_match) ... ok
test_values_layout_aliasing_empty_and_oversized_match (test_top_level_split_reference.TopLevelSplitReferenceTests.test_values_layout_aliasing_empty_and_oversized_match) ... ok
test_accumulation_graph_freeing_no_grad_and_detach_reuse_method_path (test_top_level_sqrt.TopLevelSqrtTests.test_accumulation_graph_freeing_no_grad_and_detach_reuse_method_path) ... ok
test_autograd_scalar_empty_offset_and_noncontiguous_reuses_tensor_vjp (test_top_level_sqrt.TopLevelSqrtTests.test_autograd_scalar_empty_offset_and_noncontiguous_reuses_tensor_vjp) ... ok
test_binding_and_type_error_precedence_matches_pytorch_2_13 (test_top_level_sqrt.TopLevelSqrtTests.test_binding_and_type_error_precedence_matches_pytorch_2_13) ... ok
test_callable_metadata_documentation_pickling_and_exports (test_top_level_sqrt.TopLevelSqrtTests.test_callable_metadata_documentation_pickling_and_exports) ... ok
test_concrete_out_tensor_is_rejected_without_mutation (test_top_level_sqrt.TopLevelSqrtTests.test_concrete_out_tensor_is_rejected_without_mutation) ... ok
test_extreme_empty_metadata_error_matches_tensor_sqrt (test_top_level_sqrt.TopLevelSqrtTests.test_extreme_empty_metadata_error_matches_tensor_sqrt) ... ok
test_modes_and_overrides_observe_calls_before_native_limits (test_top_level_sqrt.TopLevelSqrtTests.test_modes_and_overrides_observe_calls_before_native_limits) ... ok
test_special_value_gradients_reuse_tensor_sqrt_vjp_bitwise (test_top_level_sqrt.TopLevelSqrtTests.test_special_value_gradients_reuse_tensor_sqrt_vjp_bitwise) ... ok
test_supported_calls_reuse_tensor_sqrt_values_and_layouts (test_top_level_sqrt.TopLevelSqrtTests.test_supported_calls_reuse_tensor_sqrt_values_and_layouts) ... ok
test_autograd_accumulation_and_graph_freeing_match_pytorch_2_13 (test_top_level_sqrt_reference.TopLevelSqrtReferenceTests.test_autograd_accumulation_and_graph_freeing_match_pytorch_2_13) ... ok
test_autograd_scalar_empty_offset_and_noncontiguous_match_pytorch_2_13 (test_top_level_sqrt_reference.TopLevelSqrtReferenceTests.test_autograd_scalar_empty_offset_and_noncontiguous_match_pytorch_2_13) ... ok
test_autograd_special_values_match_pytorch_2_13_bitwise (test_top_level_sqrt_reference.TopLevelSqrtReferenceTests.test_autograd_special_values_match_pytorch_2_13_bitwise) ... ok
test_binding_and_type_errors_match_pytorch_2_13 (test_top_level_sqrt_reference.TopLevelSqrtReferenceTests.test_binding_and_type_errors_match_pytorch_2_13) ... ok
test_callable_ownership_documentation_and_pickling_match_pytorch_2_13 (test_top_level_sqrt_reference.TopLevelSqrtReferenceTests.test_callable_ownership_documentation_and_pickling_match_pytorch_2_13) ... ok
test_declining_override_diagnostic_matches_pytorch_2_13 (test_top_level_sqrt_reference.TopLevelSqrtReferenceTests.test_declining_override_diagnostic_matches_pytorch_2_13) ... ok
test_modes_and_overrides_match_pytorch_2_13 (test_top_level_sqrt_reference.TopLevelSqrtReferenceTests.test_modes_and_overrides_match_pytorch_2_13) ... ok
test_requires_grad_inputs_match_inside_no_grad (test_top_level_sqrt_reference.TopLevelSqrtReferenceTests.test_requires_grad_inputs_match_inside_no_grad) ... ok
test_scalar_empty_offset_strided_and_edge_results_match_pytorch_2_13 (test_top_level_sqrt_reference.TopLevelSqrtReferenceTests.test_scalar_empty_offset_strided_and_edge_results_match_pytorch_2_13) ... ok
test_autograd_accumulates_repeated_inputs_and_no_grad_disables_recording (test_top_level_stack.TopLevelStackTests.test_autograd_accumulates_repeated_inputs_and_no_grad_disables_recording) ... ok
test_list_tuple_scalar_empty_views_and_axis_alias (test_top_level_stack.TopLevelStackTests.test_list_tuple_scalar_empty_views_and_axis_alias) ... ok
test_public_callable_surface (test_top_level_stack.TopLevelStackTests.test_public_callable_surface) ... ok
test_representative_validation_errors (test_top_level_stack.TopLevelStackTests.test_representative_validation_errors) ... ok
test_torch_function_argument_overrides_dispatch_in_pytorch_order (test_top_level_stack.TopLevelStackTests.test_torch_function_argument_overrides_dispatch_in_pytorch_order) ... ok
test_torch_function_modes_intercept_forward_and_decline (test_top_level_stack.TopLevelStackTests.test_torch_function_modes_intercept_forward_and_decline) ... ok
test_different_existing_files_are_not_aliases (test_top_level_stack_benchmark_artifact.StackRuntimePathTests.test_different_existing_files_are_not_aliases) ... ok
test_external_alias_back_into_environment_is_rejected (test_top_level_stack_benchmark_artifact.StackRuntimePathTests.test_external_alias_back_into_environment_is_rejected) ... ok
test_interpreter_symlink_keeps_lexical_identity (test_top_level_stack_benchmark_artifact.StackRuntimePathTests.test_interpreter_symlink_keeps_lexical_identity) ... ok
test_missing_broken_looping_and_directory_paths_are_rejected (test_top_level_stack_benchmark_artifact.StackRuntimePathTests.test_missing_broken_looping_and_directory_paths_are_rejected) ... ok
test_outside_origins_and_symlink_escapes_are_rejected (test_top_level_stack_benchmark_artifact.StackRuntimePathTests.test_outside_origins_and_symlink_escapes_are_rejected) ... ok
test_package_aliases_compare_by_resolved_identity (test_top_level_stack_benchmark_artifact.StackRuntimePathTests.test_package_aliases_compare_by_resolved_identity) ... ok
test_parent_traversal_and_relative_paths_are_rejected (test_top_level_stack_benchmark_artifact.StackRuntimePathTests.test_parent_traversal_and_relative_paths_are_rejected) ... ok
test_runtime_origin_prefix_loader_and_native_identity_checks (test_top_level_stack_benchmark_artifact.StackRuntimePathTests.test_runtime_origin_prefix_loader_and_native_identity_checks) ... ok
test_symlinked_environment_is_rejected (test_top_level_stack_benchmark_artifact.StackRuntimePathTests.test_symlinked_environment_is_rejected) ... ok
test_boundary_rows_cover_stack_policy_cases (test_top_level_stack_benchmark_artifact.TopLevelStackBenchmarkArtifactTests.test_boundary_rows_cover_stack_policy_cases) ... ok
test_checked_in_raw_artifact_matches_markdown_summary (test_top_level_stack_benchmark_artifact.TopLevelStackBenchmarkArtifactTests.test_checked_in_raw_artifact_matches_markdown_summary) ... ok
test_generated_validator_cases_are_held_out_and_deterministic (test_top_level_stack_benchmark_artifact.TopLevelStackBenchmarkArtifactTests.test_generated_validator_cases_are_held_out_and_deterministic) ... ok
test_generated_validator_smoke_artifact_validates (test_top_level_stack_benchmark_artifact.TopLevelStackBenchmarkArtifactTests.test_generated_validator_smoke_artifact_validates) ... ok
test_workload_matrix_covers_stack_policy_categories (test_top_level_stack_benchmark_artifact.TopLevelStackBenchmarkArtifactTests.test_workload_matrix_covers_stack_policy_categories) ... ok
test_autograd_repeated_inputs_and_no_grad_match_pytorch_2_13 (test_top_level_stack_reference.TopLevelStackReferenceTests.test_autograd_repeated_inputs_and_no_grad_match_pytorch_2_13) ... ok
test_generated_same_shape_matrix_matches_pytorch_2_13 (test_top_level_stack_reference.TopLevelStackReferenceTests.test_generated_same_shape_matrix_matches_pytorch_2_13) ... ok
test_public_callable_surface_matches_pytorch_2_13 (test_top_level_stack_reference.TopLevelStackReferenceTests.test_public_callable_surface_matches_pytorch_2_13) ... ok
test_representative_errors_match_pytorch_2_13 (test_top_level_stack_reference.TopLevelStackReferenceTests.test_representative_errors_match_pytorch_2_13) ... ok
test_values_metadata_and_fresh_storage_match_pytorch_2_13 (test_top_level_stack_reference.TopLevelStackReferenceTests.test_values_metadata_and_fresh_storage_match_pytorch_2_13) ... ok
test_autograd_no_grad_and_shared_operands_reuse_subtraction_path (test_top_level_sub.TopLevelSubTests.test_autograd_no_grad_and_shared_operands_reuse_subtraction_path) ... ok
test_errors_metadata_import_reload_and_unsupported_surface (test_top_level_sub.TopLevelSubTests.test_errors_metadata_import_reload_and_unsupported_surface) ... ok
test_modes_and_overrides_observe_calls_before_native_limits (test_top_level_sub.TopLevelSubTests.test_modes_and_overrides_observe_calls_before_native_limits) ... ok
test_sub_values_broadcast_scalars_empties_and_special_bits (test_top_level_sub.TopLevelSubTests.test_sub_values_broadcast_scalars_empties_and_special_bits) ... ok
test_subtract_is_distinct_alias_with_same_native_semantics (test_top_level_sub.TopLevelSubTests.test_subtract_is_distinct_alias_with_same_native_semantics) ... ok
test_autograd_shared_operands_empties_and_no_grad_match_pytorch_2_13 (test_top_level_sub_reference.TopLevelSubReferenceTests.test_autograd_shared_operands_empties_and_no_grad_match_pytorch_2_13) ... ok
test_binding_type_bool_and_scalar_errors_match_pytorch_2_13 (test_top_level_sub_reference.TopLevelSubReferenceTests.test_binding_type_bool_and_scalar_errors_match_pytorch_2_13) ... ok
test_callable_metadata_documentation_and_exports_match_pytorch_2_13 (test_top_level_sub_reference.TopLevelSubReferenceTests.test_callable_metadata_documentation_and_exports_match_pytorch_2_13) ... ok
test_same_shape_matching_dense_active_autograd_matches_pytorch_2_13 (test_top_level_sub_reference.TopLevelSubReferenceTests.test_same_shape_matching_dense_active_autograd_matches_pytorch_2_13) ... ok
test_same_shape_matching_dense_views_match_pytorch_2_13 (test_top_level_sub_reference.TopLevelSubReferenceTests.test_same_shape_matching_dense_views_match_pytorch_2_13) ... ok
test_torch_function_mode_and_operand_dispatch_match_pytorch_2_13 (test_top_level_sub_reference.TopLevelSubReferenceTests.test_torch_function_mode_and_operand_dispatch_match_pytorch_2_13) ... ok
test_values_layouts_ieee_empties_and_argument_forms_match_pytorch_2_13 (test_top_level_sub_reference.TopLevelSubReferenceTests.test_values_layouts_ieee_empties_and_argument_forms_match_pytorch_2_13) ... ok
test_checked_in_raw_artifact_matches_markdown_summary (test_top_level_subtract_benchmark_artifact.TopLevelSubtractBenchmarkArtifactTests.test_checked_in_raw_artifact_matches_markdown_summary) ... ok
test_binding_errors_match_the_pytorch_overload (test_top_level_sum.TopLevelSumTests.test_binding_errors_match_the_pytorch_overload) ... ok
test_callable_metadata_documentation_pickling_and_exports (test_top_level_sum.TopLevelSumTests.test_callable_metadata_documentation_pickling_and_exports) ... ok
test_keepdim_full_reduction_preserves_no_grad_and_final_scalar_backward (test_top_level_sum.TopLevelSumTests.test_keepdim_full_reduction_preserves_no_grad_and_final_scalar_backward) ... ok
test_keepdim_full_reduction_preserves_rank_values_and_metadata (test_top_level_sum.TopLevelSumTests.test_keepdim_full_reduction_preserves_rank_values_and_metadata) ... ok
test_modes_and_overrides_observe_calls_before_native_limits (test_top_level_sum.TopLevelSumTests.test_modes_and_overrides_observe_calls_before_native_limits) ... ok
test_multi_dim_out_rank_dtype_device_and_subclass_boundaries_remain_unsupported (test_top_level_sum.TopLevelSumTests.test_multi_dim_out_rank_dtype_device_and_subclass_boundaries_remain_unsupported) ... ok
test_rank_one_dim_error_ordering (test_top_level_sum.TopLevelSumTests.test_rank_one_dim_error_ordering) ... ok
test_rank_one_dim_reductions_delegate_to_full_sum_values_and_metadata (test_top_level_sum.TopLevelSumTests.test_rank_one_dim_reductions_delegate_to_full_sum_values_and_metadata) ... ok
test_rank_one_dim_reductions_reuse_full_sum_vjp (test_top_level_sum.TopLevelSumTests.test_rank_one_dim_reductions_reuse_full_sum_vjp) ... ok
test_rank_one_transpose_selected_offset_sum_edges (test_top_level_sum.TopLevelSumTests.test_rank_one_transpose_selected_offset_sum_edges) ... ok
test_rank_one_transpose_selected_offset_sum_empty_no_grad_and_repeated_backward (test_top_level_sum.TopLevelSumTests.test_rank_one_transpose_selected_offset_sum_empty_no_grad_and_repeated_backward) ... ok
test_rank_two_single_dim_reductions_delegate_values_metadata_and_storage (test_top_level_sum.TopLevelSumTests.test_rank_two_single_dim_reductions_delegate_values_metadata_and_storage) ... ok
test_rank_two_single_dim_reductions_preserve_autograd_and_no_grad (test_top_level_sum.TopLevelSumTests.test_rank_two_single_dim_reductions_preserve_autograd_and_no_grad) ... ok
test_supported_forms_delegate_to_tensor_sum_values_metadata_and_storage (test_top_level_sum.TopLevelSumTests.test_supported_forms_delegate_to_tensor_sum_values_metadata_and_storage) ... ok
test_supported_forms_preserve_autograd_accumulation_and_no_grad (test_top_level_sum.TopLevelSumTests.test_supported_forms_preserve_autograd_accumulation_and_no_grad) ... ok
test_autograd_accumulation_empty_and_no_grad_match_pytorch_2_13 (test_top_level_sum_reference.TopLevelSumReferenceTests.test_autograd_accumulation_empty_and_no_grad_match_pytorch_2_13) ... ok
test_binding_errors_match_pytorch_2_13 (test_top_level_sum_reference.TopLevelSumReferenceTests.test_binding_errors_match_pytorch_2_13) ... ok
test_callable_contract_matches_pytorch_2_13 (test_top_level_sum_reference.TopLevelSumReferenceTests.test_callable_contract_matches_pytorch_2_13) ... ok
test_keepdim_autograd_and_no_grad_match_pytorch_2_13 (test_top_level_sum_reference.TopLevelSumReferenceTests.test_keepdim_autograd_and_no_grad_match_pytorch_2_13) ... ok
test_modes_and_subclass_dispatch_match_pytorch_2_13 (test_top_level_sum_reference.TopLevelSumReferenceTests.test_modes_and_subclass_dispatch_match_pytorch_2_13) ... ok
test_multi_dim_out_rank_device_subclass_and_cross_dtype_boundaries_remain_unsupported (test_top_level_sum_reference.TopLevelSumReferenceTests.test_multi_dim_out_rank_device_subclass_and_cross_dtype_boundaries_remain_unsupported) ... ok
test_rank_one_dim_backward_through_sum_matches_pytorch_2_13 (test_top_level_sum_reference.TopLevelSumReferenceTests.test_rank_one_dim_backward_through_sum_matches_pytorch_2_13) ... ok
test_rank_one_dim_error_ordering_matches_pytorch_2_13 (test_top_level_sum_reference.TopLevelSumReferenceTests.test_rank_one_dim_error_ordering_matches_pytorch_2_13) ... ok
test_rank_one_dim_reductions_match_pytorch_2_13 (test_top_level_sum_reference.TopLevelSumReferenceTests.test_rank_one_dim_reductions_match_pytorch_2_13) ... ok
test_rank_one_transpose_selected_offset_sum_autograd_match_pytorch_2_13 (test_top_level_sum_reference.TopLevelSumReferenceTests.test_rank_one_transpose_selected_offset_sum_autograd_match_pytorch_2_13) ... ok
test_rank_one_transpose_selected_offset_sum_edges_match_pytorch_2_13 (test_top_level_sum_reference.TopLevelSumReferenceTests.test_rank_one_transpose_selected_offset_sum_edges_match_pytorch_2_13) ... ok
test_rank_two_single_dim_backward_through_scalar_loss_matches_pytorch_2_13 (test_top_level_sum_reference.TopLevelSumReferenceTests.test_rank_two_single_dim_backward_through_scalar_loss_matches_pytorch_2_13) ... ok
test_rank_two_single_dim_reductions_match_pytorch_2_13 (test_top_level_sum_reference.TopLevelSumReferenceTests.test_rank_two_single_dim_reductions_match_pytorch_2_13) ... ok
test_supported_values_metadata_and_storage_match_pytorch_2_13 (test_top_level_sum_reference.TopLevelSumReferenceTests.test_supported_values_metadata_and_storage_match_pytorch_2_13) ... ok
test_autograd_accumulates_repeated_inputs_and_no_grad_disables_recording (test_top_level_vstack.TopLevelVstackTests.test_autograd_accumulates_repeated_inputs_and_no_grad_disables_recording) ... ok
test_public_callable_surface (test_top_level_vstack.TopLevelVstackTests.test_public_callable_surface) ... ok
test_representative_validation_errors (test_top_level_vstack.TopLevelVstackTests.test_representative_validation_errors) ... ok
test_torch_function_argument_overrides_dispatch_in_pytorch_order (test_top_level_vstack.TopLevelVstackTests.test_torch_function_argument_overrides_dispatch_in_pytorch_order) ... ok
test_torch_function_modes_intercept_forward_and_decline (test_top_level_vstack.TopLevelVstackTests.test_torch_function_modes_intercept_forward_and_decline) ... ok
test_values_shape_stride_and_fresh_storage_for_supported_inputs (test_top_level_vstack.TopLevelVstackTests.test_values_shape_stride_and_fresh_storage_for_supported_inputs) ... ok
test_autograd_and_no_grad_match_pytorch_2_13 (test_top_level_vstack_reference.TopLevelVstackReferenceTests.test_autograd_and_no_grad_match_pytorch_2_13) ... ok
test_dispatch_surface_matches_pytorch_2_13 (test_top_level_vstack_reference.TopLevelVstackReferenceTests.test_dispatch_surface_matches_pytorch_2_13) ... ok
test_public_callable_surface_matches_pytorch_2_13 (test_top_level_vstack_reference.TopLevelVstackReferenceTests.test_public_callable_surface_matches_pytorch_2_13) ... ok
test_representative_errors_match_pytorch_2_13 (test_top_level_vstack_reference.TopLevelVstackReferenceTests.test_representative_errors_match_pytorch_2_13) ... ok
test_values_metadata_and_fresh_storage_match_pytorch_2_13 (test_top_level_vstack_reference.TopLevelVstackReferenceTests.test_values_metadata_and_fresh_storage_match_pytorch_2_13) ... ok
test_burner_evaluation_config_is_command_backed (test_torch_compile_coverage_evaluator.TorchCompileCoverageEvaluatorTests.test_burner_evaluation_config_is_command_backed) ... ok
test_candidate_backward_gradient_mismatch_zeroes_case (test_torch_compile_coverage_evaluator.TorchCompileCoverageEvaluatorTests.test_candidate_backward_gradient_mismatch_zeroes_case) ... ok
test_candidate_dynamic_variant_mismatch_zeroes_case (test_torch_compile_coverage_evaluator.TorchCompileCoverageEvaluatorTests.test_candidate_dynamic_variant_mismatch_zeroes_case) ... ok
test_candidate_output_mismatch_zeroes_case (test_torch_compile_coverage_evaluator.TorchCompileCoverageEvaluatorTests.test_candidate_output_mismatch_zeroes_case) ... ok
test_candidate_skipped_case_gets_zero_credit (test_torch_compile_coverage_evaluator.TorchCompileCoverageEvaluatorTests.test_candidate_skipped_case_gets_zero_credit) ... ok
test_candidate_worker_blocks_pytorch_imports_during_metadata_validation (test_torch_compile_coverage_evaluator.TorchCompileCoverageEvaluatorTests.test_candidate_worker_blocks_pytorch_imports_during_metadata_validation) ... ok
test_candidate_worker_rejects_cached_pytorch_during_metadata_validation (test_torch_compile_coverage_evaluator.TorchCompileCoverageEvaluatorTests.test_candidate_worker_rejects_cached_pytorch_during_metadata_validation) ... ok
test_cli_fails_closed_when_reference_environment_is_missing (test_torch_compile_coverage_evaluator.TorchCompileCoverageEvaluatorTests.test_cli_fails_closed_when_reference_environment_is_missing) ... ok
test_compile_execution_uses_pinned_fields_not_case_helper (test_torch_compile_coverage_evaluator.TorchCompileCoverageEvaluatorTests.test_compile_execution_uses_pinned_fields_not_case_helper) ... ok
test_current_v13_corpus_matches_pinned_manifest (test_torch_compile_coverage_evaluator.TorchCompileCoverageEvaluatorTests.test_current_v13_corpus_matches_pinned_manifest) ... ok
test_dynamic_true_cache_signature_ignores_sizes_not_strides (test_torch_compile_coverage_evaluator.TorchCompileCoverageEvaluatorTests.test_dynamic_true_cache_signature_ignores_sizes_not_strides) ... ok
test_graph_break_category_requires_fullgraph_false (test_torch_compile_coverage_evaluator.TorchCompileCoverageEvaluatorTests.test_graph_break_category_requires_fullgraph_false) ... ok
test_guard_case_resolution_uses_pinned_constants_not_helper (test_torch_compile_coverage_evaluator.TorchCompileCoverageEvaluatorTests.test_guard_case_resolution_uses_pinned_constants_not_helper) ... ok
test_guard_scenario_requires_eager_backend_and_native_executor (test_torch_compile_coverage_evaluator.TorchCompileCoverageEvaluatorTests.test_guard_scenario_requires_eager_backend_and_native_executor) ... ok
test_malformed_corpus_metadata_rejected (test_torch_compile_coverage_evaluator.TorchCompileCoverageEvaluatorTests.test_malformed_corpus_metadata_rejected) ... ok
test_native_extension_verifier_honors_virtualenv_override (test_torch_compile_coverage_evaluator.TorchCompileCoverageEvaluatorTests.test_native_extension_verifier_honors_virtualenv_override) ... ok
test_native_extension_verifier_uses_immutable_virtualenv_boundary (test_torch_compile_coverage_evaluator.TorchCompileCoverageEvaluatorTests.test_native_extension_verifier_uses_immutable_virtualenv_boundary) ... ok
test_pinned_manifest_rejects_case_input_factory_replacement (test_torch_compile_coverage_evaluator.TorchCompileCoverageEvaluatorTests.test_pinned_manifest_rejects_case_input_factory_replacement) ... ok
test_pinned_manifest_rejects_case_program_replacement (test_torch_compile_coverage_evaluator.TorchCompileCoverageEvaluatorTests.test_pinned_manifest_rejects_case_program_replacement) ... ok
test_pinned_manifest_rejects_category_weight_shift (test_torch_compile_coverage_evaluator.TorchCompileCoverageEvaluatorTests.test_pinned_manifest_rejects_category_weight_shift) ... ok
test_pinned_manifest_rejects_custom_helper_replacement (test_torch_compile_coverage_evaluator.TorchCompileCoverageEvaluatorTests.test_pinned_manifest_rejects_custom_helper_replacement) ... ok
test_pinned_manifest_rejects_guard_step_replacement (test_torch_compile_coverage_evaluator.TorchCompileCoverageEvaluatorTests.test_pinned_manifest_rejects_guard_step_replacement) ... ok
test_subset_selection_uses_pinned_constants_not_corpus_helpers (test_torch_compile_coverage_evaluator.TorchCompileCoverageEvaluatorTests.test_subset_selection_uses_pinned_constants_not_corpus_helpers) ... ok
test_unix_lock_helper_forwards_signal_and_releases_lock (test_torch_compile_coverage_evaluator.TorchCompileCoverageEvaluatorTests.test_unix_lock_helper_forwards_signal_and_releases_lock) ... ok
test_weighted_score_counts_missing_categories_as_zero (test_torch_compile_coverage_evaluator.TorchCompileCoverageEvaluatorTests.test_weighted_score_counts_missing_categories_as_zero) ... ok
test_wrapper_can_be_launched_from_scripts_directory (test_torch_compile_coverage_evaluator.TorchCompileCoverageEvaluatorTests.test_wrapper_can_be_launched_from_scripts_directory) ... ok
test_wrapper_ignores_abandoned_legacy_setup_lock_directory (test_torch_compile_coverage_evaluator.TorchCompileCoverageEvaluatorTests.test_wrapper_ignores_abandoned_legacy_setup_lock_directory) ... ok
test_wrapper_invokes_the_command_backed_evaluator (test_torch_compile_coverage_evaluator.TorchCompileCoverageEvaluatorTests.test_wrapper_invokes_the_command_backed_evaluator) ... ok
test_wrapper_releases_lock_and_cleans_wheels_after_setup_failure (test_torch_compile_coverage_evaluator.TorchCompileCoverageEvaluatorTests.test_wrapper_releases_lock_and_cleans_wheels_after_setup_failure) ... ok
test_wrapper_serializes_concurrent_setup_and_installation (test_torch_compile_coverage_evaluator.TorchCompileCoverageEvaluatorTests.test_wrapper_serializes_concurrent_setup_and_installation) ... ok
test_wrapper_uses_target_venv_when_workspace_venv_already_exists (test_torch_compile_coverage_evaluator.TorchCompileCoverageEvaluatorTests.test_wrapper_uses_target_venv_when_workspace_venv_already_exists) ... ok
test_dimensions_accept_pytorch_integer_types_and_check_overflow (test_transpose.TransposeTests.test_dimensions_accept_pytorch_integer_types_and_check_overflow) ... ok
test_empty_and_extreme_shapes_preserve_swapped_strides (test_transpose.TransposeTests.test_empty_and_extreme_shapes_preserve_swapped_strides) ... ok
test_is_contiguous_accepts_keyword_only_memory_format (test_transpose.TransposeTests.test_is_contiguous_accepts_keyword_only_memory_format) ... ok
test_method_and_top_level_transpose_swap_only_metadata (test_transpose.TransposeTests.test_method_and_top_level_transpose_swap_only_metadata) ... ok
test_pointwise_outputs_canonicalize_singleton_channels_last_strides (test_transpose.TransposeTests.test_pointwise_outputs_canonicalize_singleton_channels_last_strides) ... ok
test_python_binding_reports_missing_duplicate_and_extra_arguments (test_transpose.TransposeTests.test_python_binding_reports_missing_duplicate_and_extra_arguments) ... ok
test_rank_two_matmul_uses_both_input_stride_tables (test_transpose.TransposeTests.test_rank_two_matmul_uses_both_input_stride_tables) ... ok
test_reflected_division_uses_unary_layout_and_checks_stride_overflow (test_transpose.TransposeTests.test_reflected_division_uses_unary_layout_and_checks_stride_overflow) ... ok
test_scalar_dimensions_and_dimension_errors_match_pytorch (test_transpose.TransposeTests.test_scalar_dimensions_and_dimension_errors_match_pytorch) ... ok
test_stride_aware_consumers_and_materialized_outputs (test_transpose.TransposeTests.test_stride_aware_consumers_and_materialized_outputs) ... ok
test_transpose_type_errors_preserve_argument_call_context (test_transpose.TransposeTests.test_transpose_type_errors_preserve_argument_call_context) ... ok
test_extreme_empty_rank_two_transposes_do_not_iterate_zero_elements (test_transpose_backward.RankTwoTransposeBackwardTests.test_extreme_empty_rank_two_transposes_do_not_iterate_zero_elements) ... ok
test_rank_three_permutation_keeps_the_generic_backward_behavior (test_transpose_backward.RankTwoTransposeBackwardTests.test_rank_three_permutation_keeps_the_generic_backward_behavior) ... ok
test_rank_two_fast_path_preserves_bits_accumulation_and_graph_freeing (test_transpose_backward.RankTwoTransposeBackwardTests.test_rank_two_fast_path_preserves_bits_accumulation_and_graph_freeing) ... ok
test_python_layout_queries_and_transpose_diagnostics_match_pytorch_2_13 (test_transpose_reference.TransposeReferenceTests.test_python_layout_queries_and_transpose_diagnostics_match_pytorch_2_13) ... ok
test_rank_two_matmul_shape_errors_match_pytorch_2_13 (test_transpose_reference.TransposeReferenceTests.test_rank_two_matmul_shape_errors_match_pytorch_2_13) ... ok
test_seeded_rank_two_transposed_matmul_matches_pytorch_2_13 (test_transpose_reference.TransposeReferenceTests.test_seeded_rank_two_transposed_matmul_matches_pytorch_2_13) ... ok
test_seeded_transposes_views_and_consumers_match_pytorch_2_13 (test_transpose_reference.TransposeReferenceTests.test_seeded_transposes_views_and_consumers_match_pytorch_2_13) ... ok
test_singleton_pointwise_and_reflected_division_layouts_match_pytorch_2_13 (test_transpose_reference.TransposeReferenceTests.test_singleton_pointwise_and_reflected_division_layouts_match_pytorch_2_13) ... ok
test_active_autograd_records_reusable_trunc_backward_zero_vjp (test_trunc.TensorTruncTests.test_active_autograd_records_reusable_trunc_backward_zero_vjp) ... ok
test_detached_and_no_grad_inputs_use_the_inference_path (test_trunc.TensorTruncTests.test_detached_and_no_grad_inputs_use_the_inference_path) ... ok
test_inplace_forms_remain_unsupported (test_trunc.TensorTruncTests.test_inplace_forms_remain_unsupported) ... ok
test_tensorbase_descriptor_metadata_and_no_argument_errors (test_trunc.TensorTruncTests.test_tensorbase_descriptor_metadata_and_no_argument_errors) ... ok
test_top_level_autograd_and_no_grad_reuse_method_path (test_trunc.TensorTruncTests.test_top_level_autograd_and_no_grad_reuse_method_path) ... ok
test_top_level_binding_and_type_error_precedence (test_trunc.TensorTruncTests.test_top_level_binding_and_type_error_precedence) ... ok
test_top_level_builtin_metadata_exports_copying_and_pickling (test_trunc.TensorTruncTests.test_top_level_builtin_metadata_exports_copying_and_pickling) ... ok
test_top_level_calls_reuse_tensor_trunc_bits_layouts_and_storage (test_trunc.TensorTruncTests.test_top_level_calls_reuse_tensor_trunc_bits_layouts_and_storage) ... ok
test_top_level_concrete_out_is_rejected_without_mutation (test_trunc.TensorTruncTests.test_top_level_concrete_out_is_rejected_without_mutation) ... ok
test_top_level_modes_and_overrides_observe_original_call (test_trunc.TensorTruncTests.test_top_level_modes_and_overrides_observe_original_call) ... ok
test_torch_function_modes_dispatch_before_native_execution (test_trunc.TensorTruncTests.test_torch_function_modes_dispatch_before_native_execution) ... ok
test_values_layouts_offsets_empty_tensors_and_fresh_storage (test_trunc.TensorTruncTests.test_values_layouts_offsets_empty_tensors_and_fresh_storage) ... ok
test_zero_vjp_ignores_upstream_values_composes_and_accumulates (test_trunc.TensorTruncTests.test_zero_vjp_ignores_upstream_values_composes_and_accumulates) ... ok
test_autograd_scalar_empty_offset_and_strided_match_pytorch_2_13 (test_trunc_reference.TensorTruncReferenceTests.test_autograd_scalar_empty_offset_and_strided_match_pytorch_2_13) ... ok
test_callable_contract_matches_pytorch_2_13 (test_trunc_reference.TensorTruncReferenceTests.test_callable_contract_matches_pytorch_2_13) ... ok
test_concrete_out_and_inplace_boundaries_remain_explicit (test_trunc_reference.TensorTruncReferenceTests.test_concrete_out_and_inplace_boundaries_remain_explicit) ... ok
test_requires_grad_inputs_match_inside_no_grad_and_detached (test_trunc_reference.TensorTruncReferenceTests.test_requires_grad_inputs_match_inside_no_grad_and_detached) ... ok
test_seeded_float32_values_match_pytorch_2_13_exactly (test_trunc_reference.TensorTruncReferenceTests.test_seeded_float32_values_match_pytorch_2_13_exactly) ... ok
test_top_level_binding_errors_match_pytorch_2_13 (test_trunc_reference.TensorTruncReferenceTests.test_top_level_binding_errors_match_pytorch_2_13) ... ok
test_top_level_callable_contract_matches_pytorch_2_13 (test_trunc_reference.TensorTruncReferenceTests.test_top_level_callable_contract_matches_pytorch_2_13) ... ok
test_top_level_declining_override_diagnostics_match_pytorch_2_13 (test_trunc_reference.TensorTruncReferenceTests.test_top_level_declining_override_diagnostics_match_pytorch_2_13) ... ok
test_top_level_modes_and_subclass_dispatch_match_pytorch_2_13 (test_trunc_reference.TensorTruncReferenceTests.test_top_level_modes_and_subclass_dispatch_match_pytorch_2_13) ... ok
test_top_level_values_layouts_bits_and_storage_match_pytorch_2_13 (test_trunc_reference.TensorTruncReferenceTests.test_top_level_values_layouts_bits_and_storage_match_pytorch_2_13) ... ok
test_torch_function_mode_dispatch_matches_pytorch_2_13 (test_trunc_reference.TensorTruncReferenceTests.test_torch_function_mode_dispatch_matches_pytorch_2_13) ... ok
test_values_layouts_offsets_empty_tensors_and_storage_match_pytorch (test_trunc_reference.TensorTruncReferenceTests.test_values_layouts_offsets_empty_tensors_and_storage_match_pytorch) ... ok
test_zero_vjp_special_upstreams_accumulation_and_composition_match (test_trunc_reference.TensorTruncReferenceTests.test_zero_vjp_special_upstreams_accumulation_and_composition_match) ... ok
test_autograd_tensor_keeps_the_same_graph (test_type_as.TensorTypeAsTests.test_autograd_tensor_keeps_the_same_graph) ... ok
test_binding_and_tensor_type_error_precedence (test_type_as.TensorTypeAsTests.test_binding_and_tensor_type_error_precedence) ... ok
test_descriptor_documentation_and_unbound_call (test_type_as.TensorTypeAsTests.test_descriptor_documentation_and_unbound_call) ... ok
test_scalar_empty_and_strided_tensors_return_the_exact_receiver (test_type_as.TensorTypeAsTests.test_scalar_empty_and_strided_tensors_return_the_exact_receiver) ... ok
test_autograd_graph_identity_matches_pytorch_2_13 (test_type_as_reference.TensorTypeAsReferenceTests.test_autograd_graph_identity_matches_pytorch_2_13) ... ok
test_binding_and_type_error_precedence_match_pytorch_2_13 (test_type_as_reference.TensorTypeAsReferenceTests.test_binding_and_type_error_precedence_match_pytorch_2_13) ... ok
test_descriptor_documentation_matches_pytorch_2_13 (test_type_as_reference.TensorTypeAsReferenceTests.test_descriptor_documentation_matches_pytorch_2_13) ... ok
test_identity_layout_and_storage_semantics_match_pytorch_2_13 (test_type_as_reference.TensorTypeAsReferenceTests.test_identity_layout_and_storage_semantics_match_pytorch_2_13) ... ok
test_arbitrary_dimension_autograd_no_grad_and_empty_shapes (test_unbind.TensorUnbindTests.test_arbitrary_dimension_autograd_no_grad_and_empty_shapes) ... ok
test_arbitrary_dimension_calls_return_select_style_views (test_unbind.TensorUnbindTests.test_arbitrary_dimension_calls_return_select_style_views) ... ok
test_autograd_output_numbers_no_grad_and_empty_shapes (test_unbind.TensorUnbindTests.test_autograd_output_numbers_no_grad_and_empty_shapes) ... ok
test_default_positional_and_keyword_calls_return_first_axis_views (test_unbind.TensorUnbindTests.test_default_positional_and_keyword_calls_return_first_axis_views) ... ok
test_supported_call_errors_and_surface_limits (test_unbind.TensorUnbindTests.test_supported_call_errors_and_surface_limits) ... ok
test_tensorbase_descriptor_metadata_and_unbound_calls (test_unbind.TensorUnbindTests.test_tensorbase_descriptor_metadata_and_unbound_calls) ... ok
test_top_level_arbitrary_dimension_autograd_no_grad_and_empty_shapes (test_unbind.TensorUnbindTests.test_top_level_arbitrary_dimension_autograd_no_grad_and_empty_shapes) ... ok
test_top_level_arbitrary_dimension_forms_reuse_select_views (test_unbind.TensorUnbindTests.test_top_level_arbitrary_dimension_forms_reuse_select_views) ... ok
test_top_level_autograd_output_numbers_no_grad_and_empty_shapes (test_unbind.TensorUnbindTests.test_top_level_autograd_output_numbers_no_grad_and_empty_shapes) ... ok
test_top_level_binding_errors_and_surface_limits (test_unbind.TensorUnbindTests.test_top_level_binding_errors_and_surface_limits) ... ok
test_top_level_callable_metadata_documentation_and_exports (test_unbind.TensorUnbindTests.test_top_level_callable_metadata_documentation_and_exports) ... ok
test_top_level_forms_reuse_first_axis_view_engine (test_unbind.TensorUnbindTests.test_top_level_forms_reuse_first_axis_view_engine) ... ok
test_top_level_tensor_like_overrides_use_public_function (test_unbind.TensorUnbindTests.test_top_level_tensor_like_overrides_use_public_function) ... ok
test_top_level_torch_function_modes_receive_original_calls_and_forward (test_unbind.TensorUnbindTests.test_top_level_torch_function_modes_receive_original_calls_and_forward) ... ok
test_torch_function_modes_receive_original_calls_and_forward (test_unbind.TensorUnbindTests.test_torch_function_modes_receive_original_calls_and_forward) ... ok
test_arbitrary_dimension_output_numbers_autograd_no_grad_and_empty_match_pytorch_2_13 (test_unbind_reference.TensorUnbindReferenceTests.test_arbitrary_dimension_output_numbers_autograd_no_grad_and_empty_match_pytorch_2_13) ... ok
test_arbitrary_dimension_values_layout_offsets_and_aliasing_match_pytorch_2_13 (test_unbind_reference.TensorUnbindReferenceTests.test_arbitrary_dimension_values_layout_offsets_and_aliasing_match_pytorch_2_13) ... ok
test_descriptor_metadata_and_binding_errors_match_pytorch_2_13 (test_unbind_reference.TensorUnbindReferenceTests.test_descriptor_metadata_and_binding_errors_match_pytorch_2_13) ... ok
test_output_numbers_autograd_no_grad_and_empty_match_pytorch_2_13 (test_unbind_reference.TensorUnbindReferenceTests.test_output_numbers_autograd_no_grad_and_empty_match_pytorch_2_13) ... ok
test_supported_call_errors_match_pytorch_2_13 (test_unbind_reference.TensorUnbindReferenceTests.test_supported_call_errors_match_pytorch_2_13) ... ok
test_top_level_arbitrary_dimension_output_numbers_autograd_no_grad_and_empty_match_pytorch_2_13 (test_unbind_reference.TensorUnbindReferenceTests.test_top_level_arbitrary_dimension_output_numbers_autograd_no_grad_and_empty_match_pytorch_2_13) ... ok
test_top_level_arbitrary_dimension_values_layout_offsets_and_aliasing_match_pytorch_2_13 (test_unbind_reference.TensorUnbindReferenceTests.test_top_level_arbitrary_dimension_values_layout_offsets_and_aliasing_match_pytorch_2_13) ... ok
test_top_level_callable_metadata_and_exports_match_pytorch_2_13 (test_unbind_reference.TensorUnbindReferenceTests.test_top_level_callable_metadata_and_exports_match_pytorch_2_13) ... ok
test_top_level_output_numbers_autograd_no_grad_and_empty_match_pytorch_2_13 (test_unbind_reference.TensorUnbindReferenceTests.test_top_level_output_numbers_autograd_no_grad_and_empty_match_pytorch_2_13) ... ok
test_top_level_supported_call_errors_match_pytorch_2_13 (test_unbind_reference.TensorUnbindReferenceTests.test_top_level_supported_call_errors_match_pytorch_2_13) ... ok
test_top_level_tensor_like_overrides_match_pytorch_2_13 (test_unbind_reference.TensorUnbindReferenceTests.test_top_level_tensor_like_overrides_match_pytorch_2_13) ... ok
test_top_level_torch_function_mode_dispatch_matches_pytorch_2_13 (test_unbind_reference.TensorUnbindReferenceTests.test_top_level_torch_function_mode_dispatch_matches_pytorch_2_13) ... ok
test_top_level_values_layout_offsets_and_aliasing_match_pytorch_2_13 (test_unbind_reference.TensorUnbindReferenceTests.test_top_level_values_layout_offsets_and_aliasing_match_pytorch_2_13) ... ok
test_torch_function_mode_dispatch_matches_pytorch_2_13 (test_unbind_reference.TensorUnbindReferenceTests.test_torch_function_mode_dispatch_matches_pytorch_2_13) ... ok
test_values_layout_offsets_and_aliasing_match_pytorch_2_13 (test_unbind_reference.TensorUnbindReferenceTests.test_values_layout_offsets_and_aliasing_match_pytorch_2_13) ... ok
test_alias_observes_gradient_storage_updates (test_unflatten.UnflattenTests.test_alias_observes_gradient_storage_updates) ... ok
test_binding_and_inference (test_unflatten.UnflattenTests.test_binding_and_inference) ... ok
test_empty_inference_is_local_to_selected_dimension (test_unflatten.UnflattenTests.test_empty_inference_is_local_to_selected_dimension) ... ok
test_invalid_inputs (test_unflatten.UnflattenTests.test_invalid_inputs) ... ok
test_binding_dimension_product_and_ambiguous_inference_errors (test_unflatten_reference.UnflattenReferenceTests.test_binding_dimension_product_and_ambiguous_inference_errors) ... ok
test_layouts_aliases_and_weighted_first_order_gradients (test_unflatten_reference.UnflattenReferenceTests.test_layouts_aliases_and_weighted_first_order_gradients) ... ok
test_native_scope_rejects_cuda (test_unflatten_reference.UnflattenReferenceTests.test_native_scope_rejects_cuda) ... ok
test_positional_keyword_and_integer_forms (test_unflatten_reference.UnflattenReferenceTests.test_positional_keyword_and_integer_forms) ... ok
test_argument_binding_errors_match_pytorch_2_13 (test_use_deterministic_algorithms.UseDeterministicAlgorithmsTests.test_argument_binding_errors_match_pytorch_2_13) ... ok
test_callable_metadata_documents_default_only_scope (test_use_deterministic_algorithms.UseDeterministicAlgorithmsTests.test_callable_metadata_documents_default_only_scope) ... ok
test_default_state_is_coherent_across_threads (test_use_deterministic_algorithms.UseDeterministicAlgorithmsTests.test_default_state_is_coherent_across_threads) ... ok
test_disabled_default_forms_are_idempotent_noops_across_grad_modes (test_use_deterministic_algorithms.UseDeterministicAlgorithmsTests.test_disabled_default_forms_are_idempotent_noops_across_grad_modes) ... ok
test_enabled_and_warn_only_modes_are_explicitly_rejected (test_use_deterministic_algorithms.UseDeterministicAlgorithmsTests.test_enabled_and_warn_only_modes_are_explicitly_rejected) ... ok
test_exports_reload_copy_and_pickle_use_the_canonical_module (test_use_deterministic_algorithms.UseDeterministicAlgorithmsTests.test_exports_reload_copy_and_pickle_use_the_canonical_module) ... ok
test_importing_calling_and_reloading_do_not_import_pytorch (test_use_deterministic_algorithms.UseDeterministicAlgorithmsTests.test_importing_calling_and_reloading_do_not_import_pytorch) ... ok
test_interacts_with_deterministic_debug_mode_without_state_changes (test_use_deterministic_algorithms.UseDeterministicAlgorithmsTests.test_interacts_with_deterministic_debug_mode_without_state_changes) ... ok
test_non_bool_arguments_match_pytorch_2_13_backend_errors (test_use_deterministic_algorithms.UseDeterministicAlgorithmsTests.test_non_bool_arguments_match_pytorch_2_13_backend_errors) ... ok
test_argument_binding_errors_match_pytorch_2_13 (test_use_deterministic_algorithms_reference.UseDeterministicAlgorithmsReferenceTests.test_argument_binding_errors_match_pytorch_2_13) ... ok
test_callable_metadata_and_documented_boundary (test_use_deterministic_algorithms_reference.UseDeterministicAlgorithmsReferenceTests.test_callable_metadata_and_documented_boundary) ... ok
test_default_use_and_debug_setter_interaction_matches_pytorch_2_13 (test_use_deterministic_algorithms_reference.UseDeterministicAlgorithmsReferenceTests.test_default_use_and_debug_setter_interaction_matches_pytorch_2_13) ... ok
test_disabled_default_forms_grad_modes_and_threads_match_pytorch_2_13 (test_use_deterministic_algorithms_reference.UseDeterministicAlgorithmsReferenceTests.test_disabled_default_forms_grad_modes_and_threads_match_pytorch_2_13) ... ok
test_exports_copy_and_pickle_match_pytorch_2_13 (test_use_deterministic_algorithms_reference.UseDeterministicAlgorithmsReferenceTests.test_exports_copy_and_pickle_match_pytorch_2_13) ... ok
test_non_bool_argument_errors_match_pytorch_2_13 (test_use_deterministic_algorithms_reference.UseDeterministicAlgorithmsReferenceTests.test_non_bool_argument_errors_match_pytorch_2_13) ... ok
test_nondefault_modes_remain_an_explicit_difference (test_use_deterministic_algorithms_reference.UseDeterministicAlgorithmsReferenceTests.test_nondefault_modes_remain_an_explicit_difference) ... ok
test_cpu_build_metadata_uses_package_and_native_sources_of_truth (test_version_cuda.VersionCudaTests.test_cpu_build_metadata_uses_package_and_native_sources_of_truth) ... ok
test_direct_and_wildcard_imports_use_the_canonical_module (test_version_cuda.VersionCudaTests.test_direct_and_wildcard_imports_use_the_canonical_module) ... ok
test_import_does_not_import_pytorch_or_external_python_runtimes_or_git (test_version_cuda.VersionCudaTests.test_import_does_not_import_pytorch_or_external_python_runtimes_or_git) ... ok
test_metadata_constants_copy_deepcopy_and_pickle_as_values (test_version_cuda.VersionCudaTests.test_metadata_constants_copy_deepcopy_and_pickle_as_values) ... ok
test_module_identity_and_supported_metadata_match_pytorch_shape (test_version_cuda.VersionCudaTests.test_module_identity_and_supported_metadata_match_pytorch_shape) ... ok
test_reload_preserves_canonical_identity_and_restores_metadata (test_version_cuda.VersionCudaTests.test_reload_preserves_canonical_identity_and_restores_metadata) ... ok
test_constant_copy_deepcopy_and_pickle_behavior_matches_supported_scope (test_version_cuda_reference.VersionCudaReferenceTests.test_constant_copy_deepcopy_and_pickle_behavior_matches_supported_scope) ... ok
test_cuda_visible_h100_reports_reference_build_version_only (test_version_cuda_reference.VersionCudaReferenceTests.test_cuda_visible_h100_reports_reference_build_version_only) ... ok
test_direct_and_wildcard_imports_match_pytorch_2_13 (test_version_cuda_reference.VersionCudaReferenceTests.test_direct_and_wildcard_imports_match_pytorch_2_13) ... ok
test_module_metadata_and_identity_match_the_supported_scope (test_version_cuda_reference.VersionCudaReferenceTests.test_module_metadata_and_identity_match_the_supported_scope) ... ok
test_reload_behavior_matches_pytorch_2_13 (test_version_cuda_reference.VersionCudaReferenceTests.test_reload_behavior_matches_pytorch_2_13) ... ok
test_autograd_repeated_backward_and_no_grad_use_view_semantics (test_view.TensorViewTests.test_autograd_repeated_backward_and_no_grad_use_view_semantics) ... ok
test_dimension_conversion_matches_the_sequence_overload (test_view.TensorViewTests.test_dimension_conversion_matches_the_sequence_overload) ... ok
test_five_positional_dimension_conversion_matches_pytorch_parsing (test_view.TensorViewTests.test_five_positional_dimension_conversion_matches_pytorch_parsing) ... ok
test_five_positional_dimensions_delegate_to_native_view (test_view.TensorViewTests.test_five_positional_dimensions_delegate_to_native_view) ... ok
test_five_positional_dimensions_prefer_dual_sequence_contents (test_view.TensorViewTests.test_five_positional_dimensions_prefer_dual_sequence_contents) ... ok
test_four_positional_dimension_conversion_matches_pytorch_parsing (test_view.TensorViewTests.test_four_positional_dimension_conversion_matches_pytorch_parsing) ... ok
test_four_positional_dimensions_delegate_to_native_view (test_view.TensorViewTests.test_four_positional_dimensions_delegate_to_native_view) ... ok
test_four_positional_dimensions_prefer_dual_sequence_contents (test_view.TensorViewTests.test_four_positional_dimensions_prefer_dual_sequence_contents) ... ok
test_incompatible_layout_and_shape_errors_never_copy (test_view.TensorViewTests.test_incompatible_layout_and_shape_errors_never_copy) ... ok
test_inferred_and_extreme_empty_shapes_preserve_aliasing (test_view.TensorViewTests.test_inferred_and_extreme_empty_shapes_preserve_aliasing) ... ok
test_operator_index_poisoning_cannot_change_shape_parsing (test_view.TensorViewTests.test_operator_index_poisoning_cannot_change_shape_parsing) ... ok
test_same_dtype_alias_outlives_temporary_source_owners (test_view.TensorViewTests.test_same_dtype_alias_outlives_temporary_source_owners) ... ok
test_same_dtype_overload_returns_fresh_detached_storage_aliases (test_view.TensorViewTests.test_same_dtype_overload_returns_fresh_detached_storage_aliases) ... ok
test_seven_or_more_positional_dimension_conversion_matches_pytorch_parsing (test_view.TensorViewTests.test_seven_or_more_positional_dimension_conversion_matches_pytorch_parsing) ... ok
test_seven_or_more_positional_dimensions_delegate_to_native_view (test_view.TensorViewTests.test_seven_or_more_positional_dimensions_delegate_to_native_view) ... ok
test_seven_or_more_positional_dimensions_prefer_dual_sequence_contents (test_view.TensorViewTests.test_seven_or_more_positional_dimensions_prefer_dual_sequence_contents) ... ok
test_single_integer_and_index_delegate_to_native_view (test_view.TensorViewTests.test_single_integer_and_index_delegate_to_native_view) ... ok
test_six_positional_dimension_conversion_matches_pytorch_parsing (test_view.TensorViewTests.test_six_positional_dimension_conversion_matches_pytorch_parsing) ... ok
test_six_positional_dimensions_delegate_to_native_view (test_view.TensorViewTests.test_six_positional_dimensions_delegate_to_native_view) ... ok
test_six_positional_dimensions_prefer_dual_sequence_contents (test_view.TensorViewTests.test_six_positional_dimensions_prefer_dual_sequence_contents) ... ok
test_tensorbase_descriptor_metadata_matches_the_native_method (test_view.TensorViewTests.test_tensorbase_descriptor_metadata_matches_the_native_method) ... ok
test_three_positional_dimension_conversion_matches_pytorch_parsing (test_view.TensorViewTests.test_three_positional_dimension_conversion_matches_pytorch_parsing) ... ok
test_three_positional_dimensions_delegate_to_native_view (test_view.TensorViewTests.test_three_positional_dimensions_delegate_to_native_view) ... ok
test_three_positional_dimensions_prefer_dual_sequence_contents (test_view.TensorViewTests.test_three_positional_dimensions_prefer_dual_sequence_contents) ... ok
test_torch_function_modes_receive_original_calls_and_forward (test_view.TensorViewTests.test_torch_function_modes_receive_original_calls_and_forward) ... ok
test_tuple_list_size_and_keyword_delegate_to_native_view (test_view.TensorViewTests.test_tuple_list_size_and_keyword_delegate_to_native_view) ... ok
test_two_positional_dimension_conversion_matches_pytorch_parsing (test_view.TensorViewTests.test_two_positional_dimension_conversion_matches_pytorch_parsing) ... ok
test_two_positional_dimensions_delegate_to_native_view (test_view.TensorViewTests.test_two_positional_dimensions_delegate_to_native_view) ... ok
test_two_positional_dimensions_prefer_dual_sequence_contents (test_view.TensorViewTests.test_two_positional_dimensions_prefer_dual_sequence_contents) ... ok
test_unsupported_shape_and_mixed_overloads_do_not_mutate_the_source (test_view.TensorViewTests.test_unsupported_shape_and_mixed_overloads_do_not_mutate_the_source) ... ok
test_autograd_repeated_backward_and_no_grad_use_view_semantics (test_view_as.TensorViewAsTests.test_autograd_repeated_backward_and_no_grad_use_view_semantics) ... ok
test_binding_and_tensor_type_error_precedence (test_view_as.TensorViewAsTests.test_binding_and_tensor_type_error_precedence) ... ok
test_extreme_empty_shape_remains_a_shared_storage_view (test_view_as.TensorViewAsTests.test_extreme_empty_shape_remains_a_shared_storage_view) ... ok
test_incompatible_layout_and_shape_errors_never_copy (test_view_as.TensorViewAsTests.test_incompatible_layout_and_shape_errors_never_copy) ... ok
test_other_torch_function_override_precedence_and_not_implemented (test_view_as.TensorViewAsTests.test_other_torch_function_override_precedence_and_not_implemented) ... ok
test_positional_and_keyword_calls_return_shared_storage_views (test_view_as.TensorViewAsTests.test_positional_and_keyword_calls_return_shared_storage_views) ... ok
test_tensorbase_descriptor_and_documentation (test_view_as.TensorViewAsTests.test_tensorbase_descriptor_and_documentation) ... ok
test_torch_function_modes_receive_original_calls_and_forward (test_view_as.TensorViewAsTests.test_torch_function_modes_receive_original_calls_and_forward) ... ok
test_autograd_repeated_backward_and_no_grad_match_pytorch_2_13 (test_view_as_reference.TensorViewAsReferenceTests.test_autograd_repeated_backward_and_no_grad_match_pytorch_2_13) ... ok
test_binding_and_type_error_precedence_match_pytorch_2_13 (test_view_as_reference.TensorViewAsReferenceTests.test_binding_and_type_error_precedence_match_pytorch_2_13) ... ok
test_extreme_empty_and_incompatible_errors_match_pytorch_2_13 (test_view_as_reference.TensorViewAsReferenceTests.test_extreme_empty_and_incompatible_errors_match_pytorch_2_13) ... ok
test_layout_stride_offset_aliasing_and_values_match_pytorch_2_13 (test_view_as_reference.TensorViewAsReferenceTests.test_layout_stride_offset_aliasing_and_values_match_pytorch_2_13) ... ok
test_operand_override_precedence_and_not_implemented_match_pytorch_2_13 (test_view_as_reference.TensorViewAsReferenceTests.test_operand_override_precedence_and_not_implemented_match_pytorch_2_13) ... ok
test_tensorbase_descriptor_and_documentation_match_pytorch_2_13 (test_view_as_reference.TensorViewAsReferenceTests.test_tensorbase_descriptor_and_documentation_match_pytorch_2_13) ... ok
test_torch_function_modes_match_pytorch_2_13 (test_view_as_reference.TensorViewAsReferenceTests.test_torch_function_modes_match_pytorch_2_13) ... ok
test_autograd_repeated_backward_and_no_grad_match_pytorch_2_13 (test_view_reference.TensorViewReferenceTests.test_autograd_repeated_backward_and_no_grad_match_pytorch_2_13) ... ok
test_deliberately_unsupported_overloads_remain_outside_the_binding (test_view_reference.TensorViewReferenceTests.test_deliberately_unsupported_overloads_remain_outside_the_binding) ... ok
test_dual_sequence_index_overload_resolution_matches_pytorch_2_13 (test_view_reference.TensorViewReferenceTests.test_dual_sequence_index_overload_resolution_matches_pytorch_2_13) ... ok
test_five_positional_dimension_conversion_matches_pytorch_2_13 (test_view_reference.TensorViewReferenceTests.test_five_positional_dimension_conversion_matches_pytorch_2_13) ... ok
test_five_positional_dimensions_match_pytorch_2_13 (test_view_reference.TensorViewReferenceTests.test_five_positional_dimensions_match_pytorch_2_13) ... ok
test_four_positional_dimension_conversion_matches_pytorch_2_13 (test_view_reference.TensorViewReferenceTests.test_four_positional_dimension_conversion_matches_pytorch_2_13) ... ok
test_four_positional_dimensions_match_pytorch_2_13 (test_view_reference.TensorViewReferenceTests.test_four_positional_dimensions_match_pytorch_2_13) ... ok
test_inference_extreme_empty_and_view_errors_match_pytorch_2_13 (test_view_reference.TensorViewReferenceTests.test_inference_extreme_empty_and_view_errors_match_pytorch_2_13) ... ok
test_operator_index_poisoning_matches_pytorch_2_13 (test_view_reference.TensorViewReferenceTests.test_operator_index_poisoning_matches_pytorch_2_13) ... ok
test_same_dtype_view_lifetimes_match_pytorch_2_13 (test_view_reference.TensorViewReferenceTests.test_same_dtype_view_lifetimes_match_pytorch_2_13) ... ok
test_same_dtype_views_match_pytorch_2_13 (test_view_reference.TensorViewReferenceTests.test_same_dtype_views_match_pytorch_2_13) ... ok
test_sequence_dimension_conversion_matches_pytorch_2_13 (test_view_reference.TensorViewReferenceTests.test_sequence_dimension_conversion_matches_pytorch_2_13) ... ok
test_seven_or_more_positional_dimension_conversion_matches_pytorch_2_13 (test_view_reference.TensorViewReferenceTests.test_seven_or_more_positional_dimension_conversion_matches_pytorch_2_13) ... ok
test_seven_or_more_positional_dimensions_match_pytorch_2_13 (test_view_reference.TensorViewReferenceTests.test_seven_or_more_positional_dimensions_match_pytorch_2_13) ... ok
test_shapes_strides_offsets_aliasing_and_values_match_pytorch_2_13 (test_view_reference.TensorViewReferenceTests.test_shapes_strides_offsets_aliasing_and_values_match_pytorch_2_13) ... ok
test_single_dimension_conversion_matches_pytorch_2_13 (test_view_reference.TensorViewReferenceTests.test_single_dimension_conversion_matches_pytorch_2_13) ... ok
test_single_integer_shapes_and_views_match_pytorch_2_13 (test_view_reference.TensorViewReferenceTests.test_single_integer_shapes_and_views_match_pytorch_2_13) ... ok
test_six_positional_dimension_conversion_matches_pytorch_2_13 (test_view_reference.TensorViewReferenceTests.test_six_positional_dimension_conversion_matches_pytorch_2_13) ... ok
test_six_positional_dimensions_match_pytorch_2_13 (test_view_reference.TensorViewReferenceTests.test_six_positional_dimensions_match_pytorch_2_13) ... ok
test_tensorbase_descriptor_and_documentation_match_pytorch_2_13 (test_view_reference.TensorViewReferenceTests.test_tensorbase_descriptor_and_documentation_match_pytorch_2_13) ... ok
test_three_positional_dimension_conversion_matches_pytorch_2_13 (test_view_reference.TensorViewReferenceTests.test_three_positional_dimension_conversion_matches_pytorch_2_13) ... ok
test_three_positional_dimensions_match_pytorch_2_13 (test_view_reference.TensorViewReferenceTests.test_three_positional_dimensions_match_pytorch_2_13) ... ok
test_torch_function_modes_match_pytorch_2_13 (test_view_reference.TensorViewReferenceTests.test_torch_function_modes_match_pytorch_2_13) ... ok
test_two_positional_dimension_conversion_matches_pytorch_2_13 (test_view_reference.TensorViewReferenceTests.test_two_positional_dimension_conversion_matches_pytorch_2_13) ... ok
test_two_positional_dimensions_match_pytorch_2_13 (test_view_reference.TensorViewReferenceTests.test_two_positional_dimensions_match_pytorch_2_13) ... ok
test_default_layout_and_unpinned_keywords_cover_supported_size_forms (test_zeros.ZerosTests.test_default_layout_and_unpinned_keywords_cover_supported_size_forms) ... ok
test_existing_sequence_and_keyword_forms_are_unchanged (test_zeros.ZerosTests.test_existing_sequence_and_keyword_forms_are_unchanged) ... ok
test_one_positional_dimension_uses_the_index_protocol (test_zeros.ZerosTests.test_one_positional_dimension_uses_the_index_protocol) ... ok
test_one_positional_integer_matches_singleton_size (test_zeros.ZerosTests.test_one_positional_integer_matches_singleton_size) ... ok
test_out_none_uses_default_fresh_allocation (test_zeros.ZerosTests.test_out_none_uses_default_fresh_allocation) ... ok
test_out_tensor_nondefault_layout_and_pinned_memory_remain_unsupported (test_zeros.ZerosTests.test_out_tensor_nondefault_layout_and_pinned_memory_remain_unsupported) ... ok
test_variadic_integer_dimensions_create_multidimensional_tensors (test_zeros.ZerosTests.test_variadic_integer_dimensions_create_multidimensional_tensors) ... ok
test_zero_negative_boolean_and_overflowing_dimensions (test_zeros.ZerosTests.test_zero_negative_boolean_and_overflowing_dimensions) ... ok
test_callable_metadata_exports_copy_pickle_and_reload (test_zeros_like.ZerosLikeTests.test_callable_metadata_exports_copy_pickle_and_reload) ... ok
test_input_keyword_aliases_match_generated_binding_forms (test_zeros_like.ZerosLikeTests.test_input_keyword_aliases_match_generated_binding_forms) ... ok
test_rejects_bad_input_subclasses_modes_and_bad_call_forms (test_zeros_like.ZerosLikeTests.test_rejects_bad_input_subclasses_modes_and_bad_call_forms) ... ok
test_rejects_noncontiguous_channels_last_and_nondefault_metadata (test_zeros_like.ZerosLikeTests.test_rejects_noncontiguous_channels_last_and_nondefault_metadata) ... ok
test_requires_grad_and_no_grad_match_factory_semantics (test_zeros_like.ZerosLikeTests.test_requires_grad_and_no_grad_match_factory_semantics) ... ok
test_supported_default_metadata_matches_input_shape_and_stride (test_zeros_like.ZerosLikeTests.test_supported_default_metadata_matches_input_shape_and_stride) ... ok
test_no_grad_requires_grad_behavior_matches_pytorch_2_13 (test_zeros_like_reference.ZerosLikeReferenceTests.test_no_grad_requires_grad_behavior_matches_pytorch_2_13) ... ok
test_supported_metadata_and_values_match_pytorch_2_13 (test_zeros_like_reference.ZerosLikeReferenceTests.test_supported_metadata_and_values_match_pytorch_2_13) ... ok
test_default_layout_and_pin_memory_options_match_pytorch_2_13 (test_zeros_reference.ZerosReferenceTests.test_default_layout_and_pin_memory_options_match_pytorch_2_13) ... ok
test_dimension_errors_match_pytorch_2_13 (test_zeros_reference.ZerosReferenceTests.test_dimension_errors_match_pytorch_2_13) ... ok
test_later_sequence_dimensions_wait_for_keyword_precedence_match_pytorch_2_13 (test_zeros_reference.ZerosReferenceTests.test_later_sequence_dimensions_wait_for_keyword_precedence_match_pytorch_2_13) ... ok
test_layout_pin_memory_error_order_matches_pytorch_2_13 (test_zeros_reference.ZerosReferenceTests.test_layout_pin_memory_error_order_matches_pytorch_2_13) ... ok
test_mixed_invalid_scalar_validation_order_matches_pytorch_2_13 (test_zeros_reference.ZerosReferenceTests.test_mixed_invalid_scalar_validation_order_matches_pytorch_2_13) ... ok
test_negative_size_is_validated_before_cuda_device_resolution (test_zeros_reference.ZerosReferenceTests.test_negative_size_is_validated_before_cuda_device_resolution) ... ok
test_out_none_results_and_storage_freshness_match_pytorch_2_13 (test_zeros_reference.ZerosReferenceTests.test_out_none_results_and_storage_freshness_match_pytorch_2_13) ... ok
test_out_type_error_order_matches_pytorch_2_13 (test_zeros_reference.ZerosReferenceTests.test_out_type_error_order_matches_pytorch_2_13) ... ok
test_scalar_results_and_metadata_match_pytorch_2_13 (test_zeros_reference.ZerosReferenceTests.test_scalar_results_and_metadata_match_pytorch_2_13) ... ok
test_sequence_size_with_extra_positional_matches_pytorch_2_13 (test_zeros_reference.ZerosReferenceTests.test_sequence_size_with_extra_positional_matches_pytorch_2_13) ... ok
test_sequence_subclass_with_index_and_extra_positional_matches_pytorch_2_13 (test_zeros_reference.ZerosReferenceTests.test_sequence_subclass_with_index_and_extra_positional_matches_pytorch_2_13) ... ok
test_unsupported_dtype_device_layout_and_pin_memory_boundaries_are_pinned (test_zeros_reference.ZerosReferenceTests.test_unsupported_dtype_device_layout_and_pin_memory_boundaries_are_pinned) ... ok
test_variadic_leading_index_provider_calls_match_pytorch_2_13 (test_zeros_reference.ZerosReferenceTests.test_variadic_leading_index_provider_calls_match_pytorch_2_13) ... ok
test_variadic_results_and_metadata_match_pytorch_2_13 (test_zeros_reference.ZerosReferenceTests.test_variadic_results_and_metadata_match_pytorch_2_13) ... ok

======================================================================
ERROR: test_checked_in_evaluation_uses_the_versioned_matrix (test_hardware_heterogeneity_evaluation.HardwareHeterogeneityEvaluationTests.test_checked_in_evaluation_uses_the_versioned_matrix)
----------------------------------------------------------------------
Traceback (most recent call last):
  File "/data/users/bobren/a/pytorch-rs-burner/.burner/worktrees/composite_17c2e82f/target/python314-checkout/tests/test_hardware_heterogeneity_evaluation.py", line 22, in test_checked_in_evaluation_uses_the_versioned_matrix
    (REPOSITORY_ROOT / ".burner" / "evaluations.json").read_text(
    ~~~~~~~~~~~~~~~~~~~~~~~~~~~~~~~~~~~~~~~~~~~~~~~~~~~~~~~~~~~~^
        encoding="utf-8"
        ^^^^^^^^^^^^^^^^
    )
    ^
  File "/data/users/bobren/a/pytorch-rs-burner/.burner/worktrees/composite_17c2e82f/target/uv-python/cpython-3.14.7-linux-x86_64-gnu/lib/python3.14/pathlib/__init__.py", line 787, in read_text
    with self.open(mode='r', encoding=encoding, errors=errors, newline=newline) as f:
         ~~~~~~~~~^^^^^^^^^^^^^^^^^^^^^^^^^^^^^^^^^^^^^^^^^^^^^^^^^^^^^^^^^^^^^
  File "/data/users/bobren/a/pytorch-rs-burner/.burner/worktrees/composite_17c2e82f/target/uv-python/cpython-3.14.7-linux-x86_64-gnu/lib/python3.14/pathlib/__init__.py", line 771, in open
    return io.open(self, mode, buffering, encoding, errors, newline)
           ~~~~~~~^^^^^^^^^^^^^^^^^^^^^^^^^^^^^^^^^^^^^^^^^^^^^^^^^^
FileNotFoundError: [Errno 2] No such file or directory: '/data/users/bobren/a/pytorch-rs-burner/.burner/worktrees/composite_17c2e82f/target/python314-checkout/.burner/evaluations.json'

----------------------------------------------------------------------
Ran 5491 tests in 643.287s

FAILED (errors=1, skipped=20)
