test_constant_forms_have_explicit_shape_changing_ir (tests.test_compile_sum_lowering.SumLoweringTests.test_constant_forms_have_explicit_shape_changing_ir) ... ok
test_keyword_helper_call_is_not_enabled (tests.test_compile_sum_lowering.SumLoweringTests.test_keyword_helper_call_is_not_enabled) ... ok
test_unsupported_options_and_other_keywords (tests.test_compile_sum_lowering.SumLoweringTests.test_unsupported_options_and_other_keywords) ... ok
test_current_device_restored_for_single_and_composed_reductions (tests.test_compile_cuda_sum_rows.CompileCudaSumDeviceTests.test_current_device_restored_for_single_and_composed_reductions) ... skipped 'requires real CUDA with CUDA_VISIBLE_DEVICES=0,1'
test_composition_dynamic_shapes_and_native_whole_graph_validation (tests.test_compile_cuda_sum_rows.CompileCudaSumTests.test_composition_dynamic_shapes_and_native_whole_graph_validation) ... FAIL
test_held_out_forms_offsets_empty_and_changed_values (tests.test_compile_cuda_sum_rows.CompileCudaSumTests.test_held_out_forms_offsets_empty_and_changed_values) ... W0910 15:48:33.963000 3893215 .venv/lib/python3.12/site-packages/torch/_dynamo/convert_frame.py:1994] [0/8] torch._dynamo hit config.recompile_limit (8)
W0910 15:48:33.963000 3893215 .venv/lib/python3.12/site-packages/torch/_dynamo/convert_frame.py:1994] [0/8]    function: 'reduction' (<string>:1)
W0910 15:48:33.963000 3893215 .venv/lib/python3.12/site-packages/torch/_dynamo/convert_frame.py:1994] [0/8]    last reason: 0/7: tensor 'x' size mismatch at index 0. expected 2, actual 21
W0910 15:48:33.963000 3893215 .venv/lib/python3.12/site-packages/torch/_dynamo/convert_frame.py:1994] [0/8] To log all recompilation reasons, use TORCH_LOGS="recompiles".
W0910 15:48:33.963000 3893215 .venv/lib/python3.12/site-packages/torch/_dynamo/convert_frame.py:1994] [0/8] To diagnose recompilation issues, see https://docs.pytorch.org/docs/main/user_guide/torch_compiler/compile/programming_model.recompilation.html

  test_held_out_forms_offsets_empty_and_changed_values (tests.test_compile_cuda_sum_rows.CompileCudaSumTests.test_held_out_forms_offsets_empty_and_changed_values) (expression='x.sum(1)', shape=(21, 1), offset=0) ... ERROR
W0910 15:48:33.970000 3893215 .venv/lib/python3.12/site-packages/torch/_dynamo/convert_frame.py:1994] [0/9] torch._dynamo hit config.recompile_limit (8)
W0910 15:48:33.970000 3893215 .venv/lib/python3.12/site-packages/torch/_dynamo/convert_frame.py:1994] [0/9]    function: 'reduction' (<string>:1)
W0910 15:48:33.970000 3893215 .venv/lib/python3.12/site-packages/torch/_dynamo/convert_frame.py:1994] [0/9]    last reason: 0/7: tensor 'x' size mismatch at index 0. expected 2, actual 21
W0910 15:48:33.970000 3893215 .venv/lib/python3.12/site-packages/torch/_dynamo/convert_frame.py:1994] [0/9] To log all recompilation reasons, use TORCH_LOGS="recompiles".
W0910 15:48:33.970000 3893215 .venv/lib/python3.12/site-packages/torch/_dynamo/convert_frame.py:1994] [0/9] To diagnose recompilation issues, see https://docs.pytorch.org/docs/main/user_guide/torch_compiler/compile/programming_model.recompilation.html
  test_held_out_forms_offsets_empty_and_changed_values (tests.test_compile_cuda_sum_rows.CompileCudaSumTests.test_held_out_forms_offsets_empty_and_changed_values) (expression='x.sum(1)', shape=(21, 1), offset=9) ... ERROR
W0910 15:48:33.974000 3893215 .venv/lib/python3.12/site-packages/torch/_dynamo/convert_frame.py:1994] [0/10] torch._dynamo hit config.recompile_limit (8)
W0910 15:48:33.974000 3893215 .venv/lib/python3.12/site-packages/torch/_dynamo/convert_frame.py:1994] [0/10]    function: 'reduction' (<string>:1)
W0910 15:48:33.974000 3893215 .venv/lib/python3.12/site-packages/torch/_dynamo/convert_frame.py:1994] [0/10]    last reason: 0/7: tensor 'x' size mismatch at index 0. expected 2, actual 19
W0910 15:48:33.974000 3893215 .venv/lib/python3.12/site-packages/torch/_dynamo/convert_frame.py:1994] [0/10] To log all recompilation reasons, use TORCH_LOGS="recompiles".
W0910 15:48:33.974000 3893215 .venv/lib/python3.12/site-packages/torch/_dynamo/convert_frame.py:1994] [0/10] To diagnose recompilation issues, see https://docs.pytorch.org/docs/main/user_guide/torch_compiler/compile/programming_model.recompilation.html
  test_held_out_forms_offsets_empty_and_changed_values (tests.test_compile_cuda_sum_rows.CompileCudaSumTests.test_held_out_forms_offsets_empty_and_changed_values) (expression='x.sum(1)', shape=(19, 51), offset=0) ... ERROR
W0910 15:48:33.978000 3893215 .venv/lib/python3.12/site-packages/torch/_dynamo/convert_frame.py:1994] [0/11] torch._dynamo hit config.recompile_limit (8)
W0910 15:48:33.978000 3893215 .venv/lib/python3.12/site-packages/torch/_dynamo/convert_frame.py:1994] [0/11]    function: 'reduction' (<string>:1)
W0910 15:48:33.978000 3893215 .venv/lib/python3.12/site-packages/torch/_dynamo/convert_frame.py:1994] [0/11]    last reason: 0/7: tensor 'x' size mismatch at index 0. expected 2, actual 19
W0910 15:48:33.978000 3893215 .venv/lib/python3.12/site-packages/torch/_dynamo/convert_frame.py:1994] [0/11] To log all recompilation reasons, use TORCH_LOGS="recompiles".
W0910 15:48:33.978000 3893215 .venv/lib/python3.12/site-packages/torch/_dynamo/convert_frame.py:1994] [0/11] To diagnose recompilation issues, see https://docs.pytorch.org/docs/main/user_guide/torch_compiler/compile/programming_model.recompilation.html
  test_held_out_forms_offsets_empty_and_changed_values (tests.test_compile_cuda_sum_rows.CompileCudaSumTests.test_held_out_forms_offsets_empty_and_changed_values) (expression='x.sum(1)', shape=(19, 51), offset=9) ... ERROR
W0910 15:48:33.983000 3893215 .venv/lib/python3.12/site-packages/torch/_dynamo/convert_frame.py:1994] [0/12] torch._dynamo hit config.recompile_limit (8)
W0910 15:48:33.983000 3893215 .venv/lib/python3.12/site-packages/torch/_dynamo/convert_frame.py:1994] [0/12]    function: 'reduction' (<string>:1)
W0910 15:48:33.983000 3893215 .venv/lib/python3.12/site-packages/torch/_dynamo/convert_frame.py:1994] [0/12]    last reason: 0/7: tensor 'x' size mismatch at index 0. expected 2, actual 107
W0910 15:48:33.983000 3893215 .venv/lib/python3.12/site-packages/torch/_dynamo/convert_frame.py:1994] [0/12] To log all recompilation reasons, use TORCH_LOGS="recompiles".
W0910 15:48:33.983000 3893215 .venv/lib/python3.12/site-packages/torch/_dynamo/convert_frame.py:1994] [0/12] To diagnose recompilation issues, see https://docs.pytorch.org/docs/main/user_guide/torch_compiler/compile/programming_model.recompilation.html
  test_held_out_forms_offsets_empty_and_changed_values (tests.test_compile_cuda_sum_rows.CompileCudaSumTests.test_held_out_forms_offsets_empty_and_changed_values) (expression='x.sum(1)', shape=(107, 57), offset=0) ... ERROR
W0910 15:48:33.988000 3893215 .venv/lib/python3.12/site-packages/torch/_dynamo/convert_frame.py:1994] [0/13] torch._dynamo hit config.recompile_limit (8)
W0910 15:48:33.988000 3893215 .venv/lib/python3.12/site-packages/torch/_dynamo/convert_frame.py:1994] [0/13]    function: 'reduction' (<string>:1)
W0910 15:48:33.988000 3893215 .venv/lib/python3.12/site-packages/torch/_dynamo/convert_frame.py:1994] [0/13]    last reason: 0/7: tensor 'x' size mismatch at index 0. expected 2, actual 107
W0910 15:48:33.988000 3893215 .venv/lib/python3.12/site-packages/torch/_dynamo/convert_frame.py:1994] [0/13] To log all recompilation reasons, use TORCH_LOGS="recompiles".
W0910 15:48:33.988000 3893215 .venv/lib/python3.12/site-packages/torch/_dynamo/convert_frame.py:1994] [0/13] To diagnose recompilation issues, see https://docs.pytorch.org/docs/main/user_guide/torch_compiler/compile/programming_model.recompilation.html
  test_held_out_forms_offsets_empty_and_changed_values (tests.test_compile_cuda_sum_rows.CompileCudaSumTests.test_held_out_forms_offsets_empty_and_changed_values) (expression='x.sum(1)', shape=(107, 57), offset=9) ... ERROR
W0910 15:48:33.992000 3893215 .venv/lib/python3.12/site-packages/torch/_dynamo/convert_frame.py:1994] [0/14] torch._dynamo hit config.recompile_limit (8)
W0910 15:48:33.992000 3893215 .venv/lib/python3.12/site-packages/torch/_dynamo/convert_frame.py:1994] [0/14]    function: 'reduction' (<string>:1)
W0910 15:48:33.992000 3893215 .venv/lib/python3.12/site-packages/torch/_dynamo/convert_frame.py:1994] [0/14]    last reason: 0/7: tensor 'x' size mismatch at index 0. expected 2, actual 95
W0910 15:48:33.992000 3893215 .venv/lib/python3.12/site-packages/torch/_dynamo/convert_frame.py:1994] [0/14] To log all recompilation reasons, use TORCH_LOGS="recompiles".
W0910 15:48:33.992000 3893215 .venv/lib/python3.12/site-packages/torch/_dynamo/convert_frame.py:1994] [0/14] To diagnose recompilation issues, see https://docs.pytorch.org/docs/main/user_guide/torch_compiler/compile/programming_model.recompilation.html
  test_held_out_forms_offsets_empty_and_changed_values (tests.test_compile_cuda_sum_rows.CompileCudaSumTests.test_held_out_forms_offsets_empty_and_changed_values) (expression='x.sum(1)', shape=(95, 8), offset=0) ... ERROR
W0910 15:48:33.995000 3893215 .venv/lib/python3.12/site-packages/torch/_dynamo/convert_frame.py:1994] [0/15] torch._dynamo hit config.recompile_limit (8)
W0910 15:48:33.995000 3893215 .venv/lib/python3.12/site-packages/torch/_dynamo/convert_frame.py:1994] [0/15]    function: 'reduction' (<string>:1)
W0910 15:48:33.995000 3893215 .venv/lib/python3.12/site-packages/torch/_dynamo/convert_frame.py:1994] [0/15]    last reason: 0/7: tensor 'x' size mismatch at index 0. expected 2, actual 95
W0910 15:48:33.995000 3893215 .venv/lib/python3.12/site-packages/torch/_dynamo/convert_frame.py:1994] [0/15] To log all recompilation reasons, use TORCH_LOGS="recompiles".
W0910 15:48:33.995000 3893215 .venv/lib/python3.12/site-packages/torch/_dynamo/convert_frame.py:1994] [0/15] To diagnose recompilation issues, see https://docs.pytorch.org/docs/main/user_guide/torch_compiler/compile/programming_model.recompilation.html
  test_held_out_forms_offsets_empty_and_changed_values (tests.test_compile_cuda_sum_rows.CompileCudaSumTests.test_held_out_forms_offsets_empty_and_changed_values) (expression='x.sum(1)', shape=(95, 8), offset=9) ... ERROR
W0910 15:48:33.998000 3893215 .venv/lib/python3.12/site-packages/torch/_dynamo/convert_frame.py:1994] [0/16] torch._dynamo hit config.recompile_limit (8)
W0910 15:48:33.998000 3893215 .venv/lib/python3.12/site-packages/torch/_dynamo/convert_frame.py:1994] [0/16]    function: 'reduction' (<string>:1)
W0910 15:48:33.998000 3893215 .venv/lib/python3.12/site-packages/torch/_dynamo/convert_frame.py:1994] [0/16]    last reason: 0/7: tensor 'x' size mismatch at index 0. expected 2, actual 65
W0910 15:48:33.998000 3893215 .venv/lib/python3.12/site-packages/torch/_dynamo/convert_frame.py:1994] [0/16] To log all recompilation reasons, use TORCH_LOGS="recompiles".
W0910 15:48:33.998000 3893215 .venv/lib/python3.12/site-packages/torch/_dynamo/convert_frame.py:1994] [0/16] To diagnose recompilation issues, see https://docs.pytorch.org/docs/main/user_guide/torch_compiler/compile/programming_model.recompilation.html
  test_held_out_forms_offsets_empty_and_changed_values (tests.test_compile_cuda_sum_rows.CompileCudaSumTests.test_held_out_forms_offsets_empty_and_changed_values) (expression='x.sum(1)', shape=(65, 12), offset=0) ... ERROR
W0910 15:48:34.002000 3893215 .venv/lib/python3.12/site-packages/torch/_dynamo/convert_frame.py:1994] [0/17] torch._dynamo hit config.recompile_limit (8)
W0910 15:48:34.002000 3893215 .venv/lib/python3.12/site-packages/torch/_dynamo/convert_frame.py:1994] [0/17]    function: 'reduction' (<string>:1)
W0910 15:48:34.002000 3893215 .venv/lib/python3.12/site-packages/torch/_dynamo/convert_frame.py:1994] [0/17]    last reason: 0/7: tensor 'x' size mismatch at index 0. expected 2, actual 65
W0910 15:48:34.002000 3893215 .venv/lib/python3.12/site-packages/torch/_dynamo/convert_frame.py:1994] [0/17] To log all recompilation reasons, use TORCH_LOGS="recompiles".
W0910 15:48:34.002000 3893215 .venv/lib/python3.12/site-packages/torch/_dynamo/convert_frame.py:1994] [0/17] To diagnose recompilation issues, see https://docs.pytorch.org/docs/main/user_guide/torch_compiler/compile/programming_model.recompilation.html
  test_held_out_forms_offsets_empty_and_changed_values (tests.test_compile_cuda_sum_rows.CompileCudaSumTests.test_held_out_forms_offsets_empty_and_changed_values) (expression='x.sum(1)', shape=(65, 12), offset=9) ... ERROR
W0910 15:48:34.238000 3893215 .venv/lib/python3.12/site-packages/torch/_dynamo/convert_frame.py:1994] [1/8] torch._dynamo hit config.recompile_limit (8)
W0910 15:48:34.238000 3893215 .venv/lib/python3.12/site-packages/torch/_dynamo/convert_frame.py:1994] [1/8]    function: 'reduction' (<string>:1)
W0910 15:48:34.238000 3893215 .venv/lib/python3.12/site-packages/torch/_dynamo/convert_frame.py:1994] [1/8]    last reason: 1/7: tensor 'x' size mismatch at index 0. expected 2, actual 21
W0910 15:48:34.238000 3893215 .venv/lib/python3.12/site-packages/torch/_dynamo/convert_frame.py:1994] [1/8] To log all recompilation reasons, use TORCH_LOGS="recompiles".
W0910 15:48:34.238000 3893215 .venv/lib/python3.12/site-packages/torch/_dynamo/convert_frame.py:1994] [1/8] To diagnose recompilation issues, see https://docs.pytorch.org/docs/main/user_guide/torch_compiler/compile/programming_model.recompilation.html
  test_held_out_forms_offsets_empty_and_changed_values (tests.test_compile_cuda_sum_rows.CompileCudaSumTests.test_held_out_forms_offsets_empty_and_changed_values) (expression='x.sum(dim=-1, keepdim=False)', shape=(21, 1), offset=0) ... ERROR
W0910 15:48:34.242000 3893215 .venv/lib/python3.12/site-packages/torch/_dynamo/convert_frame.py:1994] [1/9] torch._dynamo hit config.recompile_limit (8)
W0910 15:48:34.242000 3893215 .venv/lib/python3.12/site-packages/torch/_dynamo/convert_frame.py:1994] [1/9]    function: 'reduction' (<string>:1)
W0910 15:48:34.242000 3893215 .venv/lib/python3.12/site-packages/torch/_dynamo/convert_frame.py:1994] [1/9]    last reason: 1/7: tensor 'x' size mismatch at index 0. expected 2, actual 21
W0910 15:48:34.242000 3893215 .venv/lib/python3.12/site-packages/torch/_dynamo/convert_frame.py:1994] [1/9] To log all recompilation reasons, use TORCH_LOGS="recompiles".
W0910 15:48:34.242000 3893215 .venv/lib/python3.12/site-packages/torch/_dynamo/convert_frame.py:1994] [1/9] To diagnose recompilation issues, see https://docs.pytorch.org/docs/main/user_guide/torch_compiler/compile/programming_model.recompilation.html
  test_held_out_forms_offsets_empty_and_changed_values (tests.test_compile_cuda_sum_rows.CompileCudaSumTests.test_held_out_forms_offsets_empty_and_changed_values) (expression='x.sum(dim=-1, keepdim=False)', shape=(21, 1), offset=9) ... ERROR
W0910 15:48:34.246000 3893215 .venv/lib/python3.12/site-packages/torch/_dynamo/convert_frame.py:1994] [1/10] torch._dynamo hit config.recompile_limit (8)
W0910 15:48:34.246000 3893215 .venv/lib/python3.12/site-packages/torch/_dynamo/convert_frame.py:1994] [1/10]    function: 'reduction' (<string>:1)
W0910 15:48:34.246000 3893215 .venv/lib/python3.12/site-packages/torch/_dynamo/convert_frame.py:1994] [1/10]    last reason: 1/7: tensor 'x' size mismatch at index 0. expected 2, actual 19
W0910 15:48:34.246000 3893215 .venv/lib/python3.12/site-packages/torch/_dynamo/convert_frame.py:1994] [1/10] To log all recompilation reasons, use TORCH_LOGS="recompiles".
W0910 15:48:34.246000 3893215 .venv/lib/python3.12/site-packages/torch/_dynamo/convert_frame.py:1994] [1/10] To diagnose recompilation issues, see https://docs.pytorch.org/docs/main/user_guide/torch_compiler/compile/programming_model.recompilation.html
  test_held_out_forms_offsets_empty_and_changed_values (tests.test_compile_cuda_sum_rows.CompileCudaSumTests.test_held_out_forms_offsets_empty_and_changed_values) (expression='x.sum(dim=-1, keepdim=False)', shape=(19, 51), offset=0) ... ERROR
W0910 15:48:34.250000 3893215 .venv/lib/python3.12/site-packages/torch/_dynamo/convert_frame.py:1994] [1/11] torch._dynamo hit config.recompile_limit (8)
W0910 15:48:34.250000 3893215 .venv/lib/python3.12/site-packages/torch/_dynamo/convert_frame.py:1994] [1/11]    function: 'reduction' (<string>:1)
W0910 15:48:34.250000 3893215 .venv/lib/python3.12/site-packages/torch/_dynamo/convert_frame.py:1994] [1/11]    last reason: 1/7: tensor 'x' size mismatch at index 0. expected 2, actual 19
W0910 15:48:34.250000 3893215 .venv/lib/python3.12/site-packages/torch/_dynamo/convert_frame.py:1994] [1/11] To log all recompilation reasons, use TORCH_LOGS="recompiles".
W0910 15:48:34.250000 3893215 .venv/lib/python3.12/site-packages/torch/_dynamo/convert_frame.py:1994] [1/11] To diagnose recompilation issues, see https://docs.pytorch.org/docs/main/user_guide/torch_compiler/compile/programming_model.recompilation.html
  test_held_out_forms_offsets_empty_and_changed_values (tests.test_compile_cuda_sum_rows.CompileCudaSumTests.test_held_out_forms_offsets_empty_and_changed_values) (expression='x.sum(dim=-1, keepdim=False)', shape=(19, 51), offset=9) ... ERROR
W0910 15:48:34.255000 3893215 .venv/lib/python3.12/site-packages/torch/_dynamo/convert_frame.py:1994] [1/12] torch._dynamo hit config.recompile_limit (8)
W0910 15:48:34.255000 3893215 .venv/lib/python3.12/site-packages/torch/_dynamo/convert_frame.py:1994] [1/12]    function: 'reduction' (<string>:1)
W0910 15:48:34.255000 3893215 .venv/lib/python3.12/site-packages/torch/_dynamo/convert_frame.py:1994] [1/12]    last reason: 1/7: tensor 'x' size mismatch at index 0. expected 2, actual 107
W0910 15:48:34.255000 3893215 .venv/lib/python3.12/site-packages/torch/_dynamo/convert_frame.py:1994] [1/12] To log all recompilation reasons, use TORCH_LOGS="recompiles".
W0910 15:48:34.255000 3893215 .venv/lib/python3.12/site-packages/torch/_dynamo/convert_frame.py:1994] [1/12] To diagnose recompilation issues, see https://docs.pytorch.org/docs/main/user_guide/torch_compiler/compile/programming_model.recompilation.html
  test_held_out_forms_offsets_empty_and_changed_values (tests.test_compile_cuda_sum_rows.CompileCudaSumTests.test_held_out_forms_offsets_empty_and_changed_values) (expression='x.sum(dim=-1, keepdim=False)', shape=(107, 57), offset=0) ... ERROR
W0910 15:48:34.259000 3893215 .venv/lib/python3.12/site-packages/torch/_dynamo/convert_frame.py:1994] [1/13] torch._dynamo hit config.recompile_limit (8)
W0910 15:48:34.259000 3893215 .venv/lib/python3.12/site-packages/torch/_dynamo/convert_frame.py:1994] [1/13]    function: 'reduction' (<string>:1)
W0910 15:48:34.259000 3893215 .venv/lib/python3.12/site-packages/torch/_dynamo/convert_frame.py:1994] [1/13]    last reason: 1/7: tensor 'x' size mismatch at index 0. expected 2, actual 107
W0910 15:48:34.259000 3893215 .venv/lib/python3.12/site-packages/torch/_dynamo/convert_frame.py:1994] [1/13] To log all recompilation reasons, use TORCH_LOGS="recompiles".
W0910 15:48:34.259000 3893215 .venv/lib/python3.12/site-packages/torch/_dynamo/convert_frame.py:1994] [1/13] To diagnose recompilation issues, see https://docs.pytorch.org/docs/main/user_guide/torch_compiler/compile/programming_model.recompilation.html
  test_held_out_forms_offsets_empty_and_changed_values (tests.test_compile_cuda_sum_rows.CompileCudaSumTests.test_held_out_forms_offsets_empty_and_changed_values) (expression='x.sum(dim=-1, keepdim=False)', shape=(107, 57), offset=9) ... ERROR
W0910 15:48:34.263000 3893215 .venv/lib/python3.12/site-packages/torch/_dynamo/convert_frame.py:1994] [1/14] torch._dynamo hit config.recompile_limit (8)
W0910 15:48:34.263000 3893215 .venv/lib/python3.12/site-packages/torch/_dynamo/convert_frame.py:1994] [1/14]    function: 'reduction' (<string>:1)
W0910 15:48:34.263000 3893215 .venv/lib/python3.12/site-packages/torch/_dynamo/convert_frame.py:1994] [1/14]    last reason: 1/7: tensor 'x' size mismatch at index 0. expected 2, actual 95
W0910 15:48:34.263000 3893215 .venv/lib/python3.12/site-packages/torch/_dynamo/convert_frame.py:1994] [1/14] To log all recompilation reasons, use TORCH_LOGS="recompiles".
W0910 15:48:34.263000 3893215 .venv/lib/python3.12/site-packages/torch/_dynamo/convert_frame.py:1994] [1/14] To diagnose recompilation issues, see https://docs.pytorch.org/docs/main/user_guide/torch_compiler/compile/programming_model.recompilation.html
  test_held_out_forms_offsets_empty_and_changed_values (tests.test_compile_cuda_sum_rows.CompileCudaSumTests.test_held_out_forms_offsets_empty_and_changed_values) (expression='x.sum(dim=-1, keepdim=False)', shape=(95, 8), offset=0) ... ERROR
W0910 15:48:34.266000 3893215 .venv/lib/python3.12/site-packages/torch/_dynamo/convert_frame.py:1994] [1/15] torch._dynamo hit config.recompile_limit (8)
W0910 15:48:34.266000 3893215 .venv/lib/python3.12/site-packages/torch/_dynamo/convert_frame.py:1994] [1/15]    function: 'reduction' (<string>:1)
W0910 15:48:34.266000 3893215 .venv/lib/python3.12/site-packages/torch/_dynamo/convert_frame.py:1994] [1/15]    last reason: 1/7: tensor 'x' size mismatch at index 0. expected 2, actual 95
W0910 15:48:34.266000 3893215 .venv/lib/python3.12/site-packages/torch/_dynamo/convert_frame.py:1994] [1/15] To log all recompilation reasons, use TORCH_LOGS="recompiles".
W0910 15:48:34.266000 3893215 .venv/lib/python3.12/site-packages/torch/_dynamo/convert_frame.py:1994] [1/15] To diagnose recompilation issues, see https://docs.pytorch.org/docs/main/user_guide/torch_compiler/compile/programming_model.recompilation.html
  test_held_out_forms_offsets_empty_and_changed_values (tests.test_compile_cuda_sum_rows.CompileCudaSumTests.test_held_out_forms_offsets_empty_and_changed_values) (expression='x.sum(dim=-1, keepdim=False)', shape=(95, 8), offset=9) ... ERROR
W0910 15:48:34.270000 3893215 .venv/lib/python3.12/site-packages/torch/_dynamo/convert_frame.py:1994] [1/16] torch._dynamo hit config.recompile_limit (8)
W0910 15:48:34.270000 3893215 .venv/lib/python3.12/site-packages/torch/_dynamo/convert_frame.py:1994] [1/16]    function: 'reduction' (<string>:1)
W0910 15:48:34.270000 3893215 .venv/lib/python3.12/site-packages/torch/_dynamo/convert_frame.py:1994] [1/16]    last reason: 1/7: tensor 'x' size mismatch at index 0. expected 2, actual 65
W0910 15:48:34.270000 3893215 .venv/lib/python3.12/site-packages/torch/_dynamo/convert_frame.py:1994] [1/16] To log all recompilation reasons, use TORCH_LOGS="recompiles".
W0910 15:48:34.270000 3893215 .venv/lib/python3.12/site-packages/torch/_dynamo/convert_frame.py:1994] [1/16] To diagnose recompilation issues, see https://docs.pytorch.org/docs/main/user_guide/torch_compiler/compile/programming_model.recompilation.html
  test_held_out_forms_offsets_empty_and_changed_values (tests.test_compile_cuda_sum_rows.CompileCudaSumTests.test_held_out_forms_offsets_empty_and_changed_values) (expression='x.sum(dim=-1, keepdim=False)', shape=(65, 12), offset=0) ... ERROR
W0910 15:48:34.273000 3893215 .venv/lib/python3.12/site-packages/torch/_dynamo/convert_frame.py:1994] [1/17] torch._dynamo hit config.recompile_limit (8)
W0910 15:48:34.273000 3893215 .venv/lib/python3.12/site-packages/torch/_dynamo/convert_frame.py:1994] [1/17]    function: 'reduction' (<string>:1)
W0910 15:48:34.273000 3893215 .venv/lib/python3.12/site-packages/torch/_dynamo/convert_frame.py:1994] [1/17]    last reason: 1/7: tensor 'x' size mismatch at index 0. expected 2, actual 65
W0910 15:48:34.273000 3893215 .venv/lib/python3.12/site-packages/torch/_dynamo/convert_frame.py:1994] [1/17] To log all recompilation reasons, use TORCH_LOGS="recompiles".
W0910 15:48:34.273000 3893215 .venv/lib/python3.12/site-packages/torch/_dynamo/convert_frame.py:1994] [1/17] To diagnose recompilation issues, see https://docs.pytorch.org/docs/main/user_guide/torch_compiler/compile/programming_model.recompilation.html
  test_held_out_forms_offsets_empty_and_changed_values (tests.test_compile_cuda_sum_rows.CompileCudaSumTests.test_held_out_forms_offsets_empty_and_changed_values) (expression='x.sum(dim=-1, keepdim=False)', shape=(65, 12), offset=9) ... ERROR
W0910 15:48:34.516000 3893215 .venv/lib/python3.12/site-packages/torch/_dynamo/convert_frame.py:1994] [2/8] torch._dynamo hit config.recompile_limit (8)
W0910 15:48:34.516000 3893215 .venv/lib/python3.12/site-packages/torch/_dynamo/convert_frame.py:1994] [2/8]    function: 'reduction' (<string>:1)
W0910 15:48:34.516000 3893215 .venv/lib/python3.12/site-packages/torch/_dynamo/convert_frame.py:1994] [2/8]    last reason: 2/7: tensor 'x' size mismatch at index 0. expected 2, actual 21
W0910 15:48:34.516000 3893215 .venv/lib/python3.12/site-packages/torch/_dynamo/convert_frame.py:1994] [2/8] To log all recompilation reasons, use TORCH_LOGS="recompiles".
W0910 15:48:34.516000 3893215 .venv/lib/python3.12/site-packages/torch/_dynamo/convert_frame.py:1994] [2/8] To diagnose recompilation issues, see https://docs.pytorch.org/docs/main/user_guide/torch_compiler/compile/programming_model.recompilation.html
  test_held_out_forms_offsets_empty_and_changed_values (tests.test_compile_cuda_sum_rows.CompileCudaSumTests.test_held_out_forms_offsets_empty_and_changed_values) (expression='x.sum(1, True)', shape=(21, 1), offset=0) ... ERROR
W0910 15:48:34.519000 3893215 .venv/lib/python3.12/site-packages/torch/_dynamo/convert_frame.py:1994] [2/9] torch._dynamo hit config.recompile_limit (8)
W0910 15:48:34.519000 3893215 .venv/lib/python3.12/site-packages/torch/_dynamo/convert_frame.py:1994] [2/9]    function: 'reduction' (<string>:1)
W0910 15:48:34.519000 3893215 .venv/lib/python3.12/site-packages/torch/_dynamo/convert_frame.py:1994] [2/9]    last reason: 2/7: tensor 'x' size mismatch at index 0. expected 2, actual 21
W0910 15:48:34.519000 3893215 .venv/lib/python3.12/site-packages/torch/_dynamo/convert_frame.py:1994] [2/9] To log all recompilation reasons, use TORCH_LOGS="recompiles".
W0910 15:48:34.519000 3893215 .venv/lib/python3.12/site-packages/torch/_dynamo/convert_frame.py:1994] [2/9] To diagnose recompilation issues, see https://docs.pytorch.org/docs/main/user_guide/torch_compiler/compile/programming_model.recompilation.html
  test_held_out_forms_offsets_empty_and_changed_values (tests.test_compile_cuda_sum_rows.CompileCudaSumTests.test_held_out_forms_offsets_empty_and_changed_values) (expression='x.sum(1, True)', shape=(21, 1), offset=9) ... ERROR
W0910 15:48:34.523000 3893215 .venv/lib/python3.12/site-packages/torch/_dynamo/convert_frame.py:1994] [2/10] torch._dynamo hit config.recompile_limit (8)
W0910 15:48:34.523000 3893215 .venv/lib/python3.12/site-packages/torch/_dynamo/convert_frame.py:1994] [2/10]    function: 'reduction' (<string>:1)
W0910 15:48:34.523000 3893215 .venv/lib/python3.12/site-packages/torch/_dynamo/convert_frame.py:1994] [2/10]    last reason: 2/7: tensor 'x' size mismatch at index 0. expected 2, actual 19
W0910 15:48:34.523000 3893215 .venv/lib/python3.12/site-packages/torch/_dynamo/convert_frame.py:1994] [2/10] To log all recompilation reasons, use TORCH_LOGS="recompiles".
W0910 15:48:34.523000 3893215 .venv/lib/python3.12/site-packages/torch/_dynamo/convert_frame.py:1994] [2/10] To diagnose recompilation issues, see https://docs.pytorch.org/docs/main/user_guide/torch_compiler/compile/programming_model.recompilation.html
  test_held_out_forms_offsets_empty_and_changed_values (tests.test_compile_cuda_sum_rows.CompileCudaSumTests.test_held_out_forms_offsets_empty_and_changed_values) (expression='x.sum(1, True)', shape=(19, 51), offset=0) ... ERROR
W0910 15:48:34.526000 3893215 .venv/lib/python3.12/site-packages/torch/_dynamo/convert_frame.py:1994] [2/11] torch._dynamo hit config.recompile_limit (8)
W0910 15:48:34.526000 3893215 .venv/lib/python3.12/site-packages/torch/_dynamo/convert_frame.py:1994] [2/11]    function: 'reduction' (<string>:1)
W0910 15:48:34.526000 3893215 .venv/lib/python3.12/site-packages/torch/_dynamo/convert_frame.py:1994] [2/11]    last reason: 2/7: tensor 'x' size mismatch at index 0. expected 2, actual 19
W0910 15:48:34.526000 3893215 .venv/lib/python3.12/site-packages/torch/_dynamo/convert_frame.py:1994] [2/11] To log all recompilation reasons, use TORCH_LOGS="recompiles".
W0910 15:48:34.526000 3893215 .venv/lib/python3.12/site-packages/torch/_dynamo/convert_frame.py:1994] [2/11] To diagnose recompilation issues, see https://docs.pytorch.org/docs/main/user_guide/torch_compiler/compile/programming_model.recompilation.html
  test_held_out_forms_offsets_empty_and_changed_values (tests.test_compile_cuda_sum_rows.CompileCudaSumTests.test_held_out_forms_offsets_empty_and_changed_values) (expression='x.sum(1, True)', shape=(19, 51), offset=9) ... ERROR
W0910 15:48:34.531000 3893215 .venv/lib/python3.12/site-packages/torch/_dynamo/convert_frame.py:1994] [2/12] torch._dynamo hit config.recompile_limit (8)
W0910 15:48:34.531000 3893215 .venv/lib/python3.12/site-packages/torch/_dynamo/convert_frame.py:1994] [2/12]    function: 'reduction' (<string>:1)
W0910 15:48:34.531000 3893215 .venv/lib/python3.12/site-packages/torch/_dynamo/convert_frame.py:1994] [2/12]    last reason: 2/7: tensor 'x' size mismatch at index 0. expected 2, actual 107
W0910 15:48:34.531000 3893215 .venv/lib/python3.12/site-packages/torch/_dynamo/convert_frame.py:1994] [2/12] To log all recompilation reasons, use TORCH_LOGS="recompiles".
W0910 15:48:34.531000 3893215 .venv/lib/python3.12/site-packages/torch/_dynamo/convert_frame.py:1994] [2/12] To diagnose recompilation issues, see https://docs.pytorch.org/docs/main/user_guide/torch_compiler/compile/programming_model.recompilation.html
  test_held_out_forms_offsets_empty_and_changed_values (tests.test_compile_cuda_sum_rows.CompileCudaSumTests.test_held_out_forms_offsets_empty_and_changed_values) (expression='x.sum(1, True)', shape=(107, 57), offset=0) ... ERROR
W0910 15:48:34.536000 3893215 .venv/lib/python3.12/site-packages/torch/_dynamo/convert_frame.py:1994] [2/13] torch._dynamo hit config.recompile_limit (8)
W0910 15:48:34.536000 3893215 .venv/lib/python3.12/site-packages/torch/_dynamo/convert_frame.py:1994] [2/13]    function: 'reduction' (<string>:1)
W0910 15:48:34.536000 3893215 .venv/lib/python3.12/site-packages/torch/_dynamo/convert_frame.py:1994] [2/13]    last reason: 2/7: tensor 'x' size mismatch at index 0. expected 2, actual 107
W0910 15:48:34.536000 3893215 .venv/lib/python3.12/site-packages/torch/_dynamo/convert_frame.py:1994] [2/13] To log all recompilation reasons, use TORCH_LOGS="recompiles".
W0910 15:48:34.536000 3893215 .venv/lib/python3.12/site-packages/torch/_dynamo/convert_frame.py:1994] [2/13] To diagnose recompilation issues, see https://docs.pytorch.org/docs/main/user_guide/torch_compiler/compile/programming_model.recompilation.html
  test_held_out_forms_offsets_empty_and_changed_values (tests.test_compile_cuda_sum_rows.CompileCudaSumTests.test_held_out_forms_offsets_empty_and_changed_values) (expression='x.sum(1, True)', shape=(107, 57), offset=9) ... ERROR
W0910 15:48:34.539000 3893215 .venv/lib/python3.12/site-packages/torch/_dynamo/convert_frame.py:1994] [2/14] torch._dynamo hit config.recompile_limit (8)
W0910 15:48:34.539000 3893215 .venv/lib/python3.12/site-packages/torch/_dynamo/convert_frame.py:1994] [2/14]    function: 'reduction' (<string>:1)
W0910 15:48:34.539000 3893215 .venv/lib/python3.12/site-packages/torch/_dynamo/convert_frame.py:1994] [2/14]    last reason: 2/7: tensor 'x' size mismatch at index 0. expected 2, actual 95
W0910 15:48:34.539000 3893215 .venv/lib/python3.12/site-packages/torch/_dynamo/convert_frame.py:1994] [2/14] To log all recompilation reasons, use TORCH_LOGS="recompiles".
W0910 15:48:34.539000 3893215 .venv/lib/python3.12/site-packages/torch/_dynamo/convert_frame.py:1994] [2/14] To diagnose recompilation issues, see https://docs.pytorch.org/docs/main/user_guide/torch_compiler/compile/programming_model.recompilation.html
  test_held_out_forms_offsets_empty_and_changed_values (tests.test_compile_cuda_sum_rows.CompileCudaSumTests.test_held_out_forms_offsets_empty_and_changed_values) (expression='x.sum(1, True)', shape=(95, 8), offset=0) ... ERROR
W0910 15:48:34.542000 3893215 .venv/lib/python3.12/site-packages/torch/_dynamo/convert_frame.py:1994] [2/15] torch._dynamo hit config.recompile_limit (8)
W0910 15:48:34.542000 3893215 .venv/lib/python3.12/site-packages/torch/_dynamo/convert_frame.py:1994] [2/15]    function: 'reduction' (<string>:1)
W0910 15:48:34.542000 3893215 .venv/lib/python3.12/site-packages/torch/_dynamo/convert_frame.py:1994] [2/15]    last reason: 2/7: tensor 'x' size mismatch at index 0. expected 2, actual 95
W0910 15:48:34.542000 3893215 .venv/lib/python3.12/site-packages/torch/_dynamo/convert_frame.py:1994] [2/15] To log all recompilation reasons, use TORCH_LOGS="recompiles".
W0910 15:48:34.542000 3893215 .venv/lib/python3.12/site-packages/torch/_dynamo/convert_frame.py:1994] [2/15] To diagnose recompilation issues, see https://docs.pytorch.org/docs/main/user_guide/torch_compiler/compile/programming_model.recompilation.html
  test_held_out_forms_offsets_empty_and_changed_values (tests.test_compile_cuda_sum_rows.CompileCudaSumTests.test_held_out_forms_offsets_empty_and_changed_values) (expression='x.sum(1, True)', shape=(95, 8), offset=9) ... ERROR
W0910 15:48:34.546000 3893215 .venv/lib/python3.12/site-packages/torch/_dynamo/convert_frame.py:1994] [2/16] torch._dynamo hit config.recompile_limit (8)
W0910 15:48:34.546000 3893215 .venv/lib/python3.12/site-packages/torch/_dynamo/convert_frame.py:1994] [2/16]    function: 'reduction' (<string>:1)
W0910 15:48:34.546000 3893215 .venv/lib/python3.12/site-packages/torch/_dynamo/convert_frame.py:1994] [2/16]    last reason: 2/7: tensor 'x' size mismatch at index 0. expected 2, actual 65
W0910 15:48:34.546000 3893215 .venv/lib/python3.12/site-packages/torch/_dynamo/convert_frame.py:1994] [2/16] To log all recompilation reasons, use TORCH_LOGS="recompiles".
W0910 15:48:34.546000 3893215 .venv/lib/python3.12/site-packages/torch/_dynamo/convert_frame.py:1994] [2/16] To diagnose recompilation issues, see https://docs.pytorch.org/docs/main/user_guide/torch_compiler/compile/programming_model.recompilation.html
  test_held_out_forms_offsets_empty_and_changed_values (tests.test_compile_cuda_sum_rows.CompileCudaSumTests.test_held_out_forms_offsets_empty_and_changed_values) (expression='x.sum(1, True)', shape=(65, 12), offset=0) ... ERROR
W0910 15:48:34.549000 3893215 .venv/lib/python3.12/site-packages/torch/_dynamo/convert_frame.py:1994] [2/17] torch._dynamo hit config.recompile_limit (8)
W0910 15:48:34.549000 3893215 .venv/lib/python3.12/site-packages/torch/_dynamo/convert_frame.py:1994] [2/17]    function: 'reduction' (<string>:1)
W0910 15:48:34.549000 3893215 .venv/lib/python3.12/site-packages/torch/_dynamo/convert_frame.py:1994] [2/17]    last reason: 2/7: tensor 'x' size mismatch at index 0. expected 2, actual 65
W0910 15:48:34.549000 3893215 .venv/lib/python3.12/site-packages/torch/_dynamo/convert_frame.py:1994] [2/17] To log all recompilation reasons, use TORCH_LOGS="recompiles".
W0910 15:48:34.549000 3893215 .venv/lib/python3.12/site-packages/torch/_dynamo/convert_frame.py:1994] [2/17] To diagnose recompilation issues, see https://docs.pytorch.org/docs/main/user_guide/torch_compiler/compile/programming_model.recompilation.html
  test_held_out_forms_offsets_empty_and_changed_values (tests.test_compile_cuda_sum_rows.CompileCudaSumTests.test_held_out_forms_offsets_empty_and_changed_values) (expression='x.sum(1, True)', shape=(65, 12), offset=9) ... ERROR
W0910 15:48:34.776000 3893215 .venv/lib/python3.12/site-packages/torch/_dynamo/convert_frame.py:1994] [3/8] torch._dynamo hit config.recompile_limit (8)
W0910 15:48:34.776000 3893215 .venv/lib/python3.12/site-packages/torch/_dynamo/convert_frame.py:1994] [3/8]    function: 'reduction' (<string>:1)
W0910 15:48:34.776000 3893215 .venv/lib/python3.12/site-packages/torch/_dynamo/convert_frame.py:1994] [3/8]    last reason: 3/7: tensor 'x' size mismatch at index 0. expected 2, actual 21
W0910 15:48:34.776000 3893215 .venv/lib/python3.12/site-packages/torch/_dynamo/convert_frame.py:1994] [3/8] To log all recompilation reasons, use TORCH_LOGS="recompiles".
W0910 15:48:34.776000 3893215 .venv/lib/python3.12/site-packages/torch/_dynamo/convert_frame.py:1994] [3/8] To diagnose recompilation issues, see https://docs.pytorch.org/docs/main/user_guide/torch_compiler/compile/programming_model.recompilation.html
  test_held_out_forms_offsets_empty_and_changed_values (tests.test_compile_cuda_sum_rows.CompileCudaSumTests.test_held_out_forms_offsets_empty_and_changed_values) (expression='x.sum(-1, keepdim=True)', shape=(21, 1), offset=0) ... ERROR
W0910 15:48:34.780000 3893215 .venv/lib/python3.12/site-packages/torch/_dynamo/convert_frame.py:1994] [3/9] torch._dynamo hit config.recompile_limit (8)
W0910 15:48:34.780000 3893215 .venv/lib/python3.12/site-packages/torch/_dynamo/convert_frame.py:1994] [3/9]    function: 'reduction' (<string>:1)
W0910 15:48:34.780000 3893215 .venv/lib/python3.12/site-packages/torch/_dynamo/convert_frame.py:1994] [3/9]    last reason: 3/7: tensor 'x' size mismatch at index 0. expected 2, actual 21
W0910 15:48:34.780000 3893215 .venv/lib/python3.12/site-packages/torch/_dynamo/convert_frame.py:1994] [3/9] To log all recompilation reasons, use TORCH_LOGS="recompiles".
W0910 15:48:34.780000 3893215 .venv/lib/python3.12/site-packages/torch/_dynamo/convert_frame.py:1994] [3/9] To diagnose recompilation issues, see https://docs.pytorch.org/docs/main/user_guide/torch_compiler/compile/programming_model.recompilation.html
  test_held_out_forms_offsets_empty_and_changed_values (tests.test_compile_cuda_sum_rows.CompileCudaSumTests.test_held_out_forms_offsets_empty_and_changed_values) (expression='x.sum(-1, keepdim=True)', shape=(21, 1), offset=9) ... ERROR
W0910 15:48:34.784000 3893215 .venv/lib/python3.12/site-packages/torch/_dynamo/convert_frame.py:1994] [3/10] torch._dynamo hit config.recompile_limit (8)
W0910 15:48:34.784000 3893215 .venv/lib/python3.12/site-packages/torch/_dynamo/convert_frame.py:1994] [3/10]    function: 'reduction' (<string>:1)
W0910 15:48:34.784000 3893215 .venv/lib/python3.12/site-packages/torch/_dynamo/convert_frame.py:1994] [3/10]    last reason: 3/7: tensor 'x' size mismatch at index 0. expected 2, actual 19
W0910 15:48:34.784000 3893215 .venv/lib/python3.12/site-packages/torch/_dynamo/convert_frame.py:1994] [3/10] To log all recompilation reasons, use TORCH_LOGS="recompiles".
W0910 15:48:34.784000 3893215 .venv/lib/python3.12/site-packages/torch/_dynamo/convert_frame.py:1994] [3/10] To diagnose recompilation issues, see https://docs.pytorch.org/docs/main/user_guide/torch_compiler/compile/programming_model.recompilation.html
  test_held_out_forms_offsets_empty_and_changed_values (tests.test_compile_cuda_sum_rows.CompileCudaSumTests.test_held_out_forms_offsets_empty_and_changed_values) (expression='x.sum(-1, keepdim=True)', shape=(19, 51), offset=0) ... ERROR
W0910 15:48:34.787000 3893215 .venv/lib/python3.12/site-packages/torch/_dynamo/convert_frame.py:1994] [3/11] torch._dynamo hit config.recompile_limit (8)
W0910 15:48:34.787000 3893215 .venv/lib/python3.12/site-packages/torch/_dynamo/convert_frame.py:1994] [3/11]    function: 'reduction' (<string>:1)
W0910 15:48:34.787000 3893215 .venv/lib/python3.12/site-packages/torch/_dynamo/convert_frame.py:1994] [3/11]    last reason: 3/7: tensor 'x' size mismatch at index 0. expected 2, actual 19
W0910 15:48:34.787000 3893215 .venv/lib/python3.12/site-packages/torch/_dynamo/convert_frame.py:1994] [3/11] To log all recompilation reasons, use TORCH_LOGS="recompiles".
W0910 15:48:34.787000 3893215 .venv/lib/python3.12/site-packages/torch/_dynamo/convert_frame.py:1994] [3/11] To diagnose recompilation issues, see https://docs.pytorch.org/docs/main/user_guide/torch_compiler/compile/programming_model.recompilation.html
  test_held_out_forms_offsets_empty_and_changed_values (tests.test_compile_cuda_sum_rows.CompileCudaSumTests.test_held_out_forms_offsets_empty_and_changed_values) (expression='x.sum(-1, keepdim=True)', shape=(19, 51), offset=9) ... ERROR
W0910 15:48:34.792000 3893215 .venv/lib/python3.12/site-packages/torch/_dynamo/convert_frame.py:1994] [3/12] torch._dynamo hit config.recompile_limit (8)
W0910 15:48:34.792000 3893215 .venv/lib/python3.12/site-packages/torch/_dynamo/convert_frame.py:1994] [3/12]    function: 'reduction' (<string>:1)
W0910 15:48:34.792000 3893215 .venv/lib/python3.12/site-packages/torch/_dynamo/convert_frame.py:1994] [3/12]    last reason: 3/7: tensor 'x' size mismatch at index 0. expected 2, actual 107
W0910 15:48:34.792000 3893215 .venv/lib/python3.12/site-packages/torch/_dynamo/convert_frame.py:1994] [3/12] To log all recompilation reasons, use TORCH_LOGS="recompiles".
W0910 15:48:34.792000 3893215 .venv/lib/python3.12/site-packages/torch/_dynamo/convert_frame.py:1994] [3/12] To diagnose recompilation issues, see https://docs.pytorch.org/docs/main/user_guide/torch_compiler/compile/programming_model.recompilation.html
  test_held_out_forms_offsets_empty_and_changed_values (tests.test_compile_cuda_sum_rows.CompileCudaSumTests.test_held_out_forms_offsets_empty_and_changed_values) (expression='x.sum(-1, keepdim=True)', shape=(107, 57), offset=0) ... ERROR
W0910 15:48:34.797000 3893215 .venv/lib/python3.12/site-packages/torch/_dynamo/convert_frame.py:1994] [3/13] torch._dynamo hit config.recompile_limit (8)
W0910 15:48:34.797000 3893215 .venv/lib/python3.12/site-packages/torch/_dynamo/convert_frame.py:1994] [3/13]    function: 'reduction' (<string>:1)
W0910 15:48:34.797000 3893215 .venv/lib/python3.12/site-packages/torch/_dynamo/convert_frame.py:1994] [3/13]    last reason: 3/7: tensor 'x' size mismatch at index 0. expected 2, actual 107
W0910 15:48:34.797000 3893215 .venv/lib/python3.12/site-packages/torch/_dynamo/convert_frame.py:1994] [3/13] To log all recompilation reasons, use TORCH_LOGS="recompiles".
W0910 15:48:34.797000 3893215 .venv/lib/python3.12/site-packages/torch/_dynamo/convert_frame.py:1994] [3/13] To diagnose recompilation issues, see https://docs.pytorch.org/docs/main/user_guide/torch_compiler/compile/programming_model.recompilation.html
  test_held_out_forms_offsets_empty_and_changed_values (tests.test_compile_cuda_sum_rows.CompileCudaSumTests.test_held_out_forms_offsets_empty_and_changed_values) (expression='x.sum(-1, keepdim=True)', shape=(107, 57), offset=9) ... ERROR
W0910 15:48:34.800000 3893215 .venv/lib/python3.12/site-packages/torch/_dynamo/convert_frame.py:1994] [3/14] torch._dynamo hit config.recompile_limit (8)
W0910 15:48:34.800000 3893215 .venv/lib/python3.12/site-packages/torch/_dynamo/convert_frame.py:1994] [3/14]    function: 'reduction' (<string>:1)
W0910 15:48:34.800000 3893215 .venv/lib/python3.12/site-packages/torch/_dynamo/convert_frame.py:1994] [3/14]    last reason: 3/7: tensor 'x' size mismatch at index 0. expected 2, actual 95
W0910 15:48:34.800000 3893215 .venv/lib/python3.12/site-packages/torch/_dynamo/convert_frame.py:1994] [3/14] To log all recompilation reasons, use TORCH_LOGS="recompiles".
W0910 15:48:34.800000 3893215 .venv/lib/python3.12/site-packages/torch/_dynamo/convert_frame.py:1994] [3/14] To diagnose recompilation issues, see https://docs.pytorch.org/docs/main/user_guide/torch_compiler/compile/programming_model.recompilation.html
  test_held_out_forms_offsets_empty_and_changed_values (tests.test_compile_cuda_sum_rows.CompileCudaSumTests.test_held_out_forms_offsets_empty_and_changed_values) (expression='x.sum(-1, keepdim=True)', shape=(95, 8), offset=0) ... ERROR
W0910 15:48:34.804000 3893215 .venv/lib/python3.12/site-packages/torch/_dynamo/convert_frame.py:1994] [3/15] torch._dynamo hit config.recompile_limit (8)
W0910 15:48:34.804000 3893215 .venv/lib/python3.12/site-packages/torch/_dynamo/convert_frame.py:1994] [3/15]    function: 'reduction' (<string>:1)
W0910 15:48:34.804000 3893215 .venv/lib/python3.12/site-packages/torch/_dynamo/convert_frame.py:1994] [3/15]    last reason: 3/7: tensor 'x' size mismatch at index 0. expected 2, actual 95
W0910 15:48:34.804000 3893215 .venv/lib/python3.12/site-packages/torch/_dynamo/convert_frame.py:1994] [3/15] To log all recompilation reasons, use TORCH_LOGS="recompiles".
W0910 15:48:34.804000 3893215 .venv/lib/python3.12/site-packages/torch/_dynamo/convert_frame.py:1994] [3/15] To diagnose recompilation issues, see https://docs.pytorch.org/docs/main/user_guide/torch_compiler/compile/programming_model.recompilation.html
  test_held_out_forms_offsets_empty_and_changed_values (tests.test_compile_cuda_sum_rows.CompileCudaSumTests.test_held_out_forms_offsets_empty_and_changed_values) (expression='x.sum(-1, keepdim=True)', shape=(95, 8), offset=9) ... ERROR
W0910 15:48:34.807000 3893215 .venv/lib/python3.12/site-packages/torch/_dynamo/convert_frame.py:1994] [3/16] torch._dynamo hit config.recompile_limit (8)
W0910 15:48:34.807000 3893215 .venv/lib/python3.12/site-packages/torch/_dynamo/convert_frame.py:1994] [3/16]    function: 'reduction' (<string>:1)
W0910 15:48:34.807000 3893215 .venv/lib/python3.12/site-packages/torch/_dynamo/convert_frame.py:1994] [3/16]    last reason: 3/7: tensor 'x' size mismatch at index 0. expected 2, actual 65
W0910 15:48:34.807000 3893215 .venv/lib/python3.12/site-packages/torch/_dynamo/convert_frame.py:1994] [3/16] To log all recompilation reasons, use TORCH_LOGS="recompiles".
W0910 15:48:34.807000 3893215 .venv/lib/python3.12/site-packages/torch/_dynamo/convert_frame.py:1994] [3/16] To diagnose recompilation issues, see https://docs.pytorch.org/docs/main/user_guide/torch_compiler/compile/programming_model.recompilation.html
  test_held_out_forms_offsets_empty_and_changed_values (tests.test_compile_cuda_sum_rows.CompileCudaSumTests.test_held_out_forms_offsets_empty_and_changed_values) (expression='x.sum(-1, keepdim=True)', shape=(65, 12), offset=0) ... ERROR
W0910 15:48:34.810000 3893215 .venv/lib/python3.12/site-packages/torch/_dynamo/convert_frame.py:1994] [3/17] torch._dynamo hit config.recompile_limit (8)
W0910 15:48:34.810000 3893215 .venv/lib/python3.12/site-packages/torch/_dynamo/convert_frame.py:1994] [3/17]    function: 'reduction' (<string>:1)
W0910 15:48:34.810000 3893215 .venv/lib/python3.12/site-packages/torch/_dynamo/convert_frame.py:1994] [3/17]    last reason: 3/7: tensor 'x' size mismatch at index 0. expected 2, actual 65
W0910 15:48:34.810000 3893215 .venv/lib/python3.12/site-packages/torch/_dynamo/convert_frame.py:1994] [3/17] To log all recompilation reasons, use TORCH_LOGS="recompiles".
W0910 15:48:34.810000 3893215 .venv/lib/python3.12/site-packages/torch/_dynamo/convert_frame.py:1994] [3/17] To diagnose recompilation issues, see https://docs.pytorch.org/docs/main/user_guide/torch_compiler/compile/programming_model.recompilation.html
  test_held_out_forms_offsets_empty_and_changed_values (tests.test_compile_cuda_sum_rows.CompileCudaSumTests.test_held_out_forms_offsets_empty_and_changed_values) (expression='x.sum(-1, keepdim=True)', shape=(65, 12), offset=9) ... ERROR
W0910 15:48:35.031000 3893215 .venv/lib/python3.12/site-packages/torch/_dynamo/convert_frame.py:1994] [4/8] torch._dynamo hit config.recompile_limit (8)
W0910 15:48:35.031000 3893215 .venv/lib/python3.12/site-packages/torch/_dynamo/convert_frame.py:1994] [4/8]    function: 'reduction' (<string>:1)
W0910 15:48:35.031000 3893215 .venv/lib/python3.12/site-packages/torch/_dynamo/convert_frame.py:1994] [4/8]    last reason: 4/7: tensor 'x' size mismatch at index 0. expected 2, actual 21
W0910 15:48:35.031000 3893215 .venv/lib/python3.12/site-packages/torch/_dynamo/convert_frame.py:1994] [4/8] To log all recompilation reasons, use TORCH_LOGS="recompiles".
W0910 15:48:35.031000 3893215 .venv/lib/python3.12/site-packages/torch/_dynamo/convert_frame.py:1994] [4/8] To diagnose recompilation issues, see https://docs.pytorch.org/docs/main/user_guide/torch_compiler/compile/programming_model.recompilation.html
  test_held_out_forms_offsets_empty_and_changed_values (tests.test_compile_cuda_sum_rows.CompileCudaSumTests.test_held_out_forms_offsets_empty_and_changed_values) (expression='x.sum(keepdim=True, dim=1)', shape=(21, 1), offset=0) ... ERROR
W0910 15:48:35.035000 3893215 .venv/lib/python3.12/site-packages/torch/_dynamo/convert_frame.py:1994] [4/9] torch._dynamo hit config.recompile_limit (8)
W0910 15:48:35.035000 3893215 .venv/lib/python3.12/site-packages/torch/_dynamo/convert_frame.py:1994] [4/9]    function: 'reduction' (<string>:1)
W0910 15:48:35.035000 3893215 .venv/lib/python3.12/site-packages/torch/_dynamo/convert_frame.py:1994] [4/9]    last reason: 4/7: tensor 'x' size mismatch at index 0. expected 2, actual 21
W0910 15:48:35.035000 3893215 .venv/lib/python3.12/site-packages/torch/_dynamo/convert_frame.py:1994] [4/9] To log all recompilation reasons, use TORCH_LOGS="recompiles".
W0910 15:48:35.035000 3893215 .venv/lib/python3.12/site-packages/torch/_dynamo/convert_frame.py:1994] [4/9] To diagnose recompilation issues, see https://docs.pytorch.org/docs/main/user_guide/torch_compiler/compile/programming_model.recompilation.html
  test_held_out_forms_offsets_empty_and_changed_values (tests.test_compile_cuda_sum_rows.CompileCudaSumTests.test_held_out_forms_offsets_empty_and_changed_values) (expression='x.sum(keepdim=True, dim=1)', shape=(21, 1), offset=9) ... ERROR
W0910 15:48:35.039000 3893215 .venv/lib/python3.12/site-packages/torch/_dynamo/convert_frame.py:1994] [4/10] torch._dynamo hit config.recompile_limit (8)
W0910 15:48:35.039000 3893215 .venv/lib/python3.12/site-packages/torch/_dynamo/convert_frame.py:1994] [4/10]    function: 'reduction' (<string>:1)
W0910 15:48:35.039000 3893215 .venv/lib/python3.12/site-packages/torch/_dynamo/convert_frame.py:1994] [4/10]    last reason: 4/7: tensor 'x' size mismatch at index 0. expected 2, actual 19
W0910 15:48:35.039000 3893215 .venv/lib/python3.12/site-packages/torch/_dynamo/convert_frame.py:1994] [4/10] To log all recompilation reasons, use TORCH_LOGS="recompiles".
W0910 15:48:35.039000 3893215 .venv/lib/python3.12/site-packages/torch/_dynamo/convert_frame.py:1994] [4/10] To diagnose recompilation issues, see https://docs.pytorch.org/docs/main/user_guide/torch_compiler/compile/programming_model.recompilation.html
  test_held_out_forms_offsets_empty_and_changed_values (tests.test_compile_cuda_sum_rows.CompileCudaSumTests.test_held_out_forms_offsets_empty_and_changed_values) (expression='x.sum(keepdim=True, dim=1)', shape=(19, 51), offset=0) ... ERROR
W0910 15:48:35.043000 3893215 .venv/lib/python3.12/site-packages/torch/_dynamo/convert_frame.py:1994] [4/11] torch._dynamo hit config.recompile_limit (8)
W0910 15:48:35.043000 3893215 .venv/lib/python3.12/site-packages/torch/_dynamo/convert_frame.py:1994] [4/11]    function: 'reduction' (<string>:1)
W0910 15:48:35.043000 3893215 .venv/lib/python3.12/site-packages/torch/_dynamo/convert_frame.py:1994] [4/11]    last reason: 4/7: tensor 'x' size mismatch at index 0. expected 2, actual 19
W0910 15:48:35.043000 3893215 .venv/lib/python3.12/site-packages/torch/_dynamo/convert_frame.py:1994] [4/11] To log all recompilation reasons, use TORCH_LOGS="recompiles".
W0910 15:48:35.043000 3893215 .venv/lib/python3.12/site-packages/torch/_dynamo/convert_frame.py:1994] [4/11] To diagnose recompilation issues, see https://docs.pytorch.org/docs/main/user_guide/torch_compiler/compile/programming_model.recompilation.html
  test_held_out_forms_offsets_empty_and_changed_values (tests.test_compile_cuda_sum_rows.CompileCudaSumTests.test_held_out_forms_offsets_empty_and_changed_values) (expression='x.sum(keepdim=True, dim=1)', shape=(19, 51), offset=9) ... ERROR
W0910 15:48:35.047000 3893215 .venv/lib/python3.12/site-packages/torch/_dynamo/convert_frame.py:1994] [4/12] torch._dynamo hit config.recompile_limit (8)
W0910 15:48:35.047000 3893215 .venv/lib/python3.12/site-packages/torch/_dynamo/convert_frame.py:1994] [4/12]    function: 'reduction' (<string>:1)
W0910 15:48:35.047000 3893215 .venv/lib/python3.12/site-packages/torch/_dynamo/convert_frame.py:1994] [4/12]    last reason: 4/7: tensor 'x' size mismatch at index 0. expected 2, actual 107
W0910 15:48:35.047000 3893215 .venv/lib/python3.12/site-packages/torch/_dynamo/convert_frame.py:1994] [4/12] To log all recompilation reasons, use TORCH_LOGS="recompiles".
W0910 15:48:35.047000 3893215 .venv/lib/python3.12/site-packages/torch/_dynamo/convert_frame.py:1994] [4/12] To diagnose recompilation issues, see https://docs.pytorch.org/docs/main/user_guide/torch_compiler/compile/programming_model.recompilation.html
  test_held_out_forms_offsets_empty_and_changed_values (tests.test_compile_cuda_sum_rows.CompileCudaSumTests.test_held_out_forms_offsets_empty_and_changed_values) (expression='x.sum(keepdim=True, dim=1)', shape=(107, 57), offset=0) ... ERROR
W0910 15:48:35.052000 3893215 .venv/lib/python3.12/site-packages/torch/_dynamo/convert_frame.py:1994] [4/13] torch._dynamo hit config.recompile_limit (8)
W0910 15:48:35.052000 3893215 .venv/lib/python3.12/site-packages/torch/_dynamo/convert_frame.py:1994] [4/13]    function: 'reduction' (<string>:1)
W0910 15:48:35.052000 3893215 .venv/lib/python3.12/site-packages/torch/_dynamo/convert_frame.py:1994] [4/13]    last reason: 4/7: tensor 'x' size mismatch at index 0. expected 2, actual 107
W0910 15:48:35.052000 3893215 .venv/lib/python3.12/site-packages/torch/_dynamo/convert_frame.py:1994] [4/13] To log all recompilation reasons, use TORCH_LOGS="recompiles".
W0910 15:48:35.052000 3893215 .venv/lib/python3.12/site-packages/torch/_dynamo/convert_frame.py:1994] [4/13] To diagnose recompilation issues, see https://docs.pytorch.org/docs/main/user_guide/torch_compiler/compile/programming_model.recompilation.html
  test_held_out_forms_offsets_empty_and_changed_values (tests.test_compile_cuda_sum_rows.CompileCudaSumTests.test_held_out_forms_offsets_empty_and_changed_values) (expression='x.sum(keepdim=True, dim=1)', shape=(107, 57), offset=9) ... ERROR
W0910 15:48:35.055000 3893215 .venv/lib/python3.12/site-packages/torch/_dynamo/convert_frame.py:1994] [4/14] torch._dynamo hit config.recompile_limit (8)
W0910 15:48:35.055000 3893215 .venv/lib/python3.12/site-packages/torch/_dynamo/convert_frame.py:1994] [4/14]    function: 'reduction' (<string>:1)
W0910 15:48:35.055000 3893215 .venv/lib/python3.12/site-packages/torch/_dynamo/convert_frame.py:1994] [4/14]    last reason: 4/7: tensor 'x' size mismatch at index 0. expected 2, actual 95
W0910 15:48:35.055000 3893215 .venv/lib/python3.12/site-packages/torch/_dynamo/convert_frame.py:1994] [4/14] To log all recompilation reasons, use TORCH_LOGS="recompiles".
W0910 15:48:35.055000 3893215 .venv/lib/python3.12/site-packages/torch/_dynamo/convert_frame.py:1994] [4/14] To diagnose recompilation issues, see https://docs.pytorch.org/docs/main/user_guide/torch_compiler/compile/programming_model.recompilation.html
  test_held_out_forms_offsets_empty_and_changed_values (tests.test_compile_cuda_sum_rows.CompileCudaSumTests.test_held_out_forms_offsets_empty_and_changed_values) (expression='x.sum(keepdim=True, dim=1)', shape=(95, 8), offset=0) ... ERROR
W0910 15:48:35.059000 3893215 .venv/lib/python3.12/site-packages/torch/_dynamo/convert_frame.py:1994] [4/15] torch._dynamo hit config.recompile_limit (8)
W0910 15:48:35.059000 3893215 .venv/lib/python3.12/site-packages/torch/_dynamo/convert_frame.py:1994] [4/15]    function: 'reduction' (<string>:1)
W0910 15:48:35.059000 3893215 .venv/lib/python3.12/site-packages/torch/_dynamo/convert_frame.py:1994] [4/15]    last reason: 4/7: tensor 'x' size mismatch at index 0. expected 2, actual 95
W0910 15:48:35.059000 3893215 .venv/lib/python3.12/site-packages/torch/_dynamo/convert_frame.py:1994] [4/15] To log all recompilation reasons, use TORCH_LOGS="recompiles".
W0910 15:48:35.059000 3893215 .venv/lib/python3.12/site-packages/torch/_dynamo/convert_frame.py:1994] [4/15] To diagnose recompilation issues, see https://docs.pytorch.org/docs/main/user_guide/torch_compiler/compile/programming_model.recompilation.html
  test_held_out_forms_offsets_empty_and_changed_values (tests.test_compile_cuda_sum_rows.CompileCudaSumTests.test_held_out_forms_offsets_empty_and_changed_values) (expression='x.sum(keepdim=True, dim=1)', shape=(95, 8), offset=9) ... ERROR
W0910 15:48:35.062000 3893215 .venv/lib/python3.12/site-packages/torch/_dynamo/convert_frame.py:1994] [4/16] torch._dynamo hit config.recompile_limit (8)
W0910 15:48:35.062000 3893215 .venv/lib/python3.12/site-packages/torch/_dynamo/convert_frame.py:1994] [4/16]    function: 'reduction' (<string>:1)
W0910 15:48:35.062000 3893215 .venv/lib/python3.12/site-packages/torch/_dynamo/convert_frame.py:1994] [4/16]    last reason: 4/7: tensor 'x' size mismatch at index 0. expected 2, actual 65
W0910 15:48:35.062000 3893215 .venv/lib/python3.12/site-packages/torch/_dynamo/convert_frame.py:1994] [4/16] To log all recompilation reasons, use TORCH_LOGS="recompiles".
W0910 15:48:35.062000 3893215 .venv/lib/python3.12/site-packages/torch/_dynamo/convert_frame.py:1994] [4/16] To diagnose recompilation issues, see https://docs.pytorch.org/docs/main/user_guide/torch_compiler/compile/programming_model.recompilation.html
  test_held_out_forms_offsets_empty_and_changed_values (tests.test_compile_cuda_sum_rows.CompileCudaSumTests.test_held_out_forms_offsets_empty_and_changed_values) (expression='x.sum(keepdim=True, dim=1)', shape=(65, 12), offset=0) ... ERROR
W0910 15:48:35.066000 3893215 .venv/lib/python3.12/site-packages/torch/_dynamo/convert_frame.py:1994] [4/17] torch._dynamo hit config.recompile_limit (8)
W0910 15:48:35.066000 3893215 .venv/lib/python3.12/site-packages/torch/_dynamo/convert_frame.py:1994] [4/17]    function: 'reduction' (<string>:1)
W0910 15:48:35.066000 3893215 .venv/lib/python3.12/site-packages/torch/_dynamo/convert_frame.py:1994] [4/17]    last reason: 4/7: tensor 'x' size mismatch at index 0. expected 2, actual 65
W0910 15:48:35.066000 3893215 .venv/lib/python3.12/site-packages/torch/_dynamo/convert_frame.py:1994] [4/17] To log all recompilation reasons, use TORCH_LOGS="recompiles".
W0910 15:48:35.066000 3893215 .venv/lib/python3.12/site-packages/torch/_dynamo/convert_frame.py:1994] [4/17] To diagnose recompilation issues, see https://docs.pytorch.org/docs/main/user_guide/torch_compiler/compile/programming_model.recompilation.html
  test_held_out_forms_offsets_empty_and_changed_values (tests.test_compile_cuda_sum_rows.CompileCudaSumTests.test_held_out_forms_offsets_empty_and_changed_values) (expression='x.sum(keepdim=True, dim=1)', shape=(65, 12), offset=9) ... ERROR
test_rejections_and_live_method_mutation (tests.test_compile_cuda_sum_rows.CompileCudaSumTests.test_rejections_and_live_method_mutation) ... ERROR
test_stream_completion_and_independent_output (tests.test_compile_cuda_sum_rows.CompileCudaSumTests.test_stream_completion_and_independent_output) ... ERROR
test_cancellation_nonfinite_and_subnormal_values (tests.test_cuda_sum_rows.CudaSumRowsTests.test_cancellation_nonfinite_and_subnormal_values) ... ok
test_completion_fresh_storage_and_thread_lifetimes (tests.test_cuda_sum_rows.CudaSumRowsTests.test_completion_fresh_storage_and_thread_lifetimes) ... ok
test_float32_cancellation_and_intermediate_overflow (tests.test_cuda_sum_rows.CudaSumRowsTests.test_float32_cancellation_and_intermediate_overflow) ... ok
test_generated_rectangles_forms_and_preservation (tests.test_cuda_sum_rows.CudaSumRowsTests.test_generated_rectangles_forms_and_preservation) ... ok
test_no_pytorch_forwarding (tests.test_cuda_sum_rows.CudaSumRowsTests.test_no_pytorch_forwarding) ... ok
test_nonfinite_and_subnormal_values_across_reduction_trees (tests.test_cuda_sum_rows.CudaSumRowsTests.test_nonfinite_and_subnormal_values_across_reduction_trees) ... ok
test_offset_singleton_and_empty_views (tests.test_cuda_sum_rows.CudaSumRowsTests.test_offset_singleton_and_empty_views) ... ok
test_reduction_geometry_vector_alignment_and_dynamic_range (tests.test_cuda_sum_rows.CudaSumRowsTests.test_reduction_geometry_vector_alignment_and_dynamic_range) ... ok
test_unsupported_boundaries_and_compiled_reductions (tests.test_cuda_sum_rows.CudaSumRowsTests.test_unsupported_boundaries_and_compiled_reductions) ... FAIL
test_wide_same_sign_decimal_rows (tests.test_cuda_sum_rows.CudaSumRowsTests.test_wide_same_sign_decimal_rows) ... ok

======================================================================
ERROR: test_held_out_forms_offsets_empty_and_changed_values (tests.test_compile_cuda_sum_rows.CompileCudaSumTests.test_held_out_forms_offsets_empty_and_changed_values) (expression='x.sum(1)', shape=(21, 1), offset=0)
----------------------------------------------------------------------
Traceback (most recent call last):
  File "/data/users/bobren/a/pytorch-rs-burner/.burner/worktrees/agent_468d83fa/.venv/lib/python3.12/site-packages/torch/_dynamo/convert_frame.py", line 2024, in _compile
    raise_unimplemented_cache_limit_exceeded()
  File "/data/users/bobren/a/pytorch-rs-burner/.burner/worktrees/agent_468d83fa/.venv/lib/python3.12/site-packages/torch/_dynamo/convert_frame.py", line 2008, in raise_unimplemented_cache_limit_exceeded
    unimplemented(
  File "/data/users/bobren/a/pytorch-rs-burner/.burner/worktrees/agent_468d83fa/.venv/lib/python3.12/site-packages/torch/_dynamo/exc.py", line 727, in unimplemented
    raise Unsupported(msg, gb_type, skip_frame)
torch._dynamo.exc.Unsupported: Dynamo recompile limit exceeded
  Explanation: Dynamo attempted to recompile the code object too many times, exceeding the recompile_limit cache size limit (currently set to 8). Excessive recompilations can degrade performance due to the compilation overhead of each recompilation.
  Hint: To monitor recompilations, enable TORCH_LOGS=recompiles. If recompilations are expected, consider increasing torch._dynamo.config.recompile_limit to an appropriate value.
  Hint: See https://docs.pytorch.org/docs/main/user_guide/torch_compiler/compile/programming_model.recompilation.html for tips on dealing with recompilations.

  Developer debug context: Limit type: recompile_limit

 For more details about this graph break, please visit: https://meta-pytorch.github.io/compile-graph-break-site/gb/gb0039.html

The above exception was the direct cause of the following exception:

Traceback (most recent call last):
  File "/data/users/bobren/a/pytorch-rs-burner/.burner/worktrees/agent_468d83fa/tests/test_compile_cuda_sum_rows.py", line 64, in test_held_out_forms_offsets_empty_and_changed_values
    self.compare_sum(result, reference(tx))
                             ^^^^^^^^^^^^^
  File "/data/users/bobren/a/pytorch-rs-burner/.burner/worktrees/agent_468d83fa/.venv/lib/python3.12/site-packages/torch/_dynamo/eval_frame.py", line 1166, in compile_wrapper
    result = fn(*args, **kwargs)
             ^^^^^^^^^^^^^^^^^^^
  File "/data/users/bobren/a/pytorch-rs-burner/.burner/worktrees/agent_468d83fa/.venv/lib/python3.12/site-packages/torch/_dynamo/convert_frame.py", line 2628, in __call__
    result = self._torchdynamo_orig_backend(
             ^^^^^^^^^^^^^^^^^^^^^^^^^^^^^^^
  File "/data/users/bobren/a/pytorch-rs-burner/.burner/worktrees/agent_468d83fa/.venv/lib/python3.12/site-packages/torch/_dynamo/convert_frame.py", line 777, in __call__
    result = _compile(
             ^^^^^^^^^
  File "/data/users/bobren/a/pytorch-rs-burner/.burner/worktrees/agent_468d83fa/.venv/lib/python3.12/site-packages/torch/_dynamo/convert_frame.py", line 2031, in _compile
    raise FailOnRecompileLimitHit(
torch._dynamo.exc.FailOnRecompileLimitHit: Hard failure due to fullgraph=True

======================================================================
ERROR: test_held_out_forms_offsets_empty_and_changed_values (tests.test_compile_cuda_sum_rows.CompileCudaSumTests.test_held_out_forms_offsets_empty_and_changed_values) (expression='x.sum(1)', shape=(21, 1), offset=9)
----------------------------------------------------------------------
Traceback (most recent call last):
  File "/data/users/bobren/a/pytorch-rs-burner/.burner/worktrees/agent_468d83fa/.venv/lib/python3.12/site-packages/torch/_dynamo/convert_frame.py", line 2024, in _compile
    raise_unimplemented_cache_limit_exceeded()
  File "/data/users/bobren/a/pytorch-rs-burner/.burner/worktrees/agent_468d83fa/.venv/lib/python3.12/site-packages/torch/_dynamo/convert_frame.py", line 2008, in raise_unimplemented_cache_limit_exceeded
    unimplemented(
  File "/data/users/bobren/a/pytorch-rs-burner/.burner/worktrees/agent_468d83fa/.venv/lib/python3.12/site-packages/torch/_dynamo/exc.py", line 727, in unimplemented
    raise Unsupported(msg, gb_type, skip_frame)
torch._dynamo.exc.Unsupported: Dynamo recompile limit exceeded
  Explanation: Dynamo attempted to recompile the code object too many times, exceeding the recompile_limit cache size limit (currently set to 8). Excessive recompilations can degrade performance due to the compilation overhead of each recompilation.
  Hint: To monitor recompilations, enable TORCH_LOGS=recompiles. If recompilations are expected, consider increasing torch._dynamo.config.recompile_limit to an appropriate value.
  Hint: See https://docs.pytorch.org/docs/main/user_guide/torch_compiler/compile/programming_model.recompilation.html for tips on dealing with recompilations.

  Developer debug context: Limit type: recompile_limit

 For more details about this graph break, please visit: https://meta-pytorch.github.io/compile-graph-break-site/gb/gb0039.html

The above exception was the direct cause of the following exception:

Traceback (most recent call last):
  File "/data/users/bobren/a/pytorch-rs-burner/.burner/worktrees/agent_468d83fa/tests/test_compile_cuda_sum_rows.py", line 64, in test_held_out_forms_offsets_empty_and_changed_values
    self.compare_sum(result, reference(tx))
                             ^^^^^^^^^^^^^
  File "/data/users/bobren/a/pytorch-rs-burner/.burner/worktrees/agent_468d83fa/.venv/lib/python3.12/site-packages/torch/_dynamo/eval_frame.py", line 1166, in compile_wrapper
    result = fn(*args, **kwargs)
             ^^^^^^^^^^^^^^^^^^^
  File "/data/users/bobren/a/pytorch-rs-burner/.burner/worktrees/agent_468d83fa/.venv/lib/python3.12/site-packages/torch/_dynamo/convert_frame.py", line 2628, in __call__
    result = self._torchdynamo_orig_backend(
             ^^^^^^^^^^^^^^^^^^^^^^^^^^^^^^^
  File "/data/users/bobren/a/pytorch-rs-burner/.burner/worktrees/agent_468d83fa/.venv/lib/python3.12/site-packages/torch/_dynamo/convert_frame.py", line 777, in __call__
    result = _compile(
             ^^^^^^^^^
  File "/data/users/bobren/a/pytorch-rs-burner/.burner/worktrees/agent_468d83fa/.venv/lib/python3.12/site-packages/torch/_dynamo/convert_frame.py", line 2031, in _compile
    raise FailOnRecompileLimitHit(
torch._dynamo.exc.FailOnRecompileLimitHit: Hard failure due to fullgraph=True

======================================================================
ERROR: test_held_out_forms_offsets_empty_and_changed_values (tests.test_compile_cuda_sum_rows.CompileCudaSumTests.test_held_out_forms_offsets_empty_and_changed_values) (expression='x.sum(1)', shape=(19, 51), offset=0)
----------------------------------------------------------------------
Traceback (most recent call last):
  File "/data/users/bobren/a/pytorch-rs-burner/.burner/worktrees/agent_468d83fa/.venv/lib/python3.12/site-packages/torch/_dynamo/convert_frame.py", line 2024, in _compile
    raise_unimplemented_cache_limit_exceeded()
  File "/data/users/bobren/a/pytorch-rs-burner/.burner/worktrees/agent_468d83fa/.venv/lib/python3.12/site-packages/torch/_dynamo/convert_frame.py", line 2008, in raise_unimplemented_cache_limit_exceeded
    unimplemented(
  File "/data/users/bobren/a/pytorch-rs-burner/.burner/worktrees/agent_468d83fa/.venv/lib/python3.12/site-packages/torch/_dynamo/exc.py", line 727, in unimplemented
    raise Unsupported(msg, gb_type, skip_frame)
torch._dynamo.exc.Unsupported: Dynamo recompile limit exceeded
  Explanation: Dynamo attempted to recompile the code object too many times, exceeding the recompile_limit cache size limit (currently set to 8). Excessive recompilations can degrade performance due to the compilation overhead of each recompilation.
  Hint: To monitor recompilations, enable TORCH_LOGS=recompiles. If recompilations are expected, consider increasing torch._dynamo.config.recompile_limit to an appropriate value.
  Hint: See https://docs.pytorch.org/docs/main/user_guide/torch_compiler/compile/programming_model.recompilation.html for tips on dealing with recompilations.

  Developer debug context: Limit type: recompile_limit

 For more details about this graph break, please visit: https://meta-pytorch.github.io/compile-graph-break-site/gb/gb0039.html

The above exception was the direct cause of the following exception:

Traceback (most recent call last):
  File "/data/users/bobren/a/pytorch-rs-burner/.burner/worktrees/agent_468d83fa/tests/test_compile_cuda_sum_rows.py", line 64, in test_held_out_forms_offsets_empty_and_changed_values
    self.compare_sum(result, reference(tx))
                             ^^^^^^^^^^^^^
  File "/data/users/bobren/a/pytorch-rs-burner/.burner/worktrees/agent_468d83fa/.venv/lib/python3.12/site-packages/torch/_dynamo/eval_frame.py", line 1166, in compile_wrapper
    result = fn(*args, **kwargs)
             ^^^^^^^^^^^^^^^^^^^
  File "/data/users/bobren/a/pytorch-rs-burner/.burner/worktrees/agent_468d83fa/.venv/lib/python3.12/site-packages/torch/_dynamo/convert_frame.py", line 2628, in __call__
    result = self._torchdynamo_orig_backend(
             ^^^^^^^^^^^^^^^^^^^^^^^^^^^^^^^
  File "/data/users/bobren/a/pytorch-rs-burner/.burner/worktrees/agent_468d83fa/.venv/lib/python3.12/site-packages/torch/_dynamo/convert_frame.py", line 777, in __call__
    result = _compile(
             ^^^^^^^^^
  File "/data/users/bobren/a/pytorch-rs-burner/.burner/worktrees/agent_468d83fa/.venv/lib/python3.12/site-packages/torch/_dynamo/convert_frame.py", line 2031, in _compile
    raise FailOnRecompileLimitHit(
torch._dynamo.exc.FailOnRecompileLimitHit: Hard failure due to fullgraph=True

======================================================================
ERROR: test_held_out_forms_offsets_empty_and_changed_values (tests.test_compile_cuda_sum_rows.CompileCudaSumTests.test_held_out_forms_offsets_empty_and_changed_values) (expression='x.sum(1)', shape=(19, 51), offset=9)
----------------------------------------------------------------------
Traceback (most recent call last):
  File "/data/users/bobren/a/pytorch-rs-burner/.burner/worktrees/agent_468d83fa/.venv/lib/python3.12/site-packages/torch/_dynamo/convert_frame.py", line 2024, in _compile
    raise_unimplemented_cache_limit_exceeded()
  File "/data/users/bobren/a/pytorch-rs-burner/.burner/worktrees/agent_468d83fa/.venv/lib/python3.12/site-packages/torch/_dynamo/convert_frame.py", line 2008, in raise_unimplemented_cache_limit_exceeded
    unimplemented(
  File "/data/users/bobren/a/pytorch-rs-burner/.burner/worktrees/agent_468d83fa/.venv/lib/python3.12/site-packages/torch/_dynamo/exc.py", line 727, in unimplemented
    raise Unsupported(msg, gb_type, skip_frame)
torch._dynamo.exc.Unsupported: Dynamo recompile limit exceeded
  Explanation: Dynamo attempted to recompile the code object too many times, exceeding the recompile_limit cache size limit (currently set to 8). Excessive recompilations can degrade performance due to the compilation overhead of each recompilation.
  Hint: To monitor recompilations, enable TORCH_LOGS=recompiles. If recompilations are expected, consider increasing torch._dynamo.config.recompile_limit to an appropriate value.
  Hint: See https://docs.pytorch.org/docs/main/user_guide/torch_compiler/compile/programming_model.recompilation.html for tips on dealing with recompilations.

  Developer debug context: Limit type: recompile_limit

 For more details about this graph break, please visit: https://meta-pytorch.github.io/compile-graph-break-site/gb/gb0039.html

The above exception was the direct cause of the following exception:

Traceback (most recent call last):
  File "/data/users/bobren/a/pytorch-rs-burner/.burner/worktrees/agent_468d83fa/tests/test_compile_cuda_sum_rows.py", line 64, in test_held_out_forms_offsets_empty_and_changed_values
    self.compare_sum(result, reference(tx))
                             ^^^^^^^^^^^^^
  File "/data/users/bobren/a/pytorch-rs-burner/.burner/worktrees/agent_468d83fa/.venv/lib/python3.12/site-packages/torch/_dynamo/eval_frame.py", line 1166, in compile_wrapper
    result = fn(*args, **kwargs)
             ^^^^^^^^^^^^^^^^^^^
  File "/data/users/bobren/a/pytorch-rs-burner/.burner/worktrees/agent_468d83fa/.venv/lib/python3.12/site-packages/torch/_dynamo/convert_frame.py", line 2628, in __call__
    result = self._torchdynamo_orig_backend(
             ^^^^^^^^^^^^^^^^^^^^^^^^^^^^^^^
  File "/data/users/bobren/a/pytorch-rs-burner/.burner/worktrees/agent_468d83fa/.venv/lib/python3.12/site-packages/torch/_dynamo/convert_frame.py", line 777, in __call__
    result = _compile(
             ^^^^^^^^^
  File "/data/users/bobren/a/pytorch-rs-burner/.burner/worktrees/agent_468d83fa/.venv/lib/python3.12/site-packages/torch/_dynamo/convert_frame.py", line 2031, in _compile
    raise FailOnRecompileLimitHit(
torch._dynamo.exc.FailOnRecompileLimitHit: Hard failure due to fullgraph=True

======================================================================
ERROR: test_held_out_forms_offsets_empty_and_changed_values (tests.test_compile_cuda_sum_rows.CompileCudaSumTests.test_held_out_forms_offsets_empty_and_changed_values) (expression='x.sum(1)', shape=(107, 57), offset=0)
----------------------------------------------------------------------
Traceback (most recent call last):
  File "/data/users/bobren/a/pytorch-rs-burner/.burner/worktrees/agent_468d83fa/.venv/lib/python3.12/site-packages/torch/_dynamo/convert_frame.py", line 2024, in _compile
    raise_unimplemented_cache_limit_exceeded()
  File "/data/users/bobren/a/pytorch-rs-burner/.burner/worktrees/agent_468d83fa/.venv/lib/python3.12/site-packages/torch/_dynamo/convert_frame.py", line 2008, in raise_unimplemented_cache_limit_exceeded
    unimplemented(
  File "/data/users/bobren/a/pytorch-rs-burner/.burner/worktrees/agent_468d83fa/.venv/lib/python3.12/site-packages/torch/_dynamo/exc.py", line 727, in unimplemented
    raise Unsupported(msg, gb_type, skip_frame)
torch._dynamo.exc.Unsupported: Dynamo recompile limit exceeded
  Explanation: Dynamo attempted to recompile the code object too many times, exceeding the recompile_limit cache size limit (currently set to 8). Excessive recompilations can degrade performance due to the compilation overhead of each recompilation.
  Hint: To monitor recompilations, enable TORCH_LOGS=recompiles. If recompilations are expected, consider increasing torch._dynamo.config.recompile_limit to an appropriate value.
  Hint: See https://docs.pytorch.org/docs/main/user_guide/torch_compiler/compile/programming_model.recompilation.html for tips on dealing with recompilations.

  Developer debug context: Limit type: recompile_limit

 For more details about this graph break, please visit: https://meta-pytorch.github.io/compile-graph-break-site/gb/gb0039.html

The above exception was the direct cause of the following exception:

Traceback (most recent call last):
  File "/data/users/bobren/a/pytorch-rs-burner/.burner/worktrees/agent_468d83fa/tests/test_compile_cuda_sum_rows.py", line 64, in test_held_out_forms_offsets_empty_and_changed_values
    self.compare_sum(result, reference(tx))
                             ^^^^^^^^^^^^^
  File "/data/users/bobren/a/pytorch-rs-burner/.burner/worktrees/agent_468d83fa/.venv/lib/python3.12/site-packages/torch/_dynamo/eval_frame.py", line 1166, in compile_wrapper
    result = fn(*args, **kwargs)
             ^^^^^^^^^^^^^^^^^^^
  File "/data/users/bobren/a/pytorch-rs-burner/.burner/worktrees/agent_468d83fa/.venv/lib/python3.12/site-packages/torch/_dynamo/convert_frame.py", line 2628, in __call__
    result = self._torchdynamo_orig_backend(
             ^^^^^^^^^^^^^^^^^^^^^^^^^^^^^^^
  File "/data/users/bobren/a/pytorch-rs-burner/.burner/worktrees/agent_468d83fa/.venv/lib/python3.12/site-packages/torch/_dynamo/convert_frame.py", line 777, in __call__
    result = _compile(
             ^^^^^^^^^
  File "/data/users/bobren/a/pytorch-rs-burner/.burner/worktrees/agent_468d83fa/.venv/lib/python3.12/site-packages/torch/_dynamo/convert_frame.py", line 2031, in _compile
    raise FailOnRecompileLimitHit(
torch._dynamo.exc.FailOnRecompileLimitHit: Hard failure due to fullgraph=True

======================================================================
ERROR: test_held_out_forms_offsets_empty_and_changed_values (tests.test_compile_cuda_sum_rows.CompileCudaSumTests.test_held_out_forms_offsets_empty_and_changed_values) (expression='x.sum(1)', shape=(107, 57), offset=9)
----------------------------------------------------------------------
Traceback (most recent call last):
  File "/data/users/bobren/a/pytorch-rs-burner/.burner/worktrees/agent_468d83fa/.venv/lib/python3.12/site-packages/torch/_dynamo/convert_frame.py", line 2024, in _compile
    raise_unimplemented_cache_limit_exceeded()
  File "/data/users/bobren/a/pytorch-rs-burner/.burner/worktrees/agent_468d83fa/.venv/lib/python3.12/site-packages/torch/_dynamo/convert_frame.py", line 2008, in raise_unimplemented_cache_limit_exceeded
    unimplemented(
  File "/data/users/bobren/a/pytorch-rs-burner/.burner/worktrees/agent_468d83fa/.venv/lib/python3.12/site-packages/torch/_dynamo/exc.py", line 727, in unimplemented
    raise Unsupported(msg, gb_type, skip_frame)
torch._dynamo.exc.Unsupported: Dynamo recompile limit exceeded
  Explanation: Dynamo attempted to recompile the code object too many times, exceeding the recompile_limit cache size limit (currently set to 8). Excessive recompilations can degrade performance due to the compilation overhead of each recompilation.
  Hint: To monitor recompilations, enable TORCH_LOGS=recompiles. If recompilations are expected, consider increasing torch._dynamo.config.recompile_limit to an appropriate value.
  Hint: See https://docs.pytorch.org/docs/main/user_guide/torch_compiler/compile/programming_model.recompilation.html for tips on dealing with recompilations.

  Developer debug context: Limit type: recompile_limit

 For more details about this graph break, please visit: https://meta-pytorch.github.io/compile-graph-break-site/gb/gb0039.html

The above exception was the direct cause of the following exception:

Traceback (most recent call last):
  File "/data/users/bobren/a/pytorch-rs-burner/.burner/worktrees/agent_468d83fa/tests/test_compile_cuda_sum_rows.py", line 64, in test_held_out_forms_offsets_empty_and_changed_values
    self.compare_sum(result, reference(tx))
                             ^^^^^^^^^^^^^
  File "/data/users/bobren/a/pytorch-rs-burner/.burner/worktrees/agent_468d83fa/.venv/lib/python3.12/site-packages/torch/_dynamo/eval_frame.py", line 1166, in compile_wrapper
    result = fn(*args, **kwargs)
             ^^^^^^^^^^^^^^^^^^^
  File "/data/users/bobren/a/pytorch-rs-burner/.burner/worktrees/agent_468d83fa/.venv/lib/python3.12/site-packages/torch/_dynamo/convert_frame.py", line 2628, in __call__
    result = self._torchdynamo_orig_backend(
             ^^^^^^^^^^^^^^^^^^^^^^^^^^^^^^^
  File "/data/users/bobren/a/pytorch-rs-burner/.burner/worktrees/agent_468d83fa/.venv/lib/python3.12/site-packages/torch/_dynamo/convert_frame.py", line 777, in __call__
    result = _compile(
             ^^^^^^^^^
  File "/data/users/bobren/a/pytorch-rs-burner/.burner/worktrees/agent_468d83fa/.venv/lib/python3.12/site-packages/torch/_dynamo/convert_frame.py", line 2031, in _compile
    raise FailOnRecompileLimitHit(
torch._dynamo.exc.FailOnRecompileLimitHit: Hard failure due to fullgraph=True

======================================================================
ERROR: test_held_out_forms_offsets_empty_and_changed_values (tests.test_compile_cuda_sum_rows.CompileCudaSumTests.test_held_out_forms_offsets_empty_and_changed_values) (expression='x.sum(1)', shape=(95, 8), offset=0)
----------------------------------------------------------------------
Traceback (most recent call last):
  File "/data/users/bobren/a/pytorch-rs-burner/.burner/worktrees/agent_468d83fa/.venv/lib/python3.12/site-packages/torch/_dynamo/convert_frame.py", line 2024, in _compile
    raise_unimplemented_cache_limit_exceeded()
  File "/data/users/bobren/a/pytorch-rs-burner/.burner/worktrees/agent_468d83fa/.venv/lib/python3.12/site-packages/torch/_dynamo/convert_frame.py", line 2008, in raise_unimplemented_cache_limit_exceeded
    unimplemented(
  File "/data/users/bobren/a/pytorch-rs-burner/.burner/worktrees/agent_468d83fa/.venv/lib/python3.12/site-packages/torch/_dynamo/exc.py", line 727, in unimplemented
    raise Unsupported(msg, gb_type, skip_frame)
torch._dynamo.exc.Unsupported: Dynamo recompile limit exceeded
  Explanation: Dynamo attempted to recompile the code object too many times, exceeding the recompile_limit cache size limit (currently set to 8). Excessive recompilations can degrade performance due to the compilation overhead of each recompilation.
  Hint: To monitor recompilations, enable TORCH_LOGS=recompiles. If recompilations are expected, consider increasing torch._dynamo.config.recompile_limit to an appropriate value.
  Hint: See https://docs.pytorch.org/docs/main/user_guide/torch_compiler/compile/programming_model.recompilation.html for tips on dealing with recompilations.

  Developer debug context: Limit type: recompile_limit

 For more details about this graph break, please visit: https://meta-pytorch.github.io/compile-graph-break-site/gb/gb0039.html

The above exception was the direct cause of the following exception:

Traceback (most recent call last):
  File "/data/users/bobren/a/pytorch-rs-burner/.burner/worktrees/agent_468d83fa/tests/test_compile_cuda_sum_rows.py", line 64, in test_held_out_forms_offsets_empty_and_changed_values
    self.compare_sum(result, reference(tx))
                             ^^^^^^^^^^^^^
  File "/data/users/bobren/a/pytorch-rs-burner/.burner/worktrees/agent_468d83fa/.venv/lib/python3.12/site-packages/torch/_dynamo/eval_frame.py", line 1166, in compile_wrapper
    result = fn(*args, **kwargs)
             ^^^^^^^^^^^^^^^^^^^
  File "/data/users/bobren/a/pytorch-rs-burner/.burner/worktrees/agent_468d83fa/.venv/lib/python3.12/site-packages/torch/_dynamo/convert_frame.py", line 2628, in __call__
    result = self._torchdynamo_orig_backend(
             ^^^^^^^^^^^^^^^^^^^^^^^^^^^^^^^
  File "/data/users/bobren/a/pytorch-rs-burner/.burner/worktrees/agent_468d83fa/.venv/lib/python3.12/site-packages/torch/_dynamo/convert_frame.py", line 777, in __call__
    result = _compile(
             ^^^^^^^^^
  File "/data/users/bobren/a/pytorch-rs-burner/.burner/worktrees/agent_468d83fa/.venv/lib/python3.12/site-packages/torch/_dynamo/convert_frame.py", line 2031, in _compile
    raise FailOnRecompileLimitHit(
torch._dynamo.exc.FailOnRecompileLimitHit: Hard failure due to fullgraph=True

======================================================================
ERROR: test_held_out_forms_offsets_empty_and_changed_values (tests.test_compile_cuda_sum_rows.CompileCudaSumTests.test_held_out_forms_offsets_empty_and_changed_values) (expression='x.sum(1)', shape=(95, 8), offset=9)
----------------------------------------------------------------------
Traceback (most recent call last):
  File "/data/users/bobren/a/pytorch-rs-burner/.burner/worktrees/agent_468d83fa/.venv/lib/python3.12/site-packages/torch/_dynamo/convert_frame.py", line 2024, in _compile
    raise_unimplemented_cache_limit_exceeded()
  File "/data/users/bobren/a/pytorch-rs-burner/.burner/worktrees/agent_468d83fa/.venv/lib/python3.12/site-packages/torch/_dynamo/convert_frame.py", line 2008, in raise_unimplemented_cache_limit_exceeded
    unimplemented(
  File "/data/users/bobren/a/pytorch-rs-burner/.burner/worktrees/agent_468d83fa/.venv/lib/python3.12/site-packages/torch/_dynamo/exc.py", line 727, in unimplemented
    raise Unsupported(msg, gb_type, skip_frame)
torch._dynamo.exc.Unsupported: Dynamo recompile limit exceeded
  Explanation: Dynamo attempted to recompile the code object too many times, exceeding the recompile_limit cache size limit (currently set to 8). Excessive recompilations can degrade performance due to the compilation overhead of each recompilation.
  Hint: To monitor recompilations, enable TORCH_LOGS=recompiles. If recompilations are expected, consider increasing torch._dynamo.config.recompile_limit to an appropriate value.
  Hint: See https://docs.pytorch.org/docs/main/user_guide/torch_compiler/compile/programming_model.recompilation.html for tips on dealing with recompilations.

  Developer debug context: Limit type: recompile_limit

 For more details about this graph break, please visit: https://meta-pytorch.github.io/compile-graph-break-site/gb/gb0039.html

The above exception was the direct cause of the following exception:

Traceback (most recent call last):
  File "/data/users/bobren/a/pytorch-rs-burner/.burner/worktrees/agent_468d83fa/tests/test_compile_cuda_sum_rows.py", line 64, in test_held_out_forms_offsets_empty_and_changed_values
    self.compare_sum(result, reference(tx))
                             ^^^^^^^^^^^^^
  File "/data/users/bobren/a/pytorch-rs-burner/.burner/worktrees/agent_468d83fa/.venv/lib/python3.12/site-packages/torch/_dynamo/eval_frame.py", line 1166, in compile_wrapper
    result = fn(*args, **kwargs)
             ^^^^^^^^^^^^^^^^^^^
  File "/data/users/bobren/a/pytorch-rs-burner/.burner/worktrees/agent_468d83fa/.venv/lib/python3.12/site-packages/torch/_dynamo/convert_frame.py", line 2628, in __call__
    result = self._torchdynamo_orig_backend(
             ^^^^^^^^^^^^^^^^^^^^^^^^^^^^^^^
  File "/data/users/bobren/a/pytorch-rs-burner/.burner/worktrees/agent_468d83fa/.venv/lib/python3.12/site-packages/torch/_dynamo/convert_frame.py", line 777, in __call__
    result = _compile(
             ^^^^^^^^^
  File "/data/users/bobren/a/pytorch-rs-burner/.burner/worktrees/agent_468d83fa/.venv/lib/python3.12/site-packages/torch/_dynamo/convert_frame.py", line 2031, in _compile
    raise FailOnRecompileLimitHit(
torch._dynamo.exc.FailOnRecompileLimitHit: Hard failure due to fullgraph=True

======================================================================
ERROR: test_held_out_forms_offsets_empty_and_changed_values (tests.test_compile_cuda_sum_rows.CompileCudaSumTests.test_held_out_forms_offsets_empty_and_changed_values) (expression='x.sum(1)', shape=(65, 12), offset=0)
----------------------------------------------------------------------
Traceback (most recent call last):
  File "/data/users/bobren/a/pytorch-rs-burner/.burner/worktrees/agent_468d83fa/.venv/lib/python3.12/site-packages/torch/_dynamo/convert_frame.py", line 2024, in _compile
    raise_unimplemented_cache_limit_exceeded()
  File "/data/users/bobren/a/pytorch-rs-burner/.burner/worktrees/agent_468d83fa/.venv/lib/python3.12/site-packages/torch/_dynamo/convert_frame.py", line 2008, in raise_unimplemented_cache_limit_exceeded
    unimplemented(
  File "/data/users/bobren/a/pytorch-rs-burner/.burner/worktrees/agent_468d83fa/.venv/lib/python3.12/site-packages/torch/_dynamo/exc.py", line 727, in unimplemented
    raise Unsupported(msg, gb_type, skip_frame)
torch._dynamo.exc.Unsupported: Dynamo recompile limit exceeded
  Explanation: Dynamo attempted to recompile the code object too many times, exceeding the recompile_limit cache size limit (currently set to 8). Excessive recompilations can degrade performance due to the compilation overhead of each recompilation.
  Hint: To monitor recompilations, enable TORCH_LOGS=recompiles. If recompilations are expected, consider increasing torch._dynamo.config.recompile_limit to an appropriate value.
  Hint: See https://docs.pytorch.org/docs/main/user_guide/torch_compiler/compile/programming_model.recompilation.html for tips on dealing with recompilations.

  Developer debug context: Limit type: recompile_limit

 For more details about this graph break, please visit: https://meta-pytorch.github.io/compile-graph-break-site/gb/gb0039.html

The above exception was the direct cause of the following exception:

Traceback (most recent call last):
  File "/data/users/bobren/a/pytorch-rs-burner/.burner/worktrees/agent_468d83fa/tests/test_compile_cuda_sum_rows.py", line 64, in test_held_out_forms_offsets_empty_and_changed_values
    self.compare_sum(result, reference(tx))
                             ^^^^^^^^^^^^^
  File "/data/users/bobren/a/pytorch-rs-burner/.burner/worktrees/agent_468d83fa/.venv/lib/python3.12/site-packages/torch/_dynamo/eval_frame.py", line 1166, in compile_wrapper
    result = fn(*args, **kwargs)
             ^^^^^^^^^^^^^^^^^^^
  File "/data/users/bobren/a/pytorch-rs-burner/.burner/worktrees/agent_468d83fa/.venv/lib/python3.12/site-packages/torch/_dynamo/convert_frame.py", line 2628, in __call__
    result = self._torchdynamo_orig_backend(
             ^^^^^^^^^^^^^^^^^^^^^^^^^^^^^^^
  File "/data/users/bobren/a/pytorch-rs-burner/.burner/worktrees/agent_468d83fa/.venv/lib/python3.12/site-packages/torch/_dynamo/convert_frame.py", line 777, in __call__
    result = _compile(
             ^^^^^^^^^
  File "/data/users/bobren/a/pytorch-rs-burner/.burner/worktrees/agent_468d83fa/.venv/lib/python3.12/site-packages/torch/_dynamo/convert_frame.py", line 2031, in _compile
    raise FailOnRecompileLimitHit(
torch._dynamo.exc.FailOnRecompileLimitHit: Hard failure due to fullgraph=True

======================================================================
ERROR: test_held_out_forms_offsets_empty_and_changed_values (tests.test_compile_cuda_sum_rows.CompileCudaSumTests.test_held_out_forms_offsets_empty_and_changed_values) (expression='x.sum(1)', shape=(65, 12), offset=9)
----------------------------------------------------------------------
Traceback (most recent call last):
  File "/data/users/bobren/a/pytorch-rs-burner/.burner/worktrees/agent_468d83fa/.venv/lib/python3.12/site-packages/torch/_dynamo/convert_frame.py", line 2024, in _compile
    raise_unimplemented_cache_limit_exceeded()
  File "/data/users/bobren/a/pytorch-rs-burner/.burner/worktrees/agent_468d83fa/.venv/lib/python3.12/site-packages/torch/_dynamo/convert_frame.py", line 2008, in raise_unimplemented_cache_limit_exceeded
    unimplemented(
  File "/data/users/bobren/a/pytorch-rs-burner/.burner/worktrees/agent_468d83fa/.venv/lib/python3.12/site-packages/torch/_dynamo/exc.py", line 727, in unimplemented
    raise Unsupported(msg, gb_type, skip_frame)
torch._dynamo.exc.Unsupported: Dynamo recompile limit exceeded
  Explanation: Dynamo attempted to recompile the code object too many times, exceeding the recompile_limit cache size limit (currently set to 8). Excessive recompilations can degrade performance due to the compilation overhead of each recompilation.
  Hint: To monitor recompilations, enable TORCH_LOGS=recompiles. If recompilations are expected, consider increasing torch._dynamo.config.recompile_limit to an appropriate value.
  Hint: See https://docs.pytorch.org/docs/main/user_guide/torch_compiler/compile/programming_model.recompilation.html for tips on dealing with recompilations.

  Developer debug context: Limit type: recompile_limit

 For more details about this graph break, please visit: https://meta-pytorch.github.io/compile-graph-break-site/gb/gb0039.html

The above exception was the direct cause of the following exception:

Traceback (most recent call last):
  File "/data/users/bobren/a/pytorch-rs-burner/.burner/worktrees/agent_468d83fa/tests/test_compile_cuda_sum_rows.py", line 64, in test_held_out_forms_offsets_empty_and_changed_values
    self.compare_sum(result, reference(tx))
                             ^^^^^^^^^^^^^
  File "/data/users/bobren/a/pytorch-rs-burner/.burner/worktrees/agent_468d83fa/.venv/lib/python3.12/site-packages/torch/_dynamo/eval_frame.py", line 1166, in compile_wrapper
    result = fn(*args, **kwargs)
             ^^^^^^^^^^^^^^^^^^^
  File "/data/users/bobren/a/pytorch-rs-burner/.burner/worktrees/agent_468d83fa/.venv/lib/python3.12/site-packages/torch/_dynamo/convert_frame.py", line 2628, in __call__
    result = self._torchdynamo_orig_backend(
             ^^^^^^^^^^^^^^^^^^^^^^^^^^^^^^^
  File "/data/users/bobren/a/pytorch-rs-burner/.burner/worktrees/agent_468d83fa/.venv/lib/python3.12/site-packages/torch/_dynamo/convert_frame.py", line 777, in __call__
    result = _compile(
             ^^^^^^^^^
  File "/data/users/bobren/a/pytorch-rs-burner/.burner/worktrees/agent_468d83fa/.venv/lib/python3.12/site-packages/torch/_dynamo/convert_frame.py", line 2031, in _compile
    raise FailOnRecompileLimitHit(
torch._dynamo.exc.FailOnRecompileLimitHit: Hard failure due to fullgraph=True

======================================================================
ERROR: test_held_out_forms_offsets_empty_and_changed_values (tests.test_compile_cuda_sum_rows.CompileCudaSumTests.test_held_out_forms_offsets_empty_and_changed_values) (expression='x.sum(dim=-1, keepdim=False)', shape=(21, 1), offset=0)
----------------------------------------------------------------------
Traceback (most recent call last):
  File "/data/users/bobren/a/pytorch-rs-burner/.burner/worktrees/agent_468d83fa/.venv/lib/python3.12/site-packages/torch/_dynamo/convert_frame.py", line 2024, in _compile
    raise_unimplemented_cache_limit_exceeded()
  File "/data/users/bobren/a/pytorch-rs-burner/.burner/worktrees/agent_468d83fa/.venv/lib/python3.12/site-packages/torch/_dynamo/convert_frame.py", line 2008, in raise_unimplemented_cache_limit_exceeded
    unimplemented(
  File "/data/users/bobren/a/pytorch-rs-burner/.burner/worktrees/agent_468d83fa/.venv/lib/python3.12/site-packages/torch/_dynamo/exc.py", line 727, in unimplemented
    raise Unsupported(msg, gb_type, skip_frame)
torch._dynamo.exc.Unsupported: Dynamo recompile limit exceeded
  Explanation: Dynamo attempted to recompile the code object too many times, exceeding the recompile_limit cache size limit (currently set to 8). Excessive recompilations can degrade performance due to the compilation overhead of each recompilation.
  Hint: To monitor recompilations, enable TORCH_LOGS=recompiles. If recompilations are expected, consider increasing torch._dynamo.config.recompile_limit to an appropriate value.
  Hint: See https://docs.pytorch.org/docs/main/user_guide/torch_compiler/compile/programming_model.recompilation.html for tips on dealing with recompilations.

  Developer debug context: Limit type: recompile_limit

 For more details about this graph break, please visit: https://meta-pytorch.github.io/compile-graph-break-site/gb/gb0039.html

The above exception was the direct cause of the following exception:

Traceback (most recent call last):
  File "/data/users/bobren/a/pytorch-rs-burner/.burner/worktrees/agent_468d83fa/tests/test_compile_cuda_sum_rows.py", line 64, in test_held_out_forms_offsets_empty_and_changed_values
    self.compare_sum(result, reference(tx))
                             ^^^^^^^^^^^^^
  File "/data/users/bobren/a/pytorch-rs-burner/.burner/worktrees/agent_468d83fa/.venv/lib/python3.12/site-packages/torch/_dynamo/eval_frame.py", line 1166, in compile_wrapper
    result = fn(*args, **kwargs)
             ^^^^^^^^^^^^^^^^^^^
  File "/data/users/bobren/a/pytorch-rs-burner/.burner/worktrees/agent_468d83fa/.venv/lib/python3.12/site-packages/torch/_dynamo/convert_frame.py", line 2628, in __call__
    result = self._torchdynamo_orig_backend(
             ^^^^^^^^^^^^^^^^^^^^^^^^^^^^^^^
  File "/data/users/bobren/a/pytorch-rs-burner/.burner/worktrees/agent_468d83fa/.venv/lib/python3.12/site-packages/torch/_dynamo/convert_frame.py", line 777, in __call__
    result = _compile(
             ^^^^^^^^^
  File "/data/users/bobren/a/pytorch-rs-burner/.burner/worktrees/agent_468d83fa/.venv/lib/python3.12/site-packages/torch/_dynamo/convert_frame.py", line 2031, in _compile
    raise FailOnRecompileLimitHit(
torch._dynamo.exc.FailOnRecompileLimitHit: Hard failure due to fullgraph=True

======================================================================
ERROR: test_held_out_forms_offsets_empty_and_changed_values (tests.test_compile_cuda_sum_rows.CompileCudaSumTests.test_held_out_forms_offsets_empty_and_changed_values) (expression='x.sum(dim=-1, keepdim=False)', shape=(21, 1), offset=9)
----------------------------------------------------------------------
Traceback (most recent call last):
  File "/data/users/bobren/a/pytorch-rs-burner/.burner/worktrees/agent_468d83fa/.venv/lib/python3.12/site-packages/torch/_dynamo/convert_frame.py", line 2024, in _compile
    raise_unimplemented_cache_limit_exceeded()
  File "/data/users/bobren/a/pytorch-rs-burner/.burner/worktrees/agent_468d83fa/.venv/lib/python3.12/site-packages/torch/_dynamo/convert_frame.py", line 2008, in raise_unimplemented_cache_limit_exceeded
    unimplemented(
  File "/data/users/bobren/a/pytorch-rs-burner/.burner/worktrees/agent_468d83fa/.venv/lib/python3.12/site-packages/torch/_dynamo/exc.py", line 727, in unimplemented
    raise Unsupported(msg, gb_type, skip_frame)
torch._dynamo.exc.Unsupported: Dynamo recompile limit exceeded
  Explanation: Dynamo attempted to recompile the code object too many times, exceeding the recompile_limit cache size limit (currently set to 8). Excessive recompilations can degrade performance due to the compilation overhead of each recompilation.
  Hint: To monitor recompilations, enable TORCH_LOGS=recompiles. If recompilations are expected, consider increasing torch._dynamo.config.recompile_limit to an appropriate value.
  Hint: See https://docs.pytorch.org/docs/main/user_guide/torch_compiler/compile/programming_model.recompilation.html for tips on dealing with recompilations.

  Developer debug context: Limit type: recompile_limit

 For more details about this graph break, please visit: https://meta-pytorch.github.io/compile-graph-break-site/gb/gb0039.html

The above exception was the direct cause of the following exception:

Traceback (most recent call last):
  File "/data/users/bobren/a/pytorch-rs-burner/.burner/worktrees/agent_468d83fa/tests/test_compile_cuda_sum_rows.py", line 64, in test_held_out_forms_offsets_empty_and_changed_values
    self.compare_sum(result, reference(tx))
                             ^^^^^^^^^^^^^
  File "/data/users/bobren/a/pytorch-rs-burner/.burner/worktrees/agent_468d83fa/.venv/lib/python3.12/site-packages/torch/_dynamo/eval_frame.py", line 1166, in compile_wrapper
    result = fn(*args, **kwargs)
             ^^^^^^^^^^^^^^^^^^^
  File "/data/users/bobren/a/pytorch-rs-burner/.burner/worktrees/agent_468d83fa/.venv/lib/python3.12/site-packages/torch/_dynamo/convert_frame.py", line 2628, in __call__
    result = self._torchdynamo_orig_backend(
             ^^^^^^^^^^^^^^^^^^^^^^^^^^^^^^^
  File "/data/users/bobren/a/pytorch-rs-burner/.burner/worktrees/agent_468d83fa/.venv/lib/python3.12/site-packages/torch/_dynamo/convert_frame.py", line 777, in __call__
    result = _compile(
             ^^^^^^^^^
  File "/data/users/bobren/a/pytorch-rs-burner/.burner/worktrees/agent_468d83fa/.venv/lib/python3.12/site-packages/torch/_dynamo/convert_frame.py", line 2031, in _compile
    raise FailOnRecompileLimitHit(
torch._dynamo.exc.FailOnRecompileLimitHit: Hard failure due to fullgraph=True

======================================================================
ERROR: test_held_out_forms_offsets_empty_and_changed_values (tests.test_compile_cuda_sum_rows.CompileCudaSumTests.test_held_out_forms_offsets_empty_and_changed_values) (expression='x.sum(dim=-1, keepdim=False)', shape=(19, 51), offset=0)
----------------------------------------------------------------------
Traceback (most recent call last):
  File "/data/users/bobren/a/pytorch-rs-burner/.burner/worktrees/agent_468d83fa/.venv/lib/python3.12/site-packages/torch/_dynamo/convert_frame.py", line 2024, in _compile
    raise_unimplemented_cache_limit_exceeded()
  File "/data/users/bobren/a/pytorch-rs-burner/.burner/worktrees/agent_468d83fa/.venv/lib/python3.12/site-packages/torch/_dynamo/convert_frame.py", line 2008, in raise_unimplemented_cache_limit_exceeded
    unimplemented(
  File "/data/users/bobren/a/pytorch-rs-burner/.burner/worktrees/agent_468d83fa/.venv/lib/python3.12/site-packages/torch/_dynamo/exc.py", line 727, in unimplemented
    raise Unsupported(msg, gb_type, skip_frame)
torch._dynamo.exc.Unsupported: Dynamo recompile limit exceeded
  Explanation: Dynamo attempted to recompile the code object too many times, exceeding the recompile_limit cache size limit (currently set to 8). Excessive recompilations can degrade performance due to the compilation overhead of each recompilation.
  Hint: To monitor recompilations, enable TORCH_LOGS=recompiles. If recompilations are expected, consider increasing torch._dynamo.config.recompile_limit to an appropriate value.
  Hint: See https://docs.pytorch.org/docs/main/user_guide/torch_compiler/compile/programming_model.recompilation.html for tips on dealing with recompilations.

  Developer debug context: Limit type: recompile_limit

 For more details about this graph break, please visit: https://meta-pytorch.github.io/compile-graph-break-site/gb/gb0039.html

The above exception was the direct cause of the following exception:

Traceback (most recent call last):
  File "/data/users/bobren/a/pytorch-rs-burner/.burner/worktrees/agent_468d83fa/tests/test_compile_cuda_sum_rows.py", line 64, in test_held_out_forms_offsets_empty_and_changed_values
    self.compare_sum(result, reference(tx))
                             ^^^^^^^^^^^^^
  File "/data/users/bobren/a/pytorch-rs-burner/.burner/worktrees/agent_468d83fa/.venv/lib/python3.12/site-packages/torch/_dynamo/eval_frame.py", line 1166, in compile_wrapper
    result = fn(*args, **kwargs)
             ^^^^^^^^^^^^^^^^^^^
  File "/data/users/bobren/a/pytorch-rs-burner/.burner/worktrees/agent_468d83fa/.venv/lib/python3.12/site-packages/torch/_dynamo/convert_frame.py", line 2628, in __call__
    result = self._torchdynamo_orig_backend(
             ^^^^^^^^^^^^^^^^^^^^^^^^^^^^^^^
  File "/data/users/bobren/a/pytorch-rs-burner/.burner/worktrees/agent_468d83fa/.venv/lib/python3.12/site-packages/torch/_dynamo/convert_frame.py", line 777, in __call__
    result = _compile(
             ^^^^^^^^^
  File "/data/users/bobren/a/pytorch-rs-burner/.burner/worktrees/agent_468d83fa/.venv/lib/python3.12/site-packages/torch/_dynamo/convert_frame.py", line 2031, in _compile
    raise FailOnRecompileLimitHit(
torch._dynamo.exc.FailOnRecompileLimitHit: Hard failure due to fullgraph=True

======================================================================
ERROR: test_held_out_forms_offsets_empty_and_changed_values (tests.test_compile_cuda_sum_rows.CompileCudaSumTests.test_held_out_forms_offsets_empty_and_changed_values) (expression='x.sum(dim=-1, keepdim=False)', shape=(19, 51), offset=9)
----------------------------------------------------------------------
Traceback (most recent call last):
  File "/data/users/bobren/a/pytorch-rs-burner/.burner/worktrees/agent_468d83fa/.venv/lib/python3.12/site-packages/torch/_dynamo/convert_frame.py", line 2024, in _compile
    raise_unimplemented_cache_limit_exceeded()
  File "/data/users/bobren/a/pytorch-rs-burner/.burner/worktrees/agent_468d83fa/.venv/lib/python3.12/site-packages/torch/_dynamo/convert_frame.py", line 2008, in raise_unimplemented_cache_limit_exceeded
    unimplemented(
  File "/data/users/bobren/a/pytorch-rs-burner/.burner/worktrees/agent_468d83fa/.venv/lib/python3.12/site-packages/torch/_dynamo/exc.py", line 727, in unimplemented
    raise Unsupported(msg, gb_type, skip_frame)
torch._dynamo.exc.Unsupported: Dynamo recompile limit exceeded
  Explanation: Dynamo attempted to recompile the code object too many times, exceeding the recompile_limit cache size limit (currently set to 8). Excessive recompilations can degrade performance due to the compilation overhead of each recompilation.
  Hint: To monitor recompilations, enable TORCH_LOGS=recompiles. If recompilations are expected, consider increasing torch._dynamo.config.recompile_limit to an appropriate value.
  Hint: See https://docs.pytorch.org/docs/main/user_guide/torch_compiler/compile/programming_model.recompilation.html for tips on dealing with recompilations.

  Developer debug context: Limit type: recompile_limit

 For more details about this graph break, please visit: https://meta-pytorch.github.io/compile-graph-break-site/gb/gb0039.html

The above exception was the direct cause of the following exception:

Traceback (most recent call last):
  File "/data/users/bobren/a/pytorch-rs-burner/.burner/worktrees/agent_468d83fa/tests/test_compile_cuda_sum_rows.py", line 64, in test_held_out_forms_offsets_empty_and_changed_values
    self.compare_sum(result, reference(tx))
                             ^^^^^^^^^^^^^
  File "/data/users/bobren/a/pytorch-rs-burner/.burner/worktrees/agent_468d83fa/.venv/lib/python3.12/site-packages/torch/_dynamo/eval_frame.py", line 1166, in compile_wrapper
    result = fn(*args, **kwargs)
             ^^^^^^^^^^^^^^^^^^^
  File "/data/users/bobren/a/pytorch-rs-burner/.burner/worktrees/agent_468d83fa/.venv/lib/python3.12/site-packages/torch/_dynamo/convert_frame.py", line 2628, in __call__
    result = self._torchdynamo_orig_backend(
             ^^^^^^^^^^^^^^^^^^^^^^^^^^^^^^^
  File "/data/users/bobren/a/pytorch-rs-burner/.burner/worktrees/agent_468d83fa/.venv/lib/python3.12/site-packages/torch/_dynamo/convert_frame.py", line 777, in __call__
    result = _compile(
             ^^^^^^^^^
  File "/data/users/bobren/a/pytorch-rs-burner/.burner/worktrees/agent_468d83fa/.venv/lib/python3.12/site-packages/torch/_dynamo/convert_frame.py", line 2031, in _compile
    raise FailOnRecompileLimitHit(
torch._dynamo.exc.FailOnRecompileLimitHit: Hard failure due to fullgraph=True

======================================================================
ERROR: test_held_out_forms_offsets_empty_and_changed_values (tests.test_compile_cuda_sum_rows.CompileCudaSumTests.test_held_out_forms_offsets_empty_and_changed_values) (expression='x.sum(dim=-1, keepdim=False)', shape=(107, 57), offset=0)
----------------------------------------------------------------------
Traceback (most recent call last):
  File "/data/users/bobren/a/pytorch-rs-burner/.burner/worktrees/agent_468d83fa/.venv/lib/python3.12/site-packages/torch/_dynamo/convert_frame.py", line 2024, in _compile
    raise_unimplemented_cache_limit_exceeded()
  File "/data/users/bobren/a/pytorch-rs-burner/.burner/worktrees/agent_468d83fa/.venv/lib/python3.12/site-packages/torch/_dynamo/convert_frame.py", line 2008, in raise_unimplemented_cache_limit_exceeded
    unimplemented(
  File "/data/users/bobren/a/pytorch-rs-burner/.burner/worktrees/agent_468d83fa/.venv/lib/python3.12/site-packages/torch/_dynamo/exc.py", line 727, in unimplemented
    raise Unsupported(msg, gb_type, skip_frame)
torch._dynamo.exc.Unsupported: Dynamo recompile limit exceeded
  Explanation: Dynamo attempted to recompile the code object too many times, exceeding the recompile_limit cache size limit (currently set to 8). Excessive recompilations can degrade performance due to the compilation overhead of each recompilation.
  Hint: To monitor recompilations, enable TORCH_LOGS=recompiles. If recompilations are expected, consider increasing torch._dynamo.config.recompile_limit to an appropriate value.
  Hint: See https://docs.pytorch.org/docs/main/user_guide/torch_compiler/compile/programming_model.recompilation.html for tips on dealing with recompilations.

  Developer debug context: Limit type: recompile_limit

 For more details about this graph break, please visit: https://meta-pytorch.github.io/compile-graph-break-site/gb/gb0039.html

The above exception was the direct cause of the following exception:

Traceback (most recent call last):
  File "/data/users/bobren/a/pytorch-rs-burner/.burner/worktrees/agent_468d83fa/tests/test_compile_cuda_sum_rows.py", line 64, in test_held_out_forms_offsets_empty_and_changed_values
    self.compare_sum(result, reference(tx))
                             ^^^^^^^^^^^^^
  File "/data/users/bobren/a/pytorch-rs-burner/.burner/worktrees/agent_468d83fa/.venv/lib/python3.12/site-packages/torch/_dynamo/eval_frame.py", line 1166, in compile_wrapper
    result = fn(*args, **kwargs)
             ^^^^^^^^^^^^^^^^^^^
  File "/data/users/bobren/a/pytorch-rs-burner/.burner/worktrees/agent_468d83fa/.venv/lib/python3.12/site-packages/torch/_dynamo/convert_frame.py", line 2628, in __call__
    result = self._torchdynamo_orig_backend(
             ^^^^^^^^^^^^^^^^^^^^^^^^^^^^^^^
  File "/data/users/bobren/a/pytorch-rs-burner/.burner/worktrees/agent_468d83fa/.venv/lib/python3.12/site-packages/torch/_dynamo/convert_frame.py", line 777, in __call__
    result = _compile(
             ^^^^^^^^^
  File "/data/users/bobren/a/pytorch-rs-burner/.burner/worktrees/agent_468d83fa/.venv/lib/python3.12/site-packages/torch/_dynamo/convert_frame.py", line 2031, in _compile
    raise FailOnRecompileLimitHit(
torch._dynamo.exc.FailOnRecompileLimitHit: Hard failure due to fullgraph=True

======================================================================
ERROR: test_held_out_forms_offsets_empty_and_changed_values (tests.test_compile_cuda_sum_rows.CompileCudaSumTests.test_held_out_forms_offsets_empty_and_changed_values) (expression='x.sum(dim=-1, keepdim=False)', shape=(107, 57), offset=9)
----------------------------------------------------------------------
Traceback (most recent call last):
  File "/data/users/bobren/a/pytorch-rs-burner/.burner/worktrees/agent_468d83fa/.venv/lib/python3.12/site-packages/torch/_dynamo/convert_frame.py", line 2024, in _compile
    raise_unimplemented_cache_limit_exceeded()
  File "/data/users/bobren/a/pytorch-rs-burner/.burner/worktrees/agent_468d83fa/.venv/lib/python3.12/site-packages/torch/_dynamo/convert_frame.py", line 2008, in raise_unimplemented_cache_limit_exceeded
    unimplemented(
  File "/data/users/bobren/a/pytorch-rs-burner/.burner/worktrees/agent_468d83fa/.venv/lib/python3.12/site-packages/torch/_dynamo/exc.py", line 727, in unimplemented
    raise Unsupported(msg, gb_type, skip_frame)
torch._dynamo.exc.Unsupported: Dynamo recompile limit exceeded
  Explanation: Dynamo attempted to recompile the code object too many times, exceeding the recompile_limit cache size limit (currently set to 8). Excessive recompilations can degrade performance due to the compilation overhead of each recompilation.
  Hint: To monitor recompilations, enable TORCH_LOGS=recompiles. If recompilations are expected, consider increasing torch._dynamo.config.recompile_limit to an appropriate value.
  Hint: See https://docs.pytorch.org/docs/main/user_guide/torch_compiler/compile/programming_model.recompilation.html for tips on dealing with recompilations.

  Developer debug context: Limit type: recompile_limit

 For more details about this graph break, please visit: https://meta-pytorch.github.io/compile-graph-break-site/gb/gb0039.html

The above exception was the direct cause of the following exception:

Traceback (most recent call last):
  File "/data/users/bobren/a/pytorch-rs-burner/.burner/worktrees/agent_468d83fa/tests/test_compile_cuda_sum_rows.py", line 64, in test_held_out_forms_offsets_empty_and_changed_values
    self.compare_sum(result, reference(tx))
                             ^^^^^^^^^^^^^
  File "/data/users/bobren/a/pytorch-rs-burner/.burner/worktrees/agent_468d83fa/.venv/lib/python3.12/site-packages/torch/_dynamo/eval_frame.py", line 1166, in compile_wrapper
    result = fn(*args, **kwargs)
             ^^^^^^^^^^^^^^^^^^^
  File "/data/users/bobren/a/pytorch-rs-burner/.burner/worktrees/agent_468d83fa/.venv/lib/python3.12/site-packages/torch/_dynamo/convert_frame.py", line 2628, in __call__
    result = self._torchdynamo_orig_backend(
             ^^^^^^^^^^^^^^^^^^^^^^^^^^^^^^^
  File "/data/users/bobren/a/pytorch-rs-burner/.burner/worktrees/agent_468d83fa/.venv/lib/python3.12/site-packages/torch/_dynamo/convert_frame.py", line 777, in __call__
    result = _compile(
             ^^^^^^^^^
  File "/data/users/bobren/a/pytorch-rs-burner/.burner/worktrees/agent_468d83fa/.venv/lib/python3.12/site-packages/torch/_dynamo/convert_frame.py", line 2031, in _compile
    raise FailOnRecompileLimitHit(
torch._dynamo.exc.FailOnRecompileLimitHit: Hard failure due to fullgraph=True

======================================================================
ERROR: test_held_out_forms_offsets_empty_and_changed_values (tests.test_compile_cuda_sum_rows.CompileCudaSumTests.test_held_out_forms_offsets_empty_and_changed_values) (expression='x.sum(dim=-1, keepdim=False)', shape=(95, 8), offset=0)
----------------------------------------------------------------------
Traceback (most recent call last):
  File "/data/users/bobren/a/pytorch-rs-burner/.burner/worktrees/agent_468d83fa/.venv/lib/python3.12/site-packages/torch/_dynamo/convert_frame.py", line 2024, in _compile
    raise_unimplemented_cache_limit_exceeded()
  File "/data/users/bobren/a/pytorch-rs-burner/.burner/worktrees/agent_468d83fa/.venv/lib/python3.12/site-packages/torch/_dynamo/convert_frame.py", line 2008, in raise_unimplemented_cache_limit_exceeded
    unimplemented(
  File "/data/users/bobren/a/pytorch-rs-burner/.burner/worktrees/agent_468d83fa/.venv/lib/python3.12/site-packages/torch/_dynamo/exc.py", line 727, in unimplemented
    raise Unsupported(msg, gb_type, skip_frame)
torch._dynamo.exc.Unsupported: Dynamo recompile limit exceeded
  Explanation: Dynamo attempted to recompile the code object too many times, exceeding the recompile_limit cache size limit (currently set to 8). Excessive recompilations can degrade performance due to the compilation overhead of each recompilation.
  Hint: To monitor recompilations, enable TORCH_LOGS=recompiles. If recompilations are expected, consider increasing torch._dynamo.config.recompile_limit to an appropriate value.
  Hint: See https://docs.pytorch.org/docs/main/user_guide/torch_compiler/compile/programming_model.recompilation.html for tips on dealing with recompilations.

  Developer debug context: Limit type: recompile_limit

 For more details about this graph break, please visit: https://meta-pytorch.github.io/compile-graph-break-site/gb/gb0039.html

The above exception was the direct cause of the following exception:

Traceback (most recent call last):
  File "/data/users/bobren/a/pytorch-rs-burner/.burner/worktrees/agent_468d83fa/tests/test_compile_cuda_sum_rows.py", line 64, in test_held_out_forms_offsets_empty_and_changed_values
    self.compare_sum(result, reference(tx))
                             ^^^^^^^^^^^^^
  File "/data/users/bobren/a/pytorch-rs-burner/.burner/worktrees/agent_468d83fa/.venv/lib/python3.12/site-packages/torch/_dynamo/eval_frame.py", line 1166, in compile_wrapper
    result = fn(*args, **kwargs)
             ^^^^^^^^^^^^^^^^^^^
  File "/data/users/bobren/a/pytorch-rs-burner/.burner/worktrees/agent_468d83fa/.venv/lib/python3.12/site-packages/torch/_dynamo/convert_frame.py", line 2628, in __call__
    result = self._torchdynamo_orig_backend(
             ^^^^^^^^^^^^^^^^^^^^^^^^^^^^^^^
  File "/data/users/bobren/a/pytorch-rs-burner/.burner/worktrees/agent_468d83fa/.venv/lib/python3.12/site-packages/torch/_dynamo/convert_frame.py", line 777, in __call__
    result = _compile(
             ^^^^^^^^^
  File "/data/users/bobren/a/pytorch-rs-burner/.burner/worktrees/agent_468d83fa/.venv/lib/python3.12/site-packages/torch/_dynamo/convert_frame.py", line 2031, in _compile
    raise FailOnRecompileLimitHit(
torch._dynamo.exc.FailOnRecompileLimitHit: Hard failure due to fullgraph=True

======================================================================
ERROR: test_held_out_forms_offsets_empty_and_changed_values (tests.test_compile_cuda_sum_rows.CompileCudaSumTests.test_held_out_forms_offsets_empty_and_changed_values) (expression='x.sum(dim=-1, keepdim=False)', shape=(95, 8), offset=9)
----------------------------------------------------------------------
Traceback (most recent call last):
  File "/data/users/bobren/a/pytorch-rs-burner/.burner/worktrees/agent_468d83fa/.venv/lib/python3.12/site-packages/torch/_dynamo/convert_frame.py", line 2024, in _compile
    raise_unimplemented_cache_limit_exceeded()
  File "/data/users/bobren/a/pytorch-rs-burner/.burner/worktrees/agent_468d83fa/.venv/lib/python3.12/site-packages/torch/_dynamo/convert_frame.py", line 2008, in raise_unimplemented_cache_limit_exceeded
    unimplemented(
  File "/data/users/bobren/a/pytorch-rs-burner/.burner/worktrees/agent_468d83fa/.venv/lib/python3.12/site-packages/torch/_dynamo/exc.py", line 727, in unimplemented
    raise Unsupported(msg, gb_type, skip_frame)
torch._dynamo.exc.Unsupported: Dynamo recompile limit exceeded
  Explanation: Dynamo attempted to recompile the code object too many times, exceeding the recompile_limit cache size limit (currently set to 8). Excessive recompilations can degrade performance due to the compilation overhead of each recompilation.
  Hint: To monitor recompilations, enable TORCH_LOGS=recompiles. If recompilations are expected, consider increasing torch._dynamo.config.recompile_limit to an appropriate value.
  Hint: See https://docs.pytorch.org/docs/main/user_guide/torch_compiler/compile/programming_model.recompilation.html for tips on dealing with recompilations.

  Developer debug context: Limit type: recompile_limit

 For more details about this graph break, please visit: https://meta-pytorch.github.io/compile-graph-break-site/gb/gb0039.html

The above exception was the direct cause of the following exception:

Traceback (most recent call last):
  File "/data/users/bobren/a/pytorch-rs-burner/.burner/worktrees/agent_468d83fa/tests/test_compile_cuda_sum_rows.py", line 64, in test_held_out_forms_offsets_empty_and_changed_values
    self.compare_sum(result, reference(tx))
                             ^^^^^^^^^^^^^
  File "/data/users/bobren/a/pytorch-rs-burner/.burner/worktrees/agent_468d83fa/.venv/lib/python3.12/site-packages/torch/_dynamo/eval_frame.py", line 1166, in compile_wrapper
    result = fn(*args, **kwargs)
             ^^^^^^^^^^^^^^^^^^^
  File "/data/users/bobren/a/pytorch-rs-burner/.burner/worktrees/agent_468d83fa/.venv/lib/python3.12/site-packages/torch/_dynamo/convert_frame.py", line 2628, in __call__
    result = self._torchdynamo_orig_backend(
             ^^^^^^^^^^^^^^^^^^^^^^^^^^^^^^^
  File "/data/users/bobren/a/pytorch-rs-burner/.burner/worktrees/agent_468d83fa/.venv/lib/python3.12/site-packages/torch/_dynamo/convert_frame.py", line 777, in __call__
    result = _compile(
             ^^^^^^^^^
  File "/data/users/bobren/a/pytorch-rs-burner/.burner/worktrees/agent_468d83fa/.venv/lib/python3.12/site-packages/torch/_dynamo/convert_frame.py", line 2031, in _compile
    raise FailOnRecompileLimitHit(
torch._dynamo.exc.FailOnRecompileLimitHit: Hard failure due to fullgraph=True

======================================================================
ERROR: test_held_out_forms_offsets_empty_and_changed_values (tests.test_compile_cuda_sum_rows.CompileCudaSumTests.test_held_out_forms_offsets_empty_and_changed_values) (expression='x.sum(dim=-1, keepdim=False)', shape=(65, 12), offset=0)
----------------------------------------------------------------------
Traceback (most recent call last):
  File "/data/users/bobren/a/pytorch-rs-burner/.burner/worktrees/agent_468d83fa/.venv/lib/python3.12/site-packages/torch/_dynamo/convert_frame.py", line 2024, in _compile
    raise_unimplemented_cache_limit_exceeded()
  File "/data/users/bobren/a/pytorch-rs-burner/.burner/worktrees/agent_468d83fa/.venv/lib/python3.12/site-packages/torch/_dynamo/convert_frame.py", line 2008, in raise_unimplemented_cache_limit_exceeded
    unimplemented(
  File "/data/users/bobren/a/pytorch-rs-burner/.burner/worktrees/agent_468d83fa/.venv/lib/python3.12/site-packages/torch/_dynamo/exc.py", line 727, in unimplemented
    raise Unsupported(msg, gb_type, skip_frame)
torch._dynamo.exc.Unsupported: Dynamo recompile limit exceeded
  Explanation: Dynamo attempted to recompile the code object too many times, exceeding the recompile_limit cache size limit (currently set to 8). Excessive recompilations can degrade performance due to the compilation overhead of each recompilation.
  Hint: To monitor recompilations, enable TORCH_LOGS=recompiles. If recompilations are expected, consider increasing torch._dynamo.config.recompile_limit to an appropriate value.
  Hint: See https://docs.pytorch.org/docs/main/user_guide/torch_compiler/compile/programming_model.recompilation.html for tips on dealing with recompilations.

  Developer debug context: Limit type: recompile_limit

 For more details about this graph break, please visit: https://meta-pytorch.github.io/compile-graph-break-site/gb/gb0039.html

The above exception was the direct cause of the following exception:

Traceback (most recent call last):
  File "/data/users/bobren/a/pytorch-rs-burner/.burner/worktrees/agent_468d83fa/tests/test_compile_cuda_sum_rows.py", line 64, in test_held_out_forms_offsets_empty_and_changed_values
    self.compare_sum(result, reference(tx))
                             ^^^^^^^^^^^^^
  File "/data/users/bobren/a/pytorch-rs-burner/.burner/worktrees/agent_468d83fa/.venv/lib/python3.12/site-packages/torch/_dynamo/eval_frame.py", line 1166, in compile_wrapper
    result = fn(*args, **kwargs)
             ^^^^^^^^^^^^^^^^^^^
  File "/data/users/bobren/a/pytorch-rs-burner/.burner/worktrees/agent_468d83fa/.venv/lib/python3.12/site-packages/torch/_dynamo/convert_frame.py", line 2628, in __call__
    result = self._torchdynamo_orig_backend(
             ^^^^^^^^^^^^^^^^^^^^^^^^^^^^^^^
  File "/data/users/bobren/a/pytorch-rs-burner/.burner/worktrees/agent_468d83fa/.venv/lib/python3.12/site-packages/torch/_dynamo/convert_frame.py", line 777, in __call__
    result = _compile(
             ^^^^^^^^^
  File "/data/users/bobren/a/pytorch-rs-burner/.burner/worktrees/agent_468d83fa/.venv/lib/python3.12/site-packages/torch/_dynamo/convert_frame.py", line 2031, in _compile
    raise FailOnRecompileLimitHit(
torch._dynamo.exc.FailOnRecompileLimitHit: Hard failure due to fullgraph=True

======================================================================
ERROR: test_held_out_forms_offsets_empty_and_changed_values (tests.test_compile_cuda_sum_rows.CompileCudaSumTests.test_held_out_forms_offsets_empty_and_changed_values) (expression='x.sum(dim=-1, keepdim=False)', shape=(65, 12), offset=9)
----------------------------------------------------------------------
Traceback (most recent call last):
  File "/data/users/bobren/a/pytorch-rs-burner/.burner/worktrees/agent_468d83fa/.venv/lib/python3.12/site-packages/torch/_dynamo/convert_frame.py", line 2024, in _compile
    raise_unimplemented_cache_limit_exceeded()
  File "/data/users/bobren/a/pytorch-rs-burner/.burner/worktrees/agent_468d83fa/.venv/lib/python3.12/site-packages/torch/_dynamo/convert_frame.py", line 2008, in raise_unimplemented_cache_limit_exceeded
    unimplemented(
  File "/data/users/bobren/a/pytorch-rs-burner/.burner/worktrees/agent_468d83fa/.venv/lib/python3.12/site-packages/torch/_dynamo/exc.py", line 727, in unimplemented
    raise Unsupported(msg, gb_type, skip_frame)
torch._dynamo.exc.Unsupported: Dynamo recompile limit exceeded
  Explanation: Dynamo attempted to recompile the code object too many times, exceeding the recompile_limit cache size limit (currently set to 8). Excessive recompilations can degrade performance due to the compilation overhead of each recompilation.
  Hint: To monitor recompilations, enable TORCH_LOGS=recompiles. If recompilations are expected, consider increasing torch._dynamo.config.recompile_limit to an appropriate value.
  Hint: See https://docs.pytorch.org/docs/main/user_guide/torch_compiler/compile/programming_model.recompilation.html for tips on dealing with recompilations.

  Developer debug context: Limit type: recompile_limit

 For more details about this graph break, please visit: https://meta-pytorch.github.io/compile-graph-break-site/gb/gb0039.html

The above exception was the direct cause of the following exception:

Traceback (most recent call last):
  File "/data/users/bobren/a/pytorch-rs-burner/.burner/worktrees/agent_468d83fa/tests/test_compile_cuda_sum_rows.py", line 64, in test_held_out_forms_offsets_empty_and_changed_values
    self.compare_sum(result, reference(tx))
                             ^^^^^^^^^^^^^
  File "/data/users/bobren/a/pytorch-rs-burner/.burner/worktrees/agent_468d83fa/.venv/lib/python3.12/site-packages/torch/_dynamo/eval_frame.py", line 1166, in compile_wrapper
    result = fn(*args, **kwargs)
             ^^^^^^^^^^^^^^^^^^^
  File "/data/users/bobren/a/pytorch-rs-burner/.burner/worktrees/agent_468d83fa/.venv/lib/python3.12/site-packages/torch/_dynamo/convert_frame.py", line 2628, in __call__
    result = self._torchdynamo_orig_backend(
             ^^^^^^^^^^^^^^^^^^^^^^^^^^^^^^^
  File "/data/users/bobren/a/pytorch-rs-burner/.burner/worktrees/agent_468d83fa/.venv/lib/python3.12/site-packages/torch/_dynamo/convert_frame.py", line 777, in __call__
    result = _compile(
             ^^^^^^^^^
  File "/data/users/bobren/a/pytorch-rs-burner/.burner/worktrees/agent_468d83fa/.venv/lib/python3.12/site-packages/torch/_dynamo/convert_frame.py", line 2031, in _compile
    raise FailOnRecompileLimitHit(
torch._dynamo.exc.FailOnRecompileLimitHit: Hard failure due to fullgraph=True

======================================================================
ERROR: test_held_out_forms_offsets_empty_and_changed_values (tests.test_compile_cuda_sum_rows.CompileCudaSumTests.test_held_out_forms_offsets_empty_and_changed_values) (expression='x.sum(1, True)', shape=(21, 1), offset=0)
----------------------------------------------------------------------
Traceback (most recent call last):
  File "/data/users/bobren/a/pytorch-rs-burner/.burner/worktrees/agent_468d83fa/.venv/lib/python3.12/site-packages/torch/_dynamo/convert_frame.py", line 2024, in _compile
    raise_unimplemented_cache_limit_exceeded()
  File "/data/users/bobren/a/pytorch-rs-burner/.burner/worktrees/agent_468d83fa/.venv/lib/python3.12/site-packages/torch/_dynamo/convert_frame.py", line 2008, in raise_unimplemented_cache_limit_exceeded
    unimplemented(
  File "/data/users/bobren/a/pytorch-rs-burner/.burner/worktrees/agent_468d83fa/.venv/lib/python3.12/site-packages/torch/_dynamo/exc.py", line 727, in unimplemented
    raise Unsupported(msg, gb_type, skip_frame)
torch._dynamo.exc.Unsupported: Dynamo recompile limit exceeded
  Explanation: Dynamo attempted to recompile the code object too many times, exceeding the recompile_limit cache size limit (currently set to 8). Excessive recompilations can degrade performance due to the compilation overhead of each recompilation.
  Hint: To monitor recompilations, enable TORCH_LOGS=recompiles. If recompilations are expected, consider increasing torch._dynamo.config.recompile_limit to an appropriate value.
  Hint: See https://docs.pytorch.org/docs/main/user_guide/torch_compiler/compile/programming_model.recompilation.html for tips on dealing with recompilations.

  Developer debug context: Limit type: recompile_limit

 For more details about this graph break, please visit: https://meta-pytorch.github.io/compile-graph-break-site/gb/gb0039.html

The above exception was the direct cause of the following exception:

Traceback (most recent call last):
  File "/data/users/bobren/a/pytorch-rs-burner/.burner/worktrees/agent_468d83fa/tests/test_compile_cuda_sum_rows.py", line 64, in test_held_out_forms_offsets_empty_and_changed_values
    self.compare_sum(result, reference(tx))
                             ^^^^^^^^^^^^^
  File "/data/users/bobren/a/pytorch-rs-burner/.burner/worktrees/agent_468d83fa/.venv/lib/python3.12/site-packages/torch/_dynamo/eval_frame.py", line 1166, in compile_wrapper
    result = fn(*args, **kwargs)
             ^^^^^^^^^^^^^^^^^^^
  File "/data/users/bobren/a/pytorch-rs-burner/.burner/worktrees/agent_468d83fa/.venv/lib/python3.12/site-packages/torch/_dynamo/convert_frame.py", line 2628, in __call__
    result = self._torchdynamo_orig_backend(
             ^^^^^^^^^^^^^^^^^^^^^^^^^^^^^^^
  File "/data/users/bobren/a/pytorch-rs-burner/.burner/worktrees/agent_468d83fa/.venv/lib/python3.12/site-packages/torch/_dynamo/convert_frame.py", line 777, in __call__
    result = _compile(
             ^^^^^^^^^
  File "/data/users/bobren/a/pytorch-rs-burner/.burner/worktrees/agent_468d83fa/.venv/lib/python3.12/site-packages/torch/_dynamo/convert_frame.py", line 2031, in _compile
    raise FailOnRecompileLimitHit(
torch._dynamo.exc.FailOnRecompileLimitHit: Hard failure due to fullgraph=True

======================================================================
ERROR: test_held_out_forms_offsets_empty_and_changed_values (tests.test_compile_cuda_sum_rows.CompileCudaSumTests.test_held_out_forms_offsets_empty_and_changed_values) (expression='x.sum(1, True)', shape=(21, 1), offset=9)
----------------------------------------------------------------------
Traceback (most recent call last):
  File "/data/users/bobren/a/pytorch-rs-burner/.burner/worktrees/agent_468d83fa/.venv/lib/python3.12/site-packages/torch/_dynamo/convert_frame.py", line 2024, in _compile
    raise_unimplemented_cache_limit_exceeded()
  File "/data/users/bobren/a/pytorch-rs-burner/.burner/worktrees/agent_468d83fa/.venv/lib/python3.12/site-packages/torch/_dynamo/convert_frame.py", line 2008, in raise_unimplemented_cache_limit_exceeded
    unimplemented(
  File "/data/users/bobren/a/pytorch-rs-burner/.burner/worktrees/agent_468d83fa/.venv/lib/python3.12/site-packages/torch/_dynamo/exc.py", line 727, in unimplemented
    raise Unsupported(msg, gb_type, skip_frame)
torch._dynamo.exc.Unsupported: Dynamo recompile limit exceeded
  Explanation: Dynamo attempted to recompile the code object too many times, exceeding the recompile_limit cache size limit (currently set to 8). Excessive recompilations can degrade performance due to the compilation overhead of each recompilation.
  Hint: To monitor recompilations, enable TORCH_LOGS=recompiles. If recompilations are expected, consider increasing torch._dynamo.config.recompile_limit to an appropriate value.
  Hint: See https://docs.pytorch.org/docs/main/user_guide/torch_compiler/compile/programming_model.recompilation.html for tips on dealing with recompilations.

  Developer debug context: Limit type: recompile_limit

 For more details about this graph break, please visit: https://meta-pytorch.github.io/compile-graph-break-site/gb/gb0039.html

The above exception was the direct cause of the following exception:

Traceback (most recent call last):
  File "/data/users/bobren/a/pytorch-rs-burner/.burner/worktrees/agent_468d83fa/tests/test_compile_cuda_sum_rows.py", line 64, in test_held_out_forms_offsets_empty_and_changed_values
    self.compare_sum(result, reference(tx))
                             ^^^^^^^^^^^^^
  File "/data/users/bobren/a/pytorch-rs-burner/.burner/worktrees/agent_468d83fa/.venv/lib/python3.12/site-packages/torch/_dynamo/eval_frame.py", line 1166, in compile_wrapper
    result = fn(*args, **kwargs)
             ^^^^^^^^^^^^^^^^^^^
  File "/data/users/bobren/a/pytorch-rs-burner/.burner/worktrees/agent_468d83fa/.venv/lib/python3.12/site-packages/torch/_dynamo/convert_frame.py", line 2628, in __call__
    result = self._torchdynamo_orig_backend(
             ^^^^^^^^^^^^^^^^^^^^^^^^^^^^^^^
  File "/data/users/bobren/a/pytorch-rs-burner/.burner/worktrees/agent_468d83fa/.venv/lib/python3.12/site-packages/torch/_dynamo/convert_frame.py", line 777, in __call__
    result = _compile(
             ^^^^^^^^^
  File "/data/users/bobren/a/pytorch-rs-burner/.burner/worktrees/agent_468d83fa/.venv/lib/python3.12/site-packages/torch/_dynamo/convert_frame.py", line 2031, in _compile
    raise FailOnRecompileLimitHit(
torch._dynamo.exc.FailOnRecompileLimitHit: Hard failure due to fullgraph=True

======================================================================
ERROR: test_held_out_forms_offsets_empty_and_changed_values (tests.test_compile_cuda_sum_rows.CompileCudaSumTests.test_held_out_forms_offsets_empty_and_changed_values) (expression='x.sum(1, True)', shape=(19, 51), offset=0)
----------------------------------------------------------------------
Traceback (most recent call last):
  File "/data/users/bobren/a/pytorch-rs-burner/.burner/worktrees/agent_468d83fa/.venv/lib/python3.12/site-packages/torch/_dynamo/convert_frame.py", line 2024, in _compile
    raise_unimplemented_cache_limit_exceeded()
  File "/data/users/bobren/a/pytorch-rs-burner/.burner/worktrees/agent_468d83fa/.venv/lib/python3.12/site-packages/torch/_dynamo/convert_frame.py", line 2008, in raise_unimplemented_cache_limit_exceeded
    unimplemented(
  File "/data/users/bobren/a/pytorch-rs-burner/.burner/worktrees/agent_468d83fa/.venv/lib/python3.12/site-packages/torch/_dynamo/exc.py", line 727, in unimplemented
    raise Unsupported(msg, gb_type, skip_frame)
torch._dynamo.exc.Unsupported: Dynamo recompile limit exceeded
  Explanation: Dynamo attempted to recompile the code object too many times, exceeding the recompile_limit cache size limit (currently set to 8). Excessive recompilations can degrade performance due to the compilation overhead of each recompilation.
  Hint: To monitor recompilations, enable TORCH_LOGS=recompiles. If recompilations are expected, consider increasing torch._dynamo.config.recompile_limit to an appropriate value.
  Hint: See https://docs.pytorch.org/docs/main/user_guide/torch_compiler/compile/programming_model.recompilation.html for tips on dealing with recompilations.

  Developer debug context: Limit type: recompile_limit

 For more details about this graph break, please visit: https://meta-pytorch.github.io/compile-graph-break-site/gb/gb0039.html

The above exception was the direct cause of the following exception:

Traceback (most recent call last):
  File "/data/users/bobren/a/pytorch-rs-burner/.burner/worktrees/agent_468d83fa/tests/test_compile_cuda_sum_rows.py", line 64, in test_held_out_forms_offsets_empty_and_changed_values
    self.compare_sum(result, reference(tx))
                             ^^^^^^^^^^^^^
  File "/data/users/bobren/a/pytorch-rs-burner/.burner/worktrees/agent_468d83fa/.venv/lib/python3.12/site-packages/torch/_dynamo/eval_frame.py", line 1166, in compile_wrapper
    result = fn(*args, **kwargs)
             ^^^^^^^^^^^^^^^^^^^
  File "/data/users/bobren/a/pytorch-rs-burner/.burner/worktrees/agent_468d83fa/.venv/lib/python3.12/site-packages/torch/_dynamo/convert_frame.py", line 2628, in __call__
    result = self._torchdynamo_orig_backend(
             ^^^^^^^^^^^^^^^^^^^^^^^^^^^^^^^
  File "/data/users/bobren/a/pytorch-rs-burner/.burner/worktrees/agent_468d83fa/.venv/lib/python3.12/site-packages/torch/_dynamo/convert_frame.py", line 777, in __call__
    result = _compile(
             ^^^^^^^^^
  File "/data/users/bobren/a/pytorch-rs-burner/.burner/worktrees/agent_468d83fa/.venv/lib/python3.12/site-packages/torch/_dynamo/convert_frame.py", line 2031, in _compile
    raise FailOnRecompileLimitHit(
torch._dynamo.exc.FailOnRecompileLimitHit: Hard failure due to fullgraph=True

======================================================================
ERROR: test_held_out_forms_offsets_empty_and_changed_values (tests.test_compile_cuda_sum_rows.CompileCudaSumTests.test_held_out_forms_offsets_empty_and_changed_values) (expression='x.sum(1, True)', shape=(19, 51), offset=9)
----------------------------------------------------------------------
Traceback (most recent call last):
  File "/data/users/bobren/a/pytorch-rs-burner/.burner/worktrees/agent_468d83fa/.venv/lib/python3.12/site-packages/torch/_dynamo/convert_frame.py", line 2024, in _compile
    raise_unimplemented_cache_limit_exceeded()
  File "/data/users/bobren/a/pytorch-rs-burner/.burner/worktrees/agent_468d83fa/.venv/lib/python3.12/site-packages/torch/_dynamo/convert_frame.py", line 2008, in raise_unimplemented_cache_limit_exceeded
    unimplemented(
  File "/data/users/bobren/a/pytorch-rs-burner/.burner/worktrees/agent_468d83fa/.venv/lib/python3.12/site-packages/torch/_dynamo/exc.py", line 727, in unimplemented
    raise Unsupported(msg, gb_type, skip_frame)
torch._dynamo.exc.Unsupported: Dynamo recompile limit exceeded
  Explanation: Dynamo attempted to recompile the code object too many times, exceeding the recompile_limit cache size limit (currently set to 8). Excessive recompilations can degrade performance due to the compilation overhead of each recompilation.
  Hint: To monitor recompilations, enable TORCH_LOGS=recompiles. If recompilations are expected, consider increasing torch._dynamo.config.recompile_limit to an appropriate value.
  Hint: See https://docs.pytorch.org/docs/main/user_guide/torch_compiler/compile/programming_model.recompilation.html for tips on dealing with recompilations.

  Developer debug context: Limit type: recompile_limit

 For more details about this graph break, please visit: https://meta-pytorch.github.io/compile-graph-break-site/gb/gb0039.html

The above exception was the direct cause of the following exception:

Traceback (most recent call last):
  File "/data/users/bobren/a/pytorch-rs-burner/.burner/worktrees/agent_468d83fa/tests/test_compile_cuda_sum_rows.py", line 64, in test_held_out_forms_offsets_empty_and_changed_values
    self.compare_sum(result, reference(tx))
                             ^^^^^^^^^^^^^
  File "/data/users/bobren/a/pytorch-rs-burner/.burner/worktrees/agent_468d83fa/.venv/lib/python3.12/site-packages/torch/_dynamo/eval_frame.py", line 1166, in compile_wrapper
    result = fn(*args, **kwargs)
             ^^^^^^^^^^^^^^^^^^^
  File "/data/users/bobren/a/pytorch-rs-burner/.burner/worktrees/agent_468d83fa/.venv/lib/python3.12/site-packages/torch/_dynamo/convert_frame.py", line 2628, in __call__
    result = self._torchdynamo_orig_backend(
             ^^^^^^^^^^^^^^^^^^^^^^^^^^^^^^^
  File "/data/users/bobren/a/pytorch-rs-burner/.burner/worktrees/agent_468d83fa/.venv/lib/python3.12/site-packages/torch/_dynamo/convert_frame.py", line 777, in __call__
    result = _compile(
             ^^^^^^^^^
  File "/data/users/bobren/a/pytorch-rs-burner/.burner/worktrees/agent_468d83fa/.venv/lib/python3.12/site-packages/torch/_dynamo/convert_frame.py", line 2031, in _compile
    raise FailOnRecompileLimitHit(
torch._dynamo.exc.FailOnRecompileLimitHit: Hard failure due to fullgraph=True

======================================================================
ERROR: test_held_out_forms_offsets_empty_and_changed_values (tests.test_compile_cuda_sum_rows.CompileCudaSumTests.test_held_out_forms_offsets_empty_and_changed_values) (expression='x.sum(1, True)', shape=(107, 57), offset=0)
----------------------------------------------------------------------
Traceback (most recent call last):
  File "/data/users/bobren/a/pytorch-rs-burner/.burner/worktrees/agent_468d83fa/.venv/lib/python3.12/site-packages/torch/_dynamo/convert_frame.py", line 2024, in _compile
    raise_unimplemented_cache_limit_exceeded()
  File "/data/users/bobren/a/pytorch-rs-burner/.burner/worktrees/agent_468d83fa/.venv/lib/python3.12/site-packages/torch/_dynamo/convert_frame.py", line 2008, in raise_unimplemented_cache_limit_exceeded
    unimplemented(
  File "/data/users/bobren/a/pytorch-rs-burner/.burner/worktrees/agent_468d83fa/.venv/lib/python3.12/site-packages/torch/_dynamo/exc.py", line 727, in unimplemented
    raise Unsupported(msg, gb_type, skip_frame)
torch._dynamo.exc.Unsupported: Dynamo recompile limit exceeded
  Explanation: Dynamo attempted to recompile the code object too many times, exceeding the recompile_limit cache size limit (currently set to 8). Excessive recompilations can degrade performance due to the compilation overhead of each recompilation.
  Hint: To monitor recompilations, enable TORCH_LOGS=recompiles. If recompilations are expected, consider increasing torch._dynamo.config.recompile_limit to an appropriate value.
  Hint: See https://docs.pytorch.org/docs/main/user_guide/torch_compiler/compile/programming_model.recompilation.html for tips on dealing with recompilations.

  Developer debug context: Limit type: recompile_limit

 For more details about this graph break, please visit: https://meta-pytorch.github.io/compile-graph-break-site/gb/gb0039.html

The above exception was the direct cause of the following exception:

Traceback (most recent call last):
  File "/data/users/bobren/a/pytorch-rs-burner/.burner/worktrees/agent_468d83fa/tests/test_compile_cuda_sum_rows.py", line 64, in test_held_out_forms_offsets_empty_and_changed_values
    self.compare_sum(result, reference(tx))
                             ^^^^^^^^^^^^^
  File "/data/users/bobren/a/pytorch-rs-burner/.burner/worktrees/agent_468d83fa/.venv/lib/python3.12/site-packages/torch/_dynamo/eval_frame.py", line 1166, in compile_wrapper
    result = fn(*args, **kwargs)
             ^^^^^^^^^^^^^^^^^^^
  File "/data/users/bobren/a/pytorch-rs-burner/.burner/worktrees/agent_468d83fa/.venv/lib/python3.12/site-packages/torch/_dynamo/convert_frame.py", line 2628, in __call__
    result = self._torchdynamo_orig_backend(
             ^^^^^^^^^^^^^^^^^^^^^^^^^^^^^^^
  File "/data/users/bobren/a/pytorch-rs-burner/.burner/worktrees/agent_468d83fa/.venv/lib/python3.12/site-packages/torch/_dynamo/convert_frame.py", line 777, in __call__
    result = _compile(
             ^^^^^^^^^
  File "/data/users/bobren/a/pytorch-rs-burner/.burner/worktrees/agent_468d83fa/.venv/lib/python3.12/site-packages/torch/_dynamo/convert_frame.py", line 2031, in _compile
    raise FailOnRecompileLimitHit(
torch._dynamo.exc.FailOnRecompileLimitHit: Hard failure due to fullgraph=True

======================================================================
ERROR: test_held_out_forms_offsets_empty_and_changed_values (tests.test_compile_cuda_sum_rows.CompileCudaSumTests.test_held_out_forms_offsets_empty_and_changed_values) (expression='x.sum(1, True)', shape=(107, 57), offset=9)
----------------------------------------------------------------------
Traceback (most recent call last):
  File "/data/users/bobren/a/pytorch-rs-burner/.burner/worktrees/agent_468d83fa/.venv/lib/python3.12/site-packages/torch/_dynamo/convert_frame.py", line 2024, in _compile
    raise_unimplemented_cache_limit_exceeded()
  File "/data/users/bobren/a/pytorch-rs-burner/.burner/worktrees/agent_468d83fa/.venv/lib/python3.12/site-packages/torch/_dynamo/convert_frame.py", line 2008, in raise_unimplemented_cache_limit_exceeded
    unimplemented(
  File "/data/users/bobren/a/pytorch-rs-burner/.burner/worktrees/agent_468d83fa/.venv/lib/python3.12/site-packages/torch/_dynamo/exc.py", line 727, in unimplemented
    raise Unsupported(msg, gb_type, skip_frame)
torch._dynamo.exc.Unsupported: Dynamo recompile limit exceeded
  Explanation: Dynamo attempted to recompile the code object too many times, exceeding the recompile_limit cache size limit (currently set to 8). Excessive recompilations can degrade performance due to the compilation overhead of each recompilation.
  Hint: To monitor recompilations, enable TORCH_LOGS=recompiles. If recompilations are expected, consider increasing torch._dynamo.config.recompile_limit to an appropriate value.
  Hint: See https://docs.pytorch.org/docs/main/user_guide/torch_compiler/compile/programming_model.recompilation.html for tips on dealing with recompilations.

  Developer debug context: Limit type: recompile_limit

 For more details about this graph break, please visit: https://meta-pytorch.github.io/compile-graph-break-site/gb/gb0039.html

The above exception was the direct cause of the following exception:

Traceback (most recent call last):
  File "/data/users/bobren/a/pytorch-rs-burner/.burner/worktrees/agent_468d83fa/tests/test_compile_cuda_sum_rows.py", line 64, in test_held_out_forms_offsets_empty_and_changed_values
    self.compare_sum(result, reference(tx))
                             ^^^^^^^^^^^^^
  File "/data/users/bobren/a/pytorch-rs-burner/.burner/worktrees/agent_468d83fa/.venv/lib/python3.12/site-packages/torch/_dynamo/eval_frame.py", line 1166, in compile_wrapper
    result = fn(*args, **kwargs)
             ^^^^^^^^^^^^^^^^^^^
  File "/data/users/bobren/a/pytorch-rs-burner/.burner/worktrees/agent_468d83fa/.venv/lib/python3.12/site-packages/torch/_dynamo/convert_frame.py", line 2628, in __call__
    result = self._torchdynamo_orig_backend(
             ^^^^^^^^^^^^^^^^^^^^^^^^^^^^^^^
  File "/data/users/bobren/a/pytorch-rs-burner/.burner/worktrees/agent_468d83fa/.venv/lib/python3.12/site-packages/torch/_dynamo/convert_frame.py", line 777, in __call__
    result = _compile(
             ^^^^^^^^^
  File "/data/users/bobren/a/pytorch-rs-burner/.burner/worktrees/agent_468d83fa/.venv/lib/python3.12/site-packages/torch/_dynamo/convert_frame.py", line 2031, in _compile
    raise FailOnRecompileLimitHit(
torch._dynamo.exc.FailOnRecompileLimitHit: Hard failure due to fullgraph=True

======================================================================
ERROR: test_held_out_forms_offsets_empty_and_changed_values (tests.test_compile_cuda_sum_rows.CompileCudaSumTests.test_held_out_forms_offsets_empty_and_changed_values) (expression='x.sum(1, True)', shape=(95, 8), offset=0)
----------------------------------------------------------------------
Traceback (most recent call last):
  File "/data/users/bobren/a/pytorch-rs-burner/.burner/worktrees/agent_468d83fa/.venv/lib/python3.12/site-packages/torch/_dynamo/convert_frame.py", line 2024, in _compile
    raise_unimplemented_cache_limit_exceeded()
  File "/data/users/bobren/a/pytorch-rs-burner/.burner/worktrees/agent_468d83fa/.venv/lib/python3.12/site-packages/torch/_dynamo/convert_frame.py", line 2008, in raise_unimplemented_cache_limit_exceeded
    unimplemented(
  File "/data/users/bobren/a/pytorch-rs-burner/.burner/worktrees/agent_468d83fa/.venv/lib/python3.12/site-packages/torch/_dynamo/exc.py", line 727, in unimplemented
    raise Unsupported(msg, gb_type, skip_frame)
torch._dynamo.exc.Unsupported: Dynamo recompile limit exceeded
  Explanation: Dynamo attempted to recompile the code object too many times, exceeding the recompile_limit cache size limit (currently set to 8). Excessive recompilations can degrade performance due to the compilation overhead of each recompilation.
  Hint: To monitor recompilations, enable TORCH_LOGS=recompiles. If recompilations are expected, consider increasing torch._dynamo.config.recompile_limit to an appropriate value.
  Hint: See https://docs.pytorch.org/docs/main/user_guide/torch_compiler/compile/programming_model.recompilation.html for tips on dealing with recompilations.

  Developer debug context: Limit type: recompile_limit

 For more details about this graph break, please visit: https://meta-pytorch.github.io/compile-graph-break-site/gb/gb0039.html

The above exception was the direct cause of the following exception:

Traceback (most recent call last):
  File "/data/users/bobren/a/pytorch-rs-burner/.burner/worktrees/agent_468d83fa/tests/test_compile_cuda_sum_rows.py", line 64, in test_held_out_forms_offsets_empty_and_changed_values
    self.compare_sum(result, reference(tx))
                             ^^^^^^^^^^^^^
  File "/data/users/bobren/a/pytorch-rs-burner/.burner/worktrees/agent_468d83fa/.venv/lib/python3.12/site-packages/torch/_dynamo/eval_frame.py", line 1166, in compile_wrapper
    result = fn(*args, **kwargs)
             ^^^^^^^^^^^^^^^^^^^
  File "/data/users/bobren/a/pytorch-rs-burner/.burner/worktrees/agent_468d83fa/.venv/lib/python3.12/site-packages/torch/_dynamo/convert_frame.py", line 2628, in __call__
    result = self._torchdynamo_orig_backend(
             ^^^^^^^^^^^^^^^^^^^^^^^^^^^^^^^
  File "/data/users/bobren/a/pytorch-rs-burner/.burner/worktrees/agent_468d83fa/.venv/lib/python3.12/site-packages/torch/_dynamo/convert_frame.py", line 777, in __call__
    result = _compile(
             ^^^^^^^^^
  File "/data/users/bobren/a/pytorch-rs-burner/.burner/worktrees/agent_468d83fa/.venv/lib/python3.12/site-packages/torch/_dynamo/convert_frame.py", line 2031, in _compile
    raise FailOnRecompileLimitHit(
torch._dynamo.exc.FailOnRecompileLimitHit: Hard failure due to fullgraph=True

======================================================================
ERROR: test_held_out_forms_offsets_empty_and_changed_values (tests.test_compile_cuda_sum_rows.CompileCudaSumTests.test_held_out_forms_offsets_empty_and_changed_values) (expression='x.sum(1, True)', shape=(95, 8), offset=9)
----------------------------------------------------------------------
Traceback (most recent call last):
  File "/data/users/bobren/a/pytorch-rs-burner/.burner/worktrees/agent_468d83fa/.venv/lib/python3.12/site-packages/torch/_dynamo/convert_frame.py", line 2024, in _compile
    raise_unimplemented_cache_limit_exceeded()
  File "/data/users/bobren/a/pytorch-rs-burner/.burner/worktrees/agent_468d83fa/.venv/lib/python3.12/site-packages/torch/_dynamo/convert_frame.py", line 2008, in raise_unimplemented_cache_limit_exceeded
    unimplemented(
  File "/data/users/bobren/a/pytorch-rs-burner/.burner/worktrees/agent_468d83fa/.venv/lib/python3.12/site-packages/torch/_dynamo/exc.py", line 727, in unimplemented
    raise Unsupported(msg, gb_type, skip_frame)
torch._dynamo.exc.Unsupported: Dynamo recompile limit exceeded
  Explanation: Dynamo attempted to recompile the code object too many times, exceeding the recompile_limit cache size limit (currently set to 8). Excessive recompilations can degrade performance due to the compilation overhead of each recompilation.
  Hint: To monitor recompilations, enable TORCH_LOGS=recompiles. If recompilations are expected, consider increasing torch._dynamo.config.recompile_limit to an appropriate value.
  Hint: See https://docs.pytorch.org/docs/main/user_guide/torch_compiler/compile/programming_model.recompilation.html for tips on dealing with recompilations.

  Developer debug context: Limit type: recompile_limit

 For more details about this graph break, please visit: https://meta-pytorch.github.io/compile-graph-break-site/gb/gb0039.html

The above exception was the direct cause of the following exception:

Traceback (most recent call last):
  File "/data/users/bobren/a/pytorch-rs-burner/.burner/worktrees/agent_468d83fa/tests/test_compile_cuda_sum_rows.py", line 64, in test_held_out_forms_offsets_empty_and_changed_values
    self.compare_sum(result, reference(tx))
                             ^^^^^^^^^^^^^
  File "/data/users/bobren/a/pytorch-rs-burner/.burner/worktrees/agent_468d83fa/.venv/lib/python3.12/site-packages/torch/_dynamo/eval_frame.py", line 1166, in compile_wrapper
    result = fn(*args, **kwargs)
             ^^^^^^^^^^^^^^^^^^^
  File "/data/users/bobren/a/pytorch-rs-burner/.burner/worktrees/agent_468d83fa/.venv/lib/python3.12/site-packages/torch/_dynamo/convert_frame.py", line 2628, in __call__
    result = self._torchdynamo_orig_backend(
             ^^^^^^^^^^^^^^^^^^^^^^^^^^^^^^^
  File "/data/users/bobren/a/pytorch-rs-burner/.burner/worktrees/agent_468d83fa/.venv/lib/python3.12/site-packages/torch/_dynamo/convert_frame.py", line 777, in __call__
    result = _compile(
             ^^^^^^^^^
  File "/data/users/bobren/a/pytorch-rs-burner/.burner/worktrees/agent_468d83fa/.venv/lib/python3.12/site-packages/torch/_dynamo/convert_frame.py", line 2031, in _compile
    raise FailOnRecompileLimitHit(
torch._dynamo.exc.FailOnRecompileLimitHit: Hard failure due to fullgraph=True

======================================================================
ERROR: test_held_out_forms_offsets_empty_and_changed_values (tests.test_compile_cuda_sum_rows.CompileCudaSumTests.test_held_out_forms_offsets_empty_and_changed_values) (expression='x.sum(1, True)', shape=(65, 12), offset=0)
----------------------------------------------------------------------
Traceback (most recent call last):
  File "/data/users/bobren/a/pytorch-rs-burner/.burner/worktrees/agent_468d83fa/.venv/lib/python3.12/site-packages/torch/_dynamo/convert_frame.py", line 2024, in _compile
    raise_unimplemented_cache_limit_exceeded()
  File "/data/users/bobren/a/pytorch-rs-burner/.burner/worktrees/agent_468d83fa/.venv/lib/python3.12/site-packages/torch/_dynamo/convert_frame.py", line 2008, in raise_unimplemented_cache_limit_exceeded
    unimplemented(
  File "/data/users/bobren/a/pytorch-rs-burner/.burner/worktrees/agent_468d83fa/.venv/lib/python3.12/site-packages/torch/_dynamo/exc.py", line 727, in unimplemented
    raise Unsupported(msg, gb_type, skip_frame)
torch._dynamo.exc.Unsupported: Dynamo recompile limit exceeded
  Explanation: Dynamo attempted to recompile the code object too many times, exceeding the recompile_limit cache size limit (currently set to 8). Excessive recompilations can degrade performance due to the compilation overhead of each recompilation.
  Hint: To monitor recompilations, enable TORCH_LOGS=recompiles. If recompilations are expected, consider increasing torch._dynamo.config.recompile_limit to an appropriate value.
  Hint: See https://docs.pytorch.org/docs/main/user_guide/torch_compiler/compile/programming_model.recompilation.html for tips on dealing with recompilations.

  Developer debug context: Limit type: recompile_limit

 For more details about this graph break, please visit: https://meta-pytorch.github.io/compile-graph-break-site/gb/gb0039.html

The above exception was the direct cause of the following exception:

Traceback (most recent call last):
  File "/data/users/bobren/a/pytorch-rs-burner/.burner/worktrees/agent_468d83fa/tests/test_compile_cuda_sum_rows.py", line 64, in test_held_out_forms_offsets_empty_and_changed_values
    self.compare_sum(result, reference(tx))
                             ^^^^^^^^^^^^^
  File "/data/users/bobren/a/pytorch-rs-burner/.burner/worktrees/agent_468d83fa/.venv/lib/python3.12/site-packages/torch/_dynamo/eval_frame.py", line 1166, in compile_wrapper
    result = fn(*args, **kwargs)
             ^^^^^^^^^^^^^^^^^^^
  File "/data/users/bobren/a/pytorch-rs-burner/.burner/worktrees/agent_468d83fa/.venv/lib/python3.12/site-packages/torch/_dynamo/convert_frame.py", line 2628, in __call__
    result = self._torchdynamo_orig_backend(
             ^^^^^^^^^^^^^^^^^^^^^^^^^^^^^^^
  File "/data/users/bobren/a/pytorch-rs-burner/.burner/worktrees/agent_468d83fa/.venv/lib/python3.12/site-packages/torch/_dynamo/convert_frame.py", line 777, in __call__
    result = _compile(
             ^^^^^^^^^
  File "/data/users/bobren/a/pytorch-rs-burner/.burner/worktrees/agent_468d83fa/.venv/lib/python3.12/site-packages/torch/_dynamo/convert_frame.py", line 2031, in _compile
    raise FailOnRecompileLimitHit(
torch._dynamo.exc.FailOnRecompileLimitHit: Hard failure due to fullgraph=True

======================================================================
ERROR: test_held_out_forms_offsets_empty_and_changed_values (tests.test_compile_cuda_sum_rows.CompileCudaSumTests.test_held_out_forms_offsets_empty_and_changed_values) (expression='x.sum(1, True)', shape=(65, 12), offset=9)
----------------------------------------------------------------------
Traceback (most recent call last):
  File "/data/users/bobren/a/pytorch-rs-burner/.burner/worktrees/agent_468d83fa/.venv/lib/python3.12/site-packages/torch/_dynamo/convert_frame.py", line 2024, in _compile
    raise_unimplemented_cache_limit_exceeded()
  File "/data/users/bobren/a/pytorch-rs-burner/.burner/worktrees/agent_468d83fa/.venv/lib/python3.12/site-packages/torch/_dynamo/convert_frame.py", line 2008, in raise_unimplemented_cache_limit_exceeded
    unimplemented(
  File "/data/users/bobren/a/pytorch-rs-burner/.burner/worktrees/agent_468d83fa/.venv/lib/python3.12/site-packages/torch/_dynamo/exc.py", line 727, in unimplemented
    raise Unsupported(msg, gb_type, skip_frame)
torch._dynamo.exc.Unsupported: Dynamo recompile limit exceeded
  Explanation: Dynamo attempted to recompile the code object too many times, exceeding the recompile_limit cache size limit (currently set to 8). Excessive recompilations can degrade performance due to the compilation overhead of each recompilation.
  Hint: To monitor recompilations, enable TORCH_LOGS=recompiles. If recompilations are expected, consider increasing torch._dynamo.config.recompile_limit to an appropriate value.
  Hint: See https://docs.pytorch.org/docs/main/user_guide/torch_compiler/compile/programming_model.recompilation.html for tips on dealing with recompilations.

  Developer debug context: Limit type: recompile_limit

 For more details about this graph break, please visit: https://meta-pytorch.github.io/compile-graph-break-site/gb/gb0039.html

The above exception was the direct cause of the following exception:

Traceback (most recent call last):
  File "/data/users/bobren/a/pytorch-rs-burner/.burner/worktrees/agent_468d83fa/tests/test_compile_cuda_sum_rows.py", line 64, in test_held_out_forms_offsets_empty_and_changed_values
    self.compare_sum(result, reference(tx))
                             ^^^^^^^^^^^^^
  File "/data/users/bobren/a/pytorch-rs-burner/.burner/worktrees/agent_468d83fa/.venv/lib/python3.12/site-packages/torch/_dynamo/eval_frame.py", line 1166, in compile_wrapper
    result = fn(*args, **kwargs)
             ^^^^^^^^^^^^^^^^^^^
  File "/data/users/bobren/a/pytorch-rs-burner/.burner/worktrees/agent_468d83fa/.venv/lib/python3.12/site-packages/torch/_dynamo/convert_frame.py", line 2628, in __call__
    result = self._torchdynamo_orig_backend(
             ^^^^^^^^^^^^^^^^^^^^^^^^^^^^^^^
  File "/data/users/bobren/a/pytorch-rs-burner/.burner/worktrees/agent_468d83fa/.venv/lib/python3.12/site-packages/torch/_dynamo/convert_frame.py", line 777, in __call__
    result = _compile(
             ^^^^^^^^^
  File "/data/users/bobren/a/pytorch-rs-burner/.burner/worktrees/agent_468d83fa/.venv/lib/python3.12/site-packages/torch/_dynamo/convert_frame.py", line 2031, in _compile
    raise FailOnRecompileLimitHit(
torch._dynamo.exc.FailOnRecompileLimitHit: Hard failure due to fullgraph=True

======================================================================
ERROR: test_held_out_forms_offsets_empty_and_changed_values (tests.test_compile_cuda_sum_rows.CompileCudaSumTests.test_held_out_forms_offsets_empty_and_changed_values) (expression='x.sum(-1, keepdim=True)', shape=(21, 1), offset=0)
----------------------------------------------------------------------
Traceback (most recent call last):
  File "/data/users/bobren/a/pytorch-rs-burner/.burner/worktrees/agent_468d83fa/.venv/lib/python3.12/site-packages/torch/_dynamo/convert_frame.py", line 2024, in _compile
    raise_unimplemented_cache_limit_exceeded()
  File "/data/users/bobren/a/pytorch-rs-burner/.burner/worktrees/agent_468d83fa/.venv/lib/python3.12/site-packages/torch/_dynamo/convert_frame.py", line 2008, in raise_unimplemented_cache_limit_exceeded
    unimplemented(
  File "/data/users/bobren/a/pytorch-rs-burner/.burner/worktrees/agent_468d83fa/.venv/lib/python3.12/site-packages/torch/_dynamo/exc.py", line 727, in unimplemented
    raise Unsupported(msg, gb_type, skip_frame)
torch._dynamo.exc.Unsupported: Dynamo recompile limit exceeded
  Explanation: Dynamo attempted to recompile the code object too many times, exceeding the recompile_limit cache size limit (currently set to 8). Excessive recompilations can degrade performance due to the compilation overhead of each recompilation.
  Hint: To monitor recompilations, enable TORCH_LOGS=recompiles. If recompilations are expected, consider increasing torch._dynamo.config.recompile_limit to an appropriate value.
  Hint: See https://docs.pytorch.org/docs/main/user_guide/torch_compiler/compile/programming_model.recompilation.html for tips on dealing with recompilations.

  Developer debug context: Limit type: recompile_limit

 For more details about this graph break, please visit: https://meta-pytorch.github.io/compile-graph-break-site/gb/gb0039.html

The above exception was the direct cause of the following exception:

Traceback (most recent call last):
  File "/data/users/bobren/a/pytorch-rs-burner/.burner/worktrees/agent_468d83fa/tests/test_compile_cuda_sum_rows.py", line 64, in test_held_out_forms_offsets_empty_and_changed_values
    self.compare_sum(result, reference(tx))
                             ^^^^^^^^^^^^^
  File "/data/users/bobren/a/pytorch-rs-burner/.burner/worktrees/agent_468d83fa/.venv/lib/python3.12/site-packages/torch/_dynamo/eval_frame.py", line 1166, in compile_wrapper
    result = fn(*args, **kwargs)
             ^^^^^^^^^^^^^^^^^^^
  File "/data/users/bobren/a/pytorch-rs-burner/.burner/worktrees/agent_468d83fa/.venv/lib/python3.12/site-packages/torch/_dynamo/convert_frame.py", line 2628, in __call__
    result = self._torchdynamo_orig_backend(
             ^^^^^^^^^^^^^^^^^^^^^^^^^^^^^^^
  File "/data/users/bobren/a/pytorch-rs-burner/.burner/worktrees/agent_468d83fa/.venv/lib/python3.12/site-packages/torch/_dynamo/convert_frame.py", line 777, in __call__
    result = _compile(
             ^^^^^^^^^
  File "/data/users/bobren/a/pytorch-rs-burner/.burner/worktrees/agent_468d83fa/.venv/lib/python3.12/site-packages/torch/_dynamo/convert_frame.py", line 2031, in _compile
    raise FailOnRecompileLimitHit(
torch._dynamo.exc.FailOnRecompileLimitHit: Hard failure due to fullgraph=True

======================================================================
ERROR: test_held_out_forms_offsets_empty_and_changed_values (tests.test_compile_cuda_sum_rows.CompileCudaSumTests.test_held_out_forms_offsets_empty_and_changed_values) (expression='x.sum(-1, keepdim=True)', shape=(21, 1), offset=9)
----------------------------------------------------------------------
Traceback (most recent call last):
  File "/data/users/bobren/a/pytorch-rs-burner/.burner/worktrees/agent_468d83fa/.venv/lib/python3.12/site-packages/torch/_dynamo/convert_frame.py", line 2024, in _compile
    raise_unimplemented_cache_limit_exceeded()
  File "/data/users/bobren/a/pytorch-rs-burner/.burner/worktrees/agent_468d83fa/.venv/lib/python3.12/site-packages/torch/_dynamo/convert_frame.py", line 2008, in raise_unimplemented_cache_limit_exceeded
    unimplemented(
  File "/data/users/bobren/a/pytorch-rs-burner/.burner/worktrees/agent_468d83fa/.venv/lib/python3.12/site-packages/torch/_dynamo/exc.py", line 727, in unimplemented
    raise Unsupported(msg, gb_type, skip_frame)
torch._dynamo.exc.Unsupported: Dynamo recompile limit exceeded
  Explanation: Dynamo attempted to recompile the code object too many times, exceeding the recompile_limit cache size limit (currently set to 8). Excessive recompilations can degrade performance due to the compilation overhead of each recompilation.
  Hint: To monitor recompilations, enable TORCH_LOGS=recompiles. If recompilations are expected, consider increasing torch._dynamo.config.recompile_limit to an appropriate value.
  Hint: See https://docs.pytorch.org/docs/main/user_guide/torch_compiler/compile/programming_model.recompilation.html for tips on dealing with recompilations.

  Developer debug context: Limit type: recompile_limit

 For more details about this graph break, please visit: https://meta-pytorch.github.io/compile-graph-break-site/gb/gb0039.html

The above exception was the direct cause of the following exception:

Traceback (most recent call last):
  File "/data/users/bobren/a/pytorch-rs-burner/.burner/worktrees/agent_468d83fa/tests/test_compile_cuda_sum_rows.py", line 64, in test_held_out_forms_offsets_empty_and_changed_values
    self.compare_sum(result, reference(tx))
                             ^^^^^^^^^^^^^
  File "/data/users/bobren/a/pytorch-rs-burner/.burner/worktrees/agent_468d83fa/.venv/lib/python3.12/site-packages/torch/_dynamo/eval_frame.py", line 1166, in compile_wrapper
    result = fn(*args, **kwargs)
             ^^^^^^^^^^^^^^^^^^^
  File "/data/users/bobren/a/pytorch-rs-burner/.burner/worktrees/agent_468d83fa/.venv/lib/python3.12/site-packages/torch/_dynamo/convert_frame.py", line 2628, in __call__
    result = self._torchdynamo_orig_backend(
             ^^^^^^^^^^^^^^^^^^^^^^^^^^^^^^^
  File "/data/users/bobren/a/pytorch-rs-burner/.burner/worktrees/agent_468d83fa/.venv/lib/python3.12/site-packages/torch/_dynamo/convert_frame.py", line 777, in __call__
    result = _compile(
             ^^^^^^^^^
  File "/data/users/bobren/a/pytorch-rs-burner/.burner/worktrees/agent_468d83fa/.venv/lib/python3.12/site-packages/torch/_dynamo/convert_frame.py", line 2031, in _compile
    raise FailOnRecompileLimitHit(
torch._dynamo.exc.FailOnRecompileLimitHit: Hard failure due to fullgraph=True

======================================================================
ERROR: test_held_out_forms_offsets_empty_and_changed_values (tests.test_compile_cuda_sum_rows.CompileCudaSumTests.test_held_out_forms_offsets_empty_and_changed_values) (expression='x.sum(-1, keepdim=True)', shape=(19, 51), offset=0)
----------------------------------------------------------------------
Traceback (most recent call last):
  File "/data/users/bobren/a/pytorch-rs-burner/.burner/worktrees/agent_468d83fa/.venv/lib/python3.12/site-packages/torch/_dynamo/convert_frame.py", line 2024, in _compile
    raise_unimplemented_cache_limit_exceeded()
  File "/data/users/bobren/a/pytorch-rs-burner/.burner/worktrees/agent_468d83fa/.venv/lib/python3.12/site-packages/torch/_dynamo/convert_frame.py", line 2008, in raise_unimplemented_cache_limit_exceeded
    unimplemented(
  File "/data/users/bobren/a/pytorch-rs-burner/.burner/worktrees/agent_468d83fa/.venv/lib/python3.12/site-packages/torch/_dynamo/exc.py", line 727, in unimplemented
    raise Unsupported(msg, gb_type, skip_frame)
torch._dynamo.exc.Unsupported: Dynamo recompile limit exceeded
  Explanation: Dynamo attempted to recompile the code object too many times, exceeding the recompile_limit cache size limit (currently set to 8). Excessive recompilations can degrade performance due to the compilation overhead of each recompilation.
  Hint: To monitor recompilations, enable TORCH_LOGS=recompiles. If recompilations are expected, consider increasing torch._dynamo.config.recompile_limit to an appropriate value.
  Hint: See https://docs.pytorch.org/docs/main/user_guide/torch_compiler/compile/programming_model.recompilation.html for tips on dealing with recompilations.

  Developer debug context: Limit type: recompile_limit

 For more details about this graph break, please visit: https://meta-pytorch.github.io/compile-graph-break-site/gb/gb0039.html

The above exception was the direct cause of the following exception:

Traceback (most recent call last):
  File "/data/users/bobren/a/pytorch-rs-burner/.burner/worktrees/agent_468d83fa/tests/test_compile_cuda_sum_rows.py", line 64, in test_held_out_forms_offsets_empty_and_changed_values
    self.compare_sum(result, reference(tx))
                             ^^^^^^^^^^^^^
  File "/data/users/bobren/a/pytorch-rs-burner/.burner/worktrees/agent_468d83fa/.venv/lib/python3.12/site-packages/torch/_dynamo/eval_frame.py", line 1166, in compile_wrapper
    result = fn(*args, **kwargs)
             ^^^^^^^^^^^^^^^^^^^
  File "/data/users/bobren/a/pytorch-rs-burner/.burner/worktrees/agent_468d83fa/.venv/lib/python3.12/site-packages/torch/_dynamo/convert_frame.py", line 2628, in __call__
    result = self._torchdynamo_orig_backend(
             ^^^^^^^^^^^^^^^^^^^^^^^^^^^^^^^
  File "/data/users/bobren/a/pytorch-rs-burner/.burner/worktrees/agent_468d83fa/.venv/lib/python3.12/site-packages/torch/_dynamo/convert_frame.py", line 777, in __call__
    result = _compile(
             ^^^^^^^^^
  File "/data/users/bobren/a/pytorch-rs-burner/.burner/worktrees/agent_468d83fa/.venv/lib/python3.12/site-packages/torch/_dynamo/convert_frame.py", line 2031, in _compile
    raise FailOnRecompileLimitHit(
torch._dynamo.exc.FailOnRecompileLimitHit: Hard failure due to fullgraph=True

======================================================================
ERROR: test_held_out_forms_offsets_empty_and_changed_values (tests.test_compile_cuda_sum_rows.CompileCudaSumTests.test_held_out_forms_offsets_empty_and_changed_values) (expression='x.sum(-1, keepdim=True)', shape=(19, 51), offset=9)
----------------------------------------------------------------------
Traceback (most recent call last):
  File "/data/users/bobren/a/pytorch-rs-burner/.burner/worktrees/agent_468d83fa/.venv/lib/python3.12/site-packages/torch/_dynamo/convert_frame.py", line 2024, in _compile
    raise_unimplemented_cache_limit_exceeded()
  File "/data/users/bobren/a/pytorch-rs-burner/.burner/worktrees/agent_468d83fa/.venv/lib/python3.12/site-packages/torch/_dynamo/convert_frame.py", line 2008, in raise_unimplemented_cache_limit_exceeded
    unimplemented(
  File "/data/users/bobren/a/pytorch-rs-burner/.burner/worktrees/agent_468d83fa/.venv/lib/python3.12/site-packages/torch/_dynamo/exc.py", line 727, in unimplemented
    raise Unsupported(msg, gb_type, skip_frame)
torch._dynamo.exc.Unsupported: Dynamo recompile limit exceeded
  Explanation: Dynamo attempted to recompile the code object too many times, exceeding the recompile_limit cache size limit (currently set to 8). Excessive recompilations can degrade performance due to the compilation overhead of each recompilation.
  Hint: To monitor recompilations, enable TORCH_LOGS=recompiles. If recompilations are expected, consider increasing torch._dynamo.config.recompile_limit to an appropriate value.
  Hint: See https://docs.pytorch.org/docs/main/user_guide/torch_compiler/compile/programming_model.recompilation.html for tips on dealing with recompilations.

  Developer debug context: Limit type: recompile_limit

 For more details about this graph break, please visit: https://meta-pytorch.github.io/compile-graph-break-site/gb/gb0039.html

The above exception was the direct cause of the following exception:

Traceback (most recent call last):
  File "/data/users/bobren/a/pytorch-rs-burner/.burner/worktrees/agent_468d83fa/tests/test_compile_cuda_sum_rows.py", line 64, in test_held_out_forms_offsets_empty_and_changed_values
    self.compare_sum(result, reference(tx))
                             ^^^^^^^^^^^^^
  File "/data/users/bobren/a/pytorch-rs-burner/.burner/worktrees/agent_468d83fa/.venv/lib/python3.12/site-packages/torch/_dynamo/eval_frame.py", line 1166, in compile_wrapper
    result = fn(*args, **kwargs)
             ^^^^^^^^^^^^^^^^^^^
  File "/data/users/bobren/a/pytorch-rs-burner/.burner/worktrees/agent_468d83fa/.venv/lib/python3.12/site-packages/torch/_dynamo/convert_frame.py", line 2628, in __call__
    result = self._torchdynamo_orig_backend(
             ^^^^^^^^^^^^^^^^^^^^^^^^^^^^^^^
  File "/data/users/bobren/a/pytorch-rs-burner/.burner/worktrees/agent_468d83fa/.venv/lib/python3.12/site-packages/torch/_dynamo/convert_frame.py", line 777, in __call__
    result = _compile(
             ^^^^^^^^^
  File "/data/users/bobren/a/pytorch-rs-burner/.burner/worktrees/agent_468d83fa/.venv/lib/python3.12/site-packages/torch/_dynamo/convert_frame.py", line 2031, in _compile
    raise FailOnRecompileLimitHit(
torch._dynamo.exc.FailOnRecompileLimitHit: Hard failure due to fullgraph=True

======================================================================
ERROR: test_held_out_forms_offsets_empty_and_changed_values (tests.test_compile_cuda_sum_rows.CompileCudaSumTests.test_held_out_forms_offsets_empty_and_changed_values) (expression='x.sum(-1, keepdim=True)', shape=(107, 57), offset=0)
----------------------------------------------------------------------
Traceback (most recent call last):
  File "/data/users/bobren/a/pytorch-rs-burner/.burner/worktrees/agent_468d83fa/.venv/lib/python3.12/site-packages/torch/_dynamo/convert_frame.py", line 2024, in _compile
    raise_unimplemented_cache_limit_exceeded()
  File "/data/users/bobren/a/pytorch-rs-burner/.burner/worktrees/agent_468d83fa/.venv/lib/python3.12/site-packages/torch/_dynamo/convert_frame.py", line 2008, in raise_unimplemented_cache_limit_exceeded
    unimplemented(
  File "/data/users/bobren/a/pytorch-rs-burner/.burner/worktrees/agent_468d83fa/.venv/lib/python3.12/site-packages/torch/_dynamo/exc.py", line 727, in unimplemented
    raise Unsupported(msg, gb_type, skip_frame)
torch._dynamo.exc.Unsupported: Dynamo recompile limit exceeded
  Explanation: Dynamo attempted to recompile the code object too many times, exceeding the recompile_limit cache size limit (currently set to 8). Excessive recompilations can degrade performance due to the compilation overhead of each recompilation.
  Hint: To monitor recompilations, enable TORCH_LOGS=recompiles. If recompilations are expected, consider increasing torch._dynamo.config.recompile_limit to an appropriate value.
  Hint: See https://docs.pytorch.org/docs/main/user_guide/torch_compiler/compile/programming_model.recompilation.html for tips on dealing with recompilations.

  Developer debug context: Limit type: recompile_limit

 For more details about this graph break, please visit: https://meta-pytorch.github.io/compile-graph-break-site/gb/gb0039.html

The above exception was the direct cause of the following exception:

Traceback (most recent call last):
  File "/data/users/bobren/a/pytorch-rs-burner/.burner/worktrees/agent_468d83fa/tests/test_compile_cuda_sum_rows.py", line 64, in test_held_out_forms_offsets_empty_and_changed_values
    self.compare_sum(result, reference(tx))
                             ^^^^^^^^^^^^^
  File "/data/users/bobren/a/pytorch-rs-burner/.burner/worktrees/agent_468d83fa/.venv/lib/python3.12/site-packages/torch/_dynamo/eval_frame.py", line 1166, in compile_wrapper
    result = fn(*args, **kwargs)
             ^^^^^^^^^^^^^^^^^^^
  File "/data/users/bobren/a/pytorch-rs-burner/.burner/worktrees/agent_468d83fa/.venv/lib/python3.12/site-packages/torch/_dynamo/convert_frame.py", line 2628, in __call__
    result = self._torchdynamo_orig_backend(
             ^^^^^^^^^^^^^^^^^^^^^^^^^^^^^^^
  File "/data/users/bobren/a/pytorch-rs-burner/.burner/worktrees/agent_468d83fa/.venv/lib/python3.12/site-packages/torch/_dynamo/convert_frame.py", line 777, in __call__
    result = _compile(
             ^^^^^^^^^
  File "/data/users/bobren/a/pytorch-rs-burner/.burner/worktrees/agent_468d83fa/.venv/lib/python3.12/site-packages/torch/_dynamo/convert_frame.py", line 2031, in _compile
    raise FailOnRecompileLimitHit(
torch._dynamo.exc.FailOnRecompileLimitHit: Hard failure due to fullgraph=True

======================================================================
ERROR: test_held_out_forms_offsets_empty_and_changed_values (tests.test_compile_cuda_sum_rows.CompileCudaSumTests.test_held_out_forms_offsets_empty_and_changed_values) (expression='x.sum(-1, keepdim=True)', shape=(107, 57), offset=9)
----------------------------------------------------------------------
Traceback (most recent call last):
  File "/data/users/bobren/a/pytorch-rs-burner/.burner/worktrees/agent_468d83fa/.venv/lib/python3.12/site-packages/torch/_dynamo/convert_frame.py", line 2024, in _compile
    raise_unimplemented_cache_limit_exceeded()
  File "/data/users/bobren/a/pytorch-rs-burner/.burner/worktrees/agent_468d83fa/.venv/lib/python3.12/site-packages/torch/_dynamo/convert_frame.py", line 2008, in raise_unimplemented_cache_limit_exceeded
    unimplemented(
  File "/data/users/bobren/a/pytorch-rs-burner/.burner/worktrees/agent_468d83fa/.venv/lib/python3.12/site-packages/torch/_dynamo/exc.py", line 727, in unimplemented
    raise Unsupported(msg, gb_type, skip_frame)
torch._dynamo.exc.Unsupported: Dynamo recompile limit exceeded
  Explanation: Dynamo attempted to recompile the code object too many times, exceeding the recompile_limit cache size limit (currently set to 8). Excessive recompilations can degrade performance due to the compilation overhead of each recompilation.
  Hint: To monitor recompilations, enable TORCH_LOGS=recompiles. If recompilations are expected, consider increasing torch._dynamo.config.recompile_limit to an appropriate value.
  Hint: See https://docs.pytorch.org/docs/main/user_guide/torch_compiler/compile/programming_model.recompilation.html for tips on dealing with recompilations.

  Developer debug context: Limit type: recompile_limit

 For more details about this graph break, please visit: https://meta-pytorch.github.io/compile-graph-break-site/gb/gb0039.html

The above exception was the direct cause of the following exception:

Traceback (most recent call last):
  File "/data/users/bobren/a/pytorch-rs-burner/.burner/worktrees/agent_468d83fa/tests/test_compile_cuda_sum_rows.py", line 64, in test_held_out_forms_offsets_empty_and_changed_values
    self.compare_sum(result, reference(tx))
                             ^^^^^^^^^^^^^
  File "/data/users/bobren/a/pytorch-rs-burner/.burner/worktrees/agent_468d83fa/.venv/lib/python3.12/site-packages/torch/_dynamo/eval_frame.py", line 1166, in compile_wrapper
    result = fn(*args, **kwargs)
             ^^^^^^^^^^^^^^^^^^^
  File "/data/users/bobren/a/pytorch-rs-burner/.burner/worktrees/agent_468d83fa/.venv/lib/python3.12/site-packages/torch/_dynamo/convert_frame.py", line 2628, in __call__
    result = self._torchdynamo_orig_backend(
             ^^^^^^^^^^^^^^^^^^^^^^^^^^^^^^^
  File "/data/users/bobren/a/pytorch-rs-burner/.burner/worktrees/agent_468d83fa/.venv/lib/python3.12/site-packages/torch/_dynamo/convert_frame.py", line 777, in __call__
    result = _compile(
             ^^^^^^^^^
  File "/data/users/bobren/a/pytorch-rs-burner/.burner/worktrees/agent_468d83fa/.venv/lib/python3.12/site-packages/torch/_dynamo/convert_frame.py", line 2031, in _compile
    raise FailOnRecompileLimitHit(
torch._dynamo.exc.FailOnRecompileLimitHit: Hard failure due to fullgraph=True

======================================================================
ERROR: test_held_out_forms_offsets_empty_and_changed_values (tests.test_compile_cuda_sum_rows.CompileCudaSumTests.test_held_out_forms_offsets_empty_and_changed_values) (expression='x.sum(-1, keepdim=True)', shape=(95, 8), offset=0)
----------------------------------------------------------------------
Traceback (most recent call last):
  File "/data/users/bobren/a/pytorch-rs-burner/.burner/worktrees/agent_468d83fa/.venv/lib/python3.12/site-packages/torch/_dynamo/convert_frame.py", line 2024, in _compile
    raise_unimplemented_cache_limit_exceeded()
  File "/data/users/bobren/a/pytorch-rs-burner/.burner/worktrees/agent_468d83fa/.venv/lib/python3.12/site-packages/torch/_dynamo/convert_frame.py", line 2008, in raise_unimplemented_cache_limit_exceeded
    unimplemented(
  File "/data/users/bobren/a/pytorch-rs-burner/.burner/worktrees/agent_468d83fa/.venv/lib/python3.12/site-packages/torch/_dynamo/exc.py", line 727, in unimplemented
    raise Unsupported(msg, gb_type, skip_frame)
torch._dynamo.exc.Unsupported: Dynamo recompile limit exceeded
  Explanation: Dynamo attempted to recompile the code object too many times, exceeding the recompile_limit cache size limit (currently set to 8). Excessive recompilations can degrade performance due to the compilation overhead of each recompilation.
  Hint: To monitor recompilations, enable TORCH_LOGS=recompiles. If recompilations are expected, consider increasing torch._dynamo.config.recompile_limit to an appropriate value.
  Hint: See https://docs.pytorch.org/docs/main/user_guide/torch_compiler/compile/programming_model.recompilation.html for tips on dealing with recompilations.

  Developer debug context: Limit type: recompile_limit

 For more details about this graph break, please visit: https://meta-pytorch.github.io/compile-graph-break-site/gb/gb0039.html

The above exception was the direct cause of the following exception:

Traceback (most recent call last):
  File "/data/users/bobren/a/pytorch-rs-burner/.burner/worktrees/agent_468d83fa/tests/test_compile_cuda_sum_rows.py", line 64, in test_held_out_forms_offsets_empty_and_changed_values
    self.compare_sum(result, reference(tx))
                             ^^^^^^^^^^^^^
  File "/data/users/bobren/a/pytorch-rs-burner/.burner/worktrees/agent_468d83fa/.venv/lib/python3.12/site-packages/torch/_dynamo/eval_frame.py", line 1166, in compile_wrapper
    result = fn(*args, **kwargs)
             ^^^^^^^^^^^^^^^^^^^
  File "/data/users/bobren/a/pytorch-rs-burner/.burner/worktrees/agent_468d83fa/.venv/lib/python3.12/site-packages/torch/_dynamo/convert_frame.py", line 2628, in __call__
    result = self._torchdynamo_orig_backend(
             ^^^^^^^^^^^^^^^^^^^^^^^^^^^^^^^
  File "/data/users/bobren/a/pytorch-rs-burner/.burner/worktrees/agent_468d83fa/.venv/lib/python3.12/site-packages/torch/_dynamo/convert_frame.py", line 777, in __call__
    result = _compile(
             ^^^^^^^^^
  File "/data/users/bobren/a/pytorch-rs-burner/.burner/worktrees/agent_468d83fa/.venv/lib/python3.12/site-packages/torch/_dynamo/convert_frame.py", line 2031, in _compile
    raise FailOnRecompileLimitHit(
torch._dynamo.exc.FailOnRecompileLimitHit: Hard failure due to fullgraph=True

======================================================================
ERROR: test_held_out_forms_offsets_empty_and_changed_values (tests.test_compile_cuda_sum_rows.CompileCudaSumTests.test_held_out_forms_offsets_empty_and_changed_values) (expression='x.sum(-1, keepdim=True)', shape=(95, 8), offset=9)
----------------------------------------------------------------------
Traceback (most recent call last):
  File "/data/users/bobren/a/pytorch-rs-burner/.burner/worktrees/agent_468d83fa/.venv/lib/python3.12/site-packages/torch/_dynamo/convert_frame.py", line 2024, in _compile
    raise_unimplemented_cache_limit_exceeded()
  File "/data/users/bobren/a/pytorch-rs-burner/.burner/worktrees/agent_468d83fa/.venv/lib/python3.12/site-packages/torch/_dynamo/convert_frame.py", line 2008, in raise_unimplemented_cache_limit_exceeded
    unimplemented(
  File "/data/users/bobren/a/pytorch-rs-burner/.burner/worktrees/agent_468d83fa/.venv/lib/python3.12/site-packages/torch/_dynamo/exc.py", line 727, in unimplemented
    raise Unsupported(msg, gb_type, skip_frame)
torch._dynamo.exc.Unsupported: Dynamo recompile limit exceeded
  Explanation: Dynamo attempted to recompile the code object too many times, exceeding the recompile_limit cache size limit (currently set to 8). Excessive recompilations can degrade performance due to the compilation overhead of each recompilation.
  Hint: To monitor recompilations, enable TORCH_LOGS=recompiles. If recompilations are expected, consider increasing torch._dynamo.config.recompile_limit to an appropriate value.
  Hint: See https://docs.pytorch.org/docs/main/user_guide/torch_compiler/compile/programming_model.recompilation.html for tips on dealing with recompilations.

  Developer debug context: Limit type: recompile_limit

 For more details about this graph break, please visit: https://meta-pytorch.github.io/compile-graph-break-site/gb/gb0039.html

The above exception was the direct cause of the following exception:

Traceback (most recent call last):
  File "/data/users/bobren/a/pytorch-rs-burner/.burner/worktrees/agent_468d83fa/tests/test_compile_cuda_sum_rows.py", line 64, in test_held_out_forms_offsets_empty_and_changed_values
    self.compare_sum(result, reference(tx))
                             ^^^^^^^^^^^^^
  File "/data/users/bobren/a/pytorch-rs-burner/.burner/worktrees/agent_468d83fa/.venv/lib/python3.12/site-packages/torch/_dynamo/eval_frame.py", line 1166, in compile_wrapper
    result = fn(*args, **kwargs)
             ^^^^^^^^^^^^^^^^^^^
  File "/data/users/bobren/a/pytorch-rs-burner/.burner/worktrees/agent_468d83fa/.venv/lib/python3.12/site-packages/torch/_dynamo/convert_frame.py", line 2628, in __call__
    result = self._torchdynamo_orig_backend(
             ^^^^^^^^^^^^^^^^^^^^^^^^^^^^^^^
  File "/data/users/bobren/a/pytorch-rs-burner/.burner/worktrees/agent_468d83fa/.venv/lib/python3.12/site-packages/torch/_dynamo/convert_frame.py", line 777, in __call__
    result = _compile(
             ^^^^^^^^^
  File "/data/users/bobren/a/pytorch-rs-burner/.burner/worktrees/agent_468d83fa/.venv/lib/python3.12/site-packages/torch/_dynamo/convert_frame.py", line 2031, in _compile
    raise FailOnRecompileLimitHit(
torch._dynamo.exc.FailOnRecompileLimitHit: Hard failure due to fullgraph=True

======================================================================
ERROR: test_held_out_forms_offsets_empty_and_changed_values (tests.test_compile_cuda_sum_rows.CompileCudaSumTests.test_held_out_forms_offsets_empty_and_changed_values) (expression='x.sum(-1, keepdim=True)', shape=(65, 12), offset=0)
----------------------------------------------------------------------
Traceback (most recent call last):
  File "/data/users/bobren/a/pytorch-rs-burner/.burner/worktrees/agent_468d83fa/.venv/lib/python3.12/site-packages/torch/_dynamo/convert_frame.py", line 2024, in _compile
    raise_unimplemented_cache_limit_exceeded()
  File "/data/users/bobren/a/pytorch-rs-burner/.burner/worktrees/agent_468d83fa/.venv/lib/python3.12/site-packages/torch/_dynamo/convert_frame.py", line 2008, in raise_unimplemented_cache_limit_exceeded
    unimplemented(
  File "/data/users/bobren/a/pytorch-rs-burner/.burner/worktrees/agent_468d83fa/.venv/lib/python3.12/site-packages/torch/_dynamo/exc.py", line 727, in unimplemented
    raise Unsupported(msg, gb_type, skip_frame)
torch._dynamo.exc.Unsupported: Dynamo recompile limit exceeded
  Explanation: Dynamo attempted to recompile the code object too many times, exceeding the recompile_limit cache size limit (currently set to 8). Excessive recompilations can degrade performance due to the compilation overhead of each recompilation.
  Hint: To monitor recompilations, enable TORCH_LOGS=recompiles. If recompilations are expected, consider increasing torch._dynamo.config.recompile_limit to an appropriate value.
  Hint: See https://docs.pytorch.org/docs/main/user_guide/torch_compiler/compile/programming_model.recompilation.html for tips on dealing with recompilations.

  Developer debug context: Limit type: recompile_limit

 For more details about this graph break, please visit: https://meta-pytorch.github.io/compile-graph-break-site/gb/gb0039.html

The above exception was the direct cause of the following exception:

Traceback (most recent call last):
  File "/data/users/bobren/a/pytorch-rs-burner/.burner/worktrees/agent_468d83fa/tests/test_compile_cuda_sum_rows.py", line 64, in test_held_out_forms_offsets_empty_and_changed_values
    self.compare_sum(result, reference(tx))
                             ^^^^^^^^^^^^^
  File "/data/users/bobren/a/pytorch-rs-burner/.burner/worktrees/agent_468d83fa/.venv/lib/python3.12/site-packages/torch/_dynamo/eval_frame.py", line 1166, in compile_wrapper
    result = fn(*args, **kwargs)
             ^^^^^^^^^^^^^^^^^^^
  File "/data/users/bobren/a/pytorch-rs-burner/.burner/worktrees/agent_468d83fa/.venv/lib/python3.12/site-packages/torch/_dynamo/convert_frame.py", line 2628, in __call__
    result = self._torchdynamo_orig_backend(
             ^^^^^^^^^^^^^^^^^^^^^^^^^^^^^^^
  File "/data/users/bobren/a/pytorch-rs-burner/.burner/worktrees/agent_468d83fa/.venv/lib/python3.12/site-packages/torch/_dynamo/convert_frame.py", line 777, in __call__
    result = _compile(
             ^^^^^^^^^
  File "/data/users/bobren/a/pytorch-rs-burner/.burner/worktrees/agent_468d83fa/.venv/lib/python3.12/site-packages/torch/_dynamo/convert_frame.py", line 2031, in _compile
    raise FailOnRecompileLimitHit(
torch._dynamo.exc.FailOnRecompileLimitHit: Hard failure due to fullgraph=True

======================================================================
ERROR: test_held_out_forms_offsets_empty_and_changed_values (tests.test_compile_cuda_sum_rows.CompileCudaSumTests.test_held_out_forms_offsets_empty_and_changed_values) (expression='x.sum(-1, keepdim=True)', shape=(65, 12), offset=9)
----------------------------------------------------------------------
Traceback (most recent call last):
  File "/data/users/bobren/a/pytorch-rs-burner/.burner/worktrees/agent_468d83fa/.venv/lib/python3.12/site-packages/torch/_dynamo/convert_frame.py", line 2024, in _compile
    raise_unimplemented_cache_limit_exceeded()
  File "/data/users/bobren/a/pytorch-rs-burner/.burner/worktrees/agent_468d83fa/.venv/lib/python3.12/site-packages/torch/_dynamo/convert_frame.py", line 2008, in raise_unimplemented_cache_limit_exceeded
    unimplemented(
  File "/data/users/bobren/a/pytorch-rs-burner/.burner/worktrees/agent_468d83fa/.venv/lib/python3.12/site-packages/torch/_dynamo/exc.py", line 727, in unimplemented
    raise Unsupported(msg, gb_type, skip_frame)
torch._dynamo.exc.Unsupported: Dynamo recompile limit exceeded
  Explanation: Dynamo attempted to recompile the code object too many times, exceeding the recompile_limit cache size limit (currently set to 8). Excessive recompilations can degrade performance due to the compilation overhead of each recompilation.
  Hint: To monitor recompilations, enable TORCH_LOGS=recompiles. If recompilations are expected, consider increasing torch._dynamo.config.recompile_limit to an appropriate value.
  Hint: See https://docs.pytorch.org/docs/main/user_guide/torch_compiler/compile/programming_model.recompilation.html for tips on dealing with recompilations.

  Developer debug context: Limit type: recompile_limit

 For more details about this graph break, please visit: https://meta-pytorch.github.io/compile-graph-break-site/gb/gb0039.html

The above exception was the direct cause of the following exception:

Traceback (most recent call last):
  File "/data/users/bobren/a/pytorch-rs-burner/.burner/worktrees/agent_468d83fa/tests/test_compile_cuda_sum_rows.py", line 64, in test_held_out_forms_offsets_empty_and_changed_values
    self.compare_sum(result, reference(tx))
                             ^^^^^^^^^^^^^
  File "/data/users/bobren/a/pytorch-rs-burner/.burner/worktrees/agent_468d83fa/.venv/lib/python3.12/site-packages/torch/_dynamo/eval_frame.py", line 1166, in compile_wrapper
    result = fn(*args, **kwargs)
             ^^^^^^^^^^^^^^^^^^^
  File "/data/users/bobren/a/pytorch-rs-burner/.burner/worktrees/agent_468d83fa/.venv/lib/python3.12/site-packages/torch/_dynamo/convert_frame.py", line 2628, in __call__
    result = self._torchdynamo_orig_backend(
             ^^^^^^^^^^^^^^^^^^^^^^^^^^^^^^^
  File "/data/users/bobren/a/pytorch-rs-burner/.burner/worktrees/agent_468d83fa/.venv/lib/python3.12/site-packages/torch/_dynamo/convert_frame.py", line 777, in __call__
    result = _compile(
             ^^^^^^^^^
  File "/data/users/bobren/a/pytorch-rs-burner/.burner/worktrees/agent_468d83fa/.venv/lib/python3.12/site-packages/torch/_dynamo/convert_frame.py", line 2031, in _compile
    raise FailOnRecompileLimitHit(
torch._dynamo.exc.FailOnRecompileLimitHit: Hard failure due to fullgraph=True

======================================================================
ERROR: test_held_out_forms_offsets_empty_and_changed_values (tests.test_compile_cuda_sum_rows.CompileCudaSumTests.test_held_out_forms_offsets_empty_and_changed_values) (expression='x.sum(keepdim=True, dim=1)', shape=(21, 1), offset=0)
----------------------------------------------------------------------
Traceback (most recent call last):
  File "/data/users/bobren/a/pytorch-rs-burner/.burner/worktrees/agent_468d83fa/.venv/lib/python3.12/site-packages/torch/_dynamo/convert_frame.py", line 2024, in _compile
    raise_unimplemented_cache_limit_exceeded()
  File "/data/users/bobren/a/pytorch-rs-burner/.burner/worktrees/agent_468d83fa/.venv/lib/python3.12/site-packages/torch/_dynamo/convert_frame.py", line 2008, in raise_unimplemented_cache_limit_exceeded
    unimplemented(
  File "/data/users/bobren/a/pytorch-rs-burner/.burner/worktrees/agent_468d83fa/.venv/lib/python3.12/site-packages/torch/_dynamo/exc.py", line 727, in unimplemented
    raise Unsupported(msg, gb_type, skip_frame)
torch._dynamo.exc.Unsupported: Dynamo recompile limit exceeded
  Explanation: Dynamo attempted to recompile the code object too many times, exceeding the recompile_limit cache size limit (currently set to 8). Excessive recompilations can degrade performance due to the compilation overhead of each recompilation.
  Hint: To monitor recompilations, enable TORCH_LOGS=recompiles. If recompilations are expected, consider increasing torch._dynamo.config.recompile_limit to an appropriate value.
  Hint: See https://docs.pytorch.org/docs/main/user_guide/torch_compiler/compile/programming_model.recompilation.html for tips on dealing with recompilations.

  Developer debug context: Limit type: recompile_limit

 For more details about this graph break, please visit: https://meta-pytorch.github.io/compile-graph-break-site/gb/gb0039.html

The above exception was the direct cause of the following exception:

Traceback (most recent call last):
  File "/data/users/bobren/a/pytorch-rs-burner/.burner/worktrees/agent_468d83fa/tests/test_compile_cuda_sum_rows.py", line 64, in test_held_out_forms_offsets_empty_and_changed_values
    self.compare_sum(result, reference(tx))
                             ^^^^^^^^^^^^^
  File "/data/users/bobren/a/pytorch-rs-burner/.burner/worktrees/agent_468d83fa/.venv/lib/python3.12/site-packages/torch/_dynamo/eval_frame.py", line 1166, in compile_wrapper
    result = fn(*args, **kwargs)
             ^^^^^^^^^^^^^^^^^^^
  File "/data/users/bobren/a/pytorch-rs-burner/.burner/worktrees/agent_468d83fa/.venv/lib/python3.12/site-packages/torch/_dynamo/convert_frame.py", line 2628, in __call__
    result = self._torchdynamo_orig_backend(
             ^^^^^^^^^^^^^^^^^^^^^^^^^^^^^^^
  File "/data/users/bobren/a/pytorch-rs-burner/.burner/worktrees/agent_468d83fa/.venv/lib/python3.12/site-packages/torch/_dynamo/convert_frame.py", line 777, in __call__
    result = _compile(
             ^^^^^^^^^
  File "/data/users/bobren/a/pytorch-rs-burner/.burner/worktrees/agent_468d83fa/.venv/lib/python3.12/site-packages/torch/_dynamo/convert_frame.py", line 2031, in _compile
    raise FailOnRecompileLimitHit(
torch._dynamo.exc.FailOnRecompileLimitHit: Hard failure due to fullgraph=True

======================================================================
ERROR: test_held_out_forms_offsets_empty_and_changed_values (tests.test_compile_cuda_sum_rows.CompileCudaSumTests.test_held_out_forms_offsets_empty_and_changed_values) (expression='x.sum(keepdim=True, dim=1)', shape=(21, 1), offset=9)
----------------------------------------------------------------------
Traceback (most recent call last):
  File "/data/users/bobren/a/pytorch-rs-burner/.burner/worktrees/agent_468d83fa/.venv/lib/python3.12/site-packages/torch/_dynamo/convert_frame.py", line 2024, in _compile
    raise_unimplemented_cache_limit_exceeded()
  File "/data/users/bobren/a/pytorch-rs-burner/.burner/worktrees/agent_468d83fa/.venv/lib/python3.12/site-packages/torch/_dynamo/convert_frame.py", line 2008, in raise_unimplemented_cache_limit_exceeded
    unimplemented(
  File "/data/users/bobren/a/pytorch-rs-burner/.burner/worktrees/agent_468d83fa/.venv/lib/python3.12/site-packages/torch/_dynamo/exc.py", line 727, in unimplemented
    raise Unsupported(msg, gb_type, skip_frame)
torch._dynamo.exc.Unsupported: Dynamo recompile limit exceeded
  Explanation: Dynamo attempted to recompile the code object too many times, exceeding the recompile_limit cache size limit (currently set to 8). Excessive recompilations can degrade performance due to the compilation overhead of each recompilation.
  Hint: To monitor recompilations, enable TORCH_LOGS=recompiles. If recompilations are expected, consider increasing torch._dynamo.config.recompile_limit to an appropriate value.
  Hint: See https://docs.pytorch.org/docs/main/user_guide/torch_compiler/compile/programming_model.recompilation.html for tips on dealing with recompilations.

  Developer debug context: Limit type: recompile_limit

 For more details about this graph break, please visit: https://meta-pytorch.github.io/compile-graph-break-site/gb/gb0039.html

The above exception was the direct cause of the following exception:

Traceback (most recent call last):
  File "/data/users/bobren/a/pytorch-rs-burner/.burner/worktrees/agent_468d83fa/tests/test_compile_cuda_sum_rows.py", line 64, in test_held_out_forms_offsets_empty_and_changed_values
    self.compare_sum(result, reference(tx))
                             ^^^^^^^^^^^^^
  File "/data/users/bobren/a/pytorch-rs-burner/.burner/worktrees/agent_468d83fa/.venv/lib/python3.12/site-packages/torch/_dynamo/eval_frame.py", line 1166, in compile_wrapper
    result = fn(*args, **kwargs)
             ^^^^^^^^^^^^^^^^^^^
  File "/data/users/bobren/a/pytorch-rs-burner/.burner/worktrees/agent_468d83fa/.venv/lib/python3.12/site-packages/torch/_dynamo/convert_frame.py", line 2628, in __call__
    result = self._torchdynamo_orig_backend(
             ^^^^^^^^^^^^^^^^^^^^^^^^^^^^^^^
  File "/data/users/bobren/a/pytorch-rs-burner/.burner/worktrees/agent_468d83fa/.venv/lib/python3.12/site-packages/torch/_dynamo/convert_frame.py", line 777, in __call__
    result = _compile(
             ^^^^^^^^^
  File "/data/users/bobren/a/pytorch-rs-burner/.burner/worktrees/agent_468d83fa/.venv/lib/python3.12/site-packages/torch/_dynamo/convert_frame.py", line 2031, in _compile
    raise FailOnRecompileLimitHit(
torch._dynamo.exc.FailOnRecompileLimitHit: Hard failure due to fullgraph=True

======================================================================
ERROR: test_held_out_forms_offsets_empty_and_changed_values (tests.test_compile_cuda_sum_rows.CompileCudaSumTests.test_held_out_forms_offsets_empty_and_changed_values) (expression='x.sum(keepdim=True, dim=1)', shape=(19, 51), offset=0)
----------------------------------------------------------------------
Traceback (most recent call last):
  File "/data/users/bobren/a/pytorch-rs-burner/.burner/worktrees/agent_468d83fa/.venv/lib/python3.12/site-packages/torch/_dynamo/convert_frame.py", line 2024, in _compile
    raise_unimplemented_cache_limit_exceeded()
  File "/data/users/bobren/a/pytorch-rs-burner/.burner/worktrees/agent_468d83fa/.venv/lib/python3.12/site-packages/torch/_dynamo/convert_frame.py", line 2008, in raise_unimplemented_cache_limit_exceeded
    unimplemented(
  File "/data/users/bobren/a/pytorch-rs-burner/.burner/worktrees/agent_468d83fa/.venv/lib/python3.12/site-packages/torch/_dynamo/exc.py", line 727, in unimplemented
    raise Unsupported(msg, gb_type, skip_frame)
torch._dynamo.exc.Unsupported: Dynamo recompile limit exceeded
  Explanation: Dynamo attempted to recompile the code object too many times, exceeding the recompile_limit cache size limit (currently set to 8). Excessive recompilations can degrade performance due to the compilation overhead of each recompilation.
  Hint: To monitor recompilations, enable TORCH_LOGS=recompiles. If recompilations are expected, consider increasing torch._dynamo.config.recompile_limit to an appropriate value.
  Hint: See https://docs.pytorch.org/docs/main/user_guide/torch_compiler/compile/programming_model.recompilation.html for tips on dealing with recompilations.

  Developer debug context: Limit type: recompile_limit

 For more details about this graph break, please visit: https://meta-pytorch.github.io/compile-graph-break-site/gb/gb0039.html

The above exception was the direct cause of the following exception:

Traceback (most recent call last):
  File "/data/users/bobren/a/pytorch-rs-burner/.burner/worktrees/agent_468d83fa/tests/test_compile_cuda_sum_rows.py", line 64, in test_held_out_forms_offsets_empty_and_changed_values
    self.compare_sum(result, reference(tx))
                             ^^^^^^^^^^^^^
  File "/data/users/bobren/a/pytorch-rs-burner/.burner/worktrees/agent_468d83fa/.venv/lib/python3.12/site-packages/torch/_dynamo/eval_frame.py", line 1166, in compile_wrapper
    result = fn(*args, **kwargs)
             ^^^^^^^^^^^^^^^^^^^
  File "/data/users/bobren/a/pytorch-rs-burner/.burner/worktrees/agent_468d83fa/.venv/lib/python3.12/site-packages/torch/_dynamo/convert_frame.py", line 2628, in __call__
    result = self._torchdynamo_orig_backend(
             ^^^^^^^^^^^^^^^^^^^^^^^^^^^^^^^
  File "/data/users/bobren/a/pytorch-rs-burner/.burner/worktrees/agent_468d83fa/.venv/lib/python3.12/site-packages/torch/_dynamo/convert_frame.py", line 777, in __call__
    result = _compile(
             ^^^^^^^^^
  File "/data/users/bobren/a/pytorch-rs-burner/.burner/worktrees/agent_468d83fa/.venv/lib/python3.12/site-packages/torch/_dynamo/convert_frame.py", line 2031, in _compile
    raise FailOnRecompileLimitHit(
torch._dynamo.exc.FailOnRecompileLimitHit: Hard failure due to fullgraph=True

======================================================================
ERROR: test_held_out_forms_offsets_empty_and_changed_values (tests.test_compile_cuda_sum_rows.CompileCudaSumTests.test_held_out_forms_offsets_empty_and_changed_values) (expression='x.sum(keepdim=True, dim=1)', shape=(19, 51), offset=9)
----------------------------------------------------------------------
Traceback (most recent call last):
  File "/data/users/bobren/a/pytorch-rs-burner/.burner/worktrees/agent_468d83fa/.venv/lib/python3.12/site-packages/torch/_dynamo/convert_frame.py", line 2024, in _compile
    raise_unimplemented_cache_limit_exceeded()
  File "/data/users/bobren/a/pytorch-rs-burner/.burner/worktrees/agent_468d83fa/.venv/lib/python3.12/site-packages/torch/_dynamo/convert_frame.py", line 2008, in raise_unimplemented_cache_limit_exceeded
    unimplemented(
  File "/data/users/bobren/a/pytorch-rs-burner/.burner/worktrees/agent_468d83fa/.venv/lib/python3.12/site-packages/torch/_dynamo/exc.py", line 727, in unimplemented
    raise Unsupported(msg, gb_type, skip_frame)
torch._dynamo.exc.Unsupported: Dynamo recompile limit exceeded
  Explanation: Dynamo attempted to recompile the code object too many times, exceeding the recompile_limit cache size limit (currently set to 8). Excessive recompilations can degrade performance due to the compilation overhead of each recompilation.
  Hint: To monitor recompilations, enable TORCH_LOGS=recompiles. If recompilations are expected, consider increasing torch._dynamo.config.recompile_limit to an appropriate value.
  Hint: See https://docs.pytorch.org/docs/main/user_guide/torch_compiler/compile/programming_model.recompilation.html for tips on dealing with recompilations.

  Developer debug context: Limit type: recompile_limit

 For more details about this graph break, please visit: https://meta-pytorch.github.io/compile-graph-break-site/gb/gb0039.html

The above exception was the direct cause of the following exception:

Traceback (most recent call last):
  File "/data/users/bobren/a/pytorch-rs-burner/.burner/worktrees/agent_468d83fa/tests/test_compile_cuda_sum_rows.py", line 64, in test_held_out_forms_offsets_empty_and_changed_values
    self.compare_sum(result, reference(tx))
                             ^^^^^^^^^^^^^
  File "/data/users/bobren/a/pytorch-rs-burner/.burner/worktrees/agent_468d83fa/.venv/lib/python3.12/site-packages/torch/_dynamo/eval_frame.py", line 1166, in compile_wrapper
    result = fn(*args, **kwargs)
             ^^^^^^^^^^^^^^^^^^^
  File "/data/users/bobren/a/pytorch-rs-burner/.burner/worktrees/agent_468d83fa/.venv/lib/python3.12/site-packages/torch/_dynamo/convert_frame.py", line 2628, in __call__
    result = self._torchdynamo_orig_backend(
             ^^^^^^^^^^^^^^^^^^^^^^^^^^^^^^^
  File "/data/users/bobren/a/pytorch-rs-burner/.burner/worktrees/agent_468d83fa/.venv/lib/python3.12/site-packages/torch/_dynamo/convert_frame.py", line 777, in __call__
    result = _compile(
             ^^^^^^^^^
  File "/data/users/bobren/a/pytorch-rs-burner/.burner/worktrees/agent_468d83fa/.venv/lib/python3.12/site-packages/torch/_dynamo/convert_frame.py", line 2031, in _compile
    raise FailOnRecompileLimitHit(
torch._dynamo.exc.FailOnRecompileLimitHit: Hard failure due to fullgraph=True

======================================================================
ERROR: test_held_out_forms_offsets_empty_and_changed_values (tests.test_compile_cuda_sum_rows.CompileCudaSumTests.test_held_out_forms_offsets_empty_and_changed_values) (expression='x.sum(keepdim=True, dim=1)', shape=(107, 57), offset=0)
----------------------------------------------------------------------
Traceback (most recent call last):
  File "/data/users/bobren/a/pytorch-rs-burner/.burner/worktrees/agent_468d83fa/.venv/lib/python3.12/site-packages/torch/_dynamo/convert_frame.py", line 2024, in _compile
    raise_unimplemented_cache_limit_exceeded()
  File "/data/users/bobren/a/pytorch-rs-burner/.burner/worktrees/agent_468d83fa/.venv/lib/python3.12/site-packages/torch/_dynamo/convert_frame.py", line 2008, in raise_unimplemented_cache_limit_exceeded
    unimplemented(
  File "/data/users/bobren/a/pytorch-rs-burner/.burner/worktrees/agent_468d83fa/.venv/lib/python3.12/site-packages/torch/_dynamo/exc.py", line 727, in unimplemented
    raise Unsupported(msg, gb_type, skip_frame)
torch._dynamo.exc.Unsupported: Dynamo recompile limit exceeded
  Explanation: Dynamo attempted to recompile the code object too many times, exceeding the recompile_limit cache size limit (currently set to 8). Excessive recompilations can degrade performance due to the compilation overhead of each recompilation.
  Hint: To monitor recompilations, enable TORCH_LOGS=recompiles. If recompilations are expected, consider increasing torch._dynamo.config.recompile_limit to an appropriate value.
  Hint: See https://docs.pytorch.org/docs/main/user_guide/torch_compiler/compile/programming_model.recompilation.html for tips on dealing with recompilations.

  Developer debug context: Limit type: recompile_limit

 For more details about this graph break, please visit: https://meta-pytorch.github.io/compile-graph-break-site/gb/gb0039.html

The above exception was the direct cause of the following exception:

Traceback (most recent call last):
  File "/data/users/bobren/a/pytorch-rs-burner/.burner/worktrees/agent_468d83fa/tests/test_compile_cuda_sum_rows.py", line 64, in test_held_out_forms_offsets_empty_and_changed_values
    self.compare_sum(result, reference(tx))
                             ^^^^^^^^^^^^^
  File "/data/users/bobren/a/pytorch-rs-burner/.burner/worktrees/agent_468d83fa/.venv/lib/python3.12/site-packages/torch/_dynamo/eval_frame.py", line 1166, in compile_wrapper
    result = fn(*args, **kwargs)
             ^^^^^^^^^^^^^^^^^^^
  File "/data/users/bobren/a/pytorch-rs-burner/.burner/worktrees/agent_468d83fa/.venv/lib/python3.12/site-packages/torch/_dynamo/convert_frame.py", line 2628, in __call__
    result = self._torchdynamo_orig_backend(
             ^^^^^^^^^^^^^^^^^^^^^^^^^^^^^^^
  File "/data/users/bobren/a/pytorch-rs-burner/.burner/worktrees/agent_468d83fa/.venv/lib/python3.12/site-packages/torch/_dynamo/convert_frame.py", line 777, in __call__
    result = _compile(
             ^^^^^^^^^
  File "/data/users/bobren/a/pytorch-rs-burner/.burner/worktrees/agent_468d83fa/.venv/lib/python3.12/site-packages/torch/_dynamo/convert_frame.py", line 2031, in _compile
    raise FailOnRecompileLimitHit(
torch._dynamo.exc.FailOnRecompileLimitHit: Hard failure due to fullgraph=True

======================================================================
ERROR: test_held_out_forms_offsets_empty_and_changed_values (tests.test_compile_cuda_sum_rows.CompileCudaSumTests.test_held_out_forms_offsets_empty_and_changed_values) (expression='x.sum(keepdim=True, dim=1)', shape=(107, 57), offset=9)
----------------------------------------------------------------------
Traceback (most recent call last):
  File "/data/users/bobren/a/pytorch-rs-burner/.burner/worktrees/agent_468d83fa/.venv/lib/python3.12/site-packages/torch/_dynamo/convert_frame.py", line 2024, in _compile
    raise_unimplemented_cache_limit_exceeded()
  File "/data/users/bobren/a/pytorch-rs-burner/.burner/worktrees/agent_468d83fa/.venv/lib/python3.12/site-packages/torch/_dynamo/convert_frame.py", line 2008, in raise_unimplemented_cache_limit_exceeded
    unimplemented(
  File "/data/users/bobren/a/pytorch-rs-burner/.burner/worktrees/agent_468d83fa/.venv/lib/python3.12/site-packages/torch/_dynamo/exc.py", line 727, in unimplemented
    raise Unsupported(msg, gb_type, skip_frame)
torch._dynamo.exc.Unsupported: Dynamo recompile limit exceeded
  Explanation: Dynamo attempted to recompile the code object too many times, exceeding the recompile_limit cache size limit (currently set to 8). Excessive recompilations can degrade performance due to the compilation overhead of each recompilation.
  Hint: To monitor recompilations, enable TORCH_LOGS=recompiles. If recompilations are expected, consider increasing torch._dynamo.config.recompile_limit to an appropriate value.
  Hint: See https://docs.pytorch.org/docs/main/user_guide/torch_compiler/compile/programming_model.recompilation.html for tips on dealing with recompilations.

  Developer debug context: Limit type: recompile_limit

 For more details about this graph break, please visit: https://meta-pytorch.github.io/compile-graph-break-site/gb/gb0039.html

The above exception was the direct cause of the following exception:

Traceback (most recent call last):
  File "/data/users/bobren/a/pytorch-rs-burner/.burner/worktrees/agent_468d83fa/tests/test_compile_cuda_sum_rows.py", line 64, in test_held_out_forms_offsets_empty_and_changed_values
    self.compare_sum(result, reference(tx))
                             ^^^^^^^^^^^^^
  File "/data/users/bobren/a/pytorch-rs-burner/.burner/worktrees/agent_468d83fa/.venv/lib/python3.12/site-packages/torch/_dynamo/eval_frame.py", line 1166, in compile_wrapper
    result = fn(*args, **kwargs)
             ^^^^^^^^^^^^^^^^^^^
  File "/data/users/bobren/a/pytorch-rs-burner/.burner/worktrees/agent_468d83fa/.venv/lib/python3.12/site-packages/torch/_dynamo/convert_frame.py", line 2628, in __call__
    result = self._torchdynamo_orig_backend(
             ^^^^^^^^^^^^^^^^^^^^^^^^^^^^^^^
  File "/data/users/bobren/a/pytorch-rs-burner/.burner/worktrees/agent_468d83fa/.venv/lib/python3.12/site-packages/torch/_dynamo/convert_frame.py", line 777, in __call__
    result = _compile(
             ^^^^^^^^^
  File "/data/users/bobren/a/pytorch-rs-burner/.burner/worktrees/agent_468d83fa/.venv/lib/python3.12/site-packages/torch/_dynamo/convert_frame.py", line 2031, in _compile
    raise FailOnRecompileLimitHit(
torch._dynamo.exc.FailOnRecompileLimitHit: Hard failure due to fullgraph=True

======================================================================
ERROR: test_held_out_forms_offsets_empty_and_changed_values (tests.test_compile_cuda_sum_rows.CompileCudaSumTests.test_held_out_forms_offsets_empty_and_changed_values) (expression='x.sum(keepdim=True, dim=1)', shape=(95, 8), offset=0)
----------------------------------------------------------------------
Traceback (most recent call last):
  File "/data/users/bobren/a/pytorch-rs-burner/.burner/worktrees/agent_468d83fa/.venv/lib/python3.12/site-packages/torch/_dynamo/convert_frame.py", line 2024, in _compile
    raise_unimplemented_cache_limit_exceeded()
  File "/data/users/bobren/a/pytorch-rs-burner/.burner/worktrees/agent_468d83fa/.venv/lib/python3.12/site-packages/torch/_dynamo/convert_frame.py", line 2008, in raise_unimplemented_cache_limit_exceeded
    unimplemented(
  File "/data/users/bobren/a/pytorch-rs-burner/.burner/worktrees/agent_468d83fa/.venv/lib/python3.12/site-packages/torch/_dynamo/exc.py", line 727, in unimplemented
    raise Unsupported(msg, gb_type, skip_frame)
torch._dynamo.exc.Unsupported: Dynamo recompile limit exceeded
  Explanation: Dynamo attempted to recompile the code object too many times, exceeding the recompile_limit cache size limit (currently set to 8). Excessive recompilations can degrade performance due to the compilation overhead of each recompilation.
  Hint: To monitor recompilations, enable TORCH_LOGS=recompiles. If recompilations are expected, consider increasing torch._dynamo.config.recompile_limit to an appropriate value.
  Hint: See https://docs.pytorch.org/docs/main/user_guide/torch_compiler/compile/programming_model.recompilation.html for tips on dealing with recompilations.

  Developer debug context: Limit type: recompile_limit

 For more details about this graph break, please visit: https://meta-pytorch.github.io/compile-graph-break-site/gb/gb0039.html

The above exception was the direct cause of the following exception:

Traceback (most recent call last):
  File "/data/users/bobren/a/pytorch-rs-burner/.burner/worktrees/agent_468d83fa/tests/test_compile_cuda_sum_rows.py", line 64, in test_held_out_forms_offsets_empty_and_changed_values
    self.compare_sum(result, reference(tx))
                             ^^^^^^^^^^^^^
  File "/data/users/bobren/a/pytorch-rs-burner/.burner/worktrees/agent_468d83fa/.venv/lib/python3.12/site-packages/torch/_dynamo/eval_frame.py", line 1166, in compile_wrapper
    result = fn(*args, **kwargs)
             ^^^^^^^^^^^^^^^^^^^
  File "/data/users/bobren/a/pytorch-rs-burner/.burner/worktrees/agent_468d83fa/.venv/lib/python3.12/site-packages/torch/_dynamo/convert_frame.py", line 2628, in __call__
    result = self._torchdynamo_orig_backend(
             ^^^^^^^^^^^^^^^^^^^^^^^^^^^^^^^
  File "/data/users/bobren/a/pytorch-rs-burner/.burner/worktrees/agent_468d83fa/.venv/lib/python3.12/site-packages/torch/_dynamo/convert_frame.py", line 777, in __call__
    result = _compile(
             ^^^^^^^^^
  File "/data/users/bobren/a/pytorch-rs-burner/.burner/worktrees/agent_468d83fa/.venv/lib/python3.12/site-packages/torch/_dynamo/convert_frame.py", line 2031, in _compile
    raise FailOnRecompileLimitHit(
torch._dynamo.exc.FailOnRecompileLimitHit: Hard failure due to fullgraph=True

======================================================================
ERROR: test_held_out_forms_offsets_empty_and_changed_values (tests.test_compile_cuda_sum_rows.CompileCudaSumTests.test_held_out_forms_offsets_empty_and_changed_values) (expression='x.sum(keepdim=True, dim=1)', shape=(95, 8), offset=9)
----------------------------------------------------------------------
Traceback (most recent call last):
  File "/data/users/bobren/a/pytorch-rs-burner/.burner/worktrees/agent_468d83fa/.venv/lib/python3.12/site-packages/torch/_dynamo/convert_frame.py", line 2024, in _compile
    raise_unimplemented_cache_limit_exceeded()
  File "/data/users/bobren/a/pytorch-rs-burner/.burner/worktrees/agent_468d83fa/.venv/lib/python3.12/site-packages/torch/_dynamo/convert_frame.py", line 2008, in raise_unimplemented_cache_limit_exceeded
    unimplemented(
  File "/data/users/bobren/a/pytorch-rs-burner/.burner/worktrees/agent_468d83fa/.venv/lib/python3.12/site-packages/torch/_dynamo/exc.py", line 727, in unimplemented
    raise Unsupported(msg, gb_type, skip_frame)
torch._dynamo.exc.Unsupported: Dynamo recompile limit exceeded
  Explanation: Dynamo attempted to recompile the code object too many times, exceeding the recompile_limit cache size limit (currently set to 8). Excessive recompilations can degrade performance due to the compilation overhead of each recompilation.
  Hint: To monitor recompilations, enable TORCH_LOGS=recompiles. If recompilations are expected, consider increasing torch._dynamo.config.recompile_limit to an appropriate value.
  Hint: See https://docs.pytorch.org/docs/main/user_guide/torch_compiler/compile/programming_model.recompilation.html for tips on dealing with recompilations.

  Developer debug context: Limit type: recompile_limit

 For more details about this graph break, please visit: https://meta-pytorch.github.io/compile-graph-break-site/gb/gb0039.html

The above exception was the direct cause of the following exception:

Traceback (most recent call last):
  File "/data/users/bobren/a/pytorch-rs-burner/.burner/worktrees/agent_468d83fa/tests/test_compile_cuda_sum_rows.py", line 64, in test_held_out_forms_offsets_empty_and_changed_values
    self.compare_sum(result, reference(tx))
                             ^^^^^^^^^^^^^
  File "/data/users/bobren/a/pytorch-rs-burner/.burner/worktrees/agent_468d83fa/.venv/lib/python3.12/site-packages/torch/_dynamo/eval_frame.py", line 1166, in compile_wrapper
    result = fn(*args, **kwargs)
             ^^^^^^^^^^^^^^^^^^^
  File "/data/users/bobren/a/pytorch-rs-burner/.burner/worktrees/agent_468d83fa/.venv/lib/python3.12/site-packages/torch/_dynamo/convert_frame.py", line 2628, in __call__
    result = self._torchdynamo_orig_backend(
             ^^^^^^^^^^^^^^^^^^^^^^^^^^^^^^^
  File "/data/users/bobren/a/pytorch-rs-burner/.burner/worktrees/agent_468d83fa/.venv/lib/python3.12/site-packages/torch/_dynamo/convert_frame.py", line 777, in __call__
    result = _compile(
             ^^^^^^^^^
  File "/data/users/bobren/a/pytorch-rs-burner/.burner/worktrees/agent_468d83fa/.venv/lib/python3.12/site-packages/torch/_dynamo/convert_frame.py", line 2031, in _compile
    raise FailOnRecompileLimitHit(
torch._dynamo.exc.FailOnRecompileLimitHit: Hard failure due to fullgraph=True

======================================================================
ERROR: test_held_out_forms_offsets_empty_and_changed_values (tests.test_compile_cuda_sum_rows.CompileCudaSumTests.test_held_out_forms_offsets_empty_and_changed_values) (expression='x.sum(keepdim=True, dim=1)', shape=(65, 12), offset=0)
----------------------------------------------------------------------
Traceback (most recent call last):
  File "/data/users/bobren/a/pytorch-rs-burner/.burner/worktrees/agent_468d83fa/.venv/lib/python3.12/site-packages/torch/_dynamo/convert_frame.py", line 2024, in _compile
    raise_unimplemented_cache_limit_exceeded()
  File "/data/users/bobren/a/pytorch-rs-burner/.burner/worktrees/agent_468d83fa/.venv/lib/python3.12/site-packages/torch/_dynamo/convert_frame.py", line 2008, in raise_unimplemented_cache_limit_exceeded
    unimplemented(
  File "/data/users/bobren/a/pytorch-rs-burner/.burner/worktrees/agent_468d83fa/.venv/lib/python3.12/site-packages/torch/_dynamo/exc.py", line 727, in unimplemented
    raise Unsupported(msg, gb_type, skip_frame)
torch._dynamo.exc.Unsupported: Dynamo recompile limit exceeded
  Explanation: Dynamo attempted to recompile the code object too many times, exceeding the recompile_limit cache size limit (currently set to 8). Excessive recompilations can degrade performance due to the compilation overhead of each recompilation.
  Hint: To monitor recompilations, enable TORCH_LOGS=recompiles. If recompilations are expected, consider increasing torch._dynamo.config.recompile_limit to an appropriate value.
  Hint: See https://docs.pytorch.org/docs/main/user_guide/torch_compiler/compile/programming_model.recompilation.html for tips on dealing with recompilations.

  Developer debug context: Limit type: recompile_limit

 For more details about this graph break, please visit: https://meta-pytorch.github.io/compile-graph-break-site/gb/gb0039.html

The above exception was the direct cause of the following exception:

Traceback (most recent call last):
  File "/data/users/bobren/a/pytorch-rs-burner/.burner/worktrees/agent_468d83fa/tests/test_compile_cuda_sum_rows.py", line 64, in test_held_out_forms_offsets_empty_and_changed_values
    self.compare_sum(result, reference(tx))
                             ^^^^^^^^^^^^^
  File "/data/users/bobren/a/pytorch-rs-burner/.burner/worktrees/agent_468d83fa/.venv/lib/python3.12/site-packages/torch/_dynamo/eval_frame.py", line 1166, in compile_wrapper
    result = fn(*args, **kwargs)
             ^^^^^^^^^^^^^^^^^^^
  File "/data/users/bobren/a/pytorch-rs-burner/.burner/worktrees/agent_468d83fa/.venv/lib/python3.12/site-packages/torch/_dynamo/convert_frame.py", line 2628, in __call__
    result = self._torchdynamo_orig_backend(
             ^^^^^^^^^^^^^^^^^^^^^^^^^^^^^^^
  File "/data/users/bobren/a/pytorch-rs-burner/.burner/worktrees/agent_468d83fa/.venv/lib/python3.12/site-packages/torch/_dynamo/convert_frame.py", line 777, in __call__
    result = _compile(
             ^^^^^^^^^
  File "/data/users/bobren/a/pytorch-rs-burner/.burner/worktrees/agent_468d83fa/.venv/lib/python3.12/site-packages/torch/_dynamo/convert_frame.py", line 2031, in _compile
    raise FailOnRecompileLimitHit(
torch._dynamo.exc.FailOnRecompileLimitHit: Hard failure due to fullgraph=True

======================================================================
ERROR: test_held_out_forms_offsets_empty_and_changed_values (tests.test_compile_cuda_sum_rows.CompileCudaSumTests.test_held_out_forms_offsets_empty_and_changed_values) (expression='x.sum(keepdim=True, dim=1)', shape=(65, 12), offset=9)
----------------------------------------------------------------------
Traceback (most recent call last):
  File "/data/users/bobren/a/pytorch-rs-burner/.burner/worktrees/agent_468d83fa/.venv/lib/python3.12/site-packages/torch/_dynamo/convert_frame.py", line 2024, in _compile
    raise_unimplemented_cache_limit_exceeded()
  File "/data/users/bobren/a/pytorch-rs-burner/.burner/worktrees/agent_468d83fa/.venv/lib/python3.12/site-packages/torch/_dynamo/convert_frame.py", line 2008, in raise_unimplemented_cache_limit_exceeded
    unimplemented(
  File "/data/users/bobren/a/pytorch-rs-burner/.burner/worktrees/agent_468d83fa/.venv/lib/python3.12/site-packages/torch/_dynamo/exc.py", line 727, in unimplemented
    raise Unsupported(msg, gb_type, skip_frame)
torch._dynamo.exc.Unsupported: Dynamo recompile limit exceeded
  Explanation: Dynamo attempted to recompile the code object too many times, exceeding the recompile_limit cache size limit (currently set to 8). Excessive recompilations can degrade performance due to the compilation overhead of each recompilation.
  Hint: To monitor recompilations, enable TORCH_LOGS=recompiles. If recompilations are expected, consider increasing torch._dynamo.config.recompile_limit to an appropriate value.
  Hint: See https://docs.pytorch.org/docs/main/user_guide/torch_compiler/compile/programming_model.recompilation.html for tips on dealing with recompilations.

  Developer debug context: Limit type: recompile_limit

 For more details about this graph break, please visit: https://meta-pytorch.github.io/compile-graph-break-site/gb/gb0039.html

The above exception was the direct cause of the following exception:

Traceback (most recent call last):
  File "/data/users/bobren/a/pytorch-rs-burner/.burner/worktrees/agent_468d83fa/tests/test_compile_cuda_sum_rows.py", line 64, in test_held_out_forms_offsets_empty_and_changed_values
    self.compare_sum(result, reference(tx))
                             ^^^^^^^^^^^^^
  File "/data/users/bobren/a/pytorch-rs-burner/.burner/worktrees/agent_468d83fa/.venv/lib/python3.12/site-packages/torch/_dynamo/eval_frame.py", line 1166, in compile_wrapper
    result = fn(*args, **kwargs)
             ^^^^^^^^^^^^^^^^^^^
  File "/data/users/bobren/a/pytorch-rs-burner/.burner/worktrees/agent_468d83fa/.venv/lib/python3.12/site-packages/torch/_dynamo/convert_frame.py", line 2628, in __call__
    result = self._torchdynamo_orig_backend(
             ^^^^^^^^^^^^^^^^^^^^^^^^^^^^^^^
  File "/data/users/bobren/a/pytorch-rs-burner/.burner/worktrees/agent_468d83fa/.venv/lib/python3.12/site-packages/torch/_dynamo/convert_frame.py", line 777, in __call__
    result = _compile(
             ^^^^^^^^^
  File "/data/users/bobren/a/pytorch-rs-burner/.burner/worktrees/agent_468d83fa/.venv/lib/python3.12/site-packages/torch/_dynamo/convert_frame.py", line 2031, in _compile
    raise FailOnRecompileLimitHit(
torch._dynamo.exc.FailOnRecompileLimitHit: Hard failure due to fullgraph=True

======================================================================
ERROR: test_rejections_and_live_method_mutation (tests.test_compile_cuda_sum_rows.CompileCudaSumTests.test_rejections_and_live_method_mutation)
----------------------------------------------------------------------
Traceback (most recent call last):
  File "/data/users/bobren/a/pytorch-rs-burner/.burner/worktrees/agent_468d83fa/tests/test_compile_cuda_sum_rows.py", line 106, in test_rejections_and_live_method_mutation
    x = native.ones((4, 17), device='cuda:0')
        ^^^^^^^^^^^^^^^^^^^^^^^^^^^^^^^^^^^^^
RuntimeError: ones(): device 'cuda:0' is not supported; only 'cpu' is implemented

======================================================================
ERROR: test_stream_completion_and_independent_output (tests.test_compile_cuda_sum_rows.CompileCudaSumTests.test_stream_completion_and_independent_output)
----------------------------------------------------------------------
Traceback (most recent call last):
  File "/data/users/bobren/a/pytorch-rs-burner/.burner/worktrees/agent_468d83fa/tests/test_compile_cuda_sum_rows.py", line 126, in test_stream_completion_and_independent_output
    x = native.full((5, 521), 0.25, device='cuda:0')
        ^^^^^^^^^^^^^^^^^^^^^^^^^^^^^^^^^^^^^^^^^^^^
RuntimeError: full(): device 'cuda:0' is not supported; only 'cpu' is implemented

======================================================================
FAIL: test_composition_dynamic_shapes_and_native_whole_graph_validation (tests.test_compile_cuda_sum_rows.CompileCudaSumTests.test_composition_dynamic_shapes_and_native_whole_graph_validation)
----------------------------------------------------------------------
Traceback (most recent call last):
  File "/data/users/bobren/a/pytorch-rs-burner/.burner/worktrees/agent_468d83fa/tests/test_compile_cuda_sum_rows.py", line 78, in test_composition_dynamic_shapes_and_native_whole_graph_validation
    self.assertEqual(len(cache.graphs), 1)
AssertionError: 4 != 1

======================================================================
FAIL: test_unsupported_boundaries_and_compiled_reductions (tests.test_cuda_sum_rows.CudaSumRowsTests.test_unsupported_boundaries_and_compiled_reductions)
----------------------------------------------------------------------
Traceback (most recent call last):
  File "/data/users/bobren/a/pytorch-rs-burner/.burner/worktrees/agent_468d83fa/tests/test_cuda_sum_rows.py", line 216, in test_unsupported_boundaries_and_compiled_reductions
    with self.assertRaises(NotImplementedError):
         ^^^^^^^^^^^^^^^^^^^^^^^^^^^^^^^^^^^^^^
AssertionError: NotImplementedError not raised

----------------------------------------------------------------------
Ran 18 tests in 124.503s

FAILED (failures=2, errors=52, skipped=1)
