test_backward_through_sum_check_rejects_gradient_mismatch (tests.test_compile_benchmark_artifact.CompileBenchmarkArtifactTests.test_backward_through_sum_check_rejects_gradient_mismatch) ... ok
test_backward_through_sum_check_rejects_input_mutation (tests.test_compile_benchmark_artifact.CompileBenchmarkArtifactTests.test_backward_through_sum_check_rejects_input_mutation) ... ok
test_checked_in_raw_artifact_matches_markdown_summary (tests.test_compile_benchmark_artifact.CompileBenchmarkArtifactTests.test_checked_in_raw_artifact_matches_markdown_summary) ... ok
test_default_benchmark_cases_include_dynamic_and_fullgraph_false_cases (tests.test_compile_benchmark_artifact.CompileBenchmarkArtifactTests.test_default_benchmark_cases_include_dynamic_and_fullgraph_false_cases) ... ok
test_output_pytree_payloads_include_tensor_observables (tests.test_compile_benchmark_artifact.CompileBenchmarkArtifactTests.test_output_pytree_payloads_include_tensor_observables) ... ok
test_raw_artifact_records_backward_validation_cases (tests.test_compile_benchmark_artifact.CompileBenchmarkArtifactTests.test_raw_artifact_records_backward_validation_cases) ... ok
test_rendered_summary_counts_supported_categories (tests.test_compile_benchmark_artifact.CompileBenchmarkArtifactTests.test_rendered_summary_counts_supported_categories) ... ok
test_validator_rejects_previous_corpus_version_artifact (tests.test_compile_benchmark_artifact.CompileBenchmarkArtifactTests.test_validator_rejects_previous_corpus_version_artifact) ... ok
test_validator_rejects_stale_pre_inference_artifact_shape (tests.test_compile_benchmark_artifact.CompileBenchmarkArtifactTests.test_validator_rejects_stale_pre_inference_artifact_shape) ... ok
test_validator_rejects_training_artifact_without_grad_enabled_cell (tests.test_compile_benchmark_artifact.CompileBenchmarkArtifactTests.test_validator_rejects_training_artifact_without_grad_enabled_cell) ... ok
test_variant_inputs_refresh_case_global_tensor_state (tests.test_compile_benchmark_artifact.CompileBenchmarkArtifactTests.test_variant_inputs_refresh_case_global_tensor_state) ... ok
test_corpus_has_versioned_weighted_skeleton (tests.test_compile_corpus.CompileCorpusMetadataTests.test_corpus_has_versioned_weighted_skeleton) ... ok
test_corpus_inputs_are_exact_native_cpu_float32_tensors (tests.test_compile_corpus.CompileCorpusMetadataTests.test_corpus_inputs_are_exact_native_cpu_float32_tensors) ... ok
test_dynamic_shape_symbolics_cases_cover_shape_and_stride_variants (tests.test_compile_corpus.CompileCorpusMetadataTests.test_dynamic_shape_symbolics_cases_cover_shape_and_stride_variants) ... ok
test_recompilation_guard_scenarios_cover_required_metadata (tests.test_compile_corpus.CompileCorpusMetadataTests.test_recompilation_guard_scenarios_cover_required_metadata) ... ok
test_augmented_self_add_aliasing_rejects_instead_of_recording_add (tests.test_compile_corpus.CompileCorpusTraceTests.test_augmented_self_add_aliasing_rejects_instead_of_recording_add) ... ok
test_binary_private_executor_bypasses_active_torch_function_mode (tests.test_compile_corpus.CompileCorpusTraceTests.test_binary_private_executor_bypasses_active_torch_function_mode) ... ok
test_binary_proxy_rejects_non_tensor_or_mixed_recorder_operands_clearly (tests.test_compile_corpus.CompileCorpusTraceTests.test_binary_proxy_rejects_non_tensor_or_mixed_recorder_operands_clearly) ... ok
test_binary_self_add_executes_private_native_graph_for_key_layouts (tests.test_compile_corpus.CompileCorpusTraceTests.test_binary_self_add_executes_private_native_graph_for_key_layouts) ... ok
test_binary_self_add_executor_matches_no_grad_requires_grad_outputs (tests.test_compile_corpus.CompileCorpusTraceTests.test_binary_self_add_executor_matches_no_grad_requires_grad_outputs) ... ok
test_binary_self_add_records_private_immutable_graph (tests.test_compile_corpus.CompileCorpusTraceTests.test_binary_self_add_records_private_immutable_graph) ... ok
test_bytecode_lowerer_accepts_combined_distinct_local_loads (tests.test_compile_corpus.CompileCorpusTraceTests.test_bytecode_lowerer_accepts_combined_distinct_local_loads) ... ok
test_bytecode_lowerer_accepts_combined_local_load_opcodes (tests.test_compile_corpus.CompileCorpusTraceTests.test_bytecode_lowerer_accepts_combined_local_load_opcodes) ... ok
test_bytecode_lowerer_accepts_combined_store_then_load_opcode (tests.test_compile_corpus.CompileCorpusTraceTests.test_bytecode_lowerer_accepts_combined_store_then_load_opcode) ... ok
test_bytecode_lowerer_accepts_cpython_314_markers_and_borrowed_loads (tests.test_compile_corpus.CompileCorpusTraceTests.test_bytecode_lowerer_accepts_cpython_314_markers_and_borrowed_loads) ... ok
test_bytecode_lowerer_captures_module_global_tensor_constants (tests.test_compile_corpus.CompileCorpusTraceTests.test_bytecode_lowerer_captures_module_global_tensor_constants) ... ok
test_bytecode_lowerer_inlines_custom_function_helpers_without_calls (tests.test_compile_corpus.CompileCorpusTraceTests.test_bytecode_lowerer_inlines_custom_function_helpers_without_calls) ... ok
test_bytecode_lowerer_records_general_tensor_arithmetic_graphs (tests.test_compile_corpus.CompileCorpusTraceTests.test_bytecode_lowerer_records_general_tensor_arithmetic_graphs) ... ok
test_bytecode_lowerer_rejects_cpython_310_exception_jump_as_exception (tests.test_compile_corpus.CompileCorpusTraceTests.test_bytecode_lowerer_rejects_cpython_310_exception_jump_as_exception) ... ok
test_bytecode_lowerer_rejects_cpython_310_keyword_method_call (tests.test_compile_corpus.CompileCorpusTraceTests.test_bytecode_lowerer_rejects_cpython_310_keyword_method_call) ... ok
test_bytecode_lowerer_rejects_cpython_313_keyword_method_call (tests.test_compile_corpus.CompileCorpusTraceTests.test_bytecode_lowerer_rejects_cpython_313_keyword_method_call) ... ok
test_bytecode_lowerer_rejects_cpython_313_to_bool_as_control_flow (tests.test_compile_corpus.CompileCorpusTraceTests.test_bytecode_lowerer_rejects_cpython_313_to_bool_as_control_flow) ... ok
test_bytecode_lowerer_rejects_cpython_314_small_int_output_leaf (tests.test_compile_corpus.CompileCorpusTraceTests.test_bytecode_lowerer_rejects_cpython_314_small_int_output_leaf) ... ok
test_bytecode_lowerer_rejects_float_conversion_forms (tests.test_compile_corpus.CompileCorpusTraceTests.test_bytecode_lowerer_rejects_float_conversion_forms) ... ok
test_bytecode_lowerer_rejects_non_requires_grad_control_flow (tests.test_compile_corpus.CompileCorpusTraceTests.test_bytecode_lowerer_rejects_non_requires_grad_control_flow) ... ok
test_bytecode_lowerer_rejects_python_scalar_add_operands (tests.test_compile_corpus.CompileCorpusTraceTests.test_bytecode_lowerer_rejects_python_scalar_add_operands) ... ok
test_bytecode_lowerer_rejects_unsupported_input_counts (tests.test_compile_corpus.CompileCorpusTraceTests.test_bytecode_lowerer_rejects_unsupported_input_counts) ... ok
test_bytecode_lowerer_selects_requires_grad_branch_graphlets (tests.test_compile_corpus.CompileCorpusTraceTests.test_bytecode_lowerer_selects_requires_grad_branch_graphlets) ... ok
test_detach_alias_cases_execute_without_mutating_inputs_or_gradients (tests.test_compile_corpus.CompileCorpusTraceTests.test_detach_alias_cases_execute_without_mutating_inputs_or_gradients) ... ok
test_dynamic_compile_cache_key_ignores_shapes_but_guards_strides (tests.test_compile_corpus.CompileCorpusTraceTests.test_dynamic_compile_cache_key_ignores_shapes_but_guards_strides) ... ok
test_dynamic_private_executor_accepts_shapes_but_guards_strides (tests.test_compile_corpus.CompileCorpusTraceTests.test_dynamic_private_executor_accepts_shapes_but_guards_strides) ... ok
test_empty_inner_dimension_strides_match_native_tensor_constructor (tests.test_compile_corpus.CompileCorpusTraceTests.test_empty_inner_dimension_strides_match_native_tensor_constructor) ... ok
test_float_identity_cases_preserve_input_metadata_and_grad_state (tests.test_compile_corpus.CompileCorpusTraceTests.test_float_identity_cases_preserve_input_metadata_and_grad_state) ... ok
test_float_proxy_rejects_compile_conversion_forms (tests.test_compile_corpus.CompileCorpusTraceTests.test_float_proxy_rejects_compile_conversion_forms) ... ok
test_inference_relu_cases_run_under_no_grad_and_preserve_gradients (tests.test_compile_corpus.CompileCorpusTraceTests.test_inference_relu_cases_run_under_no_grad_and_preserve_gradients) ... ok
test_operation_names_skip_existing_input_names (tests.test_compile_corpus.CompileCorpusTraceTests.test_operation_names_skip_existing_input_names) ... ok
test_private_cpu_and_cuda_metadata_use_distinct_cache_keys (tests.test_compile_corpus.CompileCorpusTraceTests.test_private_cpu_and_cuda_metadata_use_distinct_cache_keys) ... ok
test_private_cuda_float_trace_rejects_cpu_tensor_before_execution (tests.test_compile_corpus.CompileCorpusTraceTests.test_private_cuda_float_trace_rejects_cpu_tensor_before_execution) ... ok
test_private_cuda_trace_rejects_cpu_tensor_before_execution (tests.test_compile_corpus.CompileCorpusTraceTests.test_private_cuda_trace_rejects_cpu_tensor_before_execution) ... ok
test_private_device_metadata_parses_cpu_and_cuda_targets (tests.test_compile_corpus.CompileCorpusTraceTests.test_private_device_metadata_parses_cpu_and_cuda_targets) ... ok
test_private_executor_bypasses_active_torch_function_mode (tests.test_compile_corpus.CompileCorpusTraceTests.test_private_executor_bypasses_active_torch_function_mode) ... ok
test_private_executor_rejects_runtime_metadata_mismatch_clearly (tests.test_compile_corpus.CompileCorpusTraceTests.test_private_executor_rejects_runtime_metadata_mismatch_clearly) ... ok
test_private_executor_rejects_two_input_runtime_metadata_mismatch (tests.test_compile_corpus.CompileCorpusTraceTests.test_private_executor_rejects_two_input_runtime_metadata_mismatch) ... ok
test_private_recorder_rejects_more_than_two_inputs (tests.test_compile_corpus.CompileCorpusTraceTests.test_private_recorder_rejects_more_than_two_inputs) ... ok
test_private_trace_does_not_import_pytorch_or_invoke_backend (tests.test_compile_corpus.CompileCorpusTraceTests.test_private_trace_does_not_import_pytorch_or_invoke_backend) ... ok
test_proxy_unsupported_operations_fail_clearly (tests.test_compile_corpus.CompileCorpusTraceTests.test_proxy_unsupported_operations_fail_clearly) ... ok
test_square_decomposition_cases_cover_scalar_empty_and_noncontiguous_inputs (tests.test_compile_corpus.CompileCorpusTraceTests.test_square_decomposition_cases_cover_scalar_empty_and_noncontiguous_inputs) ... ok
test_tuple_list_outputs_preserve_container_aliasing (tests.test_compile_corpus.CompileCorpusTraceTests.test_tuple_list_outputs_preserve_container_aliasing) ... ok
test_tuple_list_outputs_record_private_graph_structure (tests.test_compile_corpus.CompileCorpusTraceTests.test_tuple_list_outputs_record_private_graph_structure) ... ok
test_tuple_list_outputs_reject_non_tensor_leaves_and_dicts (tests.test_compile_corpus.CompileCorpusTraceTests.test_tuple_list_outputs_reject_non_tensor_leaves_and_dicts) ... ok
test_two_input_binary_executor_matches_empty_and_strided_broadcasts (tests.test_compile_corpus.CompileCorpusTraceTests.test_two_input_binary_executor_matches_empty_and_strided_broadcasts) ... ok
test_two_input_binary_executor_matches_no_grad_requires_grad_outputs (tests.test_compile_corpus.CompileCorpusTraceTests.test_two_input_binary_executor_matches_no_grad_requires_grad_outputs) ... ok
test_two_input_broadcast_executes_private_native_graph_for_key_layouts (tests.test_compile_corpus.CompileCorpusTraceTests.test_two_input_broadcast_executes_private_native_graph_for_key_layouts) ... ok
test_two_input_broadcast_records_private_immutable_graph (tests.test_compile_corpus.CompileCorpusTraceTests.test_two_input_broadcast_records_private_immutable_graph) ... ok
test_unary_abs_neg_executes_private_native_graph (tests.test_compile_corpus.CompileCorpusTraceTests.test_unary_abs_neg_executes_private_native_graph) ... ok
test_unary_abs_neg_executor_matches_no_grad_requires_grad_outputs (tests.test_compile_corpus.CompileCorpusTraceTests.test_unary_abs_neg_executor_matches_no_grad_requires_grad_outputs) ... ok
test_unary_abs_neg_records_private_immutable_graph (tests.test_compile_corpus.CompileCorpusTraceTests.test_unary_abs_neg_records_private_immutable_graph) ... ok
test_unary_output_metadata_matches_native_stride_planning (tests.test_compile_corpus.CompileCorpusTraceTests.test_unary_output_metadata_matches_native_stride_planning) ... ok
test_dynamic_shape_symbolics_cases_run_variants_without_user_code (tests.test_compile_corpus.CompileRecompilationGuardCorpusTests.test_dynamic_shape_symbolics_cases_run_variants_without_user_code) ... ok
test_torch_rs_guard_scenarios_recompile_on_metadata_changes (tests.test_compile_corpus.CompileRecompilationGuardCorpusTests.test_torch_rs_guard_scenarios_recompile_on_metadata_changes) ... ok
test_reference_pytorch_2_13_accepts_all_eligible_cases (tests.test_compile_corpus.TorchCompileCorpusReferenceTests.test_reference_pytorch_2_13_accepts_all_eligible_cases) ... /data/users/bobren/a/pytorch-rs-burner/.burner/worktrees/agent_67fce754/.venv/lib/python3.12/site-packages/torch/jit/_script.py:365: DeprecationWarning: `torch.jit.script_method` is deprecated. Please switch to `torch.compile` or `torch.export`.
  warnings.warn(
ok
test_reference_pytorch_2_13_accepts_recompilation_guard_sequences (tests.test_compile_corpus.TorchCompileCorpusReferenceTests.test_reference_pytorch_2_13_accepts_recompilation_guard_sequences) ... W0911 08:00:33.608000 2271993 .venv/lib/python3.12/site-packages/torch/_dynamo/convert_frame.py:1994] [0/2] torch._dynamo hit config.recompile_limit (2)
W0911 08:00:33.608000 2271993 .venv/lib/python3.12/site-packages/torch/_dynamo/convert_frame.py:1994] [0/2]    function: 'cpu_float32_recompile_limit_reset' (/data/users/bobren/a/pytorch-rs-burner/.burner/worktrees/agent_67fce754/tests/test_compile_corpus.py:278)
W0911 08:00:33.608000 2271993 .venv/lib/python3.12/site-packages/torch/_dynamo/convert_frame.py:1994] [0/2]    last reason: 0/1: tensor 'x' rank mismatch. expected 1, actual 2
W0911 08:00:33.608000 2271993 .venv/lib/python3.12/site-packages/torch/_dynamo/convert_frame.py:1994] [0/2] To log all recompilation reasons, use TORCH_LOGS="recompiles".
W0911 08:00:33.608000 2271993 .venv/lib/python3.12/site-packages/torch/_dynamo/convert_frame.py:1994] [0/2] To diagnose recompilation issues, see https://docs.pytorch.org/docs/main/user_guide/torch_compiler/compile/programming_model.recompilation.html
ok
test_torch_rs_compile_runs_eligible_eager_cases_natively (tests.test_compile_corpus.TorchCompileCorpusReferenceTests.test_torch_rs_compile_runs_eligible_eager_cases_natively) ... ok
test_checked_in_cuda_prepared_executor_artifact_records_reuse (tests.test_compile_cuda_benchmark.CompileCudaBenchmarkTests.test_checked_in_cuda_prepared_executor_artifact_records_reuse) ... ok
test_compiler_reset_closes_registered_cuda_executors (tests.test_compile_cuda_benchmark.CompileCudaBenchmarkTests.test_compiler_reset_closes_registered_cuda_executors) ... ok
test_cpu_eager_compile_execution_is_not_eligible_cuda_evidence (tests.test_compile_cuda_benchmark.CompileCudaBenchmarkTests.test_cpu_eager_compile_execution_is_not_eligible_cuda_evidence) ... ok
test_cuda_compile_aggregate_keeps_zero_credit_cells_in_denominator (tests.test_compile_cuda_benchmark.CompileCudaBenchmarkTests.test_cuda_compile_aggregate_keeps_zero_credit_cells_in_denominator) ... ok
test_cuda_compile_benchmark_empty_override_honors_visible_mask_on_h100 (tests.test_compile_cuda_benchmark.CompileCudaBenchmarkTests.test_cuda_compile_benchmark_empty_override_honors_visible_mask_on_h100) ... ok
test_cuda_compile_classifier_rejects_contradictory_compile_settings (tests.test_compile_cuda_benchmark.CompileCudaBenchmarkTests.test_cuda_compile_classifier_rejects_contradictory_compile_settings) ... ok
test_cuda_compile_shape_matrix_is_fixed_and_weighted (tests.test_compile_cuda_benchmark.CompileCudaBenchmarkTests.test_cuda_compile_shape_matrix_is_fixed_and_weighted) ... ok
test_cuda_reference_benchmark_smoke (tests.test_compile_cuda_benchmark.CompileCudaBenchmarkTests.test_cuda_reference_benchmark_smoke) ... ok
test_one_shot_executor_release_records_executor_close_free (tests.test_compile_cuda_benchmark.CompileCudaBenchmarkTests.test_one_shot_executor_release_records_executor_close_free) ... ok
test_prepared_executor_close_defers_live_output_free (tests.test_compile_cuda_benchmark.CompileCudaBenchmarkTests.test_prepared_executor_close_defers_live_output_free) ... ok
test_prepared_executor_derives_metadata_pool_and_launch_from_shape (tests.test_compile_cuda_benchmark.CompileCudaBenchmarkTests.test_prepared_executor_derives_metadata_pool_and_launch_from_shape) ... ok
test_prepared_executor_hoists_device_selection_out_of_launch (tests.test_compile_cuda_benchmark.CompileCudaBenchmarkTests.test_prepared_executor_hoists_device_selection_out_of_launch) ... ok
test_prepared_executor_launch_dimensions_are_shape_derived (tests.test_compile_cuda_benchmark.CompileCudaBenchmarkTests.test_prepared_executor_launch_dimensions_are_shape_derived) ... ok
test_prepared_executor_lazy_readback_rejects_device_change (tests.test_compile_cuda_benchmark.CompileCudaBenchmarkTests.test_prepared_executor_lazy_readback_rejects_device_change) ... ok
test_prepared_executor_lazy_readback_rejects_visibility_mask_change (tests.test_compile_cuda_benchmark.CompileCudaBenchmarkTests.test_prepared_executor_lazy_readback_rejects_visibility_mask_change) ... ok
test_prepared_executor_materializes_full_evidence_lazily (tests.test_compile_cuda_benchmark.CompileCudaBenchmarkTests.test_prepared_executor_materializes_full_evidence_lazily) ... ok
test_prepared_executor_output_pool_does_not_reuse_live_outputs (tests.test_compile_cuda_benchmark.CompileCudaBenchmarkTests.test_prepared_executor_output_pool_does_not_reuse_live_outputs) ... ok
test_prepared_executor_output_pool_reuses_released_buffers (tests.test_compile_cuda_benchmark.CompileCudaBenchmarkTests.test_prepared_executor_output_pool_reuses_released_buffers) ... ok
test_prepared_executor_rejects_mismatched_shape_family_inputs (tests.test_compile_cuda_benchmark.CompileCudaBenchmarkTests.test_prepared_executor_rejects_mismatched_shape_family_inputs) ... ok
test_prepared_executor_uses_thread_local_launch_parameters (tests.test_compile_cuda_benchmark.CompileCudaBenchmarkTests.test_prepared_executor_uses_thread_local_launch_parameters) ... ok
test_private_cuda_buffer_pool_keeps_acquisition_and_release_compact (tests.test_compile_cuda_benchmark.CompileCudaBenchmarkTests.test_private_cuda_buffer_pool_keeps_acquisition_and_release_compact) ... ok
test_private_cuda_buffer_pool_reuses_released_buffer_once (tests.test_compile_cuda_benchmark.CompileCudaBenchmarkTests.test_private_cuda_buffer_pool_reuses_released_buffer_once) ... ok
test_private_cuda_buffer_pool_serializes_close_during_allocation (tests.test_compile_cuda_benchmark.CompileCudaBenchmarkTests.test_private_cuda_buffer_pool_serializes_close_during_allocation) ... ok
test_private_cuda_driver_probe_is_not_public_cuda_support (tests.test_compile_cuda_benchmark.CompileCudaBenchmarkTests.test_private_cuda_driver_probe_is_not_public_cuda_support) ... ok
test_private_cuda_float32_buffer_is_not_public_cuda_support (tests.test_compile_cuda_benchmark.CompileCudaBenchmarkTests.test_private_cuda_float32_buffer_is_not_public_cuda_support) ... ok
test_private_cuda_pointwise_build_directory_rejects_symlinked_parent (tests.test_compile_cuda_benchmark.CompileCudaBenchmarkTests.test_private_cuda_pointwise_build_directory_rejects_symlinked_parent) ... ok
test_private_cuda_pointwise_build_rejects_symlinked_artifact_path (tests.test_compile_cuda_benchmark.CompileCudaBenchmarkTests.test_private_cuda_pointwise_build_rejects_symlinked_artifact_path) ... ok
test_private_cuda_pointwise_kernel_empty_override_skips_env_string_check (tests.test_compile_cuda_benchmark.CompileCudaBenchmarkTests.test_private_cuda_pointwise_kernel_empty_override_skips_env_string_check) ... ok
test_private_cuda_pointwise_kernel_honors_caller_visibility_mask (tests.test_compile_cuda_benchmark.CompileCudaBenchmarkTests.test_private_cuda_pointwise_kernel_honors_caller_visibility_mask) ... ok
test_private_cuda_pointwise_kernel_is_not_public_cuda_support (tests.test_compile_cuda_benchmark.CompileCudaBenchmarkTests.test_private_cuda_pointwise_kernel_is_not_public_cuda_support) ... ok
test_private_cuda_pointwise_kernel_launches_and_syncs_on_h100 (tests.test_compile_cuda_benchmark.CompileCudaBenchmarkTests.test_private_cuda_pointwise_kernel_launches_and_syncs_on_h100) ... ok
test_private_cuda_pointwise_kernel_reports_no_visible_cuda_cleanly (tests.test_compile_cuda_benchmark.CompileCudaBenchmarkTests.test_private_cuda_pointwise_kernel_reports_no_visible_cuda_cleanly) ... ok
test_private_cuda_pointwise_kernel_validator_rejects_cpu_fallback (tests.test_compile_cuda_benchmark.CompileCudaBenchmarkTests.test_private_cuda_pointwise_kernel_validator_rejects_cpu_fallback) ... ok
test_private_cuda_pointwise_reduce_matches_pytorch_compile_on_h100 (tests.test_compile_cuda_benchmark.CompileCudaBenchmarkTests.test_private_cuda_pointwise_reduce_matches_pytorch_compile_on_h100) ... ok
test_private_cuda_pointwise_reduce_reports_no_visible_cuda_cleanly (tests.test_compile_cuda_benchmark.CompileCudaBenchmarkTests.test_private_cuda_pointwise_reduce_reports_no_visible_cuda_cleanly) ... ok
test_private_cuda_pointwise_reduce_validator_rejects_cpu_fallback (tests.test_compile_cuda_benchmark.CompileCudaBenchmarkTests.test_private_cuda_pointwise_reduce_validator_rejects_cpu_fallback) ... ok
test_private_cuda_pointwise_reduce_workload_is_not_public_cuda_support (tests.test_compile_cuda_benchmark.CompileCudaBenchmarkTests.test_private_cuda_pointwise_reduce_workload_is_not_public_cuda_support) ... ok
test_private_cuda_runtime_roundtrip_allocates_copies_and_syncs_on_h100 (tests.test_compile_cuda_benchmark.CompileCudaBenchmarkTests.test_private_cuda_runtime_roundtrip_allocates_copies_and_syncs_on_h100) ... ok
test_private_cuda_runtime_roundtrip_is_not_public_cuda_support (tests.test_compile_cuda_benchmark.CompileCudaBenchmarkTests.test_private_cuda_runtime_roundtrip_is_not_public_cuda_support) ... ok
test_private_cuda_runtime_roundtrip_rejects_wrong_visible_mask_early (tests.test_compile_cuda_benchmark.CompileCudaBenchmarkTests.test_private_cuda_runtime_roundtrip_rejects_wrong_visible_mask_early) ... ok
test_private_cuda_runtime_roundtrip_reports_no_visible_cuda_cleanly (tests.test_compile_cuda_benchmark.CompileCudaBenchmarkTests.test_private_cuda_runtime_roundtrip_reports_no_visible_cuda_cleanly) ... ok
test_private_cuda_runtime_roundtrip_validator_rejects_cpu_fallback (tests.test_compile_cuda_benchmark.CompileCudaBenchmarkTests.test_private_cuda_runtime_roundtrip_validator_rejects_cpu_fallback) ... ok
test_public_cuda_benchmark_tensor_exposes_metadata_snapshot (tests.test_compile_cuda_benchmark.CompileCudaBenchmarkTests.test_public_cuda_benchmark_tensor_exposes_metadata_snapshot) ... ok
test_public_cuda_benchmark_tensor_rejects_cpu_wrong_device_and_wrong_dtype (tests.test_compile_cuda_benchmark.CompileCudaBenchmarkTests.test_public_cuda_benchmark_tensor_rejects_cpu_wrong_device_and_wrong_dtype) ... ok
test_public_cuda_benchmark_tensor_rejects_metadata_update_collisions (tests.test_compile_cuda_benchmark.CompileCudaBenchmarkTests.test_public_cuda_benchmark_tensor_rejects_metadata_update_collisions) ... ok
test_public_cuda_benchmark_tensor_rejects_non_private_buffers (tests.test_compile_cuda_benchmark.CompileCudaBenchmarkTests.test_public_cuda_benchmark_tensor_rejects_non_private_buffers) ... ok
test_public_cuda_benchmark_tensor_validator_rejects_fallback_device_and_dtype (tests.test_compile_cuda_benchmark.CompileCudaBenchmarkTests.test_public_cuda_benchmark_tensor_validator_rejects_fallback_device_and_dtype) ... ok
test_public_cuda_benchmark_tensor_wrapper_is_narrow (tests.test_compile_cuda_benchmark.CompileCudaBenchmarkTests.test_public_cuda_benchmark_tensor_wrapper_is_narrow) ... ok
test_pytorch_reference_timing_excludes_checksum_materialization (tests.test_compile_cuda_benchmark.CompileCudaBenchmarkTests.test_pytorch_reference_timing_excludes_checksum_materialization) ... ok
test_torch_compile_inductor_pointwise_reduce_accepts_fixed_shape_family (tests.test_compile_cuda_benchmark.CompileCudaBenchmarkTests.test_torch_compile_inductor_pointwise_reduce_accepts_fixed_shape_family) ... ok
test_torch_compile_inductor_pointwise_reduce_hoists_device_selection_on_h100 (tests.test_compile_cuda_benchmark.CompileCudaBenchmarkTests.test_torch_compile_inductor_pointwise_reduce_hoists_device_selection_on_h100) ... ok
test_torch_compile_inductor_pointwise_reduce_normalizes_python314_bytecode (tests.test_compile_cuda_benchmark.CompileCudaBenchmarkTests.test_torch_compile_inductor_pointwise_reduce_normalizes_python314_bytecode) ... ok
test_torch_compile_inductor_pointwise_reduce_prepares_executor_once (tests.test_compile_cuda_benchmark.CompileCudaBenchmarkTests.test_torch_compile_inductor_pointwise_reduce_prepares_executor_once) ... ok
test_torch_compile_inductor_pointwise_reduce_rejects_cpu_inputs_on_h100 (tests.test_compile_cuda_benchmark.CompileCudaBenchmarkTests.test_torch_compile_inductor_pointwise_reduce_rejects_cpu_inputs_on_h100) ... ok
test_torch_compile_inductor_pointwise_reduce_rejects_invalid_recompile_limit (tests.test_compile_cuda_benchmark.CompileCudaBenchmarkTests.test_torch_compile_inductor_pointwise_reduce_rejects_invalid_recompile_limit) ... ok
test_torch_compile_inductor_pointwise_reduce_rejects_spoofed_body (tests.test_compile_cuda_benchmark.CompileCudaBenchmarkTests.test_torch_compile_inductor_pointwise_reduce_rejects_spoofed_body) ... ok
test_torch_compile_inductor_pointwise_reduce_rejects_unsupported_markers (tests.test_compile_cuda_benchmark.CompileCudaBenchmarkTests.test_torch_compile_inductor_pointwise_reduce_rejects_unsupported_markers) ... ok
test_torch_compile_inductor_pointwise_reduce_rejects_wrong_backend_on_h100 (tests.test_compile_cuda_benchmark.CompileCudaBenchmarkTests.test_torch_compile_inductor_pointwise_reduce_rejects_wrong_backend_on_h100) ... ok
test_torch_compile_inductor_pointwise_reduce_rejects_wrong_shape_on_h100 (tests.test_compile_cuda_benchmark.CompileCudaBenchmarkTests.test_torch_compile_inductor_pointwise_reduce_rejects_wrong_shape_on_h100) ... ok
test_torch_compile_inductor_pointwise_reduce_reprepares_after_reset (tests.test_compile_cuda_benchmark.CompileCudaBenchmarkTests.test_torch_compile_inductor_pointwise_reduce_reprepares_after_reset) ... ok
test_torch_compile_inductor_pointwise_reduce_reprepares_after_reset_on_h100 (tests.test_compile_cuda_benchmark.CompileCudaBenchmarkTests.test_torch_compile_inductor_pointwise_reduce_reprepares_after_reset_on_h100) ... ok
test_torch_compile_inductor_pointwise_reduce_reprepares_same_marker_shape_after_reset (tests.test_compile_cuda_benchmark.CompileCudaBenchmarkTests.test_torch_compile_inductor_pointwise_reduce_reprepares_same_marker_shape_after_reset) ... ok
test_torch_compile_inductor_pointwise_reduce_reuses_executor_on_h100 (tests.test_compile_cuda_benchmark.CompileCudaBenchmarkTests.test_torch_compile_inductor_pointwise_reduce_reuses_executor_on_h100) ... ok
test_torch_compile_inductor_pointwise_reduce_runs_native_cuda_on_h100 (tests.test_compile_cuda_benchmark.CompileCudaBenchmarkTests.test_torch_compile_inductor_pointwise_reduce_runs_native_cuda_on_h100) ... ok
test_torch_compile_inductor_pointwise_reduce_shape_family_on_h100 (tests.test_compile_cuda_benchmark.CompileCudaBenchmarkTests.test_torch_compile_inductor_pointwise_reduce_shape_family_on_h100) ... ok
test_torch_compile_inductor_pointwise_reduce_signature_matches_bytecode (tests.test_compile_cuda_benchmark.CompileCudaBenchmarkTests.test_torch_compile_inductor_pointwise_reduce_signature_matches_bytecode) ... ok
test_torch_compile_inductor_wrong_mask_rejects_before_cuda_probe (tests.test_compile_cuda_benchmark.CompileCudaBenchmarkTests.test_torch_compile_inductor_wrong_mask_rejects_before_cuda_probe) ... ok
test_torch_rs_cuda_compile_repeated_closes_temporary_outputs (tests.test_compile_cuda_benchmark.CompileCudaBenchmarkTests.test_torch_rs_cuda_compile_repeated_closes_temporary_outputs) ... ok
test_torch_rs_cuda_zero_credit_row_is_explicit (tests.test_compile_cuda_benchmark.CompileCudaBenchmarkTests.test_torch_rs_cuda_zero_credit_row_is_explicit) ... ok
test_cpu_cuda_cache_separation_and_original_bypass (tests.test_compile_cuda_boundary.CompileCudaBoundaryTests.test_cpu_cuda_cache_separation_and_original_bypass) ... ok
test_dynamic_cache_hit_preflights_late_shape_mismatch (tests.test_compile_cuda_boundary.CompileCudaBoundaryTests.test_dynamic_cache_hit_preflights_late_shape_mismatch) ... ok
test_global_capture_transitions_and_recompile_limit (tests.test_compile_cuda_boundary.CompileCudaBoundaryTests.test_global_capture_transitions_and_recompile_limit) ... ok
test_ieee_edges_and_dynamic_offset_guards (tests.test_compile_cuda_boundary.CompileCudaBoundaryTests.test_ieee_edges_and_dynamic_offset_guards) ... ok
test_native_failure_does_not_publish_cache (tests.test_compile_cuda_boundary.CompileCudaBoundaryTests.test_native_failure_does_not_publish_cache) ... ok
test_no_pytorch_import_or_original_execution (tests.test_compile_cuda_boundary.CompileCudaBoundaryTests.test_no_pytorch_import_or_original_execution) ... ok
test_offset_layout_metadata_and_cache_guards (tests.test_compile_cuda_boundary.CompileCudaBoundaryTests.test_offset_layout_metadata_and_cache_guards) ... ok
test_private_trace_entrypoints_keep_unsupported_guards (tests.test_compile_cuda_boundary.CompileCudaBoundaryTests.test_private_trace_entrypoints_keep_unsupported_guards) ... ok
test_seeded_shapes_structures_and_changed_data_against_reference (tests.test_compile_cuda_boundary.CompileCudaBoundaryTests.test_seeded_shapes_structures_and_changed_data_against_reference) ... ok
test_unsupported_fresh_and_cpu_warmed_leave_cache_unchanged (tests.test_compile_cuda_boundary.CompileCudaBoundaryTests.test_unsupported_fresh_and_cpu_warmed_leave_cache_unchanged) ... ok
test_ordinals_captures_and_current_device_restoration (tests.test_compile_cuda_boundary.CompileCudaDeviceTests.test_ordinals_captures_and_current_device_restoration) ... skipped 'requires real CUDA with CUDA_VISIBLE_DEVICES=0,1'
test_device_and_context_restored (tests.test_compile_cuda_contiguous.CompileContiguousDeviceTests.test_device_and_context_restored) ... skipped 'requires real CUDA with CUDA_VISIBLE_DEVICES=0,1'
test_alias_identity_metadata_and_mutations (tests.test_compile_cuda_contiguous.CompileCudaContiguousTests.test_alias_identity_metadata_and_mutations) ... ok
test_argument_callable_global_and_cpu_boundaries (tests.test_compile_cuda_contiguous.CompileCudaContiguousTests.test_argument_callable_global_and_cpu_boundaries) ... ok
test_blocked_reference_import_and_method_redispatch (tests.test_compile_cuda_contiguous.CompileCudaContiguousTests.test_blocked_reference_import_and_method_redispatch) ... ok
test_dynamic_alias_pack_transition_and_static_guards (tests.test_compile_cuda_contiguous.CompileCudaContiguousTests.test_dynamic_alias_pack_transition_and_static_guards) ... ok
test_empty_alias_without_representable_canonical_strides (tests.test_compile_cuda_contiguous.CompileCudaContiguousTests.test_empty_alias_without_representable_canonical_strides) ... ok
test_malformed_ir_and_invalid_downstream_before_bridge_on_cache_hits (tests.test_compile_cuda_contiguous.CompileCudaContiguousTests.test_malformed_ir_and_invalid_downstream_before_bridge_on_cache_hits) ... ok
test_mixed_device_unused_capture_rejected_before_native_execution (tests.test_compile_cuda_contiguous.CompileCudaContiguousTests.test_mixed_device_unused_capture_rejected_before_native_execution) ... ok
test_pack_composes_with_matmul_scalar_and_row_sum (tests.test_compile_cuda_contiguous.CompileCudaContiguousTests.test_pack_composes_with_matmul_scalar_and_row_sum) ... ok
test_raw_bits_copy_independence_and_lifetime (tests.test_compile_cuda_contiguous.CompileCudaContiguousTests.test_raw_bits_copy_independence_and_lifetime) ... ok
test_seeded_views_cold_warm_cache_and_composition (tests.test_compile_cuda_contiguous.CompileCudaContiguousTests.test_seeded_views_cold_warm_cache_and_composition) ... ok
test_strict_contiguous_declarations_before_native_execution (tests.test_compile_cuda_contiguous.CompileCudaContiguousTests.test_strict_contiguous_declarations_before_native_execution) ... ok
test_bounded_metadata_and_cpu_separation (tests.test_compile_cuda_contiguous.ContiguousMetadataTests.test_bounded_metadata_and_cpu_separation) ... ok
test_composed_restoration_and_mixed_devices (tests.test_compile_cuda_graph.CudaGraphDeviceTests.test_composed_restoration_and_mixed_devices) ... skipped 'requires real CUDA with CUDA_VISIBLE_DEVICES=0,1'
test_composition_preserves_wide_overflow_and_signed_zero (tests.test_compile_cuda_graph.CudaGraphTests.test_composition_preserves_wide_overflow_and_signed_zero) ... ok
test_late_neg_declared_metadata_rejected_before_execution (tests.test_compile_cuda_graph.CudaGraphTests.test_late_neg_declared_metadata_rejected_before_execution) ... ok
test_late_validation_before_bridge_and_failure_recovery (tests.test_compile_cuda_graph.CudaGraphTests.test_late_validation_before_bridge_and_failure_recovery) ... ok
test_native_bridge_preflights_all_nodes (tests.test_compile_cuda_graph.CudaGraphTests.test_native_bridge_preflights_all_nodes) ... ok
test_single_bridge_new_data_aliases_and_completion (tests.test_compile_cuda_graph.CudaGraphTests.test_single_bridge_new_data_aliases_and_completion) ... ok
test_threaded_intermediate_lifetimes (tests.test_compile_cuda_graph.CudaGraphTests.test_threaded_intermediate_lifetimes) ... ok
test_cpu_inputs_rejected (tests.test_compile_cuda_graph.GraphBridgeScopeTests.test_cpu_inputs_rejected) ... ok
test_device_restore_cache_and_mixed_device_errors (tests.test_compile_cuda_matmul.CompileCudaMatmulDeviceTests.test_device_restore_cache_and_mixed_device_errors) ... skipped 'requires real CUDA with CUDA_VISIBLE_DEVICES=0,1'
test_completion_thread_and_allocation_lifetimes (tests.test_compile_cuda_matmul.CompileCudaMatmulTests.test_completion_thread_and_allocation_lifetimes) ... ok
test_generated_capture_forms_changed_inputs_and_composition (tests.test_compile_cuda_matmul.CompileCudaMatmulTests.test_generated_capture_forms_changed_inputs_and_composition) ... ok
test_generated_wide_products_and_overlapping_offsets (tests.test_compile_cuda_matmul.CompileCudaMatmulTests.test_generated_wide_products_and_overlapping_offsets) ... ok
test_guards_late_validation_recovery_and_captures (tests.test_compile_cuda_matmul.CompileCudaMatmulTests.test_guards_late_validation_recovery_and_captures) ... ok
test_intermediate_overflow_cancellation_and_nonfinite_classification (tests.test_compile_cuda_matmul.CompileCudaMatmulTests.test_intermediate_overflow_cancellation_and_nonfinite_classification) ... ok
test_isolated_installed_wheel_no_body_no_pytorch (tests.test_compile_cuda_matmul.CompileCudaMatmulTests.test_isolated_installed_wheel_no_body_no_pytorch) ... ok
test_rejections_binding_guards_and_alias_containers (tests.test_compile_cuda_matmul.CompileCudaMatmulTests.test_rejections_binding_guards_and_alias_containers) ... ok
test_singleton_empty_and_overlapping_views (tests.test_compile_cuda_matmul.CompileCudaMatmulTests.test_singleton_empty_and_overlapping_views) ... ok
test_special_values_and_cancellation (tests.test_compile_cuda_matmul.CompileCudaMatmulTests.test_special_values_and_cancellation) ... ok
test_wide_decimal_products (tests.test_compile_cuda_matmul.CompileCudaMatmulTests.test_wide_decimal_products) ... ok
test_scope_dimensions_and_fresh_output (tests.test_compile_cuda_matmul.MatmulMetadataTests.test_scope_dimensions_and_fresh_output) ... ok
test_bind_rejects_runtime_order_count_uuid_and_pci_mismatch (tests.test_compile_cuda_matmul_diagnostic.MatmulDiagnosticTests.test_bind_rejects_runtime_order_count_uuid_and_pci_mismatch) ... ok
test_default_and_explicit_masks (tests.test_compile_cuda_matmul_diagnostic.MatmulDiagnosticTests.test_default_and_explicit_masks) ... ok
test_each_runtime_is_independently_bound_and_observations_retained (tests.test_compile_cuda_matmul_diagnostic.MatmulDiagnosticTests.test_each_runtime_is_independently_bound_and_observations_retained) ... ok
test_environment_retains_compiler_controls_without_secrets (tests.test_compile_cuda_matmul_diagnostic.MatmulDiagnosticTests.test_environment_retains_compiler_controls_without_secrets) ... ok
test_failed_output_check_retains_prior_and_partial_samples (tests.test_compile_cuda_matmul_diagnostic.MatmulDiagnosticTests.test_failed_output_check_retains_prior_and_partial_samples) ... ok
test_fixed_denominator_and_failures (tests.test_compile_cuda_matmul_diagnostic.MatmulDiagnosticTests.test_fixed_denominator_and_failures) ... ok
test_measurement_definition_matches_merged_main_golden (tests.test_compile_cuda_matmul_diagnostic.MatmulDiagnosticTests.test_measurement_definition_matches_merged_main_golden) ... ok
test_native_bus_absence_and_changed_mask_rejected_before_work (tests.test_compile_cuda_matmul_diagnostic.MatmulDiagnosticTests.test_native_bus_absence_and_changed_mask_rejected_before_work) ... ok
test_reject_absent_ambiguous_and_unbounded_selection (tests.test_compile_cuda_matmul_diagnostic.MatmulDiagnosticTests.test_reject_absent_ambiguous_and_unbounded_selection) ... ok
test_rejection_report_retains_inventory_denominator_and_zero (tests.test_compile_cuda_matmul_diagnostic.MatmulDiagnosticTests.test_rejection_report_retains_inventory_denominator_and_zero) ... ok
test_ownership_restoration_and_cache_separation (tests.test_compile_cuda_mul_scalar.CompileCudaMulScalarDeviceTests.test_ownership_restoration_and_cache_separation) ... skipped 'requires real CUDA with CUDA_VISIBLE_DEVICES=0,1'
test_binding_guards_and_code_replacement (tests.test_compile_cuda_mul_scalar.CompileCudaMulScalarTests.test_binding_guards_and_code_replacement) ... ok
test_dynamic_scalar_node_metadata_rejects_before_execution (tests.test_compile_cuda_mul_scalar.CompileCudaMulScalarTests.test_dynamic_scalar_node_metadata_rejects_before_execution) ... ok
test_dynamic_static_guards_cpu_separation_and_nested_aliases (tests.test_compile_cuda_mul_scalar.CompileCudaMulScalarTests.test_dynamic_static_guards_cpu_separation_and_nested_aliases) ... ok
test_generated_graphlets_and_operator_method_top_level_forms (tests.test_compile_cuda_mul_scalar.CompileCudaMulScalarTests.test_generated_graphlets_and_operator_method_top_level_forms) ... ok
test_guarded_globals_helper_rebinding_and_limit (tests.test_compile_cuda_mul_scalar.CompileCudaMulScalarTests.test_guarded_globals_helper_rebinding_and_limit) ... ok
test_ieee_scalar_conversion_singleton_strides_offsets_and_empty_views (tests.test_compile_cuda_mul_scalar.CompileCudaMulScalarTests.test_ieee_scalar_conversion_singleton_strides_offsets_and_empty_views) ... ok
test_large_complete_data_and_no_pytorch_import (tests.test_compile_cuda_mul_scalar.CompileCudaMulScalarTests.test_large_complete_data_and_no_pytorch_import) ... ok
test_malformed_late_nodes_and_execution_failure (tests.test_compile_cuda_mul_scalar.CompileCudaMulScalarTests.test_malformed_late_nodes_and_execution_failure) ... ok
test_reject_before_execution_cache_and_native_hooks (tests.test_compile_cuda_mul_scalar.CompileCudaMulScalarTests.test_reject_before_execution_cache_and_native_hooks) ... ok
test_tensor_capture_and_stride_changes (tests.test_compile_cuda_mul_scalar.CompileCudaMulScalarTests.test_tensor_capture_and_stride_changes) ... ok
test_recorder_scalar_nodes_reject_cpu_and_unsupported_metadata (tests.test_compile_cuda_mul_scalar.CompileScalarMetadataTests.test_recorder_scalar_nodes_reject_cpu_and_unsupported_metadata) ... ok
test_scalar_conversion_and_native_fail_closed_without_gpu (tests.test_compile_cuda_mul_scalar.CompileScalarMetadataTests.test_scalar_conversion_and_native_fail_closed_without_gpu) ... ok
test_failed_reference_wrong_data_and_unsupported_results_are_retained (tests.test_compile_cuda_mul_scalar_diagnostic.ScalarDiagnosticAccountingTests.test_failed_reference_wrong_data_and_unsupported_results_are_retained) ... ok
test_setup_failure_is_written_and_returns_nonzero (tests.test_compile_cuda_mul_scalar_diagnostic.ScalarDiagnosticAccountingTests.test_setup_failure_is_written_and_returns_nonzero) ... ok
test_ownership_captures_and_device_restoration (tests.test_compile_cuda_neg.CompileCudaNegDeviceTests.test_ownership_captures_and_device_restoration) ... skipped 'requires real CUDA with CUDA_VISIBLE_DEVICES=0,1'
test_captures_nested_outputs_and_repeated_inputs (tests.test_compile_cuda_neg.CompileCudaNegTests.test_captures_nested_outputs_and_repeated_inputs) ... ok
test_cold_cpu_warmed_and_device_guards (tests.test_compile_cuda_neg.CompileCudaNegTests.test_cold_cpu_warmed_and_device_guards) ... ok
test_generated_shapes_lengths_and_forms (tests.test_compile_cuda_neg.CompileCudaNegTests.test_generated_shapes_lengths_and_forms) ... ok
test_global_offset_shape_and_layout_guards (tests.test_compile_cuda_neg.CompileCudaNegTests.test_global_offset_shape_and_layout_guards) ... ok
test_offsets_ieee_metadata_dynamic_and_stride_guards (tests.test_compile_cuda_neg.CompileCudaNegTests.test_offsets_ieee_metadata_dynamic_and_stride_guards) ... ok
test_reject_before_execution_and_cache_insertion (tests.test_compile_cuda_neg.CompileCudaNegTests.test_reject_before_execution_and_cache_insertion) ... ok
test_stream_completion_and_independent_storage (tests.test_compile_cuda_neg.CompileCudaNegTests.test_stream_completion_and_independent_storage) ... ok
test_documented_command_on_real_cuda (tests.test_compile_cuda_neg_add_diagnostic.DiagnosticAccountingTests.test_documented_command_on_real_cuda) ... ok
test_documented_commands_preserve_raw_results_and_exit_status (tests.test_compile_cuda_neg_add_diagnostic.DiagnosticAccountingTests.test_documented_commands_preserve_raw_results_and_exit_status) ... ok
test_empty_matrix_and_provenance_errors_cannot_succeed (tests.test_compile_cuda_neg_add_diagnostic.DiagnosticAccountingTests.test_empty_matrix_and_provenance_errors_cannot_succeed) ... ok
test_versioned_matrix_retains_addition_and_unsupported_guards (tests.test_compile_cuda_neg_add_diagnostic.DiagnosticAccountingTests.test_versioned_matrix_retains_addition_and_unsupported_guards) ... ok
test_troubleshooting_supported_boundary_and_report_navigation (tests.test_compile_cuda_neg_add_diagnostic.DiagnosticDocumentationTests.test_troubleshooting_supported_boundary_and_report_navigation) ... ok
test_context_captures_mixed_devices_and_restoration (tests.test_compile_cuda_relu.CompileCudaReluDeviceTests.test_context_captures_mixed_devices_and_restoration) ... skipped 'requires real CUDA with CUDA_VISIBLE_DEVICES=0,1'
test_block_reference_import_and_python_execution_in_fresh_process (tests.test_compile_cuda_relu.CompileCudaReluTests.test_block_reference_import_and_python_execution_in_fresh_process) ... ok
test_compiled_stream_completion_and_input_mutation (tests.test_compile_cuda_relu.CompileCudaReluTests.test_compiled_stream_completion_and_input_mutation) ... ok
test_cpu_cuda_separation_capture_helpers_and_nested_lifetimes (tests.test_compile_cuda_relu.CompileCudaReluTests.test_cpu_cuda_separation_capture_helpers_and_nested_lifetimes) ... ok
test_ieee_bits_offsets_strides_and_dynamic_guards (tests.test_compile_cuda_relu.CompileCudaReluTests.test_ieee_bits_offsets_strides_and_dynamic_guards) ... ok
test_malformed_early_late_and_repeated_output_metadata_zero_execution (tests.test_compile_cuda_relu.CompileCudaReluTests.test_malformed_early_late_and_repeated_output_metadata_zero_execution) ... ok
test_method_identity_strict_binding_and_native_compatibility (tests.test_compile_cuda_relu.CompileCudaReluTests.test_method_identity_strict_binding_and_native_compatibility) ... ok
test_seeded_shapes_composition_and_real_cache_values (tests.test_compile_cuda_relu.CompileCudaReluTests.test_seeded_shapes_composition_and_real_cache_values) ... ok
test_single_node_output_prevalidation_and_native_payload_types (tests.test_compile_cuda_relu.CompileCudaReluTests.test_single_node_output_prevalidation_and_native_payload_types) ... ok
test_bits_mutation_independence_and_lifetimes (tests.test_compile_cuda_reshape.CompileCudaReshapeTests.test_bits_mutation_independence_and_lifetimes) ... ok
test_cached_graph_early_late_and_repeated_output_metadata (tests.test_compile_cuda_reshape.CompileCudaReshapeTests.test_cached_graph_early_late_and_repeated_output_metadata) ... ok
test_composition_and_dynamic_alias_pack_transition (tests.test_compile_cuda_reshape.CompileCudaReshapeTests.test_composition_and_dynamic_alias_pack_transition) ... ok
test_guards_methods_and_blocked_reference_import (tests.test_compile_cuda_reshape.CompileCudaReshapeTests.test_guards_methods_and_blocked_reference_import) ... ok
test_large_valid_empty_singleton_scalar_and_pack (tests.test_compile_cuda_reshape.CompileCudaReshapeTests.test_large_valid_empty_singleton_scalar_and_pack) ... ok
test_live_globals_locals_and_helpers (tests.test_compile_cuda_reshape.CompileCudaReshapeTests.test_live_globals_locals_and_helpers) ... ok
test_local_nonnumeric_constants_preserve_public_binding_errors (tests.test_compile_cuda_reshape.CompileCudaReshapeTests.test_local_nonnumeric_constants_preserve_public_binding_errors) ... ok
test_partial_shapes_validate_known_errors_before_unsupported_capture (tests.test_compile_cuda_reshape.CompileCudaReshapeTests.test_partial_shapes_validate_known_errors_before_unsupported_capture) ... ok
test_public_binding_order_and_unsupported_forms (tests.test_compile_cuda_reshape.CompileCudaReshapeTests.test_public_binding_order_and_unsupported_forms) ... ok
test_seeded_layouts_shapes_policies_identity_and_cache (tests.test_compile_cuda_reshape.CompileCudaReshapeTests.test_seeded_layouts_shapes_policies_identity_and_cache) ... ok
test_tensor_valued_invalid_binding_before_execution (tests.test_compile_cuda_reshape.CompileCudaReshapeTests.test_tensor_valued_invalid_binding_before_execution) ... ok
test_context_restoration_and_unused_mixed_capture (tests.test_compile_cuda_reshape.ReshapeDeviceTests.test_context_restoration_and_unused_mixed_capture) ... skipped 'requires real CUDA with CUDA_VISIBLE_DEVICES=0,1'
test_exact_dimensions_and_no_index_conversion (tests.test_compile_cuda_reshape.ReshapeMetadataTests.test_exact_dimensions_and_no_index_conversion) ... ok
test_shared_native_planner_without_hardware (tests.test_compile_cuda_reshape.ReshapeMetadataTests.test_shared_native_planner_without_hardware) ... ok
test_current_device_restored_for_single_and_composed_reductions (tests.test_compile_cuda_sum_rows.CompileCudaSumDeviceTests.test_current_device_restored_for_single_and_composed_reductions) ... skipped 'requires real CUDA with CUDA_VISIBLE_DEVICES=0,1'
test_composition_dynamic_shapes_and_native_whole_graph_validation (tests.test_compile_cuda_sum_rows.CompileCudaSumTests.test_composition_dynamic_shapes_and_native_whole_graph_validation) ... ok
test_dynamic_cache_hit_rejects_later_incompatible_add_before_launch (tests.test_compile_cuda_sum_rows.CompileCudaSumTests.test_dynamic_cache_hit_rejects_later_incompatible_add_before_launch) ... ok
test_held_out_forms_offsets_empty_and_changed_values (tests.test_compile_cuda_sum_rows.CompileCudaSumTests.test_held_out_forms_offsets_empty_and_changed_values) ... ok
test_noncanonical_contiguous_singleton_strides (tests.test_compile_cuda_sum_rows.CompileCudaSumTests.test_noncanonical_contiguous_singleton_strides) ... ok
test_rejections_and_live_method_mutation (tests.test_compile_cuda_sum_rows.CompileCudaSumTests.test_rejections_and_live_method_mutation) ... ok
test_stream_completion_and_independent_output (tests.test_compile_cuda_sum_rows.CompileCudaSumTests.test_stream_completion_and_independent_output) ... ok
test_callable_global_cache_and_no_redispatch (tests.test_compile_cuda_t.CompileCudaTTests.test_callable_global_cache_and_no_redispatch) ... ok
test_dynamic_guards_and_alias_pack_transition (tests.test_compile_cuda_t.CompileCudaTTests.test_dynamic_guards_and_alias_pack_transition) ... ok
test_invalid_cached_metadata_types_early_late_and_outputs (tests.test_compile_cuda_t.CompileCudaTTests.test_invalid_cached_metadata_types_early_late_and_outputs) ... ok
test_packed_arithmetic_and_transposed_input_becomes_contiguous (tests.test_compile_cuda_t.CompileCudaTTests.test_packed_arithmetic_and_transposed_input_becomes_contiguous) ... ok
test_raw_bits_shared_mutation_and_lifetimes (tests.test_compile_cuda_t.CompileCudaTTests.test_raw_bits_shared_mutation_and_lifetimes) ... ok
test_reference_import_blocked (tests.test_compile_cuda_t.CompileCudaTTests.test_reference_import_blocked) ... ok
test_repeated_containers_validate_each_metadata_pair_on_cache_hits (tests.test_compile_cuda_t.CompileCudaTTests.test_repeated_containers_validate_each_metadata_pair_on_cache_hits) ... ok
test_seeded_layouts_identity_and_cache (tests.test_compile_cuda_t.CompileCudaTTests.test_seeded_layouts_identity_and_cache) ... ok
test_single_t_large_empty_extents (tests.test_compile_cuda_t.CompileCudaTTests.test_single_t_large_empty_extents) ... ok
test_strided_arithmetic_and_public_scope_remain_rejected (tests.test_compile_cuda_t.CompileCudaTTests.test_strided_arithmetic_and_public_scope_remain_rejected) ... ok
test_device_context_and_unused_capture (tests.test_compile_cuda_t.CompileTDeviceTests.test_device_context_and_unused_capture) ... skipped 'requires real CUDA with CUDA_VISIBLE_DEVICES=0,1'
test_bounded_metadata (tests.test_compile_cuda_t.TMetadataTests.test_bounded_metadata) ... ok
test_ordinals_and_restoration (tests.test_compile_cuda_trailing_vector.CompileCudaTrailingVectorDeviceTests.test_ordinals_and_restoration) ... skipped 'requires real CUDA with CUDA_VISIBLE_DEVICES=0,1'
test_all_add_forms_and_compositions_held_out (tests.test_compile_cuda_trailing_vector.CompileCudaTrailingVectorTests.test_all_add_forms_and_compositions_held_out) ... ok
test_dynamic_guards_invalidated_cache_and_forged_metadata (tests.test_compile_cuda_trailing_vector.CompileCudaTrailingVectorTests.test_dynamic_guards_invalidated_cache_and_forged_metadata) ... ok
test_fail_closed_public_and_private (tests.test_compile_cuda_trailing_vector.CompileCudaTrailingVectorTests.test_fail_closed_public_and_private) ... ok
test_globals_helpers_callable_guards_and_lifetimes (tests.test_compile_cuda_trailing_vector.CompileCudaTrailingVectorTests.test_globals_helpers_callable_guards_and_lifetimes) ... ok
test_large_empty_dynamic_cache_replans_wrapped_strides (tests.test_compile_cuda_trailing_vector.CompileCudaTrailingVectorTests.test_large_empty_dynamic_cache_replans_wrapped_strides) ... ok
test_large_empty_signed_byte_strides_all_policies (tests.test_compile_cuda_trailing_vector.CompileCudaTrailingVectorTests.test_large_empty_signed_byte_strides_all_policies) ... ok
test_no_installed_torch_python_body_or_public_eager_dispatch (tests.test_compile_cuda_trailing_vector.CompileCudaTrailingVectorTests.test_no_installed_torch_python_body_or_public_eager_dispatch) ... ok
test_noncanonical_singleton_empty_and_offset_metadata (tests.test_compile_cuda_trailing_vector.CompileCudaTrailingVectorTests.test_noncanonical_singleton_empty_and_offset_metadata) ... ok
test_exact_shape_relation_and_cpu_broadcasting (tests.test_compile_cuda_trailing_vector.TrailingVectorMetadataTests.test_exact_shape_relation_and_cpu_broadcasting) ... ok
test_failures_and_interruptions_are_retained (tests.test_compile_cuda_trailing_vector_diagnostic.TrailingVectorDiagnosticTests.test_failures_and_interruptions_are_retained) ... ok
test_unsupported_and_ineligible_cases_never_earn_credit (tests.test_compile_cuda_trailing_vector_diagnostic.TrailingVectorDiagnosticTests.test_unsupported_and_ineligible_cases_never_earn_credit) ... ok
test_bits_mutation_and_lifetime (tests.test_compile_cuda_transpose.CompileCudaTransposeTests.test_bits_mutation_and_lifetime) ... ok
test_blocked_reference_import (tests.test_compile_cuda_transpose.CompileCudaTransposeTests.test_blocked_reference_import) ... ok
test_cached_nodes_outputs_and_repeated_metadata_pairings (tests.test_compile_cuda_transpose.CompileCudaTransposeTests.test_cached_nodes_outputs_and_repeated_metadata_pairings) ... ok
test_composed_arithmetic_and_dynamic_pack_transition (tests.test_compile_cuda_transpose.CompileCudaTransposeTests.test_composed_arithmetic_and_dynamic_pack_transition) ... ok
test_every_axis_layout_policy_identity_and_cache (tests.test_compile_cuda_transpose.CompileCudaTransposeTests.test_every_axis_layout_policy_identity_and_cache) ... ok
test_global_axis_type_and_value_guards (tests.test_compile_cuda_transpose.CompileCudaTransposeTests.test_global_axis_type_and_value_guards) ... ok
test_guards_and_no_method_redispatch (tests.test_compile_cuda_transpose.CompileCudaTransposeTests.test_guards_and_no_method_redispatch) ... ok
test_large_empty_and_large_nonsquare (tests.test_compile_cuda_transpose.CompileCudaTransposeTests.test_large_empty_and_large_nonsquare) ... ok
test_public_argument_errors_and_unsupported_forms_before_execution (tests.test_compile_cuda_transpose.CompileCudaTransposeTests.test_public_argument_errors_and_unsupported_forms_before_execution) ... ok
test_restore_device_context_and_unused_capture (tests.test_compile_cuda_transpose.TransposeDeviceTests.test_restore_device_context_and_unused_capture) ... skipped 'requires real CUDA with CUDA_VISIBLE_DEVICES=0,1'
test_proxy_and_exact_axis_types (tests.test_compile_cuda_transpose.TransposeMetadataTests.test_proxy_and_exact_axis_types) ... ok
test_bits_shared_mutation_and_lifetimes (tests.test_compile_cuda_view.CompileCudaViewTests.test_bits_shared_mutation_and_lifetimes) ... ok
test_cached_graph_early_late_and_repeated_output_metadata (tests.test_compile_cuda_view.CompileCudaViewTests.test_cached_graph_early_late_and_repeated_output_metadata) ... ok
test_composition_and_dynamic_compatibility_recovery (tests.test_compile_cuda_view.CompileCudaViewTests.test_composition_and_dynamic_compatibility_recovery) ... ok
test_guards_methods_and_blocked_reference_import (tests.test_compile_cuda_view.CompileCudaViewTests.test_guards_methods_and_blocked_reference_import) ... ok
test_known_element_count_errors_before_unsupported_capture (tests.test_compile_cuda_view.CompileCudaViewTests.test_known_element_count_errors_before_unsupported_capture) ... ok
test_large_valid_empty_singleton_scalar (tests.test_compile_cuda_view.CompileCudaViewTests.test_large_valid_empty_singleton_scalar) ... ok
test_live_globals_locals_and_helpers (tests.test_compile_cuda_view.CompileCudaViewTests.test_live_globals_locals_and_helpers) ... ok
test_local_nonnumeric_constants_preserve_public_binding_errors (tests.test_compile_cuda_view.CompileCudaViewTests.test_local_nonnumeric_constants_preserve_public_binding_errors) ... ok
test_partial_shapes_validate_known_errors_before_unsupported_capture (tests.test_compile_cuda_view.CompileCudaViewTests.test_partial_shapes_validate_known_errors_before_unsupported_capture) ... ok
test_public_binding_order_and_unsupported_forms (tests.test_compile_cuda_view.CompileCudaViewTests.test_public_binding_order_and_unsupported_forms) ... ok
test_same_device_context_and_unused_actual_inputs (tests.test_compile_cuda_view.CompileCudaViewTests.test_same_device_context_and_unused_actual_inputs) ... ok
test_seeded_layouts_shapes_policies_identity_and_cache (tests.test_compile_cuda_view.CompileCudaViewTests.test_seeded_layouts_shapes_policies_identity_and_cache) ... ok
test_tensor_valued_invalid_binding_before_execution (tests.test_compile_cuda_view.CompileCudaViewTests.test_tensor_valued_invalid_binding_before_execution) ... ok
test_unsupported_argument_expressions_preserve_public_errors (tests.test_compile_cuda_view.CompileCudaViewTests.test_unsupported_argument_expressions_preserve_public_errors) ... ok
test_validation_only_lists_and_computed_integer_dimensions (tests.test_compile_cuda_view.CompileCudaViewTests.test_validation_only_lists_and_computed_integer_dimensions) ... ok
test_context_restoration_and_unused_mixed_capture (tests.test_compile_cuda_view.ViewDeviceTests.test_context_restoration_and_unused_mixed_capture) ... skipped 'requires real CUDA with CUDA_VISIBLE_DEVICES=0,1'
test_alias_only_planner_and_binding_order_without_hardware (tests.test_compile_cuda_view.ViewMetadataTests.test_alias_only_planner_and_binding_order_without_hardware) ... ok
test_exact_dimensions_and_no_index_conversion (tests.test_compile_cuda_view.ViewMetadataTests.test_exact_dimensions_and_no_index_conversion) ... ok
test_known_element_counts_before_capture_admission_without_hardware (tests.test_compile_cuda_view.ViewMetadataTests.test_known_element_counts_before_capture_admission_without_hardware) ... ok
test_known_shape_errors_before_capture_admission_without_hardware (tests.test_compile_cuda_view.ViewMetadataTests.test_known_shape_errors_before_capture_admission_without_hardware) ... ok
test_shared_native_planner_without_hardware (tests.test_compile_cuda_view.ViewMetadataTests.test_shared_native_planner_without_hardware) ... ok
test_unsupported_expression_validation_without_hardware (tests.test_compile_cuda_view.ViewMetadataTests.test_unsupported_expression_validation_without_hardware) ... ok
test_cuda_live_scalars_bindings_captures_and_failure_recovery (tests.test_compile_static_analysis.StaticAnalysisCudaTests.test_cuda_live_scalars_bindings_captures_and_failure_recovery) ... ok
test_code_replacement_reanalyzes_branches_and_inactive_globals (tests.test_compile_static_analysis.StaticAnalysisTests.test_code_replacement_reanalyzes_branches_and_inactive_globals) ... ok
test_descriptor_does_not_retain_root_or_resolved_helpers (tests.test_compile_static_analysis.StaticAnalysisTests.test_descriptor_does_not_retain_root_or_resolved_helpers) ... ok
test_only_root_analysis_is_reused_and_helper_guards_stay_live (tests.test_compile_static_analysis.StaticAnalysisTests.test_only_root_analysis_is_reused_and_helper_guards_stay_live) ... ok
test_reused_analysis_preserves_cpu_limit_metadata_and_method_guards (tests.test_compile_static_analysis.StaticAnalysisTests.test_reused_analysis_preserves_cpu_limit_metadata_and_method_guards) ... ok
test_warm_tensor_capture_reuses_analysis_but_resolves_every_call (tests.test_compile_static_analysis.StaticAnalysisTests.test_warm_tensor_capture_reuses_analysis_but_resolves_every_call) ... ok
test_constant_forms_have_explicit_shape_changing_ir (tests.test_compile_sum_lowering.SumLoweringTests.test_constant_forms_have_explicit_shape_changing_ir) ... ok
test_keyword_helper_call_is_not_enabled (tests.test_compile_sum_lowering.SumLoweringTests.test_keyword_helper_call_is_not_enabled) ... ok
test_local_and_guarded_global_constant_options (tests.test_compile_sum_lowering.SumLoweringTests.test_local_and_guarded_global_constant_options) ... ok
test_native_keyword_calls_on_running_python_version (tests.test_compile_sum_lowering.SumLoweringTests.test_native_keyword_calls_on_running_python_version) ... ok
test_reduction_metadata_rejects_layout_dtype_and_autograd (tests.test_compile_sum_lowering.SumLoweringTests.test_reduction_metadata_rejects_layout_dtype_and_autograd) ... ok
test_unsupported_options_and_other_keywords (tests.test_compile_sum_lowering.SumLoweringTests.test_unsupported_options_and_other_keywords) ... ok
test_tanh_inside_compiled_body_stays_unsupported_and_recovers (tests.test_compile_tanh_composition.CompileTanhBoundaryTests.test_tanh_inside_compiled_body_stays_unsupported_and_recovers) ... ok
test_unsupported_outputs_leave_compiled_parent_graph_usable (tests.test_compile_tanh_composition.CompileTanhBoundaryTests.test_unsupported_outputs_leave_compiled_parent_graph_usable) ... ok
test_live_grad_flags_capture_rebinding_helper_and_root_code_replacement (tests.test_compile_tanh_composition.CompileTanhCompositionTests.test_live_grad_flags_capture_rebinding_helper_and_root_code_replacement) ... ok
test_owned_outputs_changed_values_shared_operands_and_repeated_backward (tests.test_compile_tanh_composition.CompileTanhCompositionTests.test_owned_outputs_changed_values_shared_operands_and_repeated_backward) ... ok
test_copying_and_pickling_are_canonical (tests.test_compiled_with_cxx11_abi.CompiledWithCxx11AbiTests.test_copying_and_pickling_are_canonical) ... ok
test_direct_imports_and_private_native_placement (tests.test_compiled_with_cxx11_abi.CompiledWithCxx11AbiTests.test_direct_imports_and_private_native_placement) ... ok
test_import_is_probe_free_and_does_not_import_pytorch (tests.test_compiled_with_cxx11_abi.CompiledWithCxx11AbiTests.test_import_is_probe_free_and_does_not_import_pytorch) ... ok
test_package_and_native_reloads_preserve_the_contract (tests.test_compiled_with_cxx11_abi.CompiledWithCxx11AbiTests.test_package_and_native_reloads_preserve_the_contract) ... ok
test_public_query_ignores_native_flag_mutation_and_deletion (tests.test_compiled_with_cxx11_abi.CompiledWithCxx11AbiTests.test_public_query_ignores_native_flag_mutation_and_deletion) ... ok
test_rejects_arguments_with_pytorch_2_13_errors (tests.test_compiled_with_cxx11_abi.CompiledWithCxx11AbiTests.test_rejects_arguments_with_pytorch_2_13_errors) ... ok
test_reports_exact_false_native_build_capability_without_probes (tests.test_compiled_with_cxx11_abi.CompiledWithCxx11AbiTests.test_reports_exact_false_native_build_capability_without_probes) ... ok
test_signature_documentation_and_identity_match_pytorch_shape (tests.test_compiled_with_cxx11_abi.CompiledWithCxx11AbiTests.test_signature_documentation_and_identity_match_pytorch_shape) ... ok
test_value_and_identity_are_stable_across_threads (tests.test_compiled_with_cxx11_abi.CompiledWithCxx11AbiTests.test_value_and_identity_are_stable_across_threads) ... ok
test_argument_errors_match_pytorch_2_13 (tests.test_compiled_with_cxx11_abi_reference.CompiledWithCxx11AbiReferenceTests.test_argument_errors_match_pytorch_2_13) ... ok
test_copying_and_pickling_match_pytorch_2_13 (tests.test_compiled_with_cxx11_abi_reference.CompiledWithCxx11AbiReferenceTests.test_copying_and_pickling_match_pytorch_2_13) ... ok
test_direct_import_and_wildcard_placement_match_pytorch_2_13 (tests.test_compiled_with_cxx11_abi_reference.CompiledWithCxx11AbiReferenceTests.test_direct_import_and_wildcard_placement_match_pytorch_2_13) ... ok
test_metadata_matches_pytorch_2_13 (tests.test_compiled_with_cxx11_abi_reference.CompiledWithCxx11AbiReferenceTests.test_metadata_matches_pytorch_2_13) ... ok
test_native_flag_mutation_and_deletion_match_pytorch_2_13 (tests.test_compiled_with_cxx11_abi_reference.CompiledWithCxx11AbiReferenceTests.test_native_flag_mutation_and_deletion_match_pytorch_2_13) ... ok
test_thread_behavior_matches_pytorch_2_13 (tests.test_compiled_with_cxx11_abi_reference.CompiledWithCxx11AbiReferenceTests.test_thread_behavior_matches_pytorch_2_13) ... ok
test_values_are_build_specific_exact_booleans (tests.test_compiled_with_cxx11_abi_reference.CompiledWithCxx11AbiReferenceTests.test_values_are_build_specific_exact_booleans) ... ok
test_call_shape_errors_match_pytorch_2_13 (tests.test_compiler_assume_constant_result.CompilerAssumeConstantResultTests.test_call_shape_errors_match_pytorch_2_13) ... ok
test_decorator_marks_the_original_function_without_changing_eager_calls (tests.test_compiler_assume_constant_result.CompilerAssumeConstantResultTests.test_decorator_marks_the_original_function_without_changing_eager_calls) ... ok
test_decorator_preserves_method_binding_and_per_instance_state (tests.test_compiler_assume_constant_result.CompilerAssumeConstantResultTests.test_decorator_preserves_method_binding_and_per_instance_state) ... ok
test_direct_positional_and_keyword_calls_return_the_exact_target (tests.test_compiler_assume_constant_result.CompilerAssumeConstantResultTests.test_direct_positional_and_keyword_calls_return_the_exact_target) ... ok
test_exports_copy_and_pickle_use_canonical_objects (tests.test_compiler_assume_constant_result.CompilerAssumeConstantResultTests.test_exports_copy_and_pickle_use_canonical_objects) ... ok
test_import_and_marking_do_not_import_pytorch (tests.test_compiler_assume_constant_result.CompilerAssumeConstantResultTests.test_import_and_marking_do_not_import_pytorch) ... ok
test_invalid_targets_raise_attribute_assignment_errors (tests.test_compiler_assume_constant_result.CompilerAssumeConstantResultTests.test_invalid_targets_raise_attribute_assignment_errors) ... ok
test_marking_does_not_enable_compilation_or_change_state_queries (tests.test_compiler_assume_constant_result.CompilerAssumeConstantResultTests.test_marking_does_not_enable_compilation_or_change_state_queries) ... ok
test_repeated_marking_is_idempotent_and_overwrites_the_marker_with_true (tests.test_compiler_assume_constant_result.CompilerAssumeConstantResultTests.test_repeated_marking_is_idempotent_and_overwrites_the_marker_with_true) ... ok
test_signature_annotations_documentation_and_module_identity (tests.test_compiler_assume_constant_result.CompilerAssumeConstantResultTests.test_signature_annotations_documentation_and_module_identity) ... ok
test_call_shape_errors_match_pytorch_2_13 (tests.test_compiler_assume_constant_result_reference.CompilerAssumeConstantResultReferenceTests.test_call_shape_errors_match_pytorch_2_13) ... ok
test_decorator_use_and_eager_behavior_match_pytorch_2_13 (tests.test_compiler_assume_constant_result_reference.CompilerAssumeConstantResultReferenceTests.test_decorator_use_and_eager_behavior_match_pytorch_2_13) ... ok
test_direct_calls_and_noncallable_targets_match_pytorch_2_13 (tests.test_compiler_assume_constant_result_reference.CompilerAssumeConstantResultReferenceTests.test_direct_calls_and_noncallable_targets_match_pytorch_2_13) ... ok
test_exports_copying_and_pickling_match_pytorch_2_13 (tests.test_compiler_assume_constant_result_reference.CompilerAssumeConstantResultReferenceTests.test_exports_copying_and_pickling_match_pytorch_2_13) ... ok
test_invalid_target_errors_match_pytorch_2_13 (tests.test_compiler_assume_constant_result_reference.CompilerAssumeConstantResultReferenceTests.test_invalid_target_errors_match_pytorch_2_13) ... ok
test_repeated_marking_matches_pytorch_2_13 (tests.test_compiler_assume_constant_result_reference.CompilerAssumeConstantResultReferenceTests.test_repeated_marking_matches_pytorch_2_13) ... ok
test_signature_documentation_and_ownership_match_pytorch_2_13 (tests.test_compiler_assume_constant_result_reference.CompilerAssumeConstantResultReferenceTests.test_signature_documentation_and_ownership_match_pytorch_2_13) ... ok
test_state_queries_stay_eager_and_graph_execution_stays_unsupported (tests.test_compiler_assume_constant_result_reference.CompilerAssumeConstantResultReferenceTests.test_state_queries_stay_eager_and_graph_execution_stays_unsupported) ... ok
test_decorated_methods_keep_descriptor_binding (tests.test_compiler_disable.CompilerDisableTests.test_decorated_methods_keep_descriptor_binding) ... ok
test_direct_bound_method_and_repeated_wrapping_match_function_behavior (tests.test_compiler_disable.CompilerDisableTests.test_direct_bound_method_and_repeated_wrapping_match_function_behavior) ... ok
test_direct_calls_wrap_functions_and_preserve_eager_execution (tests.test_compiler_disable.CompilerDisableTests.test_direct_calls_wrap_functions_and_preserve_eager_execution) ... ok
test_exports_copying_and_pickling_use_canonical_objects (tests.test_compiler_disable.CompilerDisableTests.test_exports_copying_and_pickling_use_canonical_objects) ... ok
test_factories_are_callable_but_not_context_managers (tests.test_compiler_disable.CompilerDisableTests.test_factories_are_callable_but_not_context_managers) ... ok
test_factory_decorated_methods_keep_descriptor_binding (tests.test_compiler_disable.CompilerDisableTests.test_factory_decorated_methods_keep_descriptor_binding) ... ok
test_factory_forms_wrap_functions_and_preserve_configuration (tests.test_compiler_disable.CompilerDisableTests.test_factory_forms_wrap_functions_and_preserve_configuration) ... ok
test_factory_rejects_none_as_a_decorator_target (tests.test_compiler_disable.CompilerDisableTests.test_factory_rejects_none_as_a_decorator_target) ... ok
test_factory_snapshots_recursive_truthiness_and_is_reusable (tests.test_compiler_disable.CompilerDisableTests.test_factory_snapshots_recursive_truthiness_and_is_reusable) ... ok
test_recursive_uses_truthiness_and_reason_is_preserved_by_identity (tests.test_compiler_disable.CompilerDisableTests.test_recursive_uses_truthiness_and_reason_is_preserved_by_identity) ... ok
test_signature_documentation_and_module_identity (tests.test_compiler_disable.CompilerDisableTests.test_signature_documentation_and_module_identity) ... ok
test_supported_call_shape_errors_match_pytorch_2_13 (tests.test_compiler_disable.CompilerDisableTests.test_supported_call_shape_errors_match_pytorch_2_13) ... ok
test_unsupported_targets_fail_without_mutation_through_both_forms (tests.test_compiler_disable.CompilerDisableTests.test_unsupported_targets_fail_without_mutation_through_both_forms) ... ok
test_wrapped_errors_and_return_values_are_transparent (tests.test_compiler_disable.CompilerDisableTests.test_wrapped_errors_and_return_values_are_transparent) ... ok
test_wrapping_does_not_enable_compilation_or_import_pytorch (tests.test_compiler_disable.CompilerDisableTests.test_wrapping_does_not_enable_compilation_or_import_pytorch) ... ok
test_compilation_stays_unsupported_and_eager_state_stays_false (tests.test_compiler_disable_reference.CompilerDisableReferenceTests.test_compilation_stays_unsupported_and_eager_state_stays_false) ... ok
test_direct_bound_methods_and_repeated_wrapping_match_pytorch_2_13 (tests.test_compiler_disable_reference.CompilerDisableReferenceTests.test_direct_bound_methods_and_repeated_wrapping_match_pytorch_2_13) ... ok
test_direct_wrapping_and_eager_calls_match_pytorch_2_13 (tests.test_compiler_disable_reference.CompilerDisableReferenceTests.test_direct_wrapping_and_eager_calls_match_pytorch_2_13) ... ok
test_exports_copying_and_pickling_match_pytorch_2_13 (tests.test_compiler_disable_reference.CompilerDisableReferenceTests.test_exports_copying_and_pickling_match_pytorch_2_13) ... ok
test_factory_forms_and_method_binding_match_pytorch_2_13 (tests.test_compiler_disable_reference.CompilerDisableReferenceTests.test_factory_forms_and_method_binding_match_pytorch_2_13) ... ok
test_factory_none_rejection_matches_pytorch_2_13 (tests.test_compiler_disable_reference.CompilerDisableReferenceTests.test_factory_none_rejection_matches_pytorch_2_13) ... ok
test_factory_recursive_snapshot_and_reuse_match_pytorch_2_13 (tests.test_compiler_disable_reference.CompilerDisableReferenceTests.test_factory_recursive_snapshot_and_reuse_match_pytorch_2_13) ... ok
test_factory_repeated_wrapping_matches_pytorch_2_13 (tests.test_compiler_disable_reference.CompilerDisableReferenceTests.test_factory_repeated_wrapping_matches_pytorch_2_13) ... ok
test_method_binding_matches_pytorch_2_13 (tests.test_compiler_disable_reference.CompilerDisableReferenceTests.test_method_binding_matches_pytorch_2_13) ... ok
test_signature_documentation_and_ownership_match_pytorch_2_13 (tests.test_compiler_disable_reference.CompilerDisableReferenceTests.test_signature_documentation_and_ownership_match_pytorch_2_13) ... ok
test_supported_errors_match_pytorch_2_13 (tests.test_compiler_disable_reference.CompilerDisableReferenceTests.test_supported_errors_match_pytorch_2_13) ... ok
test_truthiness_and_reason_metadata_match_pytorch_2_13 (tests.test_compiler_disable_reference.CompilerDisableReferenceTests.test_truthiness_and_reason_metadata_match_pytorch_2_13) ... ok
test_exports_copy_and_pickle_use_the_canonical_module (tests.test_compiler_get_default_backend.CompilerGetDefaultBackendTests.test_exports_copy_and_pickle_use_the_canonical_module) ... ok
test_importing_and_calling_does_not_import_pytorch_or_a_registry (tests.test_compiler_get_default_backend.CompilerGetDefaultBackendTests.test_importing_and_calling_does_not_import_pytorch_or_a_registry) ... ok
test_inductor_is_stable_across_threads_and_grad_modes (tests.test_compiler_get_default_backend.CompilerGetDefaultBackendTests.test_inductor_is_stable_across_threads_and_grad_modes) ... ok
test_query_preserves_grad_mode (tests.test_compiler_get_default_backend.CompilerGetDefaultBackendTests.test_query_preserves_grad_mode) ... ok
test_rejects_arguments_with_pytorch_2_13_errors (tests.test_compiler_get_default_backend.CompilerGetDefaultBackendTests.test_rejects_arguments_with_pytorch_2_13_errors) ... ok
test_returns_exact_inductor_without_registry_lookups (tests.test_compiler_get_default_backend.CompilerGetDefaultBackendTests.test_returns_exact_inductor_without_registry_lookups) ... ok
test_setter_and_reset_are_available_without_compilation (tests.test_compiler_get_default_backend.CompilerGetDefaultBackendTests.test_setter_and_reset_are_available_without_compilation) ... ok
test_signature_annotations_documentation_and_module_identity (tests.test_compiler_get_default_backend.CompilerGetDefaultBackendTests.test_signature_annotations_documentation_and_module_identity) ... ok
test_argument_errors_match_pytorch_2_13 (tests.test_compiler_get_default_backend_reference.CompilerGetDefaultBackendReferenceTests.test_argument_errors_match_pytorch_2_13) ... ok
test_compilation_remains_deliberately_unsupported (tests.test_compiler_get_default_backend_reference.CompilerGetDefaultBackendReferenceTests.test_compilation_remains_deliberately_unsupported) ... ok
test_exports_copy_and_pickle_match_pytorch_2_13 (tests.test_compiler_get_default_backend_reference.CompilerGetDefaultBackendReferenceTests.test_exports_copy_and_pickle_match_pytorch_2_13) ... ok
test_setter_states_and_reset_match_pytorch_2_13 (tests.test_compiler_get_default_backend_reference.CompilerGetDefaultBackendReferenceTests.test_setter_states_and_reset_match_pytorch_2_13) ... ok
test_signature_annotations_documentation_and_identity_match (tests.test_compiler_get_default_backend_reference.CompilerGetDefaultBackendReferenceTests.test_signature_annotations_documentation_and_identity_match) ... ok
test_supported_default_threaded_and_grad_states_match_pytorch_2_13 (tests.test_compiler_get_default_backend_reference.CompilerGetDefaultBackendReferenceTests.test_supported_default_threaded_and_grad_states_match_pytorch_2_13) ... ok
test_compile_export_and_other_compiler_apis_remain_unsupported (tests.test_compiler_is_compiling.CompilerIsCompilingTests.test_compile_export_and_other_compiler_apis_remain_unsupported) ... ok
test_eager_false_is_exact_and_preserves_grad_mode (tests.test_compiler_is_compiling.CompilerIsCompilingTests.test_eager_false_is_exact_and_preserves_grad_mode) ... ok
test_eager_false_is_stable_across_threads_and_grad_modes (tests.test_compiler_is_compiling.CompilerIsCompilingTests.test_eager_false_is_stable_across_threads_and_grad_modes) ... ok
test_exports_copy_and_pickle_use_the_canonical_module (tests.test_compiler_is_compiling.CompilerIsCompilingTests.test_exports_copy_and_pickle_use_the_canonical_module) ... ok
test_importing_the_package_does_not_import_pytorch (tests.test_compiler_is_compiling.CompilerIsCompilingTests.test_importing_the_package_does_not_import_pytorch) ... ok
test_rejects_arguments_with_pytorch_2_13_errors (tests.test_compiler_is_compiling.CompilerIsCompilingTests.test_rejects_arguments_with_pytorch_2_13_errors) ... ok
test_signature_annotations_documentation_and_module_identity (tests.test_compiler_is_compiling.CompilerIsCompilingTests.test_signature_annotations_documentation_and_module_identity) ... ok
test_argument_errors_match_pytorch_2_13 (tests.test_compiler_is_compiling_reference.CompilerIsCompilingReferenceTests.test_argument_errors_match_pytorch_2_13) ... ok
test_compile_export_and_other_compiler_apis_remain_unsupported (tests.test_compiler_is_compiling_reference.CompilerIsCompilingReferenceTests.test_compile_export_and_other_compiler_apis_remain_unsupported) ... ok
test_exports_copy_and_pickle_match_the_supported_scope (tests.test_compiler_is_compiling_reference.CompilerIsCompilingReferenceTests.test_exports_copy_and_pickle_match_the_supported_scope) ... ok
test_reference_eager_backend_compile_bounds_the_true_state (tests.test_compiler_is_compiling_reference.CompilerIsCompilingReferenceTests.test_reference_eager_backend_compile_bounds_the_true_state) ... ok
test_signature_annotations_documentation_and_identity_match (tests.test_compiler_is_compiling_reference.CompilerIsCompilingReferenceTests.test_signature_annotations_documentation_and_identity_match) ... ok
test_supported_eager_threaded_and_grad_states_match_pytorch_2_13 (tests.test_compiler_is_compiling_reference.CompilerIsCompilingReferenceTests.test_supported_eager_threaded_and_grad_states_match_pytorch_2_13) ... ok
test_compilation_remains_unsupported (tests.test_compiler_is_dynamo_compiling.CompilerIsDynamoCompilingTests.test_compilation_remains_unsupported) ... ok
test_eager_false_is_exact_and_preserves_grad_mode (tests.test_compiler_is_dynamo_compiling.CompilerIsDynamoCompilingTests.test_eager_false_is_exact_and_preserves_grad_mode) ... ok
test_eager_false_is_stable_across_threads_and_grad_modes (tests.test_compiler_is_dynamo_compiling.CompilerIsDynamoCompilingTests.test_eager_false_is_stable_across_threads_and_grad_modes) ... ok
test_exports_copy_and_pickle_use_the_canonical_module (tests.test_compiler_is_dynamo_compiling.CompilerIsDynamoCompilingTests.test_exports_copy_and_pickle_use_the_canonical_module) ... ok
test_importing_the_package_does_not_import_pytorch (tests.test_compiler_is_dynamo_compiling.CompilerIsDynamoCompilingTests.test_importing_the_package_does_not_import_pytorch) ... ok
test_rejects_arguments_with_pytorch_2_13_errors (tests.test_compiler_is_dynamo_compiling.CompilerIsDynamoCompilingTests.test_rejects_arguments_with_pytorch_2_13_errors) ... ok
test_signature_annotations_documentation_and_module_identity (tests.test_compiler_is_dynamo_compiling.CompilerIsDynamoCompilingTests.test_signature_annotations_documentation_and_module_identity) ... ok
test_argument_errors_match_pytorch_2_13 (tests.test_compiler_is_dynamo_compiling_reference.CompilerIsDynamoCompilingReferenceTests.test_argument_errors_match_pytorch_2_13) ... ok
test_compilation_remains_unsupported (tests.test_compiler_is_dynamo_compiling_reference.CompilerIsDynamoCompilingReferenceTests.test_compilation_remains_unsupported) ... ok
test_exports_copy_and_pickle_match_the_supported_scope (tests.test_compiler_is_dynamo_compiling_reference.CompilerIsDynamoCompilingReferenceTests.test_exports_copy_and_pickle_match_the_supported_scope) ... ok
test_reference_eager_backend_compile_bounds_the_true_state (tests.test_compiler_is_dynamo_compiling_reference.CompilerIsDynamoCompilingReferenceTests.test_reference_eager_backend_compile_bounds_the_true_state) ... ok
test_signature_annotations_documentation_and_identity_match (tests.test_compiler_is_dynamo_compiling_reference.CompilerIsDynamoCompilingReferenceTests.test_signature_annotations_documentation_and_identity_match) ... ok
test_supported_eager_threaded_and_grad_states_match_pytorch_2_13 (tests.test_compiler_is_dynamo_compiling_reference.CompilerIsDynamoCompilingReferenceTests.test_supported_eager_threaded_and_grad_states_match_pytorch_2_13) ... ok
test_eager_false_is_exact_and_preserves_grad_mode (tests.test_compiler_is_exporting.CompilerIsExportingTests.test_eager_false_is_exact_and_preserves_grad_mode) ... ok
test_eager_false_is_stable_across_threads_and_grad_modes (tests.test_compiler_is_exporting.CompilerIsExportingTests.test_eager_false_is_stable_across_threads_and_grad_modes) ... ok
test_export_remains_unsupported (tests.test_compiler_is_exporting.CompilerIsExportingTests.test_export_remains_unsupported) ... ok
test_exports_copy_and_pickle_use_the_canonical_module (tests.test_compiler_is_exporting.CompilerIsExportingTests.test_exports_copy_and_pickle_use_the_canonical_module) ... ok
test_importing_the_package_does_not_import_pytorch (tests.test_compiler_is_exporting.CompilerIsExportingTests.test_importing_the_package_does_not_import_pytorch) ... ok
test_rejects_arguments_with_pytorch_2_13_errors (tests.test_compiler_is_exporting.CompilerIsExportingTests.test_rejects_arguments_with_pytorch_2_13_errors) ... ok
test_signature_annotations_documentation_and_module_identity (tests.test_compiler_is_exporting.CompilerIsExportingTests.test_signature_annotations_documentation_and_module_identity) ... ok
test_argument_errors_match_pytorch_2_13 (tests.test_compiler_is_exporting_reference.CompilerIsExportingReferenceTests.test_argument_errors_match_pytorch_2_13) ... ok
test_export_and_other_compiler_apis_remain_unsupported (tests.test_compiler_is_exporting_reference.CompilerIsExportingReferenceTests.test_export_and_other_compiler_apis_remain_unsupported) ... ok
test_exports_copy_and_pickle_match_the_supported_scope (tests.test_compiler_is_exporting_reference.CompilerIsExportingReferenceTests.test_exports_copy_and_pickle_match_the_supported_scope) ... ok
test_reference_export_bounds_the_true_state (tests.test_compiler_is_exporting_reference.CompilerIsExportingReferenceTests.test_reference_export_bounds_the_true_state) ... ok
test_signature_annotations_documentation_and_identity_match (tests.test_compiler_is_exporting_reference.CompilerIsExportingReferenceTests.test_signature_annotations_documentation_and_identity_match) ... ok
test_supported_eager_threaded_and_grad_states_match_pytorch_2_13 (tests.test_compiler_is_exporting_reference.CompilerIsExportingReferenceTests.test_supported_eager_threaded_and_grad_states_match_pytorch_2_13) ... ok
test_arbitrary_iterables_are_consumed_once_in_order (tests.test_compiler_keep_portable_guards_unsafe.CompilerKeepPortableGuardsUnsafeTests.test_arbitrary_iterables_are_consumed_once_in_order) ... ok
test_argument_errors_match_pytorch_2_13 (tests.test_compiler_keep_portable_guards_unsafe.CompilerKeepPortableGuardsUnsafeTests.test_argument_errors_match_pytorch_2_13) ... ok
test_calls_and_reload_preserve_compiler_and_grad_state (tests.test_compiler_keep_portable_guards_unsafe.CompilerKeepPortableGuardsUnsafeTests.test_calls_and_reload_preserve_compiler_and_grad_state) ... ok
test_exports_copying_and_pickling_use_the_canonical_function (tests.test_compiler_keep_portable_guards_unsafe.CompilerKeepPortableGuardsUnsafeTests.test_exports_copying_and_pickling_use_the_canonical_function) ... ok
test_importing_and_calling_does_not_import_pytorch (tests.test_compiler_keep_portable_guards_unsafe.CompilerKeepPortableGuardsUnsafeTests.test_importing_and_calling_does_not_import_pytorch) ... ok
test_iteration_attribute_comparison_and_truth_errors_propagate (tests.test_compiler_keep_portable_guards_unsafe.CompilerKeepPortableGuardsUnsafeTests.test_iteration_attribute_comparison_and_truth_errors_propagate) ... ok
test_portable_predicate_returns_exact_booleans_and_short_circuits (tests.test_compiler_keep_portable_guards_unsafe.CompilerKeepPortableGuardsUnsafeTests.test_portable_predicate_returns_exact_booleans_and_short_circuits) ... ok
test_repeated_attribute_access_and_comparison_truth_match_expression (tests.test_compiler_keep_portable_guards_unsafe.CompilerKeepPortableGuardsUnsafeTests.test_repeated_attribute_access_and_comparison_truth_match_expression) ... ok
test_signature_documentation_and_function_metadata (tests.test_compiler_keep_portable_guards_unsafe.CompilerKeepPortableGuardsUnsafeTests.test_signature_documentation_and_function_metadata) ... ok
test_calls_preserve_compiler_and_grad_state_like_pytorch_2_13 (tests.test_compiler_keep_portable_guards_unsafe_reference.CompilerKeepPortableGuardsUnsafeReferenceTests.test_calls_preserve_compiler_and_grad_state_like_pytorch_2_13) ... ok
test_exceptions_and_argument_errors_match_pytorch_2_13 (tests.test_compiler_keep_portable_guards_unsafe_reference.CompilerKeepPortableGuardsUnsafeReferenceTests.test_exceptions_and_argument_errors_match_pytorch_2_13) ... ok
test_exports_copying_and_pickling_match_pytorch_2_13 (tests.test_compiler_keep_portable_guards_unsafe_reference.CompilerKeepPortableGuardsUnsafeReferenceTests.test_exports_copying_and_pickling_match_pytorch_2_13) ... ok
test_reload_behavior_matches_pytorch_2_13 (tests.test_compiler_keep_portable_guards_unsafe_reference.CompilerKeepPortableGuardsUnsafeReferenceTests.test_reload_behavior_matches_pytorch_2_13) ... ok
test_signature_documentation_and_metadata_match_pytorch_2_13 (tests.test_compiler_keep_portable_guards_unsafe_reference.CompilerKeepPortableGuardsUnsafeReferenceTests.test_signature_documentation_and_metadata_match_pytorch_2_13) ... ok
test_values_iteration_and_access_order_match_pytorch_2_13 (tests.test_compiler_keep_portable_guards_unsafe_reference.CompilerKeepPortableGuardsUnsafeReferenceTests.test_values_iteration_and_access_order_match_pytorch_2_13) ... ok
test_arbitrary_iterables_are_consumed_once_in_order (tests.test_compiler_keep_tensor_guards_unsafe.CompilerKeepTensorGuardsUnsafeTests.test_arbitrary_iterables_are_consumed_once_in_order) ... ok
test_argument_errors_match_pytorch_2_13 (tests.test_compiler_keep_tensor_guards_unsafe.CompilerKeepTensorGuardsUnsafeTests.test_argument_errors_match_pytorch_2_13) ... ok
test_calls_and_reload_preserve_compiler_and_grad_state (tests.test_compiler_keep_tensor_guards_unsafe.CompilerKeepTensorGuardsUnsafeTests.test_calls_and_reload_preserve_compiler_and_grad_state) ... ok
test_exports_copying_and_pickling_use_the_canonical_function (tests.test_compiler_keep_tensor_guards_unsafe.CompilerKeepTensorGuardsUnsafeTests.test_exports_copying_and_pickling_use_the_canonical_function) ... ok
test_importing_and_calling_does_not_import_pytorch (tests.test_compiler_keep_tensor_guards_unsafe.CompilerKeepTensorGuardsUnsafeTests.test_importing_and_calling_does_not_import_pytorch) ... ok
test_iteration_attribute_comparison_and_truth_errors_propagate (tests.test_compiler_keep_tensor_guards_unsafe.CompilerKeepTensorGuardsUnsafeTests.test_iteration_attribute_comparison_and_truth_errors_propagate) ... ok
test_left_to_right_access_and_keep_parameter_truthiness (tests.test_compiler_keep_tensor_guards_unsafe.CompilerKeepTensorGuardsUnsafeTests.test_left_to_right_access_and_keep_parameter_truthiness) ... ok
test_parameter_api_remains_unsupported (tests.test_compiler_keep_tensor_guards_unsafe.CompilerKeepTensorGuardsUnsafeTests.test_parameter_api_remains_unsupported) ... ok
test_signature_documentation_and_function_metadata (tests.test_compiler_keep_tensor_guards_unsafe.CompilerKeepTensorGuardsUnsafeTests.test_signature_documentation_and_function_metadata) ... ok
test_tensor_predicate_and_parameter_option_return_exact_booleans (tests.test_compiler_keep_tensor_guards_unsafe.CompilerKeepTensorGuardsUnsafeTests.test_tensor_predicate_and_parameter_option_return_exact_booleans) ... ok
test_calls_preserve_compiler_and_grad_state_like_pytorch_2_13 (tests.test_compiler_keep_tensor_guards_unsafe_reference.CompilerKeepTensorGuardsUnsafeReferenceTests.test_calls_preserve_compiler_and_grad_state_like_pytorch_2_13) ... ok
test_exceptions_and_argument_errors_match_pytorch_2_13 (tests.test_compiler_keep_tensor_guards_unsafe_reference.CompilerKeepTensorGuardsUnsafeReferenceTests.test_exceptions_and_argument_errors_match_pytorch_2_13) ... ok
test_exports_copying_and_pickling_match_pytorch_2_13 (tests.test_compiler_keep_tensor_guards_unsafe_reference.CompilerKeepTensorGuardsUnsafeReferenceTests.test_exports_copying_and_pickling_match_pytorch_2_13) ... ok
test_reload_behavior_matches_pytorch_2_13 (tests.test_compiler_keep_tensor_guards_unsafe_reference.CompilerKeepTensorGuardsUnsafeReferenceTests.test_reload_behavior_matches_pytorch_2_13) ... ok
test_signature_documentation_and_metadata_match_pytorch_2_13 (tests.test_compiler_keep_tensor_guards_unsafe_reference.CompilerKeepTensorGuardsUnsafeReferenceTests.test_signature_documentation_and_metadata_match_pytorch_2_13) ... ok
test_values_iteration_and_access_order_match_pytorch_2_13 (tests.test_compiler_keep_tensor_guards_unsafe_reference.CompilerKeepTensorGuardsUnsafeReferenceTests.test_values_iteration_and_access_order_match_pytorch_2_13) ... ok
test_argument_errors_match_pytorch_2_13 (tests.test_compiler_list_backends.CompilerListBackendsTests.test_argument_errors_match_pytorch_2_13) ... ok
test_compile_registration_and_execution_paths_remain_unsupported (tests.test_compiler_list_backends.CompilerListBackendsTests.test_compile_registration_and_execution_paths_remain_unsupported) ... ok
test_direct_wildcard_copy_pickle_and_reload_use_canonical_function (tests.test_compiler_list_backends.CompilerListBackendsTests.test_direct_wildcard_copy_pickle_and_reload_use_canonical_function) ... ok
test_empty_registry_returns_fresh_empty_lists_for_supported_argument_forms (tests.test_compiler_list_backends.CompilerListBackendsTests.test_empty_registry_returns_fresh_empty_lists_for_supported_argument_forms) ... ok
test_importing_and_calling_does_not_import_pytorch_or_a_registry (tests.test_compiler_list_backends.CompilerListBackendsTests.test_importing_and_calling_does_not_import_pytorch_or_a_registry) ... ok
test_query_preserves_grad_and_compiler_state (tests.test_compiler_list_backends.CompilerListBackendsTests.test_query_preserves_grad_and_compiler_state) ... ok
test_signature_documentation_and_function_metadata (tests.test_compiler_list_backends.CompilerListBackendsTests.test_signature_documentation_and_function_metadata) ... ok
test_argument_errors_match_pytorch_2_13 (tests.test_compiler_list_backends_reference.CompilerListBackendsReferenceTests.test_argument_errors_match_pytorch_2_13) ... ok
test_compile_registration_and_execution_paths_remain_unsupported (tests.test_compiler_list_backends_reference.CompilerListBackendsReferenceTests.test_compile_registration_and_execution_paths_remain_unsupported) ... ok
test_empty_registry_behavior_is_a_valid_pytorch_2_13_list_backends_shape (tests.test_compiler_list_backends_reference.CompilerListBackendsReferenceTests.test_empty_registry_behavior_is_a_valid_pytorch_2_13_list_backends_shape) ... ok
test_exports_direct_import_wildcard_copy_and_pickle_match_pytorch_2_13 (tests.test_compiler_list_backends_reference.CompilerListBackendsReferenceTests.test_exports_direct_import_wildcard_copy_and_pickle_match_pytorch_2_13) ... ok
test_reload_behavior_matches_pytorch_2_13 (tests.test_compiler_list_backends_reference.CompilerListBackendsReferenceTests.test_reload_behavior_matches_pytorch_2_13) ... ok
test_signature_documentation_and_metadata_match_pytorch_2_13 (tests.test_compiler_list_backends_reference.CompilerListBackendsReferenceTests.test_signature_documentation_and_metadata_match_pytorch_2_13) ... ok
test_compile_graph_capture_and_execution_paths_remain_unsupported (tests.test_compiler_register_backend.CompilerRegisterBackendTests.test_compile_graph_capture_and_execution_paths_remain_unsupported) ... ok
test_direct_decorator_and_factory_forms_register_without_invocation (tests.test_compiler_register_backend.CompilerRegisterBackendTests.test_direct_decorator_and_factory_forms_register_without_invocation) ... ok
test_duplicate_non_callable_and_invalid_name_errors_preserve_registry (tests.test_compiler_register_backend.CompilerRegisterBackendTests.test_duplicate_non_callable_and_invalid_name_errors_preserve_registry) ... ok
test_exports_copy_pickle_and_reload_use_canonical_objects (tests.test_compiler_register_backend.CompilerRegisterBackendTests.test_exports_copy_pickle_and_reload_use_canonical_objects) ... ok
test_list_backends_filters_tags_and_returns_fresh_sorted_lists (tests.test_compiler_register_backend.CompilerRegisterBackendTests.test_list_backends_filters_tags_and_returns_fresh_sorted_lists) ... ok
test_registration_and_listing_preserve_eager_helper_state (tests.test_compiler_register_backend.CompilerRegisterBackendTests.test_registration_and_listing_preserve_eager_helper_state) ... ok
test_signature_documentation_and_function_metadata (tests.test_compiler_register_backend.CompilerRegisterBackendTests.test_signature_documentation_and_function_metadata) ... ok
test_string_subclass_names_are_preserved_and_empty_names_use_function_name (tests.test_compiler_register_backend.CompilerRegisterBackendTests.test_string_subclass_names_are_preserved_and_empty_names_use_function_name) ... ok
test_subprocess_registry_is_isolated_and_does_not_import_pytorch (tests.test_compiler_register_backend.CompilerRegisterBackendTests.test_subprocess_registry_is_isolated_and_does_not_import_pytorch) ... ok
test_copy_pickle_and_unsupported_execution_boundaries_match_supported_scope (tests.test_compiler_register_backend_reference.CompilerRegisterBackendReferenceTests.test_copy_pickle_and_unsupported_execution_boundaries_match_supported_scope) ... ok
test_direct_decorator_duplicate_and_non_callable_forms_match_pytorch_2_13 (tests.test_compiler_register_backend_reference.CompilerRegisterBackendReferenceTests.test_direct_decorator_duplicate_and_non_callable_forms_match_pytorch_2_13) ... ok
test_tag_filtering_matches_pytorch_2_13_for_registered_names (tests.test_compiler_register_backend_reference.CompilerRegisterBackendReferenceTests.test_tag_filtering_matches_pytorch_2_13_for_registered_names) ... ok
test_accepts_strings_callables_and_none_without_coercion (tests.test_compiler_set_default_backend.CompilerSetDefaultBackendTests.test_accepts_strings_callables_and_none_without_coercion) ... ok
test_call_shape_errors_preserve_backend (tests.test_compiler_set_default_backend.CompilerSetDefaultBackendTests.test_call_shape_errors_preserve_backend) ... ok
test_exports_copy_and_pickle_use_the_canonical_module (tests.test_compiler_set_default_backend.CompilerSetDefaultBackendTests.test_exports_copy_and_pickle_use_the_canonical_module) ... ok
test_importing_reloading_and_calling_does_not_import_compilers (tests.test_compiler_set_default_backend.CompilerSetDefaultBackendTests.test_importing_reloading_and_calling_does_not_import_compilers) ... ok
test_keyword_call_and_invalid_values_match_pytorch_errors (tests.test_compiler_set_default_backend.CompilerSetDefaultBackendTests.test_keyword_call_and_invalid_values_match_pytorch_errors) ... ok
test_reload_and_reimport_share_process_state_with_old_functions (tests.test_compiler_set_default_backend.CompilerSetDefaultBackendTests.test_reload_and_reimport_share_process_state_with_old_functions) ... ok
test_reset_preserves_backend_and_grad_mode (tests.test_compiler_set_default_backend.CompilerSetDefaultBackendTests.test_reset_preserves_backend_and_grad_mode) ... ok
test_signature_annotations_documentation_and_module_identity (tests.test_compiler_set_default_backend.CompilerSetDefaultBackendTests.test_signature_annotations_documentation_and_module_identity) ... ok
test_updates_are_process_global_across_threads (tests.test_compiler_set_default_backend.CompilerSetDefaultBackendTests.test_updates_are_process_global_across_threads) ... ok
test_accepted_values_identity_reset_and_threads_match_pytorch_2_13 (tests.test_compiler_set_default_backend_reference.CompilerSetDefaultBackendReferenceTests.test_accepted_values_identity_reset_and_threads_match_pytorch_2_13) ... ok
test_compilation_and_backend_registration_remain_unsupported (tests.test_compiler_set_default_backend_reference.CompilerSetDefaultBackendReferenceTests.test_compilation_and_backend_registration_remain_unsupported) ... ok
test_exports_copy_and_pickle_match_pytorch_2_13 (tests.test_compiler_set_default_backend_reference.CompilerSetDefaultBackendReferenceTests.test_exports_copy_and_pickle_match_pytorch_2_13) ... ok
test_invalid_values_and_call_shape_errors_match_pytorch_2_13 (tests.test_compiler_set_default_backend_reference.CompilerSetDefaultBackendReferenceTests.test_invalid_values_and_call_shape_errors_match_pytorch_2_13) ... ok
test_reload_and_reimport_semantics_match_pytorch_2_13 (tests.test_compiler_set_default_backend_reference.CompilerSetDefaultBackendReferenceTests.test_reload_and_reimport_semantics_match_pytorch_2_13) ... ok
test_signature_annotations_documentation_and_identity_match (tests.test_compiler_set_default_backend_reference.CompilerSetDefaultBackendReferenceTests.test_signature_annotations_documentation_and_identity_match) ... ok
test_binding_errors_preserve_state (tests.test_compiler_set_enable_guard_collectives.CompilerSetEnableGuardCollectivesTests.test_binding_errors_preserve_state) ... ok
test_calls_do_not_initialize_compilation_or_distributed_execution (tests.test_compiler_set_enable_guard_collectives.CompilerSetEnableGuardCollectivesTests.test_calls_do_not_initialize_compilation_or_distributed_execution) ... ok
test_forked_child_can_exchange_state_without_inherited_lock_deadlock (tests.test_compiler_set_enable_guard_collectives.CompilerSetEnableGuardCollectivesTests.test_forked_child_can_exchange_state_without_inherited_lock_deadlock) ... ok
test_overlapping_calls_exchange_state_atomically (tests.test_compiler_set_enable_guard_collectives.CompilerSetEnableGuardCollectivesTests.test_overlapping_calls_exchange_state_atomically) ... ok
test_reload_and_reimport_share_state_with_old_functions (tests.test_compiler_set_enable_guard_collectives.CompilerSetEnableGuardCollectivesTests.test_reload_and_reimport_share_state_with_old_functions) ... ok
test_reset_preserves_state_and_grad_mode (tests.test_compiler_set_enable_guard_collectives.CompilerSetEnableGuardCollectivesTests.test_reset_preserves_state_and_grad_mode) ... ok
test_signal_handler_can_reenter_an_exchange_without_deadlock (tests.test_compiler_set_enable_guard_collectives.CompilerSetEnableGuardCollectivesTests.test_signal_handler_can_reenter_an_exchange_without_deadlock) ... ok
test_signature_metadata_exports_copy_and_pickle (tests.test_compiler_set_enable_guard_collectives.CompilerSetEnableGuardCollectivesTests.test_signature_metadata_exports_copy_and_pickle) ... ok
test_state_is_process_global_across_threads (tests.test_compiler_set_enable_guard_collectives.CompilerSetEnableGuardCollectivesTests.test_state_is_process_global_across_threads) ... ok
test_truthiness_errors_preserve_the_previous_state (tests.test_compiler_set_enable_guard_collectives.CompilerSetEnableGuardCollectivesTests.test_truthiness_errors_preserve_the_previous_state) ... ok
test_truthiness_is_evaluated_once_before_state_changes (tests.test_compiler_set_enable_guard_collectives.CompilerSetEnableGuardCollectivesTests.test_truthiness_is_evaluated_once_before_state_changes) ... ok
test_truthy_and_falsy_values_return_previous_exact_bool (tests.test_compiler_set_enable_guard_collectives.CompilerSetEnableGuardCollectivesTests.test_truthy_and_falsy_values_return_previous_exact_bool) ... ok
test_binding_and_keyword_behavior_match_pytorch_2_13 (tests.test_compiler_set_enable_guard_collectives_reference.CompilerSetEnableGuardCollectivesReferenceTests.test_binding_and_keyword_behavior_match_pytorch_2_13) ... ok
test_exports_copy_and_pickle_match_pytorch_2_13 (tests.test_compiler_set_enable_guard_collectives_reference.CompilerSetEnableGuardCollectivesReferenceTests.test_exports_copy_and_pickle_match_pytorch_2_13) ... ok
test_overlapping_exchange_matches_pytorch_2_13 (tests.test_compiler_set_enable_guard_collectives_reference.CompilerSetEnableGuardCollectivesReferenceTests.test_overlapping_exchange_matches_pytorch_2_13) ... ok
test_process_global_thread_state_matches_pytorch_2_13 (tests.test_compiler_set_enable_guard_collectives_reference.CompilerSetEnableGuardCollectivesReferenceTests.test_process_global_thread_state_matches_pytorch_2_13) ... ok
test_reset_reload_and_reimport_match_pytorch_2_13 (tests.test_compiler_set_enable_guard_collectives_reference.CompilerSetEnableGuardCollectivesReferenceTests.test_reset_reload_and_reimport_match_pytorch_2_13) ... ok
test_signal_handler_reentry_matches_pytorch_2_13 (tests.test_compiler_set_enable_guard_collectives_reference.CompilerSetEnableGuardCollectivesReferenceTests.test_signal_handler_reentry_matches_pytorch_2_13) ... ok
test_signature_annotations_documentation_and_identity_match (tests.test_compiler_set_enable_guard_collectives_reference.CompilerSetEnableGuardCollectivesReferenceTests.test_signature_annotations_documentation_and_identity_match) ... ok
test_truthiness_errors_and_state_preservation_match_pytorch_2_13 (tests.test_compiler_set_enable_guard_collectives_reference.CompilerSetEnableGuardCollectivesReferenceTests.test_truthiness_errors_and_state_preservation_match_pytorch_2_13) ... ok
test_values_previous_results_and_truthiness_match_pytorch_2_13 (tests.test_compiler_set_enable_guard_collectives_reference.CompilerSetEnableGuardCollectivesReferenceTests.test_values_previous_results_and_truthiness_match_pytorch_2_13) ... ok
test_argument_errors_match_pytorch_2_13 (tests.test_compiler_skip_all_guards_unsafe.CompilerSkipAllGuardsUnsafeTests.test_argument_errors_match_pytorch_2_13) ... ok
test_calls_and_reload_preserve_compiler_and_grad_state (tests.test_compiler_skip_all_guards_unsafe.CompilerSkipAllGuardsUnsafeTests.test_calls_and_reload_preserve_compiler_and_grad_state) ... ok
test_custom_iterable_is_consumed_once_without_length_or_indexing (tests.test_compiler_skip_all_guards_unsafe.CompilerSkipAllGuardsUnsafeTests.test_custom_iterable_is_consumed_once_without_length_or_indexing) ... ok
test_exports_copying_and_pickling_use_the_canonical_function (tests.test_compiler_skip_all_guards_unsafe.CompilerSkipAllGuardsUnsafeTests.test_exports_copying_and_pickling_use_the_canonical_function) ... ok
test_generator_is_fully_consumed_once_without_inspecting_entries (tests.test_compiler_skip_all_guards_unsafe.CompilerSkipAllGuardsUnsafeTests.test_generator_is_fully_consumed_once_without_inspecting_entries) ... ok
test_importing_and_calling_does_not_import_pytorch (tests.test_compiler_skip_all_guards_unsafe.CompilerSkipAllGuardsUnsafeTests.test_importing_and_calling_does_not_import_pytorch) ... ok
test_iteration_exceptions_propagate_unchanged (tests.test_compiler_skip_all_guards_unsafe.CompilerSkipAllGuardsUnsafeTests.test_iteration_exceptions_propagate_unchanged) ... ok
test_lists_and_tuples_produce_fresh_exact_false_lists (tests.test_compiler_skip_all_guards_unsafe.CompilerSkipAllGuardsUnsafeTests.test_lists_and_tuples_produce_fresh_exact_false_lists) ... ok
test_signature_documentation_and_function_metadata (tests.test_compiler_skip_all_guards_unsafe.CompilerSkipAllGuardsUnsafeTests.test_signature_documentation_and_function_metadata) ... ok
test_all_iterable_forms_and_non_inspection_match_pytorch_2_13 (tests.test_compiler_skip_all_guards_unsafe_reference.CompilerSkipAllGuardsUnsafeReferenceTests.test_all_iterable_forms_and_non_inspection_match_pytorch_2_13) ... ok
test_calls_preserve_compiler_state_like_pytorch_2_13 (tests.test_compiler_skip_all_guards_unsafe_reference.CompilerSkipAllGuardsUnsafeReferenceTests.test_calls_preserve_compiler_state_like_pytorch_2_13) ... ok
test_exports_copying_and_pickling_match_pytorch_2_13 (tests.test_compiler_skip_all_guards_unsafe_reference.CompilerSkipAllGuardsUnsafeReferenceTests.test_exports_copying_and_pickling_match_pytorch_2_13) ... ok
test_iteration_and_argument_errors_match_pytorch_2_13 (tests.test_compiler_skip_all_guards_unsafe_reference.CompilerSkipAllGuardsUnsafeReferenceTests.test_iteration_and_argument_errors_match_pytorch_2_13) ... ok
test_reload_behavior_matches_pytorch_2_13 (tests.test_compiler_skip_all_guards_unsafe_reference.CompilerSkipAllGuardsUnsafeReferenceTests.test_reload_behavior_matches_pytorch_2_13) ... ok
test_signature_documentation_and_metadata_match_pytorch_2_13 (tests.test_compiler_skip_all_guards_unsafe_reference.CompilerSkipAllGuardsUnsafeReferenceTests.test_signature_documentation_and_metadata_match_pytorch_2_13) ... ok
test_arbitrary_iterables_are_consumed_once_and_return_fresh_lists (tests.test_compiler_skip_guard_on_all_nn_modules_unsafe.CompilerSkipGuardOnAllNnModulesUnsafeTests.test_arbitrary_iterables_are_consumed_once_and_return_fresh_lists) ... ok
test_argument_errors_match_pytorch_2_13 (tests.test_compiler_skip_guard_on_all_nn_modules_unsafe.CompilerSkipGuardOnAllNnModulesUnsafeTests.test_argument_errors_match_pytorch_2_13) ... ok
test_calls_and_reload_preserve_compiler_and_grad_state (tests.test_compiler_skip_guard_on_all_nn_modules_unsafe.CompilerSkipGuardOnAllNnModulesUnsafeTests.test_calls_and_reload_preserve_compiler_and_grad_state) ... ok
test_exact_booleans_follow_the_full_attribute_and_call_chain (tests.test_compiler_skip_guard_on_all_nn_modules_unsafe.CompilerSkipGuardOnAllNnModulesUnsafeTests.test_exact_booleans_follow_the_full_attribute_and_call_chain) ... ok
test_exports_copying_and_pickling_use_the_canonical_function (tests.test_compiler_skip_guard_on_all_nn_modules_unsafe.CompilerSkipGuardOnAllNnModulesUnsafeTests.test_exports_copying_and_pickling_use_the_canonical_function) ... ok
test_importing_and_calling_does_not_import_pytorch (tests.test_compiler_skip_guard_on_all_nn_modules_unsafe.CompilerSkipGuardOnAllNnModulesUnsafeTests.test_importing_and_calling_does_not_import_pytorch) ... ok
test_iteration_access_call_and_truth_exceptions_propagate_unchanged (tests.test_compiler_skip_guard_on_all_nn_modules_unsafe.CompilerSkipGuardOnAllNnModulesUnsafeTests.test_iteration_access_call_and_truth_exceptions_propagate_unchanged) ... ok
test_missing_noncallable_and_invalid_truth_errors_match_pytorch_2_13 (tests.test_compiler_skip_guard_on_all_nn_modules_unsafe.CompilerSkipGuardOnAllNnModulesUnsafeTests.test_missing_noncallable_and_invalid_truth_errors_match_pytorch_2_13) ... ok
test_signature_documentation_and_function_metadata (tests.test_compiler_skip_guard_on_all_nn_modules_unsafe.CompilerSkipGuardOnAllNnModulesUnsafeTests.test_signature_documentation_and_function_metadata) ... ok
test_calls_and_reload_preserve_state_like_pytorch_2_13 (tests.test_compiler_skip_guard_on_all_nn_modules_unsafe_reference.CompilerSkipGuardOnAllNnModulesUnsafeReferenceTests.test_calls_and_reload_preserve_state_like_pytorch_2_13) ... ok
test_exceptions_and_argument_errors_match_pytorch_2_13 (tests.test_compiler_skip_guard_on_all_nn_modules_unsafe_reference.CompilerSkipGuardOnAllNnModulesUnsafeReferenceTests.test_exceptions_and_argument_errors_match_pytorch_2_13) ... ok
test_exports_copying_and_pickling_match_pytorch_2_13 (tests.test_compiler_skip_guard_on_all_nn_modules_unsafe_reference.CompilerSkipGuardOnAllNnModulesUnsafeReferenceTests.test_exports_copying_and_pickling_match_pytorch_2_13) ... ok
test_signature_documentation_and_metadata_match_pytorch_2_13 (tests.test_compiler_skip_guard_on_all_nn_modules_unsafe_reference.CompilerSkipGuardOnAllNnModulesUnsafeReferenceTests.test_signature_documentation_and_metadata_match_pytorch_2_13) ... ok
test_values_iteration_access_calls_and_truth_match_pytorch_2_13 (tests.test_compiler_skip_guard_on_all_nn_modules_unsafe_reference.CompilerSkipGuardOnAllNnModulesUnsafeReferenceTests.test_values_iteration_access_calls_and_truth_match_pytorch_2_13) ... ok
test_argument_errors_match_pytorch_2_13 (tests.test_compiler_skip_guard_on_globals_unsafe.CompilerSkipGuardOnGlobalsUnsafeTests.test_argument_errors_match_pytorch_2_13) ... ok
test_attribute_and_truth_value_errors_match_pytorch_2_13 (tests.test_compiler_skip_guard_on_globals_unsafe.CompilerSkipGuardOnGlobalsUnsafeTests.test_attribute_and_truth_value_errors_match_pytorch_2_13) ... ok
test_calls_and_reload_preserve_compiler_and_grad_state (tests.test_compiler_skip_guard_on_globals_unsafe.CompilerSkipGuardOnGlobalsUnsafeTests.test_calls_and_reload_preserve_compiler_and_grad_state) ... ok
test_custom_iterable_is_consumed_once_without_length_or_indexing (tests.test_compiler_skip_guard_on_globals_unsafe.CompilerSkipGuardOnGlobalsUnsafeTests.test_custom_iterable_is_consumed_once_without_length_or_indexing) ... ok
test_exact_booleans_come_from_each_is_global_truth_value (tests.test_compiler_skip_guard_on_globals_unsafe.CompilerSkipGuardOnGlobalsUnsafeTests.test_exact_booleans_come_from_each_is_global_truth_value) ... ok
test_exports_copying_and_pickling_use_the_canonical_function (tests.test_compiler_skip_guard_on_globals_unsafe.CompilerSkipGuardOnGlobalsUnsafeTests.test_exports_copying_and_pickling_use_the_canonical_function) ... ok
test_generator_is_fully_consumed_once_in_order (tests.test_compiler_skip_guard_on_globals_unsafe.CompilerSkipGuardOnGlobalsUnsafeTests.test_generator_is_fully_consumed_once_in_order) ... ok
test_importing_and_calling_does_not_import_pytorch (tests.test_compiler_skip_guard_on_globals_unsafe.CompilerSkipGuardOnGlobalsUnsafeTests.test_importing_and_calling_does_not_import_pytorch) ... ok
test_iteration_attribute_and_truth_exceptions_propagate_unchanged (tests.test_compiler_skip_guard_on_globals_unsafe.CompilerSkipGuardOnGlobalsUnsafeTests.test_iteration_attribute_and_truth_exceptions_propagate_unchanged) ... ok
test_lists_tuples_and_empty_inputs_produce_fresh_lists (tests.test_compiler_skip_guard_on_globals_unsafe.CompilerSkipGuardOnGlobalsUnsafeTests.test_lists_tuples_and_empty_inputs_produce_fresh_lists) ... ok
test_signature_documentation_and_function_metadata (tests.test_compiler_skip_guard_on_globals_unsafe.CompilerSkipGuardOnGlobalsUnsafeTests.test_signature_documentation_and_function_metadata) ... ok
test_attribute_truth_and_iteration_errors_match_pytorch_2_13 (tests.test_compiler_skip_guard_on_globals_unsafe_reference.CompilerSkipGuardOnGlobalsUnsafeReferenceTests.test_attribute_truth_and_iteration_errors_match_pytorch_2_13) ... ok
test_calls_preserve_compiler_state_like_pytorch_2_13 (tests.test_compiler_skip_guard_on_globals_unsafe_reference.CompilerSkipGuardOnGlobalsUnsafeReferenceTests.test_calls_preserve_compiler_state_like_pytorch_2_13) ... ok
test_exports_copying_and_pickling_match_pytorch_2_13 (tests.test_compiler_skip_guard_on_globals_unsafe_reference.CompilerSkipGuardOnGlobalsUnsafeReferenceTests.test_exports_copying_and_pickling_match_pytorch_2_13) ... ok
test_reload_behavior_matches_pytorch_2_13 (tests.test_compiler_skip_guard_on_globals_unsafe_reference.CompilerSkipGuardOnGlobalsUnsafeReferenceTests.test_reload_behavior_matches_pytorch_2_13) ... ok
test_signature_documentation_and_metadata_match_pytorch_2_13 (tests.test_compiler_skip_guard_on_globals_unsafe_reference.CompilerSkipGuardOnGlobalsUnsafeReferenceTests.test_signature_documentation_and_metadata_match_pytorch_2_13) ... ok
test_values_iteration_and_object_preservation_match_pytorch_2_13 (tests.test_compiler_skip_guard_on_globals_unsafe_reference.CompilerSkipGuardOnGlobalsUnsafeReferenceTests.test_values_iteration_and_object_preservation_match_pytorch_2_13) ... ok
test_behavior_and_exceptions_match_pytorch_2_13 (tests.test_compiler_skip_guard_on_inbuilt_nn_modules_unsafe.CompilerSkipGuardOnInbuiltNnModulesUnsafeReferenceTests.test_behavior_and_exceptions_match_pytorch_2_13) ... ok
test_metadata_exports_copying_and_pickling_match_pytorch_2_13 (tests.test_compiler_skip_guard_on_inbuilt_nn_modules_unsafe.CompilerSkipGuardOnInbuiltNnModulesUnsafeReferenceTests.test_metadata_exports_copying_and_pickling_match_pytorch_2_13) ... ok
test_state_and_reload_behavior_matches_pytorch_2_13 (tests.test_compiler_skip_guard_on_inbuilt_nn_modules_unsafe.CompilerSkipGuardOnInbuiltNnModulesUnsafeReferenceTests.test_state_and_reload_behavior_matches_pytorch_2_13) ... ok
test_arbitrary_iterables_are_consumed_once_into_fresh_lists (tests.test_compiler_skip_guard_on_inbuilt_nn_modules_unsafe.CompilerSkipGuardOnInbuiltNnModulesUnsafeTests.test_arbitrary_iterables_are_consumed_once_into_fresh_lists) ... ok
test_calls_and_reload_do_not_change_compiler_or_grad_state (tests.test_compiler_skip_guard_on_inbuilt_nn_modules_unsafe.CompilerSkipGuardOnInbuiltNnModulesUnsafeTests.test_calls_and_reload_do_not_change_compiler_or_grad_state) ... ok
test_importing_and_calling_does_not_import_pytorch (tests.test_compiler_skip_guard_on_inbuilt_nn_modules_unsafe.CompilerSkipGuardOnInbuiltNnModulesUnsafeTests.test_importing_and_calling_does_not_import_pytorch) ... ok
test_iteration_access_call_and_truth_exceptions_propagate (tests.test_compiler_skip_guard_on_inbuilt_nn_modules_unsafe.CompilerSkipGuardOnInbuiltNnModulesUnsafeTests.test_iteration_access_call_and_truth_exceptions_propagate) ... ok
test_nested_access_call_order_and_truth_conversion (tests.test_compiler_skip_guard_on_inbuilt_nn_modules_unsafe.CompilerSkipGuardOnInbuiltNnModulesUnsafeTests.test_nested_access_call_order_and_truth_conversion) ... ok
test_signature_documentation_imports_copying_and_pickling (tests.test_compiler_skip_guard_on_inbuilt_nn_modules_unsafe.CompilerSkipGuardOnInbuiltNnModulesUnsafeTests.test_signature_documentation_imports_copying_and_pickling) ... ok
test_backend_none_resolves_default_and_registered_backend_names (tests.test_top_level_compile.TorchCompileEntrypointTests.test_backend_none_resolves_default_and_registered_backend_names) ... ok
test_callable_backend_cannot_spoof_the_native_eager_path (tests.test_top_level_compile.TorchCompileEntrypointTests.test_callable_backend_cannot_spoof_the_native_eager_path) ... ok
test_compiler_reset_clears_eager_fullgraph_compile_cache (tests.test_top_level_compile.TorchCompileEntrypointTests.test_compiler_reset_clears_eager_fullgraph_compile_cache) ... ok
test_decorator_form_snapshots_default_backend_at_factory_time (tests.test_top_level_compile.TorchCompileEntrypointTests.test_decorator_form_snapshots_default_backend_at_factory_time) ... ok
test_direct_and_decorator_forms_raise_before_user_or_backend_code_runs (tests.test_top_level_compile.TorchCompileEntrypointTests.test_direct_and_decorator_forms_raise_before_user_or_backend_code_runs) ... ok
test_disable_true_returns_the_original_callable (tests.test_top_level_compile.TorchCompileEntrypointTests.test_disable_true_returns_the_original_callable) ... ok
test_eager_fullgraph_cache_key_tracks_global_tensor_rebinding (tests.test_top_level_compile.TorchCompileEntrypointTests.test_eager_fullgraph_cache_key_tracks_global_tensor_rebinding) ... ok
test_eager_fullgraph_cache_key_tracks_helper_code_mutation (tests.test_top_level_compile.TorchCompileEntrypointTests.test_eager_fullgraph_cache_key_tracks_helper_code_mutation) ... ok
test_eager_fullgraph_cache_key_tracks_helper_global_rebinding (tests.test_top_level_compile.TorchCompileEntrypointTests.test_eager_fullgraph_cache_key_tracks_helper_global_rebinding) ... ok
test_eager_fullgraph_cached_graphs_still_check_tensor_method_guards (tests.test_top_level_compile.TorchCompileEntrypointTests.test_eager_fullgraph_cached_graphs_still_check_tensor_method_guards) ... ok
test_eager_fullgraph_cached_no_helper_calls_do_not_rescan_bytecode (tests.test_top_level_compile.TorchCompileEntrypointTests.test_eager_fullgraph_cached_no_helper_calls_do_not_rescan_bytecode) ... ok
test_eager_fullgraph_caches_graphs_by_code_and_input_metadata (tests.test_top_level_compile.TorchCompileEntrypointTests.test_eager_fullgraph_caches_graphs_by_code_and_input_metadata) ... ok
test_eager_fullgraph_caches_two_input_graphs_by_all_input_metadata (tests.test_top_level_compile.TorchCompileEntrypointTests.test_eager_fullgraph_caches_two_input_graphs_by_all_input_metadata) ... ok
test_eager_fullgraph_dynamic_false_uses_metadata_specialized_cache (tests.test_top_level_compile.TorchCompileEntrypointTests.test_eager_fullgraph_dynamic_false_uses_metadata_specialized_cache) ... ok
test_eager_fullgraph_dynamic_true_reuses_shapes_and_recompiles_strides (tests.test_top_level_compile.TorchCompileEntrypointTests.test_eager_fullgraph_dynamic_true_reuses_shapes_and_recompiles_strides) ... ok
test_eager_fullgraph_executes_global_tensor_constants_natively (tests.test_top_level_compile.TorchCompileEntrypointTests.test_eager_fullgraph_executes_global_tensor_constants_natively) ... ok
test_eager_fullgraph_executes_supported_tensor_programs_natively (tests.test_top_level_compile.TorchCompileEntrypointTests.test_eager_fullgraph_executes_supported_tensor_programs_natively) ... ok
test_eager_fullgraph_executes_tuple_list_outputs_natively (tests.test_top_level_compile.TorchCompileEntrypointTests.test_eager_fullgraph_executes_tuple_list_outputs_natively) ... ok
test_eager_fullgraph_executes_two_input_broadcasting_programs_natively (tests.test_top_level_compile.TorchCompileEntrypointTests.test_eager_fullgraph_executes_two_input_broadcasting_programs_natively) ... ok
test_eager_fullgraph_false_executes_no_break_program_natively (tests.test_top_level_compile.TorchCompileEntrypointTests.test_eager_fullgraph_false_executes_no_break_program_natively) ... ok
test_eager_fullgraph_false_rejects_graph_breaks_without_fallback (tests.test_top_level_compile.TorchCompileEntrypointTests.test_eager_fullgraph_false_rejects_graph_breaks_without_fallback) ... ok
test_eager_fullgraph_inactive_branch_global_tensor_rebinding_does_not_recompile (tests.test_top_level_compile.TorchCompileEntrypointTests.test_eager_fullgraph_inactive_branch_global_tensor_rebinding_does_not_recompile) ... ok
test_eager_fullgraph_inactive_branch_helper_rebinding_does_not_recompile (tests.test_top_level_compile.TorchCompileEntrypointTests.test_eager_fullgraph_inactive_branch_helper_rebinding_does_not_recompile) ... ok
test_eager_fullgraph_inlines_helper_for_tuple_list_outputs (tests.test_top_level_compile.TorchCompileEntrypointTests.test_eager_fullgraph_inlines_helper_for_tuple_list_outputs) ... ok
test_eager_fullgraph_inlines_same_module_helper_without_running_user_code (tests.test_top_level_compile.TorchCompileEntrypointTests.test_eager_fullgraph_inlines_same_module_helper_without_running_user_code) ... ok
test_eager_fullgraph_inlines_two_argument_helper_natively (tests.test_top_level_compile.TorchCompileEntrypointTests.test_eager_fullgraph_inlines_two_argument_helper_natively) ... ok
test_eager_fullgraph_lowering_uses_global_tensor_cache_snapshot (tests.test_top_level_compile.TorchCompileEntrypointTests.test_eager_fullgraph_lowering_uses_global_tensor_cache_snapshot) ... ok
test_eager_fullgraph_lowering_uses_helper_binding_cache_snapshot (tests.test_top_level_compile.TorchCompileEntrypointTests.test_eager_fullgraph_lowering_uses_helper_binding_cache_snapshot) ... ok
test_eager_fullgraph_lowering_uses_helper_code_cache_snapshot (tests.test_top_level_compile.TorchCompileEntrypointTests.test_eager_fullgraph_lowering_uses_helper_code_cache_snapshot) ... ok
test_eager_fullgraph_preserves_output_container_aliasing (tests.test_top_level_compile.TorchCompileEntrypointTests.test_eager_fullgraph_preserves_output_container_aliasing) ... ok
test_eager_fullgraph_recompile_limit_one_is_atomic_for_concurrent_misses (tests.test_top_level_compile.TorchCompileEntrypointTests.test_eager_fullgraph_recompile_limit_one_is_atomic_for_concurrent_misses) ... ok
test_eager_fullgraph_recompile_limit_one_rejects_second_input_change (tests.test_top_level_compile.TorchCompileEntrypointTests.test_eager_fullgraph_recompile_limit_one_rejects_second_input_change) ... ok
test_eager_fullgraph_recompile_limit_one_rejects_shape_change (tests.test_top_level_compile.TorchCompileEntrypointTests.test_eager_fullgraph_recompile_limit_one_rejects_shape_change) ... ok
test_eager_fullgraph_recompile_limit_rejects_invalid_values (tests.test_top_level_compile.TorchCompileEntrypointTests.test_eager_fullgraph_recompile_limit_rejects_invalid_values) ... ok
test_eager_fullgraph_recompile_limit_zero_rejects_first_graph (tests.test_top_level_compile.TorchCompileEntrypointTests.test_eager_fullgraph_recompile_limit_zero_rejects_first_graph) ... ok
test_eager_fullgraph_rejects_callable_object_without_metadata_side_effects (tests.test_top_level_compile.TorchCompileEntrypointTests.test_eager_fullgraph_rejects_callable_object_without_metadata_side_effects) ... ok
test_eager_fullgraph_rejects_isolate_recompiles_control (tests.test_top_level_compile.TorchCompileEntrypointTests.test_eager_fullgraph_rejects_isolate_recompiles_control) ... ok
test_eager_fullgraph_rejects_kwargs_without_running_model (tests.test_top_level_compile.TorchCompileEntrypointTests.test_eager_fullgraph_rejects_kwargs_without_running_model) ... ok
test_eager_fullgraph_rejects_non_tensor_global_operands_safely (tests.test_top_level_compile.TorchCompileEntrypointTests.test_eager_fullgraph_rejects_non_tensor_global_operands_safely) ... ok
test_eager_fullgraph_rejects_patched_tensor_operation_bindings (tests.test_top_level_compile.TorchCompileEntrypointTests.test_eager_fullgraph_rejects_patched_tensor_operation_bindings) ... ok
test_eager_fullgraph_rejects_two_input_unsupported_forms (tests.test_top_level_compile.TorchCompileEntrypointTests.test_eager_fullgraph_rejects_two_input_unsupported_forms) ... ok
test_eager_fullgraph_rejects_unsupported_programs_without_running_them (tests.test_top_level_compile.TorchCompileEntrypointTests.test_eager_fullgraph_rejects_unsupported_programs_without_running_them) ... ok
test_eager_fullgraph_relowers_for_runtime_input_metadata (tests.test_top_level_compile.TorchCompileEntrypointTests.test_eager_fullgraph_relowers_for_runtime_input_metadata) ... ok
test_eager_fullgraph_requires_grad_branch_rejects_patched_descriptor (tests.test_top_level_compile.TorchCompileEntrypointTests.test_eager_fullgraph_requires_grad_branch_rejects_patched_descriptor) ... ok
test_eager_fullgraph_requires_grad_branch_uses_metadata_cache (tests.test_top_level_compile.TorchCompileEntrypointTests.test_eager_fullgraph_requires_grad_branch_uses_metadata_cache) ... ok
test_importing_and_calling_compile_shell_does_not_import_pytorch (tests.test_top_level_compile.TorchCompileEntrypointTests.test_importing_and_calling_compile_shell_does_not_import_pytorch) ... ok
test_invalid_backend_names_and_types_fail_without_invocation (tests.test_top_level_compile.TorchCompileEntrypointTests.test_invalid_backend_names_and_types_fail_without_invocation) ... ok
test_invalid_bound_models_and_configurations_fail_before_execution (tests.test_top_level_compile.TorchCompileEntrypointTests.test_invalid_bound_models_and_configurations_fail_before_execution) ... ok
test_signature_metadata_exports_copy_pickle_and_reload (tests.test_top_level_compile.TorchCompileEntrypointTests.test_signature_metadata_exports_copy_pickle_and_reload) ... ok

----------------------------------------------------------------------
Ran 637 tests in 336.569s

OK (skipped=13)
